model,noise_percent,quantity,unit,joint,trajectory,rmse,torque_sd_nm
ANNet,0.0,angle,rad,J1,0,0.008918690495193005,3.121772527694702
ANNet,0.0,angle,rad,J1,1,0.00817578099668026,11.241995811462402
ANNet,0.0,angle,rad,J1,2,0.0072508687153458595,3.2813501358032227
ANNet,0.0,angle,rad,J1,3,0.006474748719483614,6.275132179260254
ANNet,0.0,angle,rad,J1,4,0.008110997267067432,5.518004894256592
ANNet,0.0,angle,rad,J1,5,0.006320291664451361,2.62711238861084
ANNet,0.0,angle,rad,J1,6,0.007263388484716415,5.942473411560059
ANNet,0.0,angle,rad,J1,7,0.007284802850335836,7.346948623657227
ANNet,0.0,angle,rad,J1,8,0.007621119264513254,9.26115608215332
ANNet,0.0,angle,rad,J1,9,0.00854019820690155,6.249454498291016
ANNet,0.0,angle,rad,J1,10,0.00787683017551899,9.086359977722168
ANNet,0.0,angle,rad,J1,11,0.007774126250296831,1.87992525100708
ANNet,0.0,angle,rad,J1,12,0.008947374299168587,5.061312198638916
ANNet,0.0,angle,rad,J1,13,0.008964084088802338,6.084648132324219
ANNet,0.0,angle,rad,J1,14,0.007821007631719112,5.4545464515686035
ANNet,0.0,angle,rad,J1,15,0.008508223108947277,2.6069846153259277
ANNet,0.0,angle,rad,J1,16,0.007604530081152916,9.75954532623291
ANNet,0.0,angle,rad,J1,17,0.007184550166130066,7.368175506591797
ANNet,0.0,angle,rad,J1,18,0.009371778927743435,5.173842430114746
ANNet,0.0,angle,rad,J1,19,0.008075068704783916,8.439424514770508
ANNet,0.0,angle,rad,J1,20,0.008705824613571167,6.122062683105469
ANNet,0.0,angle,rad,J1,21,0.0072691780515015125,4.145575523376465
ANNet,0.0,angle,rad,J1,22,0.007685324177145958,10.7615327835083
ANNet,0.0,angle,rad,J1,23,0.008023157715797424,8.723807334899902
ANNet,0.0,angle,rad,J1,24,0.00923944916576147,6.306033611297607
ANNet,0.0,angle,rad,J1,25,0.00915918592363596,9.392006874084473
ANNet,0.0,angle,rad,J1,26,0.007119333371520042,4.439943790435791
ANNet,0.0,angle,rad,J1,27,0.010259191505610943,3.2431774139404297
ANNet,0.0,angle,rad,J1,28,0.007902990095317364,3.822664976119995
ANNet,0.0,angle,rad,J1,29,0.00933116115629673,7.956925392150879
ANNet,0.0,angle,rad,J1,30,0.008695688098669052,4.259909629821777
ANNet,0.0,angle,rad,J1,31,0.008919955231249332,5.0638813972473145
ANNet,0.0,angle,rad,J1,32,0.008244838565587997,4.609987258911133
ANNet,0.0,angle,rad,J1,33,0.0075139375403523445,10.665092468261719
ANNet,0.0,angle,rad,J1,34,0.009042203426361084,8.476156234741211
ANNet,0.0,angle,rad,J1,35,0.009289370849728584,8.325357437133789
ANNet,0.0,angle,rad,J1,36,0.008329924196004868,6.5985236167907715
ANNet,0.0,angle,rad,J1,37,0.00867895595729351,11.121357917785645
ANNet,0.0,angle,rad,J1,38,0.007444959133863449,4.328121185302734
ANNet,0.0,angle,rad,J1,39,0.006806731689721346,9.036704063415527
ANNet,0.0,angle,rad,J1,40,0.009848876856267452,4.419891357421875
ANNet,0.0,angle,rad,J1,41,0.007418311666697264,10.292908668518066
ANNet,0.0,angle,rad,J1,42,0.00665380759164691,5.750857353210449
ANNet,0.0,angle,rad,J1,43,0.008105541579425335,10.41882038116455
ANNet,0.0,angle,rad,J1,44,0.008694474585354328,8.510483741760254
ANNet,0.0,angle,rad,J1,45,0.008820249699056149,4.785436153411865
ANNet,0.0,angle,rad,J1,46,0.008000323548913002,9.938586235046387
ANNet,0.0,angle,rad,J1,47,0.0072503965348005295,4.461535453796387
ANNet,0.0,angle,rad,J1,48,0.0072142863646149635,5.818512439727783
ANNet,0.0,angle,rad,J1,49,0.008027569390833378,2.1629014015197754
ANNet,0.0,angle,rad,J2,0,0.018280066549777985,1.413741111755371
ANNet,0.0,angle,rad,J2,1,0.016839243471622467,4.690762042999268
ANNet,0.0,angle,rad,J2,2,0.010375870391726494,1.7044990062713623
ANNet,0.0,angle,rad,J2,3,0.01124196220189333,3.0707907676696777
ANNet,0.0,angle,rad,J2,4,0.007505313493311405,2.3404669761657715
ANNet,0.0,angle,rad,J2,5,0.013747497461736202,1.9093598127365112
ANNet,0.0,angle,rad,J2,6,0.009888241067528725,2.5189692974090576
ANNet,0.0,angle,rad,J2,7,0.009044480510056019,3.088096857070923
ANNet,0.0,angle,rad,J2,8,0.008543488569557667,3.9286422729492188
ANNet,0.0,angle,rad,J2,9,0.012704333290457726,2.584221124649048
ANNet,0.0,angle,rad,J2,10,0.006493923719972372,3.800121545791626
ANNet,0.0,angle,rad,J2,11,0.014682781882584095,1.014434814453125
ANNet,0.0,angle,rad,J2,12,0.0133714834228158,2.3386049270629883
ANNet,0.0,angle,rad,J2,13,0.014144977554678917,2.786602735519409
ANNet,0.0,angle,rad,J2,14,0.014798576012253761,2.506361246109009
ANNet,0.0,angle,rad,J2,15,0.009750310331583023,1.0634570121765137
ANNet,0.0,angle,rad,J2,16,0.009868668392300606,4.117349624633789
ANNet,0.0,angle,rad,J2,17,0.008036812767386436,3.2141549587249756
ANNet,0.0,angle,rad,J2,18,0.00975352618843317,2.1435399055480957
ANNet,0.0,angle,rad,J2,19,0.007728995755314827,3.5590639114379883
ANNet,0.0,angle,rad,J2,20,0.01581459306180477,2.572244644165039
ANNet,0.0,angle,rad,J2,21,0.015232905745506287,2.250054359436035
ANNet,0.0,angle,rad,J2,22,0.008851960301399231,4.408280372619629
ANNet,0.0,angle,rad,J2,23,0.0075246188789606094,3.6467063426971436
ANNet,0.0,angle,rad,J2,24,0.009774066507816315,2.6020615100860596
ANNet,0.0,angle,rad,J2,25,0.013504637405276299,3.9285728931427
ANNet,0.0,angle,rad,J2,26,0.017720017582178116,2.5256359577178955
ANNet,0.0,angle,rad,J2,27,0.015598046593368053,1.398797631263733
ANNet,0.0,angle,rad,J2,28,0.012452430091798306,1.9577580690383911
ANNet,0.0,angle,rad,J2,29,0.014404801651835442,3.4379725456237793
ANNet,0.0,angle,rad,J2,30,0.013458972796797752,1.9045969247817993
ANNet,0.0,angle,rad,J2,31,0.018759550526738167,2.694136142730713
ANNet,0.0,angle,rad,J2,32,0.014852390624582767,2.358555316925049
ANNet,0.0,angle,rad,J2,33,0.009752020239830017,4.415419578552246
ANNet,0.0,angle,rad,J2,34,0.010319226421415806,3.4969635009765625
ANNet,0.0,angle,rad,J2,35,0.0133385444059968,3.4882330894470215
ANNet,0.0,angle,rad,J2,36,0.0073385718278586864,2.7219862937927246
ANNet,0.0,angle,rad,J2,37,0.017848573625087738,4.603871822357178
ANNet,0.0,angle,rad,J2,38,0.012918975204229355,2.2997138500213623
ANNet,0.0,angle,rad,J2,39,0.007848360575735569,3.873183488845825
ANNet,0.0,angle,rad,J2,40,0.01741330511868,1.8888092041015625
ANNet,0.0,angle,rad,J2,41,0.0057230498641729355,4.292708396911621
ANNet,0.0,angle,rad,J2,42,0.014102354645729065,2.854922294616699
ANNet,0.0,angle,rad,J2,43,0.011805741116404533,4.2991228103637695
ANNet,0.0,angle,rad,J2,44,0.0132858632132411,3.4744625091552734
ANNet,0.0,angle,rad,J2,45,0.015961244702339172,1.9825986623764038
ANNet,0.0,angle,rad,J2,46,0.01679878495633602,4.269870281219482
ANNet,0.0,angle,rad,J2,47,0.013731763698160648,1.886354684829712
ANNet,0.0,angle,rad,J2,48,0.012557940557599068,3.1001551151275635
ANNet,0.0,angle,rad,J2,49,0.017342504113912582,1.3040658235549927
ANNet,0.0,velocity,rad/s,J1,0,0.04190900921821594,3.121772527694702
ANNet,0.0,velocity,rad/s,J1,1,0.041394565254449844,11.241995811462402
ANNet,0.0,velocity,rad/s,J1,2,0.028805682435631752,3.2813501358032227
ANNet,0.0,velocity,rad/s,J1,3,0.027909979224205017,6.275132179260254
ANNet,0.0,velocity,rad/s,J1,4,0.021414415910840034,5.518004894256592
ANNet,0.0,velocity,rad/s,J1,5,0.029302125796675682,2.62711238861084
ANNet,0.0,velocity,rad/s,J1,6,0.023891625925898552,5.942473411560059
ANNet,0.0,velocity,rad/s,J1,7,0.023123208433389664,7.346948623657227
ANNet,0.0,velocity,rad/s,J1,8,0.02733578346669674,9.26115608215332
ANNet,0.0,velocity,rad/s,J1,9,0.035423021763563156,6.249454498291016
ANNet,0.0,velocity,rad/s,J1,10,0.025807997211813927,9.086359977722168
ANNet,0.0,velocity,rad/s,J1,11,0.03460024297237396,1.87992525100708
ANNet,0.0,velocity,rad/s,J1,12,0.035276222974061966,5.061312198638916
ANNet,0.0,velocity,rad/s,J1,13,0.03539479523897171,6.084648132324219
ANNet,0.0,velocity,rad/s,J1,14,0.0383588932454586,5.4545464515686035
ANNet,0.0,velocity,rad/s,J1,15,0.027467802166938782,2.6069846153259277
ANNet,0.0,velocity,rad/s,J1,16,0.029098058119416237,9.75954532623291
ANNet,0.0,velocity,rad/s,J1,17,0.022562742233276367,7.368175506591797
ANNet,0.0,velocity,rad/s,J1,18,0.028230959549546242,5.173842430114746
ANNet,0.0,velocity,rad/s,J1,19,0.0246971994638443,8.439424514770508
ANNet,0.0,velocity,rad/s,J1,20,0.04191891476511955,6.122062683105469
ANNet,0.0,velocity,rad/s,J1,21,0.03764687106013298,4.145575523376465
ANNet,0.0,velocity,rad/s,J1,22,0.022753417491912842,10.7615327835083
ANNet,0.0,velocity,rad/s,J1,23,0.026965785771608353,8.723807334899902
ANNet,0.0,velocity,rad/s,J1,24,0.029847092926502228,6.306033611297607
ANNet,0.0,velocity,rad/s,J1,25,0.034381914883852005,9.392006874084473
ANNet,0.0,velocity,rad/s,J1,26,0.04043055698275566,4.439943790435791
ANNet,0.0,velocity,rad/s,J1,27,0.0420503169298172,3.2431774139404297
ANNet,0.0,velocity,rad/s,J1,28,0.030124306678771973,3.822664976119995
ANNet,0.0,velocity,rad/s,J1,29,0.035078778862953186,7.956925392150879
ANNet,0.0,velocity,rad/s,J1,30,0.03648797795176506,4.259909629821777
ANNet,0.0,velocity,rad/s,J1,31,0.04473700374364853,5.0638813972473145
ANNet,0.0,velocity,rad/s,J1,32,0.03753143548965454,4.609987258911133
ANNet,0.0,velocity,rad/s,J1,33,0.02701287902891636,10.665092468261719
ANNet,0.0,velocity,rad/s,J1,34,0.029630934819579124,8.476156234741211
ANNet,0.0,velocity,rad/s,J1,35,0.03336123377084732,8.325357437133789
ANNet,0.0,velocity,rad/s,J1,36,0.02075507864356041,6.5985236167907715
ANNet,0.0,velocity,rad/s,J1,37,0.044396087527275085,11.121357917785645
ANNet,0.0,velocity,rad/s,J1,38,0.0309533029794693,4.328121185302734
ANNet,0.0,velocity,rad/s,J1,39,0.020003249868750572,9.036704063415527
ANNet,0.0,velocity,rad/s,J1,40,0.04335908591747284,4.419891357421875
ANNet,0.0,velocity,rad/s,J1,41,0.023566434159874916,10.292908668518066
ANNet,0.0,velocity,rad/s,J1,42,0.028796140104532242,5.750857353210449
ANNet,0.0,velocity,rad/s,J1,43,0.027860477566719055,10.41882038116455
ANNet,0.0,velocity,rad/s,J1,44,0.03620059788227081,8.510483741760254
ANNet,0.0,velocity,rad/s,J1,45,0.04277888685464859,4.785436153411865
ANNet,0.0,velocity,rad/s,J1,46,0.04117907956242561,9.938586235046387
ANNet,0.0,velocity,rad/s,J1,47,0.03439391776919365,4.461535453796387
ANNet,0.0,velocity,rad/s,J1,48,0.031153379008173943,5.818512439727783
ANNet,0.0,velocity,rad/s,J1,49,0.042334869503974915,2.1629014015197754
ANNet,0.0,velocity,rad/s,J2,0,0.10054028779268265,1.413741111755371
ANNet,0.0,velocity,rad/s,J2,1,0.08670119941234589,4.690762042999268
ANNet,0.0,velocity,rad/s,J2,2,0.05782250314950943,1.7044990062713623
ANNet,0.0,velocity,rad/s,J2,3,0.06158943474292755,3.0707907676696777
ANNet,0.0,velocity,rad/s,J2,4,0.02972567267715931,2.3404669761657715
ANNet,0.0,velocity,rad/s,J2,5,0.07069317996501923,1.9093598127365112
ANNet,0.0,velocity,rad/s,J2,6,0.043743617832660675,2.5189692974090576
ANNet,0.0,velocity,rad/s,J2,7,0.03800010308623314,3.088096857070923
ANNet,0.0,velocity,rad/s,J2,8,0.04479168355464935,3.9286422729492188
ANNet,0.0,velocity,rad/s,J2,9,0.06986092031002045,2.584221124649048
ANNet,0.0,velocity,rad/s,J2,10,0.03505581617355347,3.800121545791626
ANNet,0.0,velocity,rad/s,J2,11,0.08214317262172699,1.014434814453125
ANNet,0.0,velocity,rad/s,J2,12,0.07567131519317627,2.3386049270629883
ANNet,0.0,velocity,rad/s,J2,13,0.0781092569231987,2.786602735519409
ANNet,0.0,velocity,rad/s,J2,14,0.07971825450658798,2.506361246109009
ANNet,0.0,velocity,rad/s,J2,15,0.049472857266664505,1.0634570121765137
ANNet,0.0,velocity,rad/s,J2,16,0.051734596490859985,4.117349624633789
ANNet,0.0,velocity,rad/s,J2,17,0.04277196153998375,3.2141549587249756
ANNet,0.0,velocity,rad/s,J2,18,0.05052097514271736,2.1435399055480957
ANNet,0.0,velocity,rad/s,J2,19,0.04077771306037903,3.5590639114379883
ANNet,0.0,velocity,rad/s,J2,20,0.08794955909252167,2.572244644165039
ANNet,0.0,velocity,rad/s,J2,21,0.08468260616064072,2.250054359436035
ANNet,0.0,velocity,rad/s,J2,22,0.0422486886382103,4.408280372619629
ANNet,0.0,velocity,rad/s,J2,23,0.04133928567171097,3.6467063426971436
ANNet,0.0,velocity,rad/s,J2,24,0.054085712879896164,2.6020615100860596
ANNet,0.0,velocity,rad/s,J2,25,0.07722513377666473,3.9285728931427
ANNet,0.0,velocity,rad/s,J2,26,0.09552527964115143,2.5256359577178955
ANNet,0.0,velocity,rad/s,J2,27,0.09076976776123047,1.398797631263733
ANNet,0.0,velocity,rad/s,J2,28,0.06880452483892441,1.9577580690383911
ANNet,0.0,velocity,rad/s,J2,29,0.07600094377994537,3.4379725456237793
ANNet,0.0,velocity,rad/s,J2,30,0.08089989423751831,1.9045969247817993
ANNet,0.0,velocity,rad/s,J2,31,0.10425093024969101,2.694136142730713
ANNet,0.0,velocity,rad/s,J2,32,0.08424308151006699,2.358555316925049
ANNet,0.0,velocity,rad/s,J2,33,0.04254380613565445,4.415419578552246
ANNet,0.0,velocity,rad/s,J2,34,0.05608263984322548,3.4969635009765625
ANNet,0.0,velocity,rad/s,J2,35,0.07058301568031311,3.4882330894470215
ANNet,0.0,velocity,rad/s,J2,36,0.022269513458013535,2.7219862937927246
ANNet,0.0,velocity,rad/s,J2,37,0.09387379139661789,4.603871822357178
ANNet,0.0,velocity,rad/s,J2,38,0.0664684996008873,2.2997138500213623
ANNet,0.0,velocity,rad/s,J2,39,0.032686538994312286,3.873183488845825
ANNet,0.0,velocity,rad/s,J2,40,0.1007923036813736,1.8888092041015625
ANNet,0.0,velocity,rad/s,J2,41,0.029521800577640533,4.292708396911621
ANNet,0.0,velocity,rad/s,J2,42,0.07061123847961426,2.854922294616699
ANNet,0.0,velocity,rad/s,J2,43,0.060893427580595016,4.2991228103637695
ANNet,0.0,velocity,rad/s,J2,44,0.06839168816804886,3.4744625091552734
ANNet,0.0,velocity,rad/s,J2,45,0.08870722353458405,1.9825986623764038
ANNet,0.0,velocity,rad/s,J2,46,0.08694500476121902,4.269870281219482
ANNet,0.0,velocity,rad/s,J2,47,0.07265938818454742,1.886354684829712
ANNet,0.0,velocity,rad/s,J2,48,0.06095794960856438,3.1001551151275635
ANNet,0.0,velocity,rad/s,J2,49,0.10092516988515854,1.3040658235549927
ANNet,0.0,acceleration,rad/s^2,J1,0,0.22335238754749298,3.121772527694702
ANNet,0.0,acceleration,rad/s^2,J1,1,0.21405962109565735,11.241995811462402
ANNet,0.0,acceleration,rad/s^2,J1,2,0.13455137610435486,3.2813501358032227
ANNet,0.0,acceleration,rad/s^2,J1,3,0.15615692734718323,6.275132179260254
ANNet,0.0,acceleration,rad/s^2,J1,4,0.08488260954618454,5.518004894256592
ANNet,0.0,acceleration,rad/s^2,J1,5,0.16249826550483704,2.62711238861084
ANNet,0.0,acceleration,rad/s^2,J1,6,0.10227431356906891,5.942473411560059
ANNet,0.0,acceleration,rad/s^2,J1,7,0.09045828133821487,7.346948623657227
ANNet,0.0,acceleration,rad/s^2,J1,8,0.13871550559997559,9.26115608215332
ANNet,0.0,acceleration,rad/s^2,J1,9,0.16874678432941437,6.249454498291016
ANNet,0.0,acceleration,rad/s^2,J1,10,0.1033601462841034,9.086359977722168
ANNet,0.0,acceleration,rad/s^2,J1,11,0.18699495494365692,1.87992525100708
ANNet,0.0,acceleration,rad/s^2,J1,12,0.1786874681711197,5.061312198638916
ANNet,0.0,acceleration,rad/s^2,J1,13,0.18760430812835693,6.084648132324219
ANNet,0.0,acceleration,rad/s^2,J1,14,0.18248718976974487,5.4545464515686035
ANNet,0.0,acceleration,rad/s^2,J1,15,0.1383184790611267,2.6069846153259277
ANNet,0.0,acceleration,rad/s^2,J1,16,0.15144644677639008,9.75954532623291
ANNet,0.0,acceleration,rad/s^2,J1,17,0.11321425437927246,7.368175506591797
ANNet,0.0,acceleration,rad/s^2,J1,18,0.13794372975826263,5.173842430114746
ANNet,0.0,acceleration,rad/s^2,J1,19,0.1080850139260292,8.439424514770508
ANNet,0.0,acceleration,rad/s^2,J1,20,0.19622592628002167,6.122062683105469
ANNet,0.0,acceleration,rad/s^2,J1,21,0.19612053036689758,4.145575523376465
ANNet,0.0,acceleration,rad/s^2,J1,22,0.11119066923856735,10.7615327835083
ANNet,0.0,acceleration,rad/s^2,J1,23,0.11223568022251129,8.723807334899902
ANNet,0.0,acceleration,rad/s^2,J1,24,0.1381886899471283,6.306033611297607
ANNet,0.0,acceleration,rad/s^2,J1,25,0.1852487027645111,9.392006874084473
ANNet,0.0,acceleration,rad/s^2,J1,26,0.213048055768013,4.439943790435791
ANNet,0.0,acceleration,rad/s^2,J1,27,0.22323168814182281,3.2431774139404297
ANNet,0.0,acceleration,rad/s^2,J1,28,0.14904339611530304,3.822664976119995
ANNet,0.0,acceleration,rad/s^2,J1,29,0.1834431290626526,7.956925392150879
ANNet,0.0,acceleration,rad/s^2,J1,30,0.18902349472045898,4.259909629821777
ANNet,0.0,acceleration,rad/s^2,J1,31,0.24925599992275238,5.0638813972473145
ANNet,0.0,acceleration,rad/s^2,J1,32,0.20012590289115906,4.609987258911133
ANNet,0.0,acceleration,rad/s^2,J1,33,0.1102370023727417,10.665092468261719
ANNet,0.0,acceleration,rad/s^2,J1,34,0.14010648429393768,8.476156234741211
ANNet,0.0,acceleration,rad/s^2,J1,35,0.17125116288661957,8.325357437133789
ANNet,0.0,acceleration,rad/s^2,J1,36,0.07314102351665497,6.5985236167907715
ANNet,0.0,acceleration,rad/s^2,J1,37,0.23309426009655,11.121357917785645
ANNet,0.0,acceleration,rad/s^2,J1,38,0.16351869702339172,4.328121185302734
ANNet,0.0,acceleration,rad/s^2,J1,39,0.09364422410726547,9.036704063415527
ANNet,0.0,acceleration,rad/s^2,J1,40,0.21804051101207733,4.419891357421875
ANNet,0.0,acceleration,rad/s^2,J1,41,0.09626299142837524,10.292908668518066
ANNet,0.0,acceleration,rad/s^2,J1,42,0.17087194323539734,5.750857353210449
ANNet,0.0,acceleration,rad/s^2,J1,43,0.15399184823036194,10.41882038116455
ANNet,0.0,acceleration,rad/s^2,J1,44,0.1740403026342392,8.510483741760254
ANNet,0.0,acceleration,rad/s^2,J1,45,0.2041710615158081,4.785436153411865
ANNet,0.0,acceleration,rad/s^2,J1,46,0.20959623157978058,9.938586235046387
ANNet,0.0,acceleration,rad/s^2,J1,47,0.1630125641822815,4.461535453796387
ANNet,0.0,acceleration,rad/s^2,J1,48,0.17770439386367798,5.818512439727783
ANNet,0.0,acceleration,rad/s^2,J1,49,0.21840564906597137,2.1629014015197754
ANNet,0.0,acceleration,rad/s^2,J2,0,0.5606759190559387,1.413741111755371
ANNet,0.0,acceleration,rad/s^2,J2,1,0.4925799071788788,4.690762042999268
ANNet,0.0,acceleration,rad/s^2,J2,2,0.3113785684108734,1.7044990062713623
ANNet,0.0,acceleration,rad/s^2,J2,3,0.34728991985321045,3.0707907676696777
ANNet,0.0,acceleration,rad/s^2,J2,4,0.1729486584663391,2.3404669761657715
ANNet,0.0,acceleration,rad/s^2,J2,5,0.37686631083488464,1.9093598127365112
ANNet,0.0,acceleration,rad/s^2,J2,6,0.2505868971347809,2.5189692974090576
ANNet,0.0,acceleration,rad/s^2,J2,7,0.21307577192783356,3.088096857070923
ANNet,0.0,acceleration,rad/s^2,J2,8,0.29346567392349243,3.9286422729492188
ANNet,0.0,acceleration,rad/s^2,J2,9,0.3811023533344269,2.584221124649048
ANNet,0.0,acceleration,rad/s^2,J2,10,0.20864036679267883,3.800121545791626
ANNet,0.0,acceleration,rad/s^2,J2,11,0.4542292058467865,1.014434814453125
ANNet,0.0,acceleration,rad/s^2,J2,12,0.4062301218509674,2.3386049270629883
ANNet,0.0,acceleration,rad/s^2,J2,13,0.43542981147766113,2.786602735519409
ANNet,0.0,acceleration,rad/s^2,J2,14,0.425461083650589,2.506361246109009
ANNet,0.0,acceleration,rad/s^2,J2,15,0.29488515853881836,1.0634570121765137
ANNet,0.0,acceleration,rad/s^2,J2,16,0.33359959721565247,4.117349624633789
ANNet,0.0,acceleration,rad/s^2,J2,17,0.2602773904800415,3.2141549587249756
ANNet,0.0,acceleration,rad/s^2,J2,18,0.2877376973628998,2.1435399055480957
ANNet,0.0,acceleration,rad/s^2,J2,19,0.23581156134605408,3.5590639114379883
ANNet,0.0,acceleration,rad/s^2,J2,20,0.46598610281944275,2.572244644165039
ANNet,0.0,acceleration,rad/s^2,J2,21,0.4542175829410553,2.250054359436035
ANNet,0.0,acceleration,rad/s^2,J2,22,0.24533672630786896,4.408280372619629
ANNet,0.0,acceleration,rad/s^2,J2,23,0.23792123794555664,3.6467063426971436
ANNet,0.0,acceleration,rad/s^2,J2,24,0.2887386679649353,2.6020615100860596
ANNet,0.0,acceleration,rad/s^2,J2,25,0.43177005648612976,3.9285728931427
ANNet,0.0,acceleration,rad/s^2,J2,26,0.5116147994995117,2.5256359577178955
ANNet,0.0,acceleration,rad/s^2,J2,27,0.5100883841514587,1.398797631263733
ANNet,0.0,acceleration,rad/s^2,J2,28,0.36154627799987793,1.9577580690383911
ANNet,0.0,acceleration,rad/s^2,J2,29,0.42925211787223816,3.4379725456237793
ANNet,0.0,acceleration,rad/s^2,J2,30,0.4428881108760834,1.9045969247817993
ANNet,0.0,acceleration,rad/s^2,J2,31,0.582923948764801,2.694136142730713
ANNet,0.0,acceleration,rad/s^2,J2,32,0.45443010330200195,2.358555316925049
ANNet,0.0,acceleration,rad/s^2,J2,33,0.23612968623638153,4.415419578552246
ANNet,0.0,acceleration,rad/s^2,J2,34,0.3053708076477051,3.4969635009765625
ANNet,0.0,acceleration,rad/s^2,J2,35,0.39993447065353394,3.4882330894470215
ANNet,0.0,acceleration,rad/s^2,J2,36,0.12522682547569275,2.7219862937927246
ANNet,0.0,acceleration,rad/s^2,J2,37,0.5385318994522095,4.603871822357178
ANNet,0.0,acceleration,rad/s^2,J2,38,0.362309992313385,2.2997138500213623
ANNet,0.0,acceleration,rad/s^2,J2,39,0.21154946088790894,3.873183488845825
ANNet,0.0,acceleration,rad/s^2,J2,40,0.5322542786598206,1.8888092041015625
ANNet,0.0,acceleration,rad/s^2,J2,41,0.18590985238552094,4.292708396911621
ANNet,0.0,acceleration,rad/s^2,J2,42,0.3912864923477173,2.854922294616699
ANNet,0.0,acceleration,rad/s^2,J2,43,0.36092907190322876,4.2991228103637695
ANNet,0.0,acceleration,rad/s^2,J2,44,0.3914751708507538,3.4744625091552734
ANNet,0.0,acceleration,rad/s^2,J2,45,0.48023611307144165,1.9825986623764038
ANNet,0.0,acceleration,rad/s^2,J2,46,0.4870986342430115,4.269870281219482
ANNet,0.0,acceleration,rad/s^2,J2,47,0.39368969202041626,1.886354684829712
ANNet,0.0,acceleration,rad/s^2,J2,48,0.39011868834495544,3.1001551151275635
ANNet,0.0,acceleration,rad/s^2,J2,49,0.5337052941322327,1.3040658235549927
ANNet,1.0,angle,rad,J1,0,0.008366698399186134,3.121772527694702
ANNet,1.0,angle,rad,J1,1,0.005913587752729654,11.241995811462402
ANNet,1.0,angle,rad,J1,2,0.005702182184904814,3.2813501358032227
ANNet,1.0,angle,rad,J1,3,0.004570703487843275,6.275132179260254
ANNet,1.0,angle,rad,J1,4,0.005565722472965717,5.518004894256592
ANNet,1.0,angle,rad,J1,5,0.005343304015696049,2.62711238861084
ANNet,1.0,angle,rad,J1,6,0.004464000463485718,5.942473411560059
ANNet,1.0,angle,rad,J1,7,0.004089964088052511,7.346948623657227
ANNet,1.0,angle,rad,J1,8,0.003242557169869542,9.26115608215332
ANNet,1.0,angle,rad,J1,9,0.005159628577530384,6.249454498291016
ANNet,1.0,angle,rad,J1,10,0.002914555137977004,9.086359977722168
ANNet,1.0,angle,rad,J1,11,0.007449533324688673,1.87992525100708
ANNet,1.0,angle,rad,J1,12,0.005956633947789669,5.061312198638916
ANNet,1.0,angle,rad,J1,13,0.006921679712831974,6.084648132324219
ANNet,1.0,angle,rad,J1,14,0.0053360783495008945,5.4545464515686035
ANNet,1.0,angle,rad,J1,15,0.007715261075645685,2.6069846153259277
ANNet,1.0,angle,rad,J1,16,0.004567149095237255,9.75954532623291
ANNet,1.0,angle,rad,J1,17,0.003522150684148073,7.368175506591797
ANNet,1.0,angle,rad,J1,18,0.006508540362119675,5.173842430114746
ANNet,1.0,angle,rad,J1,19,0.003943967167288065,8.439424514770508
ANNet,1.0,angle,rad,J1,20,0.0068356068804860115,6.122062683105469
ANNet,1.0,angle,rad,J1,21,0.006533931940793991,4.145575523376465
ANNet,1.0,angle,rad,J1,22,0.004197669681161642,10.7615327835083
ANNet,1.0,angle,rad,J1,23,0.004050920717418194,8.723807334899902
ANNet,1.0,angle,rad,J1,24,0.006486112717539072,6.306033611297607
ANNet,1.0,angle,rad,J1,25,0.00465341005474329,9.392006874084473
ANNet,1.0,angle,rad,J1,26,0.006465991027653217,4.439943790435791
ANNet,1.0,angle,rad,J1,27,0.009707655757665634,3.2431774139404297
ANNet,1.0,angle,rad,J1,28,0.005524313077330589,3.822664976119995
ANNet,1.0,angle,rad,J1,29,0.005577330477535725,7.956925392150879
ANNet,1.0,angle,rad,J1,30,0.007395618129521608,4.259909629821777
ANNet,1.0,angle,rad,J1,31,0.007138632703572512,5.0638813972473145
ANNet,1.0,angle,rad,J1,32,0.006665386259555817,4.609987258911133
ANNet,1.0,angle,rad,J1,33,0.003705092938616872,10.665092468261719
ANNet,1.0,angle,rad,J1,34,0.00581936351954937,8.476156234741211
ANNet,1.0,angle,rad,J1,35,0.0051868874579668045,8.325357437133789
ANNet,1.0,angle,rad,J1,36,0.005103112198412418,6.5985236167907715
ANNet,1.0,angle,rad,J1,37,0.005672782193869352,11.121357917785645
ANNet,1.0,angle,rad,J1,38,0.006708625238388777,4.328121185302734
ANNet,1.0,angle,rad,J1,39,0.002859356813132763,9.036704063415527
ANNet,1.0,angle,rad,J1,40,0.007353878580033779,4.419891357421875
ANNet,1.0,angle,rad,J1,41,0.0034356091637164354,10.292908668518066
ANNet,1.0,angle,rad,J1,42,0.005779953207820654,5.750857353210449
ANNet,1.0,angle,rad,J1,43,0.006096645258367062,10.41882038116455
ANNet,1.0,angle,rad,J1,44,0.005649953614920378,8.510483741760254
ANNet,1.0,angle,rad,J1,45,0.006753683555871248,4.785436153411865
ANNet,1.0,angle,rad,J1,46,0.0077333953231573105,9.938586235046387
ANNet,1.0,angle,rad,J1,47,0.005943472497165203,4.461535453796387
ANNet,1.0,angle,rad,J1,48,0.005402698647230864,5.818512439727783
ANNet,1.0,angle,rad,J1,49,0.007451155688613653,2.1629014015197754
ANNet,1.0,angle,rad,J2,0,0.01833966374397278,1.413741111755371
ANNet,1.0,angle,rad,J2,1,0.01433905865997076,4.690762042999268
ANNet,1.0,angle,rad,J2,2,0.010196012444794178,1.7044990062713623
ANNet,1.0,angle,rad,J2,3,0.010274478234350681,3.0707907676696777
ANNet,1.0,angle,rad,J2,4,0.008398537524044514,2.3404669761657715
ANNet,1.0,angle,rad,J2,5,0.012646650895476341,1.9093598127365112
ANNet,1.0,angle,rad,J2,6,0.009418144822120667,2.5189692974090576
ANNet,1.0,angle,rad,J2,7,0.009429095312952995,3.088096857070923
ANNet,1.0,angle,rad,J2,8,0.006743250880390406,3.9286422729492188
ANNet,1.0,angle,rad,J2,9,0.01170943770557642,2.584221124649048
ANNet,1.0,angle,rad,J2,10,0.0063215806148946285,3.800121545791626
ANNet,1.0,angle,rad,J2,11,0.014476615004241467,1.014434814453125
ANNet,1.0,angle,rad,J2,12,0.01223719958215952,2.3386049270629883
ANNet,1.0,angle,rad,J2,13,0.015411198139190674,2.786602735519409
ANNet,1.0,angle,rad,J2,14,0.012720894068479538,2.506361246109009
ANNet,1.0,angle,rad,J2,15,0.009145275689661503,1.0634570121765137
ANNet,1.0,angle,rad,J2,16,0.010083712637424469,4.117349624633789
ANNet,1.0,angle,rad,J2,17,0.007610773202031851,3.2141549587249756
ANNet,1.0,angle,rad,J2,18,0.010048001073300838,2.1435399055480957
ANNet,1.0,angle,rad,J2,19,0.00788564421236515,3.5590639114379883
ANNet,1.0,angle,rad,J2,20,0.01571863517165184,2.572244644165039
ANNet,1.0,angle,rad,J2,21,0.014600129798054695,2.250054359436035
ANNet,1.0,angle,rad,J2,22,0.010550117120146751,4.408280372619629
ANNet,1.0,angle,rad,J2,23,0.009248095564544201,3.6467063426971436
ANNet,1.0,angle,rad,J2,24,0.01065911166369915,2.6020615100860596
ANNet,1.0,angle,rad,J2,25,0.01104832161217928,3.9285728931427
ANNet,1.0,angle,rad,J2,26,0.016347941011190414,2.5256359577178955
ANNet,1.0,angle,rad,J2,27,0.016247117891907692,1.398797631263733
ANNet,1.0,angle,rad,J2,28,0.0114164799451828,1.9577580690383911
ANNet,1.0,angle,rad,J2,29,0.013057321310043335,3.4379725456237793
ANNet,1.0,angle,rad,J2,30,0.013955768197774887,1.9045969247817993
ANNet,1.0,angle,rad,J2,31,0.016417957842350006,2.694136142730713
ANNet,1.0,angle,rad,J2,32,0.014252080582082272,2.358555316925049
ANNet,1.0,angle,rad,J2,33,0.008728270418941975,4.415419578552246
ANNet,1.0,angle,rad,J2,34,0.012118935585021973,3.4969635009765625
ANNet,1.0,angle,rad,J2,35,0.01149924099445343,3.4882330894470215
ANNet,1.0,angle,rad,J2,36,0.007203723769634962,2.7219862937927246
ANNet,1.0,angle,rad,J2,37,0.013321787118911743,4.603871822357178
ANNet,1.0,angle,rad,J2,38,0.013311076909303665,2.2997138500213623
ANNet,1.0,angle,rad,J2,39,0.006834321189671755,3.873183488845825
ANNet,1.0,angle,rad,J2,40,0.01520128920674324,1.8888092041015625
ANNet,1.0,angle,rad,J2,41,0.008130335249006748,4.292708396911621
ANNet,1.0,angle,rad,J2,42,0.014137345366179943,2.854922294616699
ANNet,1.0,angle,rad,J2,43,0.015023797750473022,4.2991228103637695
ANNet,1.0,angle,rad,J2,44,0.013203011825680733,3.4744625091552734
ANNet,1.0,angle,rad,J2,45,0.014605843462049961,1.9825986623764038
ANNet,1.0,angle,rad,J2,46,0.01844753511250019,4.269870281219482
ANNet,1.0,angle,rad,J2,47,0.014237863942980766,1.886354684829712
ANNet,1.0,angle,rad,J2,48,0.011701975017786026,3.1001551151275635
ANNet,1.0,angle,rad,J2,49,0.016809385269880295,1.3040658235549927
ANNet,1.0,velocity,rad/s,J1,0,0.04204097017645836,3.121772527694702
ANNet,1.0,velocity,rad/s,J1,1,0.030965257436037064,11.241995811462402
ANNet,1.0,velocity,rad/s,J1,2,0.026033541187644005,3.2813501358032227
ANNet,1.0,velocity,rad/s,J1,3,0.02343813143670559,6.275132179260254
ANNet,1.0,velocity,rad/s,J1,4,0.02003949135541916,5.518004894256592
ANNet,1.0,velocity,rad/s,J1,5,0.026463929563760757,2.62711238861084
ANNet,1.0,velocity,rad/s,J1,6,0.01958266831934452,5.942473411560059
ANNet,1.0,velocity,rad/s,J1,7,0.019399534910917282,7.346948623657227
ANNet,1.0,velocity,rad/s,J1,8,0.01469015795737505,9.26115608215332
ANNet,1.0,velocity,rad/s,J1,9,0.02794240415096283,6.249454498291016
ANNet,1.0,velocity,rad/s,J1,10,0.014751806855201721,9.086359977722168
ANNet,1.0,velocity,rad/s,J1,11,0.034131042659282684,1.87992525100708
ANNet,1.0,velocity,rad/s,J1,12,0.029741767793893814,5.061312198638916
ANNet,1.0,velocity,rad/s,J1,13,0.03678189590573311,6.084648132324219
ANNet,1.0,velocity,rad/s,J1,14,0.0303029865026474,5.4545464515686035
ANNet,1.0,velocity,rad/s,J1,15,0.02486231178045273,2.6069846153259277
ANNet,1.0,velocity,rad/s,J1,16,0.022670764476060867,9.75954532623291
ANNet,1.0,velocity,rad/s,J1,17,0.017739757895469666,7.368175506591797
ANNet,1.0,velocity,rad/s,J1,18,0.024259677156805992,5.173842430114746
ANNet,1.0,velocity,rad/s,J1,19,0.01935131661593914,8.439424514770508
ANNet,1.0,velocity,rad/s,J1,20,0.0384921059012413,6.122062683105469
ANNet,1.0,velocity,rad/s,J1,21,0.03512198105454445,4.145575523376465
ANNet,1.0,velocity,rad/s,J1,22,0.022440411150455475,10.7615327835083
ANNet,1.0,velocity,rad/s,J1,23,0.022598080337047577,8.723807334899902
ANNet,1.0,velocity,rad/s,J1,24,0.02723488211631775,6.306033611297607
ANNet,1.0,velocity,rad/s,J1,25,0.025901533663272858,9.392006874084473
ANNet,1.0,velocity,rad/s,J1,26,0.03784114494919777,4.439943790435791
ANNet,1.0,velocity,rad/s,J1,27,0.04236932843923569,3.2431774139404297
ANNet,1.0,velocity,rad/s,J1,28,0.026877621188759804,3.822664976119995
ANNet,1.0,velocity,rad/s,J1,29,0.029464399442076683,7.956925392150879
ANNet,1.0,velocity,rad/s,J1,30,0.03615593537688255,4.259909629821777
ANNet,1.0,velocity,rad/s,J1,31,0.03816527500748634,5.0638813972473145
ANNet,1.0,velocity,rad/s,J1,32,0.03444235399365425,4.609987258911133
ANNet,1.0,velocity,rad/s,J1,33,0.018546180799603462,10.665092468261719
ANNet,1.0,velocity,rad/s,J1,34,0.028739526867866516,8.476156234741211
ANNet,1.0,velocity,rad/s,J1,35,0.026671601459383965,8.325357437133789
ANNet,1.0,velocity,rad/s,J1,36,0.015768351033329964,6.5985236167907715
ANNet,1.0,velocity,rad/s,J1,37,0.030005304142832756,11.121357917785645
ANNet,1.0,velocity,rad/s,J1,38,0.03069138154387474,4.328121185302734
ANNet,1.0,velocity,rad/s,J1,39,0.013137588277459145,9.036704063415527
ANNet,1.0,velocity,rad/s,J1,40,0.03672347962856293,4.419891357421875
ANNet,1.0,velocity,rad/s,J1,41,0.01988365314900875,10.292908668518066
ANNet,1.0,velocity,rad/s,J1,42,0.029486363753676414,5.750857353210449
ANNet,1.0,velocity,rad/s,J1,43,0.0335085503757,10.41882038116455
ANNet,1.0,velocity,rad/s,J1,44,0.029058139771223068,8.510483741760254
ANNet,1.0,velocity,rad/s,J1,45,0.03656258434057236,4.785436153411865
ANNet,1.0,velocity,rad/s,J1,46,0.044783130288124084,9.938586235046387
ANNet,1.0,velocity,rad/s,J1,47,0.03317343071103096,4.461535453796387
ANNet,1.0,velocity,rad/s,J1,48,0.02535259537398815,5.818512439727783
ANNet,1.0,velocity,rad/s,J1,49,0.04091823846101761,2.1629014015197754
ANNet,1.0,velocity,rad/s,J2,0,0.10197895765304565,1.413741111755371
ANNet,1.0,velocity,rad/s,J2,1,0.07254541665315628,4.690762042999268
ANNet,1.0,velocity,rad/s,J2,2,0.05715053156018257,1.7044990062713623
ANNet,1.0,velocity,rad/s,J2,3,0.05463702604174614,3.0707907676696777
ANNet,1.0,velocity,rad/s,J2,4,0.04167010635137558,2.3404669761657715
ANNet,1.0,velocity,rad/s,J2,5,0.06423857808113098,1.9093598127365112
ANNet,1.0,velocity,rad/s,J2,6,0.04577375203371048,2.5189692974090576
ANNet,1.0,velocity,rad/s,J2,7,0.046388931572437286,3.088096857070923
ANNet,1.0,velocity,rad/s,J2,8,0.032764021307229996,3.9286422729492188
ANNet,1.0,velocity,rad/s,J2,9,0.06349433958530426,2.584221124649048
ANNet,1.0,velocity,rad/s,J2,10,0.03373638540506363,3.800121545791626
ANNet,1.0,velocity,rad/s,J2,11,0.08147857338190079,1.014434814453125
ANNet,1.0,velocity,rad/s,J2,12,0.06922329217195511,2.3386049270629883
ANNet,1.0,velocity,rad/s,J2,13,0.08833101391792297,2.786602735519409
ANNet,1.0,velocity,rad/s,J2,14,0.06986020505428314,2.506361246109009
ANNet,1.0,velocity,rad/s,J2,15,0.045529965311288834,1.0634570121765137
ANNet,1.0,velocity,rad/s,J2,16,0.05104733258485794,4.117349624633789
ANNet,1.0,velocity,rad/s,J2,17,0.0418747179210186,3.2141549587249756
ANNet,1.0,velocity,rad/s,J2,18,0.05213572457432747,2.1435399055480957
ANNet,1.0,velocity,rad/s,J2,19,0.044746872037649155,3.5590639114379883
ANNet,1.0,velocity,rad/s,J2,20,0.0897006243467331,2.572244644165039
ANNet,1.0,velocity,rad/s,J2,21,0.08075057715177536,2.250054359436035
ANNet,1.0,velocity,rad/s,J2,22,0.05450103431940079,4.408280372619629
ANNet,1.0,velocity,rad/s,J2,23,0.05382881313562393,3.6467063426971436
ANNet,1.0,velocity,rad/s,J2,24,0.05957699194550514,2.6020615100860596
ANNet,1.0,velocity,rad/s,J2,25,0.061468470841646194,3.9285728931427
ANNet,1.0,velocity,rad/s,J2,26,0.08976375311613083,2.5256359577178955
ANNet,1.0,velocity,rad/s,J2,27,0.09458213299512863,1.398797631263733
ANNet,1.0,velocity,rad/s,J2,28,0.0648161992430687,1.9577580690383911
ANNet,1.0,velocity,rad/s,J2,29,0.06960952281951904,3.4379725456237793
ANNet,1.0,velocity,rad/s,J2,30,0.08406149595975876,1.9045969247817993
ANNet,1.0,velocity,rad/s,J2,31,0.09005313366651535,2.694136142730713
ANNet,1.0,velocity,rad/s,J2,32,0.08065855503082275,2.358555316925049
ANNet,1.0,velocity,rad/s,J2,33,0.04432451352477074,4.415419578552246
ANNet,1.0,velocity,rad/s,J2,34,0.06622046232223511,3.4969635009765625
ANNet,1.0,velocity,rad/s,J2,35,0.06190609559416771,3.4882330894470215
ANNet,1.0,velocity,rad/s,J2,36,0.02858232706785202,2.7219862937927246
ANNet,1.0,velocity,rad/s,J2,37,0.06885337829589844,4.603871822357178
ANNet,1.0,velocity,rad/s,J2,38,0.06910534203052521,2.2997138500213623
ANNet,1.0,velocity,rad/s,J2,39,0.031082596629858017,3.873183488845825
ANNet,1.0,velocity,rad/s,J2,40,0.08864716440439224,1.8888092041015625
ANNet,1.0,velocity,rad/s,J2,41,0.04593609645962715,4.292708396911621
ANNet,1.0,velocity,rad/s,J2,42,0.07153844088315964,2.854922294616699
ANNet,1.0,velocity,rad/s,J2,43,0.08066685497760773,4.2991228103637695
ANNet,1.0,velocity,rad/s,J2,44,0.06872387230396271,3.4744625091552734
ANNet,1.0,velocity,rad/s,J2,45,0.08215903490781784,1.9825986623764038
ANNet,1.0,velocity,rad/s,J2,46,0.10445474833250046,4.269870281219482
ANNet,1.0,velocity,rad/s,J2,47,0.07774786651134491,1.886354684829712
ANNet,1.0,velocity,rad/s,J2,48,0.055638425052165985,3.1001551151275635
ANNet,1.0,velocity,rad/s,J2,49,0.0979611948132515,1.3040658235549927
ANNet,1.0,acceleration,rad/s^2,J1,0,0.22925972938537598,3.121772527694702
ANNet,1.0,acceleration,rad/s^2,J1,1,0.20152969658374786,11.241995811462402
ANNet,1.0,acceleration,rad/s^2,J1,2,0.13469162583351135,3.2813501358032227
ANNet,1.0,acceleration,rad/s^2,J1,3,0.14980055391788483,6.275132179260254
ANNet,1.0,acceleration,rad/s^2,J1,4,0.1169198602437973,5.518004894256592
ANNet,1.0,acceleration,rad/s^2,J1,5,0.15220919251441956,2.62711238861084
ANNet,1.0,acceleration,rad/s^2,J1,6,0.11798907816410065,5.942473411560059
ANNet,1.0,acceleration,rad/s^2,J1,7,0.12308423966169357,7.346948623657227
ANNet,1.0,acceleration,rad/s^2,J1,8,0.1245662048459053,9.26115608215332
ANNet,1.0,acceleration,rad/s^2,J1,9,0.15366782248020172,6.249454498291016
ANNet,1.0,acceleration,rad/s^2,J1,10,0.11207945644855499,9.086359977722168
ANNet,1.0,acceleration,rad/s^2,J1,11,0.18608339130878448,1.87992525100708
ANNet,1.0,acceleration,rad/s^2,J1,12,0.1664581596851349,5.061312198638916
ANNet,1.0,acceleration,rad/s^2,J1,13,0.21237793564796448,6.084648132324219
ANNet,1.0,acceleration,rad/s^2,J1,14,0.1637081503868103,5.4545464515686035
ANNet,1.0,acceleration,rad/s^2,J1,15,0.12880602478981018,2.6069846153259277
ANNet,1.0,acceleration,rad/s^2,J1,16,0.16122248768806458,9.75954532623291
ANNet,1.0,acceleration,rad/s^2,J1,17,0.1263938546180725,7.368175506591797
ANNet,1.0,acceleration,rad/s^2,J1,18,0.13997948169708252,5.173842430114746
ANNet,1.0,acceleration,rad/s^2,J1,19,0.13122043013572693,8.439424514770508
ANNet,1.0,acceleration,rad/s^2,J1,20,0.20648857951164246,6.122062683105469
ANNet,1.0,acceleration,rad/s^2,J1,21,0.18990835547447205,4.145575523376465
ANNet,1.0,acceleration,rad/s^2,J1,22,0.16708910465240479,10.7615327835083
ANNet,1.0,acceleration,rad/s^2,J1,23,0.14744289219379425,8.723807334899902
ANNet,1.0,acceleration,rad/s^2,J1,24,0.1521078497171402,6.306033611297607
ANNet,1.0,acceleration,rad/s^2,J1,25,0.16587036848068237,9.392006874084473
ANNet,1.0,acceleration,rad/s^2,J1,26,0.2070322334766388,4.439943790435791
ANNet,1.0,acceleration,rad/s^2,J1,27,0.2328524887561798,3.2431774139404297
ANNet,1.0,acceleration,rad/s^2,J1,28,0.14490097761154175,3.822664976119995
ANNet,1.0,acceleration,rad/s^2,J1,29,0.1793939173221588,7.956925392150879
ANNet,1.0,acceleration,rad/s^2,J1,30,0.1986749768257141,4.259909629821777
ANNet,1.0,acceleration,rad/s^2,J1,31,0.218153715133667,5.0638813972473145
ANNet,1.0,acceleration,rad/s^2,J1,32,0.19308651983737946,4.609987258911133
ANNet,1.0,acceleration,rad/s^2,J1,33,0.1385156214237213,10.665092468261719
ANNet,1.0,acceleration,rad/s^2,J1,34,0.17425672709941864,8.476156234741211
ANNet,1.0,acceleration,rad/s^2,J1,35,0.16269899904727936,8.325357437133789
ANNet,1.0,acceleration,rad/s^2,J1,36,0.09499715268611908,6.5985236167907715
ANNet,1.0,acceleration,rad/s^2,J1,37,0.19514310359954834,11.121357917785645
ANNet,1.0,acceleration,rad/s^2,J1,38,0.1691535860300064,4.328121185302734
ANNet,1.0,acceleration,rad/s^2,J1,39,0.1147034615278244,9.036704063415527
ANNet,1.0,acceleration,rad/s^2,J1,40,0.19549907743930817,4.419891357421875
ANNet,1.0,acceleration,rad/s^2,J1,41,0.14374369382858276,10.292908668518066
ANNet,1.0,acceleration,rad/s^2,J1,42,0.18238097429275513,5.750857353210449
ANNet,1.0,acceleration,rad/s^2,J1,43,0.22129757702350616,10.41882038116455
ANNet,1.0,acceleration,rad/s^2,J1,44,0.18231552839279175,8.510483741760254
ANNet,1.0,acceleration,rad/s^2,J1,45,0.18925249576568604,4.785436153411865
ANNet,1.0,acceleration,rad/s^2,J1,46,0.2561919689178467,9.938586235046387
ANNet,1.0,acceleration,rad/s^2,J1,47,0.17735576629638672,4.461535453796387
ANNet,1.0,acceleration,rad/s^2,J1,48,0.16557729244232178,5.818512439727783
ANNet,1.0,acceleration,rad/s^2,J1,49,0.21434295177459717,2.1629014015197754
ANNet,1.0,acceleration,rad/s^2,J2,0,0.5691691637039185,1.413741111755371
ANNet,1.0,acceleration,rad/s^2,J2,1,0.464520126581192,4.690762042999268
ANNet,1.0,acceleration,rad/s^2,J2,2,0.3154006004333496,1.7044990062713623
ANNet,1.0,acceleration,rad/s^2,J2,3,0.33881235122680664,3.0707907676696777
ANNet,1.0,acceleration,rad/s^2,J2,4,0.26393651962280273,2.3404669761657715
ANNet,1.0,acceleration,rad/s^2,J2,5,0.35485196113586426,1.9093598127365112
ANNet,1.0,acceleration,rad/s^2,J2,6,0.2821323573589325,2.5189692974090576
ANNet,1.0,acceleration,rad/s^2,J2,7,0.28785189986228943,3.088096857070923
ANNet,1.0,acceleration,rad/s^2,J2,8,0.2762773036956787,3.9286422729492188
ANNet,1.0,acceleration,rad/s^2,J2,9,0.3587591350078583,2.584221124649048
ANNet,1.0,acceleration,rad/s^2,J2,10,0.2488815039396286,3.800121545791626
ANNet,1.0,acceleration,rad/s^2,J2,11,0.4510146677494049,1.014434814453125
ANNet,1.0,acceleration,rad/s^2,J2,12,0.38254135847091675,2.3386049270629883
ANNet,1.0,acceleration,rad/s^2,J2,13,0.4979504346847534,2.786602735519409
ANNet,1.0,acceleration,rad/s^2,J2,14,0.38274896144866943,2.506361246109009
ANNet,1.0,acceleration,rad/s^2,J2,15,0.2751953601837158,1.0634570121765137
ANNet,1.0,acceleration,rad/s^2,J2,16,0.36670565605163574,4.117349624633789
ANNet,1.0,acceleration,rad/s^2,J2,17,0.2849487066268921,3.2141549587249756
ANNet,1.0,acceleration,rad/s^2,J2,18,0.3140031397342682,2.1435399055480957
ANNet,1.0,acceleration,rad/s^2,J2,19,0.2941642999649048,3.5590639114379883
ANNet,1.0,acceleration,rad/s^2,J2,20,0.49185794591903687,2.572244644165039
ANNet,1.0,acceleration,rad/s^2,J2,21,0.4408647119998932,2.250054359436035
ANNet,1.0,acceleration,rad/s^2,J2,22,0.3871064782142639,4.408280372619629
ANNet,1.0,acceleration,rad/s^2,J2,23,0.34096527099609375,3.6467063426971436
ANNet,1.0,acceleration,rad/s^2,J2,24,0.33706966042518616,2.6020615100860596
ANNet,1.0,acceleration,rad/s^2,J2,25,0.377483993768692,3.9285728931427
ANNet,1.0,acceleration,rad/s^2,J2,26,0.489815890789032,2.5256359577178955
ANNet,1.0,acceleration,rad/s^2,J2,27,0.5371503233909607,1.398797631263733
ANNet,1.0,acceleration,rad/s^2,J2,28,0.3489147424697876,1.9577580690383911
ANNet,1.0,acceleration,rad/s^2,J2,29,0.41418546438217163,3.4379725456237793
ANNet,1.0,acceleration,rad/s^2,J2,30,0.46509233117103577,1.9045969247817993
ANNet,1.0,acceleration,rad/s^2,J2,31,0.5080061554908752,2.694136142730713
ANNet,1.0,acceleration,rad/s^2,J2,32,0.4451860785484314,2.358555316925049
ANNet,1.0,acceleration,rad/s^2,J2,33,0.3134167492389679,4.415419578552246
ANNet,1.0,acceleration,rad/s^2,J2,34,0.39725735783576965,3.4969635009765625
ANNet,1.0,acceleration,rad/s^2,J2,35,0.3717876672744751,3.4882330894470215
ANNet,1.0,acceleration,rad/s^2,J2,36,0.19519959390163422,2.7219862937927246
ANNet,1.0,acceleration,rad/s^2,J2,37,0.4489329755306244,4.603871822357178
ANNet,1.0,acceleration,rad/s^2,J2,38,0.3846326470375061,2.2997138500213623
ANNet,1.0,acceleration,rad/s^2,J2,39,0.2541908621788025,3.873183488845825
ANNet,1.0,acceleration,rad/s^2,J2,40,0.4719223380088806,1.8888092041015625
ANNet,1.0,acceleration,rad/s^2,J2,41,0.3246097266674042,4.292708396911621
ANNet,1.0,acceleration,rad/s^2,J2,42,0.4246416985988617,2.854922294616699
ANNet,1.0,acceleration,rad/s^2,J2,43,0.5190266966819763,4.2991228103637695
ANNet,1.0,acceleration,rad/s^2,J2,44,0.42261847853660583,3.4744625091552734
ANNet,1.0,acceleration,rad/s^2,J2,45,0.44965115189552307,1.9825986623764038
ANNet,1.0,acceleration,rad/s^2,J2,46,0.5982339382171631,4.269870281219482
ANNet,1.0,acceleration,rad/s^2,J2,47,0.43103185296058655,1.886354684829712
ANNet,1.0,acceleration,rad/s^2,J2,48,0.37455272674560547,3.1001551151275635
ANNet,1.0,acceleration,rad/s^2,J2,49,0.5194832682609558,1.3040658235549927
ANNet,2.5,angle,rad,J1,0,0.0074616908095777035,3.121772527694702
ANNet,2.5,angle,rad,J1,1,0.007604099810123444,11.241995811462402
ANNet,2.5,angle,rad,J1,2,0.003914676606655121,3.2813501358032227
ANNet,2.5,angle,rad,J1,3,0.004230927675962448,6.275132179260254
ANNet,2.5,angle,rad,J1,4,0.005428587552160025,5.518004894256592
ANNet,2.5,angle,rad,J1,5,0.0044085741974413395,2.62711238861084
ANNet,2.5,angle,rad,J1,6,0.004215996712446213,5.942473411560059
ANNet,2.5,angle,rad,J1,7,0.004924405366182327,7.346948623657227
ANNet,2.5,angle,rad,J1,8,0.0035235059913247824,9.26115608215332
ANNet,2.5,angle,rad,J1,9,0.00403686473146081,6.249454498291016
ANNet,2.5,angle,rad,J1,10,0.003062685253098607,9.086359977722168
ANNet,2.5,angle,rad,J1,11,0.006240962538868189,1.87992525100708
ANNet,2.5,angle,rad,J1,12,0.0042955707758665085,5.061312198638916
ANNet,2.5,angle,rad,J1,13,0.007160300854593515,6.084648132324219
ANNet,2.5,angle,rad,J1,14,0.003997638821601868,5.4545464515686035
ANNet,2.5,angle,rad,J1,15,0.004732698667794466,2.6069846153259277
ANNet,2.5,angle,rad,J1,16,0.006080065853893757,9.75954532623291
ANNet,2.5,angle,rad,J1,17,0.004816877655684948,7.368175506591797
ANNet,2.5,angle,rad,J1,18,0.004771416075527668,5.173842430114746
ANNet,2.5,angle,rad,J1,19,0.004845991265028715,8.439424514770508
ANNet,2.5,angle,rad,J1,20,0.006583348382264376,6.122062683105469
ANNet,2.5,angle,rad,J1,21,0.005714363884180784,4.145575523376465
ANNet,2.5,angle,rad,J1,22,0.004868149757385254,10.7615327835083
ANNet,2.5,angle,rad,J1,23,0.004950048867613077,8.723807334899902
ANNet,2.5,angle,rad,J1,24,0.005589907988905907,6.306033611297607
ANNet,2.5,angle,rad,J1,25,0.004304138012230396,9.392006874084473
ANNet,2.5,angle,rad,J1,26,0.0064384471625089645,4.439943790435791
ANNet,2.5,angle,rad,J1,27,0.008168726228177547,3.2431774139404297
ANNet,2.5,angle,rad,J1,28,0.004064583219587803,3.822664976119995
ANNet,2.5,angle,rad,J1,29,0.005548129789531231,7.956925392150879
ANNet,2.5,angle,rad,J1,30,0.006537999492138624,4.259909629821777
ANNet,2.5,angle,rad,J1,31,0.006028061266988516,5.0638813972473145
ANNet,2.5,angle,rad,J1,32,0.005479839164763689,4.609987258911133
ANNet,2.5,angle,rad,J1,33,0.004022782668471336,10.665092468261719
ANNet,2.5,angle,rad,J1,34,0.007012062706053257,8.476156234741211
ANNet,2.5,angle,rad,J1,35,0.004809985402971506,8.325357437133789
ANNet,2.5,angle,rad,J1,36,0.00495178671553731,6.5985236167907715
ANNet,2.5,angle,rad,J1,37,0.006537315435707569,11.121357917785645
ANNet,2.5,angle,rad,J1,38,0.005714325699955225,4.328121185302734
ANNet,2.5,angle,rad,J1,39,0.004491063300520182,9.036704063415527
ANNet,2.5,angle,rad,J1,40,0.004935522098094225,4.419891357421875
ANNet,2.5,angle,rad,J1,41,0.006181046366691589,10.292908668518066
ANNet,2.5,angle,rad,J1,42,0.006511395797133446,5.750857353210449
ANNet,2.5,angle,rad,J1,43,0.0084879444912076,10.41882038116455
ANNet,2.5,angle,rad,J1,44,0.006100878119468689,8.510483741760254
ANNet,2.5,angle,rad,J1,45,0.005310503765940666,4.785436153411865
ANNet,2.5,angle,rad,J1,46,0.011647670529782772,9.938586235046387
ANNet,2.5,angle,rad,J1,47,0.006045630667358637,4.461535453796387
ANNet,2.5,angle,rad,J1,48,0.00582757405936718,5.818512439727783
ANNet,2.5,angle,rad,J1,49,0.0065529425628483295,2.1629014015197754
ANNet,2.5,angle,rad,J2,0,0.01832647994160652,1.413741111755371
ANNet,2.5,angle,rad,J2,1,0.017889833077788353,4.690762042999268
ANNet,2.5,angle,rad,J2,2,0.009131960570812225,1.7044990062713623
ANNet,2.5,angle,rad,J2,3,0.0099635673686862,3.0707907676696777
ANNet,2.5,angle,rad,J2,4,0.01098057720810175,2.3404669761657715
ANNet,2.5,angle,rad,J2,5,0.010676310397684574,1.9093598127365112
ANNet,2.5,angle,rad,J2,6,0.009625650011003017,2.5189692974090576
ANNet,2.5,angle,rad,J2,7,0.01160732377320528,3.088096857070923
ANNet,2.5,angle,rad,J2,8,0.007117089349776506,3.9286422729492188
ANNet,2.5,angle,rad,J2,9,0.010438524186611176,2.584221124649048
ANNet,2.5,angle,rad,J2,10,0.006948854308575392,3.800121545791626
ANNet,2.5,angle,rad,J2,11,0.014077222906053066,1.014434814453125
ANNet,2.5,angle,rad,J2,12,0.01045527309179306,2.3386049270629883
ANNet,2.5,angle,rad,J2,13,0.01693671941757202,2.786602735519409
ANNet,2.5,angle,rad,J2,14,0.009834486059844494,2.506361246109009
ANNet,2.5,angle,rad,J2,15,0.008549314923584461,1.0634570121765137
ANNet,2.5,angle,rad,J2,16,0.013021809980273247,4.117349624633789
ANNet,2.5,angle,rad,J2,17,0.010689535178244114,3.2141549587249756
ANNet,2.5,angle,rad,J2,18,0.011319628916680813,2.1435399055480957
ANNet,2.5,angle,rad,J2,19,0.009880289435386658,3.5590639114379883
ANNet,2.5,angle,rad,J2,20,0.015817146748304367,2.572244644165039
ANNet,2.5,angle,rad,J2,21,0.012797885574400425,2.250054359436035
ANNet,2.5,angle,rad,J2,22,0.011978997848927975,4.408280372619629
ANNet,2.5,angle,rad,J2,23,0.012182528153061867,3.6467063426971436
ANNet,2.5,angle,rad,J2,24,0.012105591595172882,2.6020615100860596
ANNet,2.5,angle,rad,J2,25,0.010352453216910362,3.9285728931427
ANNet,2.5,angle,rad,J2,26,0.014996272511780262,2.5256359577178955
ANNet,2.5,angle,rad,J2,27,0.017739877104759216,1.398797631263733
ANNet,2.5,angle,rad,J2,28,0.00997721217572689,1.9577580690383911
ANNet,2.5,angle,rad,J2,29,0.013094059191644192,3.4379725456237793
ANNet,2.5,angle,rad,J2,30,0.01431954000145197,1.9045969247817993
ANNet,2.5,angle,rad,J2,31,0.014153797179460526,2.694136142730713
ANNet,2.5,angle,rad,J2,32,0.01285697240382433,2.358555316925049
ANNet,2.5,angle,rad,J2,33,0.009119817987084389,4.415419578552246
ANNet,2.5,angle,rad,J2,34,0.016135768964886665,3.4969635009765625
ANNet,2.5,angle,rad,J2,35,0.01089282426983118,3.4882330894470215
ANNet,2.5,angle,rad,J2,36,0.010302833281457424,2.7219862937927246
ANNet,2.5,angle,rad,J2,37,0.015108585357666016,4.603871822357178
ANNet,2.5,angle,rad,J2,38,0.013293583877384663,2.2997138500213623
ANNet,2.5,angle,rad,J2,39,0.01052857469767332,3.873183488845825
ANNet,2.5,angle,rad,J2,40,0.011690378189086914,1.8888092041015625
ANNet,2.5,angle,rad,J2,41,0.01482629869133234,4.292708396911621
ANNet,2.5,angle,rad,J2,42,0.015034209936857224,2.854922294616699
ANNet,2.5,angle,rad,J2,43,0.020519517362117767,4.2991228103637695
ANNet,2.5,angle,rad,J2,44,0.014621430076658726,3.4744625091552734
ANNet,2.5,angle,rad,J2,45,0.012363409623503685,1.9825986623764038
ANNet,2.5,angle,rad,J2,46,0.028201067820191383,4.269870281219482
ANNet,2.5,angle,rad,J2,47,0.014816713519394398,1.886354684829712
ANNet,2.5,angle,rad,J2,48,0.013538974337279797,3.1001551151275635
ANNet,2.5,angle,rad,J2,49,0.015663014724850655,1.3040658235549927
ANNet,2.5,velocity,rad/s,J1,0,0.042727865278720856,3.121772527694702
ANNet,2.5,velocity,rad/s,J1,1,0.0393521673977375,11.241995811462402
ANNet,2.5,velocity,rad/s,J1,2,0.02092464454472065,3.2813501358032227
ANNet,2.5,velocity,rad/s,J1,3,0.022637750953435898,6.275132179260254
ANNet,2.5,velocity,rad/s,J1,4,0.026683159172534943,5.518004894256592
ANNet,2.5,velocity,rad/s,J1,5,0.021432602778077126,2.62711238861084
ANNet,2.5,velocity,rad/s,J1,6,0.020284311845898628,5.942473411560059
ANNet,2.5,velocity,rad/s,J1,7,0.02526317536830902,7.346948623657227
ANNet,2.5,velocity,rad/s,J1,8,0.01717614382505417,9.26115608215332
ANNet,2.5,velocity,rad/s,J1,9,0.022241128608584404,6.249454498291016
ANNet,2.5,velocity,rad/s,J1,10,0.016611408442258835,9.086359977722168
ANNet,2.5,velocity,rad/s,J1,11,0.0332057885825634,1.87992525100708
ANNet,2.5,velocity,rad/s,J1,12,0.023623010143637657,5.061312198638916
ANNet,2.5,velocity,rad/s,J1,13,0.041544023901224136,6.084648132324219
ANNet,2.5,velocity,rad/s,J1,14,0.021488729864358902,5.4545464515686035
ANNet,2.5,velocity,rad/s,J1,15,0.018533894792199135,2.6069846153259277
ANNet,2.5,velocity,rad/s,J1,16,0.03305143862962723,9.75954532623291
ANNet,2.5,velocity,rad/s,J1,17,0.025529518723487854,7.368175506591797
ANNet,2.5,velocity,rad/s,J1,18,0.023739023134112358,5.173842430114746
ANNet,2.5,velocity,rad/s,J1,19,0.025505660101771355,8.439424514770508
ANNet,2.5,velocity,rad/s,J1,20,0.03716854751110077,6.122062683105469
ANNet,2.5,velocity,rad/s,J1,21,0.02942528948187828,4.145575523376465
ANNet,2.5,velocity,rad/s,J1,22,0.02666919305920601,10.7615327835083
ANNet,2.5,velocity,rad/s,J1,23,0.03000989556312561,8.723807334899902
ANNet,2.5,velocity,rad/s,J1,24,0.029375109821558,6.306033611297607
ANNet,2.5,velocity,rad/s,J1,25,0.024453064426779747,9.392006874084473
ANNet,2.5,velocity,rad/s,J1,26,0.03569658100605011,4.439943790435791
ANNet,2.5,velocity,rad/s,J1,27,0.043183889240026474,3.2431774139404297
ANNet,2.5,velocity,rad/s,J1,28,0.0237266905605793,3.822664976119995
ANNet,2.5,velocity,rad/s,J1,29,0.029771583154797554,7.956925392150879
ANNet,2.5,velocity,rad/s,J1,30,0.03610098734498024,4.259909629821777
ANNet,2.5,velocity,rad/s,J1,31,0.03206838667392731,5.0638813972473145
ANNet,2.5,velocity,rad/s,J1,32,0.029660223051905632,4.609987258911133
ANNet,2.5,velocity,rad/s,J1,33,0.020822426304221153,10.665092468261719
ANNet,2.5,velocity,rad/s,J1,34,0.03777385875582695,8.476156234741211
ANNet,2.5,velocity,rad/s,J1,35,0.026632055640220642,8.325357437133789
ANNet,2.5,velocity,rad/s,J1,36,0.0240763109177351,6.5985236167907715
ANNet,2.5,velocity,rad/s,J1,37,0.03365829586982727,11.121357917785645
ANNet,2.5,velocity,rad/s,J1,38,0.02906353957951069,4.328121185302734
ANNet,2.5,velocity,rad/s,J1,39,0.023293791338801384,9.036704063415527
ANNet,2.5,velocity,rad/s,J1,40,0.027481596916913986,4.419891357421875
ANNet,2.5,velocity,rad/s,J1,41,0.03682570531964302,10.292908668518066
ANNet,2.5,velocity,rad/s,J1,42,0.03289570286870003,5.750857353210449
ANNet,2.5,velocity,rad/s,J1,43,0.046860914677381516,10.41882038116455
ANNet,2.5,velocity,rad/s,J1,44,0.03187597915530205,8.510483741760254
ANNet,2.5,velocity,rad/s,J1,45,0.028724366798996925,4.785436153411865
ANNet,2.5,velocity,rad/s,J1,46,0.07032850384712219,9.938586235046387
ANNet,2.5,velocity,rad/s,J1,47,0.03423485904932022,4.461535453796387
ANNet,2.5,velocity,rad/s,J1,48,0.027742549777030945,5.818512439727783
ANNet,2.5,velocity,rad/s,J1,49,0.037999313324689865,2.1629014015197754
ANNet,2.5,velocity,rad/s,J2,0,0.10438265651464462,1.413741111755371
ANNet,2.5,velocity,rad/s,J2,1,0.09087694436311722,4.690762042999268
ANNet,2.5,velocity,rad/s,J2,2,0.05017926171422005,1.7044990062713623
ANNet,2.5,velocity,rad/s,J2,3,0.05294391140341759,3.0707907676696777
ANNet,2.5,velocity,rad/s,J2,4,0.06056360900402069,2.3404669761657715
ANNet,2.5,velocity,rad/s,J2,5,0.05124424025416374,1.9093598127365112
ANNet,2.5,velocity,rad/s,J2,6,0.04885163903236389,2.5189692974090576
ANNet,2.5,velocity,rad/s,J2,7,0.0618840791285038,3.088096857070923
ANNet,2.5,velocity,rad/s,J2,8,0.03835802152752876,3.9286422729492188
ANNet,2.5,velocity,rad/s,J2,9,0.053882207721471786,2.584221124649048
ANNet,2.5,velocity,rad/s,J2,10,0.03894653171300888,3.800121545791626
ANNet,2.5,velocity,rad/s,J2,11,0.08025636523962021,1.014434814453125
ANNet,2.5,velocity,rad/s,J2,12,0.05651519447565079,2.3386049270629883
ANNet,2.5,velocity,rad/s,J2,13,0.0993383601307869,2.786602735519409
ANNet,2.5,velocity,rad/s,J2,14,0.0513058602809906,2.506361246109009
ANNet,2.5,velocity,rad/s,J2,15,0.041293226182460785,1.0634570121765137
ANNet,2.5,velocity,rad/s,J2,16,0.07399425655603409,4.117349624633789
ANNet,2.5,velocity,rad/s,J2,17,0.05904533341526985,3.2141549587249756
ANNet,2.5,velocity,rad/s,J2,18,0.05782301723957062,2.1435399055480957
ANNet,2.5,velocity,rad/s,J2,19,0.05923594906926155,3.5590639114379883
ANNet,2.5,velocity,rad/s,J2,20,0.08989620953798294,2.572244644165039
ANNet,2.5,velocity,rad/s,J2,21,0.0688328668475151,2.250054359436035
ANNet,2.5,velocity,rad/s,J2,22,0.06427447497844696,4.408280372619629
ANNet,2.5,velocity,rad/s,J2,23,0.07261180132627487,3.6467063426971436
ANNet,2.5,velocity,rad/s,J2,24,0.06757193803787231,2.6020615100860596
ANNet,2.5,velocity,rad/s,J2,25,0.05805904045701027,3.9285728931427
ANNet,2.5,velocity,rad/s,J2,26,0.08345898985862732,2.5256359577178955
ANNet,2.5,velocity,rad/s,J2,27,0.10243591666221619,1.398797631263733
ANNet,2.5,velocity,rad/s,J2,28,0.05763782188296318,1.9577580690383911
ANNet,2.5,velocity,rad/s,J2,29,0.06892450153827667,3.4379725456237793
ANNet,2.5,velocity,rad/s,J2,30,0.085468590259552,1.9045969247817993
ANNet,2.5,velocity,rad/s,J2,31,0.07523363083600998,2.694136142730713
ANNet,2.5,velocity,rad/s,J2,32,0.07072389125823975,2.358555316925049
ANNet,2.5,velocity,rad/s,J2,33,0.04929831251502037,4.415419578552246
ANNet,2.5,velocity,rad/s,J2,34,0.08882768452167511,3.4969635009765625
ANNet,2.5,velocity,rad/s,J2,35,0.06029243767261505,3.4882330894470215
ANNet,2.5,velocity,rad/s,J2,36,0.05420958250761032,2.7219862937927246
ANNet,2.5,velocity,rad/s,J2,37,0.07686411589384079,4.603871822357178
ANNet,2.5,velocity,rad/s,J2,38,0.06906402111053467,2.2997138500213623
ANNet,2.5,velocity,rad/s,J2,39,0.055821534246206284,3.873183488845825
ANNet,2.5,velocity,rad/s,J2,40,0.06769348680973053,1.8888092041015625
ANNet,2.5,velocity,rad/s,J2,41,0.08722975850105286,4.292708396911621
ANNet,2.5,velocity,rad/s,J2,42,0.07707168161869049,2.854922294616699
ANNet,2.5,velocity,rad/s,J2,43,0.11264456808567047,4.2991228103637695
ANNet,2.5,velocity,rad/s,J2,44,0.07610728591680527,3.4744625091552734
ANNet,2.5,velocity,rad/s,J2,45,0.0698208436369896,1.9825986623764038
ANNet,2.5,velocity,rad/s,J2,46,0.1667260229587555,4.269870281219482
ANNet,2.5,velocity,rad/s,J2,47,0.08353806287050247,1.886354684829712
ANNet,2.5,velocity,rad/s,J2,48,0.0641838014125824,3.1001551151275635
ANNet,2.5,velocity,rad/s,J2,49,0.09148978441953659,1.3040658235549927
ANNet,2.5,acceleration,rad/s^2,J1,0,0.24717475473880768,3.121772527694702
ANNet,2.5,acceleration,rad/s^2,J1,1,0.3139486610889435,11.241995811462402
ANNet,2.5,acceleration,rad/s^2,J1,2,0.13789275288581848,3.2813501358032227
ANNet,2.5,acceleration,rad/s^2,J1,3,0.1911284178495407,6.275132179260254
ANNet,2.5,acceleration,rad/s^2,J1,4,0.19089184701442719,5.518004894256592
ANNet,2.5,acceleration,rad/s^2,J1,5,0.1453111320734024,2.62711238861084
ANNet,2.5,acceleration,rad/s^2,J1,6,0.16935433447360992,5.942473411560059
ANNet,2.5,acceleration,rad/s^2,J1,7,0.20732124149799347,7.346948623657227
ANNet,2.5,acceleration,rad/s^2,J1,8,0.2120140939950943,9.26115608215332
ANNet,2.5,acceleration,rad/s^2,J1,9,0.17681024968624115,6.249454498291016
ANNet,2.5,acceleration,rad/s^2,J1,10,0.20426465570926666,9.086359977722168
ANNet,2.5,acceleration,rad/s^2,J1,11,0.18874965608119965,1.87992525100708
ANNet,2.5,acceleration,rad/s^2,J1,12,0.17052537202835083,5.061312198638916
ANNet,2.5,acceleration,rad/s^2,J1,13,0.26277729868888855,6.084648132324219
ANNet,2.5,acceleration,rad/s^2,J1,14,0.1665778011083603,5.4545464515686035
ANNet,2.5,acceleration,rad/s^2,J1,15,0.12137218564748764,2.6069846153259277
ANNet,2.5,acceleration,rad/s^2,J1,16,0.2724623382091522,9.75954532623291
ANNet,2.5,acceleration,rad/s^2,J1,17,0.2156912237405777,7.368175506591797
ANNet,2.5,acceleration,rad/s^2,J1,18,0.1775728315114975,5.173842430114746
ANNet,2.5,acceleration,rad/s^2,J1,19,0.22486546635627747,8.439424514770508
ANNet,2.5,acceleration,rad/s^2,J1,20,0.24210479855537415,6.122062683105469
ANNet,2.5,acceleration,rad/s^2,J1,21,0.18693819642066956,4.145575523376465
ANNet,2.5,acceleration,rad/s^2,J1,22,0.27143773436546326,10.7615327835083
ANNet,2.5,acceleration,rad/s^2,J1,23,0.24763089418411255,8.723807334899902
ANNet,2.5,acceleration,rad/s^2,J1,24,0.20376606285572052,6.306033611297607
ANNet,2.5,acceleration,rad/s^2,J1,25,0.2347639501094818,9.392006874084473
ANNet,2.5,acceleration,rad/s^2,J1,26,0.2191062718629837,4.439943790435791
ANNet,2.5,acceleration,rad/s^2,J1,27,0.2558062970638275,3.2431774139404297
ANNet,2.5,acceleration,rad/s^2,J1,28,0.15522506833076477,3.822664976119995
ANNet,2.5,acceleration,rad/s^2,J1,29,0.23163798451423645,7.956925392150879
ANNet,2.5,acceleration,rad/s^2,J1,30,0.21626493334770203,4.259909629821777
ANNet,2.5,acceleration,rad/s^2,J1,31,0.21397776901721954,5.0638813972473145
ANNet,2.5,acceleration,rad/s^2,J1,32,0.19523225724697113,4.609987258911133
ANNet,2.5,acceleration,rad/s^2,J1,33,0.236379012465477,10.665092468261719
ANNet,2.5,acceleration,rad/s^2,J1,34,0.27669116854667664,8.476156234741211
ANNet,2.5,acceleration,rad/s^2,J1,35,0.22059325873851776,8.325357437133789
ANNet,2.5,acceleration,rad/s^2,J1,36,0.1886332780122757,6.5985236167907715
ANNet,2.5,acceleration,rad/s^2,J1,37,0.29626673460006714,11.121357917785645
ANNet,2.5,acceleration,rad/s^2,J1,38,0.18721480667591095,4.328121185302734
ANNet,2.5,acceleration,rad/s^2,J1,39,0.22968153655529022,9.036704063415527
ANNet,2.5,acceleration,rad/s^2,J1,40,0.1752089112997055,4.419891357421875
ANNet,2.5,acceleration,rad/s^2,J1,41,0.29102885723114014,10.292908668518066
ANNet,2.5,acceleration,rad/s^2,J1,42,0.2294539213180542,5.750857353210449
ANNet,2.5,acceleration,rad/s^2,J1,43,0.35135000944137573,10.41882038116455
ANNet,2.5,acceleration,rad/s^2,J1,44,0.2561580240726471,8.510483741760254
ANNet,2.5,acceleration,rad/s^2,J1,45,0.18315155804157257,4.785436153411865
ANNet,2.5,acceleration,rad/s^2,J1,46,0.42947888374328613,9.938586235046387
ANNet,2.5,acceleration,rad/s^2,J1,47,0.21204861998558044,4.461535453796387
ANNet,2.5,acceleration,rad/s^2,J1,48,0.21596373617649078,5.818512439727783
ANNet,2.5,acceleration,rad/s^2,J1,49,0.20723874866962433,2.1629014015197754
ANNet,2.5,acceleration,rad/s^2,J2,0,0.5957466959953308,1.413741111755371
ANNet,2.5,acceleration,rad/s^2,J2,1,0.7085596919059753,4.690762042999268
ANNet,2.5,acceleration,rad/s^2,J2,2,0.31919005513191223,1.7044990062713623
ANNet,2.5,acceleration,rad/s^2,J2,3,0.4292948246002197,3.0707907676696777
ANNet,2.5,acceleration,rad/s^2,J2,4,0.4339696168899536,2.3404669761657715
ANNet,2.5,acceleration,rad/s^2,J2,5,0.3382689654827118,1.9093598127365112
ANNet,2.5,acceleration,rad/s^2,J2,6,0.3823623061180115,2.5189692974090576
ANNet,2.5,acceleration,rad/s^2,J2,7,0.4718701243400574,3.088096857070923
ANNet,2.5,acceleration,rad/s^2,J2,8,0.46631020307540894,3.9286422729492188
ANNet,2.5,acceleration,rad/s^2,J2,9,0.4022443890571594,2.584221124649048
ANNet,2.5,acceleration,rad/s^2,J2,10,0.4496294856071472,3.800121545791626
ANNet,2.5,acceleration,rad/s^2,J2,11,0.4525704085826874,1.014434814453125
ANNet,2.5,acceleration,rad/s^2,J2,12,0.3861997425556183,2.3386049270629883
ANNet,2.5,acceleration,rad/s^2,J2,13,0.6089954376220703,2.786602735519409
ANNet,2.5,acceleration,rad/s^2,J2,14,0.37401923537254333,2.506361246109009
ANNet,2.5,acceleration,rad/s^2,J2,15,0.271278440952301,1.0634570121765137
ANNet,2.5,acceleration,rad/s^2,J2,16,0.6136924624443054,4.117349624633789
ANNet,2.5,acceleration,rad/s^2,J2,17,0.48436808586120605,3.2141549587249756
ANNet,2.5,acceleration,rad/s^2,J2,18,0.41169029474258423,2.1435399055480957
ANNet,2.5,acceleration,rad/s^2,J2,19,0.4992636740207672,3.5590639114379883
ANNet,2.5,acceleration,rad/s^2,J2,20,0.5626096725463867,2.572244644165039
ANNet,2.5,acceleration,rad/s^2,J2,21,0.43067610263824463,2.250054359436035
ANNet,2.5,acceleration,rad/s^2,J2,22,0.6097789406776428,4.408280372619629
ANNet,2.5,acceleration,rad/s^2,J2,23,0.5611063838005066,3.6467063426971436
ANNet,2.5,acceleration,rad/s^2,J2,24,0.45699572563171387,2.6020615100860596
ANNet,2.5,acceleration,rad/s^2,J2,25,0.5207403898239136,3.9285728931427
ANNet,2.5,acceleration,rad/s^2,J2,26,0.5089312195777893,2.5256359577178955
ANNet,2.5,acceleration,rad/s^2,J2,27,0.6017009019851685,1.398797631263733
ANNet,2.5,acceleration,rad/s^2,J2,28,0.36062800884246826,1.9577580690383911
ANNet,2.5,acceleration,rad/s^2,J2,29,0.5209957957267761,3.4379725456237793
ANNet,2.5,acceleration,rad/s^2,J2,30,0.5025753378868103,1.9045969247817993
ANNet,2.5,acceleration,rad/s^2,J2,31,0.4902243912220001,2.694136142730713
ANNet,2.5,acceleration,rad/s^2,J2,32,0.4505005478858948,2.358555316925049
ANNet,2.5,acceleration,rad/s^2,J2,33,0.5263321399688721,4.415419578552246
ANNet,2.5,acceleration,rad/s^2,J2,34,0.6311540007591248,3.4969635009765625
ANNet,2.5,acceleration,rad/s^2,J2,35,0.4902494251728058,3.4882330894470215
ANNet,2.5,acceleration,rad/s^2,J2,36,0.418767511844635,2.7219862937927246
ANNet,2.5,acceleration,rad/s^2,J2,37,0.6636442542076111,4.603871822357178
ANNet,2.5,acceleration,rad/s^2,J2,38,0.43405768275260925,2.2997138500213623
ANNet,2.5,acceleration,rad/s^2,J2,39,0.5119966268539429,3.873183488845825
ANNet,2.5,acceleration,rad/s^2,J2,40,0.4065745770931244,1.8888092041015625
ANNet,2.5,acceleration,rad/s^2,J2,41,0.6613214612007141,4.292708396911621
ANNet,2.5,acceleration,rad/s^2,J2,42,0.5271667838096619,2.854922294616699
ANNet,2.5,acceleration,rad/s^2,J2,43,0.812907874584198,4.2991228103637695
ANNet,2.5,acceleration,rad/s^2,J2,44,0.5802466869354248,3.4744625091552734
ANNet,2.5,acceleration,rad/s^2,J2,45,0.4273436665534973,1.9825986623764038
ANNet,2.5,acceleration,rad/s^2,J2,46,1.0026276111602783,4.269870281219482
ANNet,2.5,acceleration,rad/s^2,J2,47,0.5023688673973083,1.886354684829712
ANNet,2.5,acceleration,rad/s^2,J2,48,0.49220940470695496,3.1001551151275635
ANNet,2.5,acceleration,rad/s^2,J2,49,0.4957974851131439,1.3040658235549927
ANNet,5.0,angle,rad,J1,0,0.007948520593345165,3.121772527694702
ANNet,5.0,angle,rad,J1,1,0.013812055811285973,11.241995811462402
ANNet,5.0,angle,rad,J1,2,0.004053573589771986,3.2813501358032227
ANNet,5.0,angle,rad,J1,3,0.009963643737137318,6.275132179260254
ANNet,5.0,angle,rad,J1,4,0.008050168864428997,5.518004894256592
ANNet,5.0,angle,rad,J1,5,0.0042322357185184956,2.62711238861084
ANNet,5.0,angle,rad,J1,6,0.005906285252422094,5.942473411560059
ANNet,5.0,angle,rad,J1,7,0.008101421408355236,7.346948623657227
ANNet,5.0,angle,rad,J1,8,0.007744339294731617,9.26115608215332
ANNet,5.0,angle,rad,J1,9,0.0036786068230867386,6.249454498291016
ANNet,5.0,angle,rad,J1,10,0.005152022931724787,9.086359977722168
ANNet,5.0,angle,rad,J1,11,0.005763519089668989,1.87992525100708
ANNet,5.0,angle,rad,J1,12,0.004904173314571381,5.061312198638916
ANNet,5.0,angle,rad,J1,13,0.011441312730312347,6.084648132324219
ANNet,5.0,angle,rad,J1,14,0.00485507445409894,5.4545464515686035
ANNet,5.0,angle,rad,J1,15,0.0031844049226492643,2.6069846153259277
ANNet,5.0,angle,rad,J1,16,0.014740734361112118,9.75954532623291
ANNet,5.0,angle,rad,J1,17,0.01032316405326128,7.368175506591797
ANNet,5.0,angle,rad,J1,18,0.004561584442853928,5.173842430114746
ANNet,5.0,angle,rad,J1,19,0.00711009232327342,8.439424514770508
ANNet,5.0,angle,rad,J1,20,0.009293214417994022,6.122062683105469
ANNet,5.0,angle,rad,J1,21,0.0075558507815003395,4.145575523376465
ANNet,5.0,angle,rad,J1,22,0.008289843797683716,10.7615327835083
ANNet,5.0,angle,rad,J1,23,0.009414414875209332,8.723807334899902
ANNet,5.0,angle,rad,J1,24,0.007683918345719576,6.306033611297607
ANNet,5.0,angle,rad,J1,25,0.004681852180510759,9.392006874084473
ANNet,5.0,angle,rad,J1,26,0.009943979792296886,4.439943790435791
ANNet,5.0,angle,rad,J1,27,0.008842427283525467,3.2431774139404297
ANNet,5.0,angle,rad,J1,28,0.0046730912290513515,3.822664976119995
ANNet,5.0,angle,rad,J1,29,0.008660751394927502,7.956925392150879
ANNet,5.0,angle,rad,J1,30,0.007711214013397694,4.259909629821777
ANNet,5.0,angle,rad,J1,31,0.009902659803628922,5.0638813972473145
ANNet,5.0,angle,rad,J1,32,0.0066829524002969265,4.609987258911133
ANNet,5.0,angle,rad,J1,33,0.007931442931294441,10.665092468261719
ANNet,5.0,angle,rad,J1,34,0.013103602454066277,8.476156234741211
ANNet,5.0,angle,rad,J1,35,0.006287439726293087,8.325357437133789
ANNet,5.0,angle,rad,J1,36,0.00913729052990675,6.5985236167907715
ANNet,5.0,angle,rad,J1,37,0.011584154330193996,11.121357917785645
ANNet,5.0,angle,rad,J1,38,0.009234891273081303,4.328121185302734
ANNet,5.0,angle,rad,J1,39,0.011432439088821411,9.036704063415527
ANNet,5.0,angle,rad,J1,40,0.0038823611102998257,4.419891357421875
ANNet,5.0,angle,rad,J1,41,0.014577863737940788,10.292908668518066
ANNet,5.0,angle,rad,J1,42,0.01071267668157816,5.750857353210449
ANNet,5.0,angle,rad,J1,43,0.012972114607691765,10.41882038116455
ANNet,5.0,angle,rad,J1,44,0.009297623299062252,8.510483741760254
ANNet,5.0,angle,rad,J1,45,0.004731023218482733,4.785436153411865
ANNet,5.0,angle,rad,J1,46,0.023726029321551323,9.938586235046387
ANNet,5.0,angle,rad,J1,47,0.0074335434474051,4.461535453796387
ANNet,5.0,angle,rad,J1,48,0.01679944060742855,5.818512439727783
ANNet,5.0,angle,rad,J1,49,0.0059417313896119595,2.1629014015197754
ANNet,5.0,angle,rad,J2,0,0.01926923170685768,1.413741111755371
ANNet,5.0,angle,rad,J2,1,0.03299618512392044,4.690762042999268
ANNet,5.0,angle,rad,J2,2,0.009684799239039421,1.7044990062713623
ANNet,5.0,angle,rad,J2,3,0.023128187283873558,3.0707907676696777
ANNet,5.0,angle,rad,J2,4,0.016621926799416542,2.3404669761657715
ANNet,5.0,angle,rad,J2,5,0.009931536391377449,1.9093598127365112
ANNet,5.0,angle,rad,J2,6,0.013868636451661587,2.5189692974090576
ANNet,5.0,angle,rad,J2,7,0.01989111676812172,3.088096857070923
ANNet,5.0,angle,rad,J2,8,0.018423715606331825,3.9286422729492188
ANNet,5.0,angle,rad,J2,9,0.008762198500335217,2.584221124649048
ANNet,5.0,angle,rad,J2,10,0.010200663469731808,3.800121545791626
ANNet,5.0,angle,rad,J2,11,0.013397159986197948,1.014434814453125
ANNet,5.0,angle,rad,J2,12,0.011951178312301636,2.3386049270629883
ANNet,5.0,angle,rad,J2,13,0.026546252891421318,2.786602735519409
ANNet,5.0,angle,rad,J2,14,0.011857140809297562,2.506361246109009
ANNet,5.0,angle,rad,J2,15,0.007799528073519468,1.0634570121765137
ANNet,5.0,angle,rad,J2,16,0.0343284048140049,4.117349624633789
ANNet,5.0,angle,rad,J2,17,0.024175647646188736,3.2141549587249756
ANNet,5.0,angle,rad,J2,18,0.011120622977614403,2.1435399055480957
ANNet,5.0,angle,rad,J2,19,0.013876868411898613,3.5590639114379883
ANNet,5.0,angle,rad,J2,20,0.021528100594878197,2.572244644165039
ANNet,5.0,angle,rad,J2,21,0.01707436330616474,2.250054359436035
ANNet,5.0,angle,rad,J2,22,0.019779585301876068,4.408280372619629
ANNet,5.0,angle,rad,J2,23,0.02244468592107296,3.6467063426971436
ANNet,5.0,angle,rad,J2,24,0.01717071793973446,2.6020615100860596
ANNet,5.0,angle,rad,J2,25,0.011091843247413635,3.9285728931427
ANNet,5.0,angle,rad,J2,26,0.02320007048547268,2.5256359577178955
ANNet,5.0,angle,rad,J2,27,0.01992047391831875,1.398797631263733
ANNet,5.0,angle,rad,J2,28,0.011493592523038387,1.9577580690383911
ANNet,5.0,angle,rad,J2,29,0.020451778545975685,3.4379725456237793
ANNet,5.0,angle,rad,J2,30,0.017539415508508682,1.9045969247817993
ANNet,5.0,angle,rad,J2,31,0.023365691304206848,2.694136142730713
ANNet,5.0,angle,rad,J2,32,0.01592605747282505,2.358555316925049
ANNet,5.0,angle,rad,J2,33,0.017974277958273888,4.415419578552246
ANNet,5.0,angle,rad,J2,34,0.030866388231515884,3.4969635009765625
ANNet,5.0,angle,rad,J2,35,0.013802698813378811,3.4882330894470215
ANNet,5.0,angle,rad,J2,36,0.019613170996308327,2.7219862937927246
ANNet,5.0,angle,rad,J2,37,0.026686958968639374,4.603871822357178
ANNet,5.0,angle,rad,J2,38,0.020711759105324745,2.2997138500213623
ANNet,5.0,angle,rad,J2,39,0.027490785345435143,3.873183488845825
ANNet,5.0,angle,rad,J2,40,0.00859230849891901,1.8888092041015625
ANNet,5.0,angle,rad,J2,41,0.035082168877124786,4.292708396911621
ANNet,5.0,angle,rad,J2,42,0.025282833725214005,2.854922294616699
ANNet,5.0,angle,rad,J2,43,0.032142847776412964,4.2991228103637695
ANNet,5.0,angle,rad,J2,44,0.021213959902524948,3.4744625091552734
ANNet,5.0,angle,rad,J2,45,0.009887688793241978,1.9825986623764038
ANNet,5.0,angle,rad,J2,46,0.05732908472418785,4.269870281219482
ANNet,5.0,angle,rad,J2,47,0.01813933067023754,1.886354684829712
ANNet,5.0,angle,rad,J2,48,0.03983699530363083,3.1001551151275635
ANNet,5.0,angle,rad,J2,49,0.014299938455224037,1.3040658235549927
ANNet,5.0,velocity,rad/s,J1,0,0.04566367343068123,3.121772527694702
ANNet,5.0,velocity,rad/s,J1,1,0.07442490011453629,11.241995811462402
ANNet,5.0,velocity,rad/s,J1,2,0.021967049688100815,3.2813501358032227
ANNet,5.0,velocity,rad/s,J1,3,0.056658193469047546,6.275132179260254
ANNet,5.0,velocity,rad/s,J1,4,0.04124574735760689,5.518004894256592
ANNet,5.0,velocity,rad/s,J1,5,0.019413752481341362,2.62711238861084
ANNet,5.0,velocity,rad/s,J1,6,0.031205400824546814,5.942473411560059
ANNet,5.0,velocity,rad/s,J1,7,0.04631008580327034,7.346948623657227
ANNet,5.0,velocity,rad/s,J1,8,0.04479280859231949,9.26115608215332
ANNet,5.0,velocity,rad/s,J1,9,0.016254259273409843,6.249454498291016
ANNet,5.0,velocity,rad/s,J1,10,0.028620047494769096,9.086359977722168
ANNet,5.0,velocity,rad/s,J1,11,0.032378897070884705,1.87992525100708
ANNet,5.0,velocity,rad/s,J1,12,0.02567153237760067,5.061312198638916
ANNet,5.0,velocity,rad/s,J1,13,0.0659303292632103,6.084648132324219
ANNet,5.0,velocity,rad/s,J1,14,0.026062725111842155,5.4545464515686035
ANNet,5.0,velocity,rad/s,J1,15,0.014074328355491161,2.6069846153259277
ANNet,5.0,velocity,rad/s,J1,16,0.08960442245006561,9.75954532623291
ANNet,5.0,velocity,rad/s,J1,17,0.05810175836086273,7.368175506591797
ANNet,5.0,velocity,rad/s,J1,18,0.022679325193166733,5.173842430114746
ANNet,5.0,velocity,rad/s,J1,19,0.03645653277635574,8.439424514770508
ANNet,5.0,velocity,rad/s,J1,20,0.05027744546532631,6.122062683105469
ANNet,5.0,velocity,rad/s,J1,21,0.03971200808882713,4.145575523376465
ANNet,5.0,velocity,rad/s,J1,22,0.04589617997407913,10.7615327835083
ANNet,5.0,velocity,rad/s,J1,23,0.056524258106946945,8.723807334899902
ANNet,5.0,velocity,rad/s,J1,24,0.04242329299449921,6.306033611297607
ANNet,5.0,velocity,rad/s,J1,25,0.02725362218916416,9.392006874084473
ANNet,5.0,velocity,rad/s,J1,26,0.05591494217514992,4.439943790435791
ANNet,5.0,velocity,rad/s,J1,27,0.048244621604681015,3.2431774139404297
ANNet,5.0,velocity,rad/s,J1,28,0.02776404283940792,3.822664976119995
ANNet,5.0,velocity,rad/s,J1,29,0.04623112455010414,7.956925392150879
ANNet,5.0,velocity,rad/s,J1,30,0.04414861649274826,4.259909629821777
ANNet,5.0,velocity,rad/s,J1,31,0.05319368466734886,5.0638813972473145
ANNet,5.0,velocity,rad/s,J1,32,0.03867087885737419,4.609987258911133
ANNet,5.0,velocity,rad/s,J1,33,0.0450461283326149,10.665092468261719
ANNet,5.0,velocity,rad/s,J1,34,0.07268890738487244,8.476156234741211
ANNet,5.0,velocity,rad/s,J1,35,0.03390289470553398,8.325357437133789
ANNet,5.0,velocity,rad/s,J1,36,0.04932564124464989,6.5985236167907715
ANNet,5.0,velocity,rad/s,J1,37,0.06128868833184242,11.121357917785645
ANNet,5.0,velocity,rad/s,J1,38,0.04775729775428772,4.328121185302734
ANNet,5.0,velocity,rad/s,J1,39,0.06275729835033417,9.036704063415527
ANNet,5.0,velocity,rad/s,J1,40,0.018462687730789185,4.419891357421875
ANNet,5.0,velocity,rad/s,J1,41,0.08599871397018433,10.292908668518066
ANNet,5.0,velocity,rad/s,J1,42,0.05891576036810875,5.750857353210449
ANNet,5.0,velocity,rad/s,J1,43,0.07391610741615295,10.41882038116455
ANNet,5.0,velocity,rad/s,J1,44,0.049280717968940735,8.510483741760254
ANNet,5.0,velocity,rad/s,J1,45,0.02282131463289261,4.785436153411865
ANNet,5.0,velocity,rad/s,J1,46,0.1455402970314026,9.938586235046387
ANNet,5.0,velocity,rad/s,J1,47,0.04281096160411835,4.461535453796387
ANNet,5.0,velocity,rad/s,J1,48,0.08698582649230957,5.818512439727783
ANNet,5.0,velocity,rad/s,J1,49,0.0347629152238369,2.1629014015197754
ANNet,5.0,velocity,rad/s,J2,0,0.11096621304750443,1.413741111755371
ANNet,5.0,velocity,rad/s,J2,1,0.17574292421340942,4.690762042999268
ANNet,5.0,velocity,rad/s,J2,2,0.05298452824354172,1.7044990062713623
ANNet,5.0,velocity,rad/s,J2,3,0.13353070616722107,3.0707907676696777
ANNet,5.0,velocity,rad/s,J2,4,0.09467031806707382,2.3404669761657715
ANNet,5.0,velocity,rad/s,J2,5,0.045669183135032654,1.9093598127365112
ANNet,5.0,velocity,rad/s,J2,6,0.07577931135892868,2.5189692974090576
ANNet,5.0,velocity,rad/s,J2,7,0.11346897482872009,3.088096857070923
ANNet,5.0,velocity,rad/s,J2,8,0.1071912869811058,3.9286422729492188
ANNet,5.0,velocity,rad/s,J2,9,0.03801615908741951,2.584221124649048
ANNet,5.0,velocity,rad/s,J2,10,0.06455526500940323,3.800121545791626
ANNet,5.0,velocity,rad/s,J2,11,0.077426977455616,1.014434814453125
ANNet,5.0,velocity,rad/s,J2,12,0.062251996248960495,2.3386049270629883
ANNet,5.0,velocity,rad/s,J2,13,0.15715262293815613,2.786602735519409
ANNet,5.0,velocity,rad/s,J2,14,0.06140146031975746,2.506361246109009
ANNet,5.0,velocity,rad/s,J2,15,0.03460495546460152,1.0634570121765137
ANNet,5.0,velocity,rad/s,J2,16,0.20846456289291382,4.117349624633789
ANNet,5.0,velocity,rad/s,J2,17,0.13817459344863892,3.2141549587249756
ANNet,5.0,velocity,rad/s,J2,18,0.05608970299363136,2.1435399055480957
ANNet,5.0,velocity,rad/s,J2,19,0.08569677919149399,3.5590639114379883
ANNet,5.0,velocity,rad/s,J2,20,0.11822843551635742,2.572244644165039
ANNet,5.0,velocity,rad/s,J2,21,0.09346769005060196,2.250054359436035
ANNet,5.0,velocity,rad/s,J2,22,0.11094362288713455,4.408280372619629
ANNet,5.0,velocity,rad/s,J2,23,0.13463039696216583,3.6467063426971436
ANNet,5.0,velocity,rad/s,J2,24,0.09859801083803177,2.6020615100860596
ANNet,5.0,velocity,rad/s,J2,25,0.06562270224094391,3.9285728931427
ANNet,5.0,velocity,rad/s,J2,26,0.13232053816318512,2.5256359577178955
ANNet,5.0,velocity,rad/s,J2,27,0.11488219350576401,1.398797631263733
ANNet,5.0,velocity,rad/s,J2,28,0.06756453961133957,1.9577580690383911
ANNet,5.0,velocity,rad/s,J2,29,0.10832048207521439,3.4379725456237793
ANNet,5.0,velocity,rad/s,J2,30,0.10480057448148727,1.9045969247817993
ANNet,5.0,velocity,rad/s,J2,31,0.12554487586021423,2.694136142730713
ANNet,5.0,velocity,rad/s,J2,32,0.09162107110023499,2.358555316925049
ANNet,5.0,velocity,rad/s,J2,33,0.1065889224410057,4.415419578552246
ANNet,5.0,velocity,rad/s,J2,34,0.17347148060798645,3.4969635009765625
ANNet,5.0,velocity,rad/s,J2,35,0.07866503298282623,3.4882330894470215
ANNet,5.0,velocity,rad/s,J2,36,0.11614421755075455,2.7219862937927246
ANNet,5.0,velocity,rad/s,J2,37,0.14151321351528168,4.603871822357178
ANNet,5.0,velocity,rad/s,J2,38,0.1134723648428917,2.2997138500213623
ANNet,5.0,velocity,rad/s,J2,39,0.1532352864742279,3.873183488845825
ANNet,5.0,velocity,rad/s,J2,40,0.046460796147584915,1.8888092041015625
ANNet,5.0,velocity,rad/s,J2,41,0.20663391053676605,4.292708396911621
ANNet,5.0,velocity,rad/s,J2,42,0.14015938341617584,2.854922294616699
ANNet,5.0,velocity,rad/s,J2,43,0.17890840768814087,4.2991228103637695
ANNet,5.0,velocity,rad/s,J2,44,0.11474648118019104,3.4744625091552734
ANNet,5.0,velocity,rad/s,J2,45,0.05436786264181137,1.9825986623764038
ANNet,5.0,velocity,rad/s,J2,46,0.3467878997325897,4.269870281219482
ANNet,5.0,velocity,rad/s,J2,47,0.10395066440105438,1.886354684829712
ANNet,5.0,velocity,rad/s,J2,48,0.20640014111995697,3.1001551151275635
ANNet,5.0,velocity,rad/s,J2,49,0.08324746787548065,1.3040658235549927
ANNet,5.0,acceleration,rad/s^2,J1,0,0.28588587045669556,3.121772527694702
ANNet,5.0,acceleration,rad/s^2,J1,1,0.5684838891029358,11.241995811462402
ANNet,5.0,acceleration,rad/s^2,J1,2,0.19252188503742218,3.2813501358032227
ANNet,5.0,acceleration,rad/s^2,J1,3,0.4013640284538269,6.275132179260254
ANNet,5.0,acceleration,rad/s^2,J1,4,0.32060882449150085,5.518004894256592
ANNet,5.0,acceleration,rad/s^2,J1,5,0.18257175385951996,2.62711238861084
ANNet,5.0,acceleration,rad/s^2,J1,6,0.28376394510269165,5.942473411560059
ANNet,5.0,acceleration,rad/s^2,J1,7,0.3703926205635071,7.346948623657227
ANNet,5.0,acceleration,rad/s^2,J1,8,0.4065777361392975,9.26115608215332
ANNet,5.0,acceleration,rad/s^2,J1,9,0.2532987892627716,6.249454498291016
ANNet,5.0,acceleration,rad/s^2,J1,10,0.3481425940990448,9.086359977722168
ANNet,5.0,acceleration,rad/s^2,J1,11,0.19740930199623108,1.87992525100708
ANNet,5.0,acceleration,rad/s^2,J1,12,0.2529342472553253,5.061312198638916
ANNet,5.0,acceleration,rad/s^2,J1,13,0.4301270842552185,6.084648132324219
ANNet,5.0,acceleration,rad/s^2,J1,14,0.2606678307056427,5.4545464515686035
ANNet,5.0,acceleration,rad/s^2,J1,15,0.13989540934562683,2.6069846153259277
ANNet,5.0,acceleration,rad/s^2,J1,16,0.5997327566146851,9.75954532623291
ANNet,5.0,acceleration,rad/s^2,J1,17,0.4281865358352661,7.368175506591797
ANNet,5.0,acceleration,rad/s^2,J1,18,0.24719053506851196,5.173842430114746
ANNet,5.0,acceleration,rad/s^2,J1,19,0.3619990646839142,8.439424514770508
ANNet,5.0,acceleration,rad/s^2,J1,20,0.36920273303985596,6.122062683105469
ANNet,5.0,acceleration,rad/s^2,J1,21,0.27955925464630127,4.145575523376465
ANNet,5.0,acceleration,rad/s^2,J1,22,0.4616168737411499,10.7615327835083
ANNet,5.0,acceleration,rad/s^2,J1,23,0.44719088077545166,8.723807334899902
ANNet,5.0,acceleration,rad/s^2,J1,24,0.32848161458969116,6.306033611297607
ANNet,5.0,acceleration,rad/s^2,J1,25,0.35975950956344604,9.392006874084473
ANNet,5.0,acceleration,rad/s^2,J1,26,0.3619576394557953,4.439943790435791
ANNet,5.0,acceleration,rad/s^2,J1,27,0.3109240233898163,3.2431774139404297
ANNet,5.0,acceleration,rad/s^2,J1,28,0.2272430956363678,3.822664976119995
ANNet,5.0,acceleration,rad/s^2,J1,29,0.386708527803421,7.956925392150879
ANNet,5.0,acceleration,rad/s^2,J1,30,0.29381248354911804,4.259909629821777
ANNet,5.0,acceleration,rad/s^2,J1,31,0.36491474509239197,5.0638813972473145
ANNet,5.0,acceleration,rad/s^2,J1,32,0.2841876447200775,4.609987258911133
ANNet,5.0,acceleration,rad/s^2,J1,33,0.428571492433548,10.665092468261719
ANNet,5.0,acceleration,rad/s^2,J1,34,0.5212917327880859,8.476156234741211
ANNet,5.0,acceleration,rad/s^2,J1,35,0.3450704514980316,8.325357437133789
ANNet,5.0,acceleration,rad/s^2,J1,36,0.3649522066116333,6.5985236167907715
ANNet,5.0,acceleration,rad/s^2,J1,37,0.5191822648048401,11.121357917785645
ANNet,5.0,acceleration,rad/s^2,J1,38,0.3225412666797638,4.328121185302734
ANNet,5.0,acceleration,rad/s^2,J1,39,0.4875360429286957,9.036704063415527
ANNet,5.0,acceleration,rad/s^2,J1,40,0.20898409187793732,4.419891357421875
ANNet,5.0,acceleration,rad/s^2,J1,41,0.5951971411705017,10.292908668518066
ANNet,5.0,acceleration,rad/s^2,J1,42,0.39606377482414246,5.750857353210449
ANNet,5.0,acceleration,rad/s^2,J1,43,0.5754829049110413,10.41882038116455
ANNet,5.0,acceleration,rad/s^2,J1,44,0.4157177805900574,8.510483741760254
ANNet,5.0,acceleration,rad/s^2,J1,45,0.22819238901138306,4.785436153411865
ANNet,5.0,acceleration,rad/s^2,J1,46,0.8648121356964111,9.938586235046387
ANNet,5.0,acceleration,rad/s^2,J1,47,0.2998131513595581,4.461535453796387
ANNet,5.0,acceleration,rad/s^2,J1,48,0.5747105479240417,5.818512439727783
ANNet,5.0,acceleration,rad/s^2,J1,49,0.21091388165950775,2.1629014015197754
ANNet,5.0,acceleration,rad/s^2,J2,0,0.675133466720581,1.413741111755371
ANNet,5.0,acceleration,rad/s^2,J2,1,1.2879618406295776,4.690762042999268
ANNet,5.0,acceleration,rad/s^2,J2,2,0.438287615776062,1.7044990062713623
ANNet,5.0,acceleration,rad/s^2,J2,3,0.9189227819442749,3.0707907676696777
ANNet,5.0,acceleration,rad/s^2,J2,4,0.7273432612419128,2.3404669761657715
ANNet,5.0,acceleration,rad/s^2,J2,5,0.42464715242385864,1.9093598127365112
ANNet,5.0,acceleration,rad/s^2,J2,6,0.6379626989364624,2.5189692974090576
ANNet,5.0,acceleration,rad/s^2,J2,7,0.8509189486503601,3.088096857070923
ANNet,5.0,acceleration,rad/s^2,J2,8,0.9170302748680115,3.9286422729492188
ANNet,5.0,acceleration,rad/s^2,J2,9,0.5514295101165771,2.584221124649048
ANNet,5.0,acceleration,rad/s^2,J2,10,0.7668095827102661,3.800121545791626
ANNet,5.0,acceleration,rad/s^2,J2,11,0.4673427641391754,1.014434814453125
ANNet,5.0,acceleration,rad/s^2,J2,12,0.5641079545021057,2.3386049270629883
ANNet,5.0,acceleration,rad/s^2,J2,13,0.9927152395248413,2.786602735519409
ANNet,5.0,acceleration,rad/s^2,J2,14,0.5796558856964111,2.506361246109009
ANNet,5.0,acceleration,rad/s^2,J2,15,0.30979427695274353,1.0634570121765137
ANNet,5.0,acceleration,rad/s^2,J2,16,1.385084629058838,4.117349624633789
ANNet,5.0,acceleration,rad/s^2,J2,17,0.9814876317977905,3.2141549587249756
ANNet,5.0,acceleration,rad/s^2,J2,18,0.555098831653595,2.1435399055480957
ANNet,5.0,acceleration,rad/s^2,J2,19,0.8019741177558899,3.5590639114379883
ANNet,5.0,acceleration,rad/s^2,J2,20,0.844054102897644,2.572244644165039
ANNet,5.0,acceleration,rad/s^2,J2,21,0.6438041925430298,2.250054359436035
ANNet,5.0,acceleration,rad/s^2,J2,22,1.033275842666626,4.408280372619629
ANNet,5.0,acceleration,rad/s^2,J2,23,1.02277672290802,3.6467063426971436
ANNet,5.0,acceleration,rad/s^2,J2,24,0.7356452345848083,2.6020615100860596
ANNet,5.0,acceleration,rad/s^2,J2,25,0.7877393364906311,3.9285728931427
ANNet,5.0,acceleration,rad/s^2,J2,26,0.8460750579833984,2.5256359577178955
ANNet,5.0,acceleration,rad/s^2,J2,27,0.7261784076690674,1.398797631263733
ANNet,5.0,acceleration,rad/s^2,J2,28,0.5225719809532166,1.9577580690383911
ANNet,5.0,acceleration,rad/s^2,J2,29,0.871900200843811,3.4379725456237793
ANNet,5.0,acceleration,rad/s^2,J2,30,0.6768032312393188,1.9045969247817993
ANNet,5.0,acceleration,rad/s^2,J2,31,0.8401364684104919,2.694136142730713
ANNet,5.0,acceleration,rad/s^2,J2,32,0.650037407875061,2.358555316925049
ANNet,5.0,acceleration,rad/s^2,J2,33,0.961198091506958,4.415419578552246
ANNet,5.0,acceleration,rad/s^2,J2,34,1.2031667232513428,3.4969635009765625
ANNet,5.0,acceleration,rad/s^2,J2,35,0.7650989890098572,3.4882330894470215
ANNet,5.0,acceleration,rad/s^2,J2,36,0.8299005031585693,2.7219862937927246
ANNet,5.0,acceleration,rad/s^2,J2,37,1.1672371625900269,4.603871822357178
ANNet,5.0,acceleration,rad/s^2,J2,38,0.7518282532691956,2.2997138500213623
ANNet,5.0,acceleration,rad/s^2,J2,39,1.1134589910507202,3.873183488845825
ANNet,5.0,acceleration,rad/s^2,J2,40,0.4653072655200958,1.8888092041015625
ANNet,5.0,acceleration,rad/s^2,J2,41,1.3806813955307007,4.292708396911621
ANNet,5.0,acceleration,rad/s^2,J2,42,0.9122031927108765,2.854922294616699
ANNet,5.0,acceleration,rad/s^2,J2,43,1.3234508037567139,4.2991228103637695
ANNet,5.0,acceleration,rad/s^2,J2,44,0.936506450176239,3.4744625091552734
ANNet,5.0,acceleration,rad/s^2,J2,45,0.5043174624443054,1.9825986623764038
ANNet,5.0,acceleration,rad/s^2,J2,46,2.036994218826294,4.269870281219482
ANNet,5.0,acceleration,rad/s^2,J2,47,0.6977982521057129,1.886354684829712
ANNet,5.0,acceleration,rad/s^2,J2,48,1.3510515689849854,3.1001551151275635
ANNet,5.0,acceleration,rad/s^2,J2,49,0.49804389476776123,1.3040658235549927
ANNet,10.0,angle,rad,J1,0,0.010044584050774574,3.121772527694702
ANNet,10.0,angle,rad,J1,1,0.02957933396100998,11.241995811462402
ANNet,10.0,angle,rad,J1,2,0.008192641660571098,3.2813501358032227
ANNet,10.0,angle,rad,J1,3,0.023751210421323776,6.275132179260254
ANNet,10.0,angle,rad,J1,4,0.01528299879282713,5.518004894256592
ANNet,10.0,angle,rad,J1,5,0.0072413054294884205,2.62711238861084
ANNet,10.0,angle,rad,J1,6,0.010216313414275646,5.942473411560059
ANNet,10.0,angle,rad,J1,7,0.01705438829958439,7.346948623657227
ANNet,10.0,angle,rad,J1,8,0.020386766642332077,9.26115608215332
ANNet,10.0,angle,rad,J1,9,0.00443274574354291,6.249454498291016
ANNet,10.0,angle,rad,J1,10,0.01008911244571209,9.086359977722168
ANNet,10.0,angle,rad,J1,11,0.00574234826490283,1.87992525100708
ANNet,10.0,angle,rad,J1,12,0.010000832378864288,5.061312198638916
ANNet,10.0,angle,rad,J1,13,0.021168755367398262,6.084648132324219
ANNet,10.0,angle,rad,J1,14,0.008568630553781986,5.4545464515686035
ANNet,10.0,angle,rad,J1,15,0.0029726349748671055,2.6069846153259277
ANNet,10.0,angle,rad,J1,16,0.034877531230449677,9.75954532623291
ANNet,10.0,angle,rad,J1,17,0.024084528908133507,7.368175506591797
ANNet,10.0,angle,rad,J1,18,0.006523174699395895,5.173842430114746
ANNet,10.0,angle,rad,J1,19,0.014250164851546288,8.439424514770508
ANNet,10.0,angle,rad,J1,20,0.018674328923225403,6.122062683105469
ANNet,10.0,angle,rad,J1,21,0.016818705946207047,4.145575523376465
ANNet,10.0,angle,rad,J1,22,0.021074794232845306,10.7615327835083
ANNet,10.0,angle,rad,J1,23,0.020247645676136017,8.723807334899902
ANNet,10.0,angle,rad,J1,24,0.014510046690702438,6.306033611297607
ANNet,10.0,angle,rad,J1,25,0.01116812601685524,9.392006874084473
ANNet,10.0,angle,rad,J1,26,0.022251663729548454,4.439943790435791
ANNet,10.0,angle,rad,J1,27,0.01182464323937893,3.2431774139404297
ANNet,10.0,angle,rad,J1,28,0.009284320287406445,3.822664976119995
ANNet,10.0,angle,rad,J1,29,0.014331835322082043,7.956925392150879
ANNet,10.0,angle,rad,J1,30,0.01300111599266529,4.259909629821777
ANNet,10.0,angle,rad,J1,31,0.02274072729051113,5.0638813972473145
ANNet,10.0,angle,rad,J1,32,0.013664575293660164,4.609987258911133
ANNet,10.0,angle,rad,J1,33,0.01900884322822094,10.665092468261719
ANNet,10.0,angle,rad,J1,34,0.02584892138838768,8.476156234741211
ANNet,10.0,angle,rad,J1,35,0.012528939172625542,8.325357437133789
ANNet,10.0,angle,rad,J1,36,0.01787826418876648,6.5985236167907715
ANNet,10.0,angle,rad,J1,37,0.016632836312055588,11.121357917785645
ANNet,10.0,angle,rad,J1,38,0.022700786590576172,4.328121185302734
ANNet,10.0,angle,rad,J1,39,0.028406107798218727,9.036704063415527
ANNet,10.0,angle,rad,J1,40,0.0032828578259795904,4.419891357421875
ANNet,10.0,angle,rad,J1,41,0.035898394882678986,10.292908668518066
ANNet,10.0,angle,rad,J1,42,0.02465563267469406,5.750857353210449
ANNet,10.0,angle,rad,J1,43,0.02526610903441906,10.41882038116455
ANNet,10.0,angle,rad,J1,44,0.01570526324212551,8.510483741760254
ANNet,10.0,angle,rad,J1,45,0.005116759799420834,4.785436153411865
ANNet,10.0,angle,rad,J1,46,0.042986176908016205,9.938586235046387
ANNet,10.0,angle,rad,J1,47,0.01075451634824276,4.461535453796387
ANNet,10.0,angle,rad,J1,48,0.05071790888905525,5.818512439727783
ANNet,10.0,angle,rad,J1,49,0.00760670006275177,2.1629014015197754
ANNet,10.0,angle,rad,J2,0,0.02445530705153942,1.413741111755371
ANNet,10.0,angle,rad,J2,1,0.0713624581694603,4.690762042999268
ANNet,10.0,angle,rad,J2,2,0.0193694606423378,1.7044990062713623
ANNet,10.0,angle,rad,J2,3,0.054713040590286255,3.0707907676696777
ANNet,10.0,angle,rad,J2,4,0.03380688279867172,2.3404669761657715
ANNet,10.0,angle,rad,J2,5,0.017142247408628464,1.9093598127365112
ANNet,10.0,angle,rad,J2,6,0.02473357878625393,2.5189692974090576
ANNet,10.0,angle,rad,J2,7,0.041273534297943115,3.088096857070923
ANNet,10.0,angle,rad,J2,8,0.04964284971356392,3.9286422729492188
ANNet,10.0,angle,rad,J2,9,0.011950293555855751,2.584221124649048
ANNet,10.0,angle,rad,J2,10,0.02205226756632328,3.800121545791626
ANNet,10.0,angle,rad,J2,11,0.013615652918815613,1.014434814453125
ANNet,10.0,angle,rad,J2,12,0.024338597431778908,2.3386049270629883
ANNet,10.0,angle,rad,J2,13,0.049670230597257614,2.786602735519409
ANNet,10.0,angle,rad,J2,14,0.02067745104432106,2.506361246109009
ANNet,10.0,angle,rad,J2,15,0.007384913042187691,1.0634570121765137
ANNet,10.0,angle,rad,J2,16,0.08389617502689362,4.117349624633789
ANNet,10.0,angle,rad,J2,17,0.05741409957408905,3.2141549587249756
ANNet,10.0,angle,rad,J2,18,0.01620749942958355,2.1435399055480957
ANNet,10.0,angle,rad,J2,19,0.03273727744817734,3.5590639114379883
ANNet,10.0,angle,rad,J2,20,0.043125562369823456,2.572244644165039
ANNet,10.0,angle,rad,J2,21,0.03912787511944771,2.250054359436035
ANNet,10.0,angle,rad,J2,22,0.04999106377363205,4.408280372619629
ANNet,10.0,angle,rad,J2,23,0.049052104353904724,3.6467063426971436
ANNet,10.0,angle,rad,J2,24,0.03238198533654213,2.6020615100860596
ANNet,10.0,angle,rad,J2,25,0.025384606793522835,3.9285728931427
ANNet,10.0,angle,rad,J2,26,0.05358587205410004,2.5256359577178955
ANNet,10.0,angle,rad,J2,27,0.026268690824508667,1.398797631263733
ANNet,10.0,angle,rad,J2,28,0.02255147695541382,1.9577580690383911
ANNet,10.0,angle,rad,J2,29,0.03196719288825989,3.4379725456237793
ANNet,10.0,angle,rad,J2,30,0.030081700533628464,1.9045969247817993
ANNet,10.0,angle,rad,J2,31,0.0534239336848259,2.694136142730713
ANNet,10.0,angle,rad,J2,32,0.03286411985754967,2.358555316925049
ANNet,10.0,angle,rad,J2,33,0.04556348919868469,4.415419578552246
ANNet,10.0,angle,rad,J2,34,0.06015142798423767,3.4969635009765625
ANNet,10.0,angle,rad,J2,35,0.028427179902791977,3.4882330894470215
ANNet,10.0,angle,rad,J2,36,0.03879287466406822,2.7219862937927246
ANNet,10.0,angle,rad,J2,37,0.03885930776596069,4.603871822357178
ANNet,10.0,angle,rad,J2,38,0.05301138758659363,2.2997138500213623
ANNet,10.0,angle,rad,J2,39,0.06867697089910507,3.873183488845825
ANNet,10.0,angle,rad,J2,40,0.006433587986975908,1.8888092041015625
ANNet,10.0,angle,rad,J2,41,0.08626112341880798,4.292708396911621
ANNet,10.0,angle,rad,J2,42,0.05817002058029175,2.854922294616699
ANNet,10.0,angle,rad,J2,43,0.060640957206487656,4.2991228103637695
ANNet,10.0,angle,rad,J2,44,0.03736361488699913,3.4744625091552734
ANNet,10.0,angle,rad,J2,45,0.008734493516385555,1.9825986623764038
ANNet,10.0,angle,rad,J2,46,0.10513386875391006,4.269870281219482
ANNet,10.0,angle,rad,J2,47,0.026743240654468536,1.886354684829712
ANNet,10.0,angle,rad,J2,48,0.12192594259977341,3.1001551151275635
ANNet,10.0,angle,rad,J2,49,0.017969071865081787,1.3040658235549927
ANNet,10.0,velocity,rad/s,J1,0,0.0593053363263607,3.121772527694702
ANNet,10.0,velocity,rad/s,J1,1,0.1610856056213379,11.241995811462402
ANNet,10.0,velocity,rad/s,J1,2,0.046116214245557785,3.2813501358032227
ANNet,10.0,velocity,rad/s,J1,3,0.12879879772663116,6.275132179260254
ANNet,10.0,velocity,rad/s,J1,4,0.08316021412611008,5.518004894256592
ANNet,10.0,velocity,rad/s,J1,5,0.04000326246023178,2.62711238861084
ANNet,10.0,velocity,rad/s,J1,6,0.0569164976477623,5.942473411560059
ANNet,10.0,velocity,rad/s,J1,7,0.09882539510726929,7.346948623657227
ANNet,10.0,velocity,rad/s,J1,8,0.12147871404886246,9.26115608215332
ANNet,10.0,velocity,rad/s,J1,9,0.022864416241645813,6.249454498291016
ANNet,10.0,velocity,rad/s,J1,10,0.05703834444284439,9.086359977722168
ANNet,10.0,velocity,rad/s,J1,11,0.032946616411209106,1.87992525100708
ANNet,10.0,velocity,rad/s,J1,12,0.0548415444791317,5.061312198638916
ANNet,10.0,velocity,rad/s,J1,13,0.12271001189947128,6.084648132324219
ANNet,10.0,velocity,rad/s,J1,14,0.047391682863235474,5.4545464515686035
ANNet,10.0,velocity,rad/s,J1,15,0.01342940703034401,2.6069846153259277
ANNet,10.0,velocity,rad/s,J1,16,0.21859954297542572,9.75954532623291
ANNet,10.0,velocity,rad/s,J1,17,0.13844186067581177,7.368175506591797
ANNet,10.0,velocity,rad/s,J1,18,0.03557359799742699,5.173842430114746
ANNet,10.0,velocity,rad/s,J1,19,0.08119914680719376,8.439424514770508
ANNet,10.0,velocity,rad/s,J1,20,0.09907016903162003,6.122062683105469
ANNet,10.0,velocity,rad/s,J1,21,0.09003244340419769,4.145575523376465
ANNet,10.0,velocity,rad/s,J1,22,0.11390966922044754,10.7615327835083
ANNet,10.0,velocity,rad/s,J1,23,0.12025043368339539,8.723807334899902
ANNet,10.0,velocity,rad/s,J1,24,0.08190353214740753,6.306033611297607
ANNet,10.0,velocity,rad/s,J1,25,0.07111453264951706,9.392006874084473
ANNet,10.0,velocity,rad/s,J1,26,0.12205148488283157,4.439943790435791
ANNet,10.0,velocity,rad/s,J1,27,0.06456644833087921,3.2431774139404297
ANNet,10.0,velocity,rad/s,J1,28,0.05456150323152542,3.822664976119995
ANNet,10.0,velocity,rad/s,J1,29,0.07181286811828613,7.956925392150879
ANNet,10.0,velocity,rad/s,J1,30,0.07547316700220108,4.259909629821777
ANNet,10.0,velocity,rad/s,J1,31,0.11654936522245407,5.0638813972473145
ANNet,10.0,velocity,rad/s,J1,32,0.0820821151137352,4.609987258911133
ANNet,10.0,velocity,rad/s,J1,33,0.10536126047372818,10.665092468261719
ANNet,10.0,velocity,rad/s,J1,34,0.1509953886270523,8.476156234741211
ANNet,10.0,velocity,rad/s,J1,35,0.0756731852889061,8.325357437133789
ANNet,10.0,velocity,rad/s,J1,36,0.09897762537002563,6.5985236167907715
ANNet,10.0,velocity,rad/s,J1,37,0.08874083310365677,11.121357917785645
ANNet,10.0,velocity,rad/s,J1,38,0.1187620759010315,4.328121185302734
ANNet,10.0,velocity,rad/s,J1,39,0.15825863182544708,9.036704063415527
ANNet,10.0,velocity,rad/s,J1,40,0.011309272609651089,4.419891357421875
ANNet,10.0,velocity,rad/s,J1,41,0.21114903688430786,10.292908668518066
ANNet,10.0,velocity,rad/s,J1,42,0.13870474696159363,5.750857353210449
ANNet,10.0,velocity,rad/s,J1,43,0.14224159717559814,10.41882038116455
ANNet,10.0,velocity,rad/s,J1,44,0.08545394241809845,8.510483741760254
ANNet,10.0,velocity,rad/s,J1,45,0.021573001518845558,4.785436153411865
ANNet,10.0,velocity,rad/s,J1,46,0.2635445296764374,9.938586235046387
ANNet,10.0,velocity,rad/s,J1,47,0.06415065377950668,4.461535453796387
ANNet,10.0,velocity,rad/s,J1,48,0.2706681489944458,5.818512439727783
ANNet,10.0,velocity,rad/s,J1,49,0.04331628233194351,2.1629014015197754
ANNet,10.0,velocity,rad/s,J2,0,0.14411814510822296,1.413741111755371
ANNet,10.0,velocity,rad/s,J2,1,0.3824392557144165,4.690762042999268
ANNet,10.0,velocity,rad/s,J2,2,0.11010980606079102,1.7044990062713623
ANNet,10.0,velocity,rad/s,J2,3,0.30533158779144287,3.0707907676696777
ANNet,10.0,velocity,rad/s,J2,4,0.19588051736354828,2.3404669761657715
ANNet,10.0,velocity,rad/s,J2,5,0.09557400643825531,1.9093598127365112
ANNet,10.0,velocity,rad/s,J2,6,0.13900716602802277,2.5189692974090576
ANNet,10.0,velocity,rad/s,J2,7,0.23865848779678345,3.088096857070923
ANNet,10.0,velocity,rad/s,J2,8,0.29447025060653687,3.9286422729492188
ANNet,10.0,velocity,rad/s,J2,9,0.053998369723558426,2.584221124649048
ANNet,10.0,velocity,rad/s,J2,10,0.13387730717658997,3.800121545791626
ANNet,10.0,velocity,rad/s,J2,11,0.07947183400392532,1.014434814453125
ANNet,10.0,velocity,rad/s,J2,12,0.13341189920902252,2.3386049270629883
ANNet,10.0,velocity,rad/s,J2,13,0.294720321893692,2.786602735519409
ANNet,10.0,velocity,rad/s,J2,14,0.11243043094873428,2.506361246109009
ANNet,10.0,velocity,rad/s,J2,15,0.03161894902586937,1.0634570121765137
ANNet,10.0,velocity,rad/s,J2,16,0.523088812828064,4.117349624633789
ANNet,10.0,velocity,rad/s,J2,17,0.3301861882209778,3.2141549587249756
ANNet,10.0,velocity,rad/s,J2,18,0.08762751519680023,2.1435399055480957
ANNet,10.0,velocity,rad/s,J2,19,0.1967412829399109,3.5590639114379883
ANNet,10.0,velocity,rad/s,J2,20,0.2346576452255249,2.572244644165039
ANNet,10.0,velocity,rad/s,J2,21,0.21550874412059784,2.250054359436035
ANNet,10.0,velocity,rad/s,J2,22,0.2735632359981537,4.408280372619629
ANNet,10.0,velocity,rad/s,J2,23,0.29029276967048645,3.6467063426971436
ANNet,10.0,velocity,rad/s,J2,24,0.19204916059970856,2.6020615100860596
ANNet,10.0,velocity,rad/s,J2,25,0.1685771644115448,3.9285728931427
ANNet,10.0,velocity,rad/s,J2,26,0.29171305894851685,2.5256359577178955
ANNet,10.0,velocity,rad/s,J2,27,0.153031125664711,1.398797631263733
ANNet,10.0,velocity,rad/s,J2,28,0.13356691598892212,1.9577580690383911
ANNet,10.0,velocity,rad/s,J2,29,0.1614227592945099,3.4379725456237793
ANNet,10.0,velocity,rad/s,J2,30,0.180115208029747,1.9045969247817993
ANNet,10.0,velocity,rad/s,J2,31,0.27536582946777344,2.694136142730713
ANNet,10.0,velocity,rad/s,J2,32,0.19776087999343872,2.358555316925049
ANNet,10.0,velocity,rad/s,J2,33,0.2563004493713379,4.415419578552246
ANNet,10.0,velocity,rad/s,J2,34,0.35969531536102295,3.4969635009765625
ANNet,10.0,velocity,rad/s,J2,35,0.17937631905078888,3.4882330894470215
ANNet,10.0,velocity,rad/s,J2,36,0.23365318775177002,2.7219862937927246
ANNet,10.0,velocity,rad/s,J2,37,0.20721647143363953,4.603871822357178
ANNet,10.0,velocity,rad/s,J2,38,0.2859458327293396,2.2997138500213623
ANNet,10.0,velocity,rad/s,J2,39,0.38362395763397217,3.873183488845825
ANNet,10.0,velocity,rad/s,J2,40,0.02742638811469078,1.8888092041015625
ANNet,10.0,velocity,rad/s,J2,41,0.5087069272994995,4.292708396911621
ANNet,10.0,velocity,rad/s,J2,42,0.33114030957221985,2.854922294616699
ANNet,10.0,velocity,rad/s,J2,43,0.3411314785480499,4.2991228103637695
ANNet,10.0,velocity,rad/s,J2,44,0.20470614731311798,3.4744625091552734
ANNet,10.0,velocity,rad/s,J2,45,0.05075678601861,1.9825986623764038
ANNet,10.0,velocity,rad/s,J2,46,0.6328625082969666,4.269870281219482
ANNet,10.0,velocity,rad/s,J2,47,0.15545883774757385,1.886354684829712
ANNet,10.0,velocity,rad/s,J2,48,0.6506919860839844,3.1001551151275635
ANNet,10.0,velocity,rad/s,J2,49,0.10200716555118561,1.3040658235549927
ANNet,10.0,acceleration,rad/s^2,J1,0,0.4040641784667969,3.121772527694702
ANNet,10.0,acceleration,rad/s^2,J1,1,1.1254103183746338,11.241995811462402
ANNet,10.0,acceleration,rad/s^2,J1,2,0.3660004138946533,3.2813501358032227
ANNet,10.0,acceleration,rad/s^2,J1,3,0.845949113368988,6.275132179260254
ANNet,10.0,acceleration,rad/s^2,J1,4,0.6062169075012207,5.518004894256592
ANNet,10.0,acceleration,rad/s^2,J1,5,0.3254535496234894,2.62711238861084
ANNet,10.0,acceleration,rad/s^2,J1,6,0.4943743646144867,5.942473411560059
ANNet,10.0,acceleration,rad/s^2,J1,7,0.7122923731803894,7.346948623657227
ANNet,10.0,acceleration,rad/s^2,J1,8,0.8496237993240356,9.26115608215332
ANNet,10.0,acceleration,rad/s^2,J1,9,0.42572954297065735,6.249454498291016
ANNet,10.0,acceleration,rad/s^2,J1,10,0.6207062602043152,9.086359977722168
ANNet,10.0,acceleration,rad/s^2,J1,11,0.2476426213979721,1.87992525100708
ANNet,10.0,acceleration,rad/s^2,J1,12,0.4597245752811432,5.061312198638916
ANNet,10.0,acceleration,rad/s^2,J1,13,0.7744948267936707,6.084648132324219
ANNet,10.0,acceleration,rad/s^2,J1,14,0.44377782940864563,5.4545464515686035
ANNet,10.0,acceleration,rad/s^2,J1,15,0.22017265856266022,2.6069846153259277
ANNet,10.0,acceleration,rad/s^2,J1,16,1.3267865180969238,9.75954532623291
ANNet,10.0,acceleration,rad/s^2,J1,17,0.8920943737030029,7.368175506591797
ANNet,10.0,acceleration,rad/s^2,J1,18,0.40679794549942017,5.173842430114746
ANNet,10.0,acceleration,rad/s^2,J1,19,0.687201738357544,8.439424514770508
ANNet,10.0,acceleration,rad/s^2,J1,20,0.692749559879303,6.122062683105469
ANNet,10.0,acceleration,rad/s^2,J1,21,0.5803766250610352,4.145575523376465
ANNet,10.0,acceleration,rad/s^2,J1,22,0.956846296787262,10.7615327835083
ANNet,10.0,acceleration,rad/s^2,J1,23,0.8666338324546814,8.723807334899902
ANNet,10.0,acceleration,rad/s^2,J1,24,0.5938096046447754,6.306033611297607
ANNet,10.0,acceleration,rad/s^2,J1,25,0.694422721862793,9.392006874084473
ANNet,10.0,acceleration,rad/s^2,J1,26,0.7683738470077515,4.439943790435791
ANNet,10.0,acceleration,rad/s^2,J1,27,0.4493418037891388,3.2431774139404297
ANNet,10.0,acceleration,rad/s^2,J1,28,0.41687193512916565,3.822664976119995
ANNet,10.0,acceleration,rad/s^2,J1,29,0.6126779317855835,7.956925392150879
ANNet,10.0,acceleration,rad/s^2,J1,30,0.4997576177120209,4.259909629821777
ANNet,10.0,acceleration,rad/s^2,J1,31,0.7643856406211853,5.0638813972473145
ANNet,10.0,acceleration,rad/s^2,J1,32,0.5516960024833679,4.609987258911133
ANNet,10.0,acceleration,rad/s^2,J1,33,0.8794869184494019,10.665092468261719
ANNet,10.0,acceleration,rad/s^2,J1,34,1.0124367475509644,8.476156234741211
ANNet,10.0,acceleration,rad/s^2,J1,35,0.648064136505127,8.325357437133789
ANNet,10.0,acceleration,rad/s^2,J1,36,0.6894293427467346,6.5985236167907715
ANNet,10.0,acceleration,rad/s^2,J1,37,0.8418287634849548,11.121357917785645
ANNet,10.0,acceleration,rad/s^2,J1,38,0.7610520720481873,4.328121185302734
ANNet,10.0,acceleration,rad/s^2,J1,39,1.0442568063735962,9.036704063415527
ANNet,10.0,acceleration,rad/s^2,J1,40,0.3306176960468292,4.419891357421875
ANNet,10.0,acceleration,rad/s^2,J1,41,1.2937966585159302,10.292908668518066
ANNet,10.0,acceleration,rad/s^2,J1,42,0.8449779748916626,5.750857353210449
ANNet,10.0,acceleration,rad/s^2,J1,43,1.055902123451233,10.41882038116455
ANNet,10.0,acceleration,rad/s^2,J1,44,0.7154268622398376,8.510483741760254
ANNet,10.0,acceleration,rad/s^2,J1,45,0.3540722131729126,4.785436153411865
ANNet,10.0,acceleration,rad/s^2,J1,46,1.5734535455703735,9.938586235046387
ANNet,10.0,acceleration,rad/s^2,J1,47,0.47921222448349,4.461535453796387
ANNet,10.0,acceleration,rad/s^2,J1,48,1.5727174282073975,5.818512439727783
ANNet,10.0,acceleration,rad/s^2,J1,49,0.3014902174472809,2.1629014015197754
ANNet,10.0,acceleration,rad/s^2,J2,0,0.944185733795166,1.413741111755371
ANNet,10.0,acceleration,rad/s^2,J2,1,2.565685272216797,4.690762042999268
ANNet,10.0,acceleration,rad/s^2,J2,2,0.8429383039474487,1.7044990062713623
ANNet,10.0,acceleration,rad/s^2,J2,3,1.9593124389648438,3.0707907676696777
ANNet,10.0,acceleration,rad/s^2,J2,4,1.389333963394165,2.3404669761657715
ANNet,10.0,acceleration,rad/s^2,J2,5,0.7624168395996094,1.9093598127365112
ANNet,10.0,acceleration,rad/s^2,J2,6,1.1149439811706543,2.5189692974090576
ANNet,10.0,acceleration,rad/s^2,J2,7,1.641161322593689,3.088096857070923
ANNet,10.0,acceleration,rad/s^2,J2,8,1.9647077322006226,3.9286422729492188
ANNet,10.0,acceleration,rad/s^2,J2,9,0.9147694706916809,2.584221124649048
ANNet,10.0,acceleration,rad/s^2,J2,10,1.3667327165603638,3.800121545791626
ANNet,10.0,acceleration,rad/s^2,J2,11,0.5775965452194214,1.014434814453125
ANNet,10.0,acceleration,rad/s^2,J2,12,1.0352338552474976,2.3386049270629883
ANNet,10.0,acceleration,rad/s^2,J2,13,1.7925903797149658,2.786602735519409
ANNet,10.0,acceleration,rad/s^2,J2,14,0.9916604161262512,2.506361246109009
ANNet,10.0,acceleration,rad/s^2,J2,15,0.478458970785141,1.0634570121765137
ANNet,10.0,acceleration,rad/s^2,J2,16,3.1201562881469727,4.117349624633789
ANNet,10.0,acceleration,rad/s^2,J2,17,2.057051181793213,3.2141549587249756
ANNet,10.0,acceleration,rad/s^2,J2,18,0.907320499420166,2.1435399055480957
ANNet,10.0,acceleration,rad/s^2,J2,19,1.5438576936721802,3.5590639114379883
ANNet,10.0,acceleration,rad/s^2,J2,20,1.6031824350357056,2.572244644165039
ANNet,10.0,acceleration,rad/s^2,J2,21,1.3645418882369995,2.250054359436035
ANNet,10.0,acceleration,rad/s^2,J2,22,2.169682741165161,4.408280372619629
ANNet,10.0,acceleration,rad/s^2,J2,23,1.9992812871932983,3.6467063426971436
ANNet,10.0,acceleration,rad/s^2,J2,24,1.3341233730316162,2.6020615100860596
ANNet,10.0,acceleration,rad/s^2,J2,25,1.5296416282653809,3.9285728931427
ANNet,10.0,acceleration,rad/s^2,J2,26,1.8135968446731567,2.5256359577178955
ANNet,10.0,acceleration,rad/s^2,J2,27,1.0382155179977417,1.398797631263733
ANNet,10.0,acceleration,rad/s^2,J2,28,0.9694520831108093,1.9577580690383911
ANNet,10.0,acceleration,rad/s^2,J2,29,1.3459489345550537,3.4379725456237793
ANNet,10.0,acceleration,rad/s^2,J2,30,1.1568037271499634,1.9045969247817993
ANNet,10.0,acceleration,rad/s^2,J2,31,1.7701246738433838,2.694136142730713
ANNet,10.0,acceleration,rad/s^2,J2,32,1.2821907997131348,2.358555316925049
ANNet,10.0,acceleration,rad/s^2,J2,33,2.0178823471069336,4.415419578552246
ANNet,10.0,acceleration,rad/s^2,J2,34,2.3398003578186035,3.4969635009765625
ANNet,10.0,acceleration,rad/s^2,J2,35,1.4469432830810547,3.4882330894470215
ANNet,10.0,acceleration,rad/s^2,J2,36,1.571665644645691,2.7219862937927246
ANNet,10.0,acceleration,rad/s^2,J2,37,1.8724218606948853,4.603871822357178
ANNet,10.0,acceleration,rad/s^2,J2,38,1.8112918138504028,2.2997138500213623
ANNet,10.0,acceleration,rad/s^2,J2,39,2.4064512252807617,3.873183488845825
ANNet,10.0,acceleration,rad/s^2,J2,40,0.714317262172699,1.8888092041015625
ANNet,10.0,acceleration,rad/s^2,J2,41,3.0369620323181152,4.292708396911621
ANNet,10.0,acceleration,rad/s^2,J2,42,1.9639675617218018,2.854922294616699
ANNet,10.0,acceleration,rad/s^2,J2,43,2.4120683670043945,4.2991228103637695
ANNet,10.0,acceleration,rad/s^2,J2,44,1.613737940788269,3.4744625091552734
ANNet,10.0,acceleration,rad/s^2,J2,45,0.7656211853027344,1.9825986623764038
ANNet,10.0,acceleration,rad/s^2,J2,46,3.7113037109375,4.269870281219482
ANNet,10.0,acceleration,rad/s^2,J2,47,1.1055997610092163,1.886354684829712
ANNet,10.0,acceleration,rad/s^2,J2,48,3.7764792442321777,3.1001551151275635
ANNet,10.0,acceleration,rad/s^2,J2,49,0.7056487202644348,1.3040658235549927
analytical,0.0,angle,rad,J1,0,0.006957236211746931,3.121772527694702
analytical,0.0,angle,rad,J1,1,0.007717665750533342,11.241995811462402
analytical,0.0,angle,rad,J1,2,0.008062891662120819,3.2813501358032227
analytical,0.0,angle,rad,J1,3,0.0138867711648345,6.275132179260254
analytical,0.0,angle,rad,J1,4,0.006594574078917503,5.518004894256592
analytical,0.0,angle,rad,J1,5,0.010086222551763058,2.62711238861084
analytical,0.0,angle,rad,J1,6,0.006187872029840946,5.942473411560059
analytical,0.0,angle,rad,J1,7,0.006161719094961882,7.346948623657227
analytical,0.0,angle,rad,J1,8,0.009256720542907715,9.26115608215332
analytical,0.0,angle,rad,J1,9,0.0068573118187487125,6.249454498291016
analytical,0.0,angle,rad,J1,10,0.0075324540957808495,9.086359977722168
analytical,0.0,angle,rad,J1,11,0.005505374167114496,1.87992525100708
analytical,0.0,angle,rad,J1,12,0.008396794088184834,5.061312198638916
analytical,0.0,angle,rad,J1,13,0.008570894598960876,6.084648132324219
analytical,0.0,angle,rad,J1,14,0.0078670559450984,5.4545464515686035
analytical,0.0,angle,rad,J1,15,0.0063915736973285675,2.6069846153259277
analytical,0.0,angle,rad,J1,16,0.009188112802803516,9.75954532623291
analytical,0.0,angle,rad,J1,17,0.007868357934057713,7.368175506591797
analytical,0.0,angle,rad,J1,18,0.007047045044600964,5.173842430114746
analytical,0.0,angle,rad,J1,19,0.0069551062770187855,8.439424514770508
analytical,0.0,angle,rad,J1,20,0.006979372352361679,6.122062683105469
analytical,0.0,angle,rad,J1,21,0.01153041422367096,4.145575523376465
analytical,0.0,angle,rad,J1,22,0.006097600795328617,10.7615327835083
analytical,0.0,angle,rad,J1,23,0.007716961670666933,8.723807334899902
analytical,0.0,angle,rad,J1,24,0.006469350308179855,6.306033611297607
analytical,0.0,angle,rad,J1,25,0.006827548146247864,9.392006874084473
analytical,0.0,angle,rad,J1,26,0.010127401910722256,4.439943790435791
analytical,0.0,angle,rad,J1,27,0.006203577853739262,3.2431774139404297
analytical,0.0,angle,rad,J1,28,0.00813321489840746,3.822664976119995
analytical,0.0,angle,rad,J1,29,0.007357372902333736,7.956925392150879
analytical,0.0,angle,rad,J1,30,0.006668659392744303,4.259909629821777
analytical,0.0,angle,rad,J1,31,0.01291603408753872,5.0638813972473145
analytical,0.0,angle,rad,J1,32,0.011451294645667076,4.609987258911133
analytical,0.0,angle,rad,J1,33,0.006298838648945093,10.665092468261719
analytical,0.0,angle,rad,J1,34,0.006599227897822857,8.476156234741211
analytical,0.0,angle,rad,J1,35,0.006424134597182274,8.325357437133789
analytical,0.0,angle,rad,J1,36,0.006779559422284365,6.5985236167907715
analytical,0.0,angle,rad,J1,37,0.00871315412223339,11.121357917785645
analytical,0.0,angle,rad,J1,38,0.01312553696334362,4.328121185302734
analytical,0.0,angle,rad,J1,39,0.006986488122493029,9.036704063415527
analytical,0.0,angle,rad,J1,40,0.007715943735092878,4.419891357421875
analytical,0.0,angle,rad,J1,41,0.007323538418859243,10.292908668518066
analytical,0.0,angle,rad,J1,42,0.009779390878975391,5.750857353210449
analytical,0.0,angle,rad,J1,43,0.005883010569959879,10.41882038116455
analytical,0.0,angle,rad,J1,44,0.006735696457326412,8.510483741760254
analytical,0.0,angle,rad,J1,45,0.006428792141377926,4.785436153411865
analytical,0.0,angle,rad,J1,46,0.007233467884361744,9.938586235046387
analytical,0.0,angle,rad,J1,47,0.006038913503289223,4.461535453796387
analytical,0.0,angle,rad,J1,48,0.017876507714390755,5.818512439727783
analytical,0.0,angle,rad,J1,49,0.007676959969103336,2.1629014015197754
analytical,0.0,angle,rad,J2,0,0.007644612807780504,1.413741111755371
analytical,0.0,angle,rad,J2,1,0.015956247225403786,4.690762042999268
analytical,0.0,angle,rad,J2,2,0.016443468630313873,1.7044990062713623
analytical,0.0,angle,rad,J2,3,0.029231496155261993,3.0707907676696777
analytical,0.0,angle,rad,J2,4,0.0060157193802297115,2.3404669761657715
analytical,0.0,angle,rad,J2,5,0.024756938219070435,1.9093598127365112
analytical,0.0,angle,rad,J2,6,0.005267440807074308,2.5189692974090576
analytical,0.0,angle,rad,J2,7,0.005237143952399492,3.088096857070923
analytical,0.0,angle,rad,J2,8,0.020185746252536774,3.9286422729492188
analytical,0.0,angle,rad,J2,9,0.005079969298094511,2.584221124649048
analytical,0.0,angle,rad,J2,10,0.011858934536576271,3.800121545791626
analytical,0.0,angle,rad,J2,11,0.009734914638102055,1.014434814453125
analytical,0.0,angle,rad,J2,12,0.014028509147465229,2.3386049270629883
analytical,0.0,angle,rad,J2,13,0.015395049937069416,2.786602735519409
analytical,0.0,angle,rad,J2,14,0.015642425045371056,2.506361246109009
analytical,0.0,angle,rad,J2,15,0.0040068188682198524,1.0634570121765137
analytical,0.0,angle,rad,J2,16,0.01971486024558544,4.117349624633789
analytical,0.0,angle,rad,J2,17,0.01400089357048273,3.2141549587249756
analytical,0.0,angle,rad,J2,18,0.0042172931134700775,2.1435399055480957
analytical,0.0,angle,rad,J2,19,0.010137834586203098,3.5590639114379883
analytical,0.0,angle,rad,J2,20,0.008046072907745838,2.572244644165039
analytical,0.0,angle,rad,J2,21,0.026636537164449692,2.250054359436035
analytical,0.0,angle,rad,J2,22,0.004140935372561216,4.408280372619629
analytical,0.0,angle,rad,J2,23,0.01182350143790245,3.6467063426971436
analytical,0.0,angle,rad,J2,24,0.005325299222022295,2.6020615100860596
analytical,0.0,angle,rad,J2,25,0.010641893371939659,3.9285728931427
analytical,0.0,angle,rad,J2,26,0.026612557470798492,2.5256359577178955
analytical,0.0,angle,rad,J2,27,0.006615221966058016,1.398797631263733
analytical,0.0,angle,rad,J2,28,0.016357025131583214,1.9577580690383911
analytical,0.0,angle,rad,J2,29,0.012427099049091339,3.4379725456237793
analytical,0.0,angle,rad,J2,30,0.010537475347518921,1.9045969247817993
analytical,0.0,angle,rad,J2,31,0.028911029919981956,2.694136142730713
analytical,0.0,angle,rad,J2,32,0.022594962269067764,2.358555316925049
analytical,0.0,angle,rad,J2,33,0.005040144547820091,4.415419578552246
analytical,0.0,angle,rad,J2,34,0.006892182398587465,3.4969635009765625
analytical,0.0,angle,rad,J2,35,0.007787914481014013,3.4882330894470215
analytical,0.0,angle,rad,J2,36,0.0031233555637300014,2.7219862937927246
analytical,0.0,angle,rad,J2,37,0.018127597868442535,4.603871822357178
analytical,0.0,angle,rad,J2,38,0.0280824676156044,2.2997138500213623
analytical,0.0,angle,rad,J2,39,0.012639750726521015,3.873183488845825
analytical,0.0,angle,rad,J2,40,0.007823158986866474,1.8888092041015625
analytical,0.0,angle,rad,J2,41,0.013362809084355831,4.292708396911621
analytical,0.0,angle,rad,J2,42,0.022567685693502426,2.854922294616699
analytical,0.0,angle,rad,J2,43,0.005541807506233454,4.2991228103637695
analytical,0.0,angle,rad,J2,44,0.006526652257889509,3.4744625091552734
analytical,0.0,angle,rad,J2,45,0.005907475482672453,1.9825986623764038
analytical,0.0,angle,rad,J2,46,0.01590159349143505,4.269870281219482
analytical,0.0,angle,rad,J2,47,0.005051581654697657,1.886354684829712
analytical,0.0,angle,rad,J2,48,0.04015544801950455,3.1001551151275635
analytical,0.0,angle,rad,J2,49,0.016162801533937454,1.3040658235549927
analytical,0.0,velocity,rad/s,J1,0,0.02188713662326336,3.121772527694702
analytical,0.0,velocity,rad/s,J1,1,0.04295547679066658,11.241995811462402
analytical,0.0,velocity,rad/s,J1,2,0.04270601645112038,3.2813501358032227
analytical,0.0,velocity,rad/s,J1,3,0.07294175773859024,6.275132179260254
analytical,0.0,velocity,rad/s,J1,4,0.01967056468129158,5.518004894256592
analytical,0.0,velocity,rad/s,J1,5,0.057627178728580475,2.62711238861084
analytical,0.0,velocity,rad/s,J1,6,0.01970379613339901,5.942473411560059
analytical,0.0,velocity,rad/s,J1,7,0.019796866923570633,7.346948623657227
analytical,0.0,velocity,rad/s,J1,8,0.052928660064935684,9.26115608215332
analytical,0.0,velocity,rad/s,J1,9,0.01973205804824829,6.249454498291016
analytical,0.0,velocity,rad/s,J1,10,0.03498654067516327,9.086359977722168
analytical,0.0,velocity,rad/s,J1,11,0.022431684657931328,1.87992525100708
analytical,0.0,velocity,rad/s,J1,12,0.0363658182322979,5.061312198638916
analytical,0.0,velocity,rad/s,J1,13,0.0384126678109169,6.084648132324219
analytical,0.0,velocity,rad/s,J1,14,0.04238559305667877,5.4545464515686035
analytical,0.0,velocity,rad/s,J1,15,0.01810254529118538,2.6069846153259277
analytical,0.0,velocity,rad/s,J1,16,0.052730925381183624,9.75954532623291
analytical,0.0,velocity,rad/s,J1,17,0.03447211533784866,7.368175506591797
analytical,0.0,velocity,rad/s,J1,18,0.01737668551504612,5.173842430114746
analytical,0.0,velocity,rad/s,J1,19,0.025461403653025627,8.439424514770508
analytical,0.0,velocity,rad/s,J1,20,0.026680340990424156,6.122062683105469
analytical,0.0,velocity,rad/s,J1,21,0.06248116120696068,4.145575523376465
analytical,0.0,velocity,rad/s,J1,22,0.01746680773794651,10.7615327835083
analytical,0.0,velocity,rad/s,J1,23,0.033847566694021225,8.723807334899902
analytical,0.0,velocity,rad/s,J1,24,0.018705924972891808,6.306033611297607
analytical,0.0,velocity,rad/s,J1,25,0.025555500760674477,9.392006874084473
analytical,0.0,velocity,rad/s,J1,26,0.059109948575496674,4.439943790435791
analytical,0.0,velocity,rad/s,J1,27,0.01955215074121952,3.2431774139404297
analytical,0.0,velocity,rad/s,J1,28,0.03997350484132767,3.822664976119995
analytical,0.0,velocity,rad/s,J1,29,0.029033204540610313,7.956925392150879
analytical,0.0,velocity,rad/s,J1,30,0.02658786252140999,4.259909629821777
analytical,0.0,velocity,rad/s,J1,31,0.06736785173416138,5.0638813972473145
analytical,0.0,velocity,rad/s,J1,32,0.0582064650952816,4.609987258911133
analytical,0.0,velocity,rad/s,J1,33,0.020467637106776237,10.665092468261719
analytical,0.0,velocity,rad/s,J1,34,0.020670274272561073,8.476156234741211
analytical,0.0,velocity,rad/s,J1,35,0.020943837240338326,8.325357437133789
analytical,0.0,velocity,rad/s,J1,36,0.017576532438397408,6.5985236167907715
analytical,0.0,velocity,rad/s,J1,37,0.04760560393333435,11.121357917785645
analytical,0.0,velocity,rad/s,J1,38,0.06610120087862015,4.328121185302734
analytical,0.0,velocity,rad/s,J1,39,0.027985021471977234,9.036704063415527
analytical,0.0,velocity,rad/s,J1,40,0.02436511404812336,4.419891357421875
analytical,0.0,velocity,rad/s,J1,41,0.03702784329652786,10.292908668518066
analytical,0.0,velocity,rad/s,J1,42,0.05488326773047447,5.750857353210449
analytical,0.0,velocity,rad/s,J1,43,0.016916124150156975,10.41882038116455
analytical,0.0,velocity,rad/s,J1,44,0.022966770455241203,8.510483741760254
analytical,0.0,velocity,rad/s,J1,45,0.021940283477306366,4.785436153411865
analytical,0.0,velocity,rad/s,J1,46,0.042655099183321,9.938586235046387
analytical,0.0,velocity,rad/s,J1,47,0.020724531263113022,4.461535453796387
analytical,0.0,velocity,rad/s,J1,48,0.09339737892150879,5.818512439727783
analytical,0.0,velocity,rad/s,J1,49,0.04024973139166832,2.1629014015197754
analytical,0.0,velocity,rad/s,J2,0,0.04235114902257919,1.413741111755371
analytical,0.0,velocity,rad/s,J2,1,0.09319908171892166,4.690762042999268
analytical,0.0,velocity,rad/s,J2,2,0.09655126929283142,1.7044990062713623
analytical,0.0,velocity,rad/s,J2,3,0.1702694147825241,3.0707907676696777
analytical,0.0,velocity,rad/s,J2,4,0.028871022164821625,2.3404669761657715
analytical,0.0,velocity,rad/s,J2,5,0.14112195372581482,1.9093598127365112
analytical,0.0,velocity,rad/s,J2,6,0.02609587274491787,2.5189692974090576
analytical,0.0,velocity,rad/s,J2,7,0.026019303128123283,3.088096857070923
analytical,0.0,velocity,rad/s,J2,8,0.11863456666469574,3.9286422729492188
analytical,0.0,velocity,rad/s,J2,9,0.02583318203687668,2.584221124649048
analytical,0.0,velocity,rad/s,J2,10,0.06881123036146164,3.800121545791626
analytical,0.0,velocity,rad/s,J2,11,0.05067320168018341,1.014434814453125
analytical,0.0,velocity,rad/s,J2,12,0.08273333311080933,2.3386049270629883
analytical,0.0,velocity,rad/s,J2,13,0.09051033109426498,2.786602735519409
analytical,0.0,velocity,rad/s,J2,14,0.09240127354860306,2.506361246109009
analytical,0.0,velocity,rad/s,J2,15,0.022846275940537453,1.0634570121765137
analytical,0.0,velocity,rad/s,J2,16,0.11759596318006516,4.117349624633789
analytical,0.0,velocity,rad/s,J2,17,0.0839281901717186,3.2141549587249756
analytical,0.0,velocity,rad/s,J2,18,0.015831930562853813,2.1435399055480957
analytical,0.0,velocity,rad/s,J2,19,0.05594296753406525,3.5590639114379883
analytical,0.0,velocity,rad/s,J2,20,0.04409918934106827,2.572244644165039
analytical,0.0,velocity,rad/s,J2,21,0.14979027211666107,2.250054359436035
analytical,0.0,velocity,rad/s,J2,22,0.02167474292218685,4.408280372619629
analytical,0.0,velocity,rad/s,J2,23,0.06554092466831207,3.6467063426971436
analytical,0.0,velocity,rad/s,J2,24,0.028556425124406815,2.6020615100860596
analytical,0.0,velocity,rad/s,J2,25,0.061924152076244354,3.9285728931427
analytical,0.0,velocity,rad/s,J2,26,0.1448039412498474,2.5256359577178955
analytical,0.0,velocity,rad/s,J2,27,0.03625831380486488,1.398797631263733
analytical,0.0,velocity,rad/s,J2,28,0.09647013247013092,1.9577580690383911
analytical,0.0,velocity,rad/s,J2,29,0.06655241549015045,3.4379725456237793
analytical,0.0,velocity,rad/s,J2,30,0.0631706565618515,1.9045969247817993
analytical,0.0,velocity,rad/s,J2,31,0.1578885316848755,2.694136142730713
analytical,0.0,velocity,rad/s,J2,32,0.1355946809053421,2.358555316925049
analytical,0.0,velocity,rad/s,J2,33,0.025410788133740425,4.415419578552246
analytical,0.0,velocity,rad/s,J2,34,0.038564711809158325,3.4969635009765625
analytical,0.0,velocity,rad/s,J2,35,0.04054225981235504,3.4882330894470215
analytical,0.0,velocity,rad/s,J2,36,0.009445794858038425,2.7219862937927246
analytical,0.0,velocity,rad/s,J2,37,0.10403580963611603,4.603871822357178
analytical,0.0,velocity,rad/s,J2,38,0.15668748319149017,2.2997138500213623
analytical,0.0,velocity,rad/s,J2,39,0.06841304898262024,3.873183488845825
analytical,0.0,velocity,rad/s,J2,40,0.042332958430051804,1.8888092041015625
analytical,0.0,velocity,rad/s,J2,41,0.07663537561893463,4.292708396911621
analytical,0.0,velocity,rad/s,J2,42,0.13398723304271698,2.854922294616699
analytical,0.0,velocity,rad/s,J2,43,0.026929698884487152,4.2991228103637695
analytical,0.0,velocity,rad/s,J2,44,0.03778684139251709,3.4744625091552734
analytical,0.0,velocity,rad/s,J2,45,0.03183033689856529,1.9825986623764038
analytical,0.0,velocity,rad/s,J2,46,0.09497644007205963,4.269870281219482
analytical,0.0,velocity,rad/s,J2,47,0.027013275772333145,1.886354684829712
analytical,0.0,velocity,rad/s,J2,48,0.21557319164276123,3.1001551151275635
analytical,0.0,velocity,rad/s,J2,49,0.09426851570606232,1.3040658235549927
analytical,0.0,acceleration,rad/s^2,J1,0,0.10428018867969513,3.121772527694702
analytical,0.0,acceleration,rad/s^2,J1,1,0.22657190263271332,11.241995811462402
analytical,0.0,acceleration,rad/s^2,J1,2,0.21083875000476837,3.2813501358032227
analytical,0.0,acceleration,rad/s^2,J1,3,0.4173382520675659,6.275132179260254
analytical,0.0,acceleration,rad/s^2,J1,4,0.07504253834486008,5.518004894256592
analytical,0.0,acceleration,rad/s^2,J1,5,0.3148462772369385,2.62711238861084
analytical,0.0,acceleration,rad/s^2,J1,6,0.0695466473698616,5.942473411560059
analytical,0.0,acceleration,rad/s^2,J1,7,0.07023930549621582,7.346948623657227
analytical,0.0,acceleration,rad/s^2,J1,8,0.2734757363796234,9.26115608215332
analytical,0.0,acceleration,rad/s^2,J1,9,0.08174873143434525,6.249454498291016
analytical,0.0,acceleration,rad/s^2,J1,10,0.17353181540966034,9.086359977722168
analytical,0.0,acceleration,rad/s^2,J1,11,0.12201664596796036,1.87992525100708
analytical,0.0,acceleration,rad/s^2,J1,12,0.18950462341308594,5.061312198638916
analytical,0.0,acceleration,rad/s^2,J1,13,0.2086661010980606,6.084648132324219
analytical,0.0,acceleration,rad/s^2,J1,14,0.20461462438106537,5.4545464515686035
analytical,0.0,acceleration,rad/s^2,J1,15,0.07236330211162567,2.6069846153259277
analytical,0.0,acceleration,rad/s^2,J1,16,0.2709994912147522,9.75954532623291
analytical,0.0,acceleration,rad/s^2,J1,17,0.19623659551143646,7.368175506591797
analytical,0.0,acceleration,rad/s^2,J1,18,0.06007430702447891,5.173842430114746
analytical,0.0,acceleration,rad/s^2,J1,19,0.14016257226467133,8.439424514770508
analytical,0.0,acceleration,rad/s^2,J1,20,0.12180822342634201,6.122062683105469
analytical,0.0,acceleration,rad/s^2,J1,21,0.3484207093715668,4.145575523376465
analytical,0.0,acceleration,rad/s^2,J1,22,0.07255817204713821,10.7615327835083
analytical,0.0,acceleration,rad/s^2,J1,23,0.1695166379213333,8.723807334899902
analytical,0.0,acceleration,rad/s^2,J1,24,0.07814358919858932,6.306033611297607
analytical,0.0,acceleration,rad/s^2,J1,25,0.1490192413330078,9.392006874084473
analytical,0.0,acceleration,rad/s^2,J1,26,0.3332273066043854,4.439943790435791
analytical,0.0,acceleration,rad/s^2,J1,27,0.09116619825363159,3.2431774139404297
analytical,0.0,acceleration,rad/s^2,J1,28,0.20413725078105927,3.822664976119995
analytical,0.0,acceleration,rad/s^2,J1,29,0.1613113284111023,7.956925392150879
analytical,0.0,acceleration,rad/s^2,J1,30,0.14264526963233948,4.259909629821777
analytical,0.0,acceleration,rad/s^2,J1,31,0.3964153528213501,5.0638813972473145
analytical,0.0,acceleration,rad/s^2,J1,32,0.3130769431591034,4.609987258911133
analytical,0.0,acceleration,rad/s^2,J1,33,0.07346037775278091,10.665092468261719
analytical,0.0,acceleration,rad/s^2,J1,34,0.10070843994617462,8.476156234741211
analytical,0.0,acceleration,rad/s^2,J1,35,0.10505702346563339,8.325357437133789
analytical,0.0,acceleration,rad/s^2,J1,36,0.04983605444431305,6.5985236167907715
analytical,0.0,acceleration,rad/s^2,J1,37,0.25936129689216614,11.121357917785645
analytical,0.0,acceleration,rad/s^2,J1,38,0.37615513801574707,4.328121185302734
analytical,0.0,acceleration,rad/s^2,J1,39,0.1679464876651764,9.036704063415527
analytical,0.0,acceleration,rad/s^2,J1,40,0.11642862111330032,4.419891357421875
analytical,0.0,acceleration,rad/s^2,J1,41,0.19142131507396698,10.292908668518066
analytical,0.0,acceleration,rad/s^2,J1,42,0.3001977503299713,5.750857353210449
analytical,0.0,acceleration,rad/s^2,J1,43,0.08005418628454208,10.41882038116455
analytical,0.0,acceleration,rad/s^2,J1,44,0.10928147286176682,8.510483741760254
analytical,0.0,acceleration,rad/s^2,J1,45,0.09651508927345276,4.785436153411865
analytical,0.0,acceleration,rad/s^2,J1,46,0.21739941835403442,9.938586235046387
analytical,0.0,acceleration,rad/s^2,J1,47,0.08013296127319336,4.461535453796387
analytical,0.0,acceleration,rad/s^2,J1,48,0.5511623024940491,5.818512439727783
analytical,0.0,acceleration,rad/s^2,J1,49,0.20985902845859528,2.1629014015197754
analytical,0.0,acceleration,rad/s^2,J2,0,0.2325621098279953,1.413741111755371
analytical,0.0,acceleration,rad/s^2,J2,1,0.530103325843811,4.690762042999268
analytical,0.0,acceleration,rad/s^2,J2,2,0.5082031488418579,1.7044990062713623
analytical,0.0,acceleration,rad/s^2,J2,3,0.9757164716720581,3.0707907676696777
analytical,0.0,acceleration,rad/s^2,J2,4,0.16771745681762695,2.3404669761657715
analytical,0.0,acceleration,rad/s^2,J2,5,0.7656109929084778,1.9093598127365112
analytical,0.0,acceleration,rad/s^2,J2,6,0.1437312513589859,2.5189692974090576
analytical,0.0,acceleration,rad/s^2,J2,7,0.14464573562145233,3.088096857070923
analytical,0.0,acceleration,rad/s^2,J2,8,0.6511348485946655,3.9286422729492188
analytical,0.0,acceleration,rad/s^2,J2,9,0.15804627537727356,2.584221124649048
analytical,0.0,acceleration,rad/s^2,J2,10,0.39605703949928284,3.800121545791626
analytical,0.0,acceleration,rad/s^2,J2,11,0.2995351552963257,1.014434814453125
analytical,0.0,acceleration,rad/s^2,J2,12,0.4387269914150238,2.3386049270629883
analytical,0.0,acceleration,rad/s^2,J2,13,0.492188423871994,2.786602735519409
analytical,0.0,acceleration,rad/s^2,J2,14,0.4885423183441162,2.506361246109009
analytical,0.0,acceleration,rad/s^2,J2,15,0.12357445061206818,1.0634570121765137
analytical,0.0,acceleration,rad/s^2,J2,16,0.6421263217926025,4.117349624633789
analytical,0.0,acceleration,rad/s^2,J2,17,0.46679937839508057,3.2141549587249756
analytical,0.0,acceleration,rad/s^2,J2,18,0.08971606194972992,2.1435399055480957
analytical,0.0,acceleration,rad/s^2,J2,19,0.3330577611923218,3.5590639114379883
analytical,0.0,acceleration,rad/s^2,J2,20,0.2615954577922821,2.572244644165039
analytical,0.0,acceleration,rad/s^2,J2,21,0.8380884528160095,2.250054359436035
analytical,0.0,acceleration,rad/s^2,J2,22,0.1298740655183792,4.408280372619629
analytical,0.0,acceleration,rad/s^2,J2,23,0.3851320147514343,3.6467063426971436
analytical,0.0,acceleration,rad/s^2,J2,24,0.16240045428276062,2.6020615100860596
analytical,0.0,acceleration,rad/s^2,J2,25,0.35180333256721497,3.9285728931427
analytical,0.0,acceleration,rad/s^2,J2,26,0.8171265721321106,2.5256359577178955
analytical,0.0,acceleration,rad/s^2,J2,27,0.20172351598739624,1.398797631263733
analytical,0.0,acceleration,rad/s^2,J2,28,0.5027279853820801,1.9577580690383911
analytical,0.0,acceleration,rad/s^2,J2,29,0.3872871994972229,3.4379725456237793
analytical,0.0,acceleration,rad/s^2,J2,30,0.33792948722839355,1.9045969247817993
analytical,0.0,acceleration,rad/s^2,J2,31,0.9351128339767456,2.694136142730713
analytical,0.0,acceleration,rad/s^2,J2,32,0.732570469379425,2.358555316925049
analytical,0.0,acceleration,rad/s^2,J2,33,0.14525915682315826,4.415419578552246
analytical,0.0,acceleration,rad/s^2,J2,34,0.22781051695346832,3.4969635009765625
analytical,0.0,acceleration,rad/s^2,J2,35,0.24842536449432373,3.4882330894470215
analytical,0.0,acceleration,rad/s^2,J2,36,0.05007336288690567,2.7219862937927246
analytical,0.0,acceleration,rad/s^2,J2,37,0.60746830701828,4.603871822357178
analytical,0.0,acceleration,rad/s^2,J2,38,0.8934431076049805,2.2997138500213623
analytical,0.0,acceleration,rad/s^2,J2,39,0.4018552005290985,3.873183488845825
analytical,0.0,acceleration,rad/s^2,J2,40,0.24922211468219757,1.8888092041015625
analytical,0.0,acceleration,rad/s^2,J2,41,0.44244176149368286,4.292708396911621
analytical,0.0,acceleration,rad/s^2,J2,42,0.7142683267593384,2.854922294616699
analytical,0.0,acceleration,rad/s^2,J2,43,0.16172349452972412,4.2991228103637695
analytical,0.0,acceleration,rad/s^2,J2,44,0.2324886918067932,3.4744625091552734
analytical,0.0,acceleration,rad/s^2,J2,45,0.19700108468532562,1.9825986623764038
analytical,0.0,acceleration,rad/s^2,J2,46,0.5181856155395508,4.269870281219482
analytical,0.0,acceleration,rad/s^2,J2,47,0.15462626516819,1.886354684829712
analytical,0.0,acceleration,rad/s^2,J2,48,1.3039882183074951,3.1001551151275635
analytical,0.0,acceleration,rad/s^2,J2,49,0.5065380334854126,1.3040658235549927
analytical,1.0,angle,rad,J1,0,0.0060697197914123535,3.121772527694702
analytical,1.0,angle,rad,J1,1,0.005168103612959385,11.241995811462402
analytical,1.0,angle,rad,J1,2,0.0070920479483902454,3.2813501358032227
analytical,1.0,angle,rad,J1,3,0.01215808093547821,6.275132179260254
analytical,1.0,angle,rad,J1,4,0.003351657884195447,5.518004894256592
analytical,1.0,angle,rad,J1,5,0.009344717487692833,2.62711238861084
analytical,1.0,angle,rad,J1,6,0.002809683093801141,5.942473411560059
analytical,1.0,angle,rad,J1,7,0.0026666417252272367,7.346948623657227
analytical,1.0,angle,rad,J1,8,0.0067577543668448925,9.26115608215332
analytical,1.0,angle,rad,J1,9,0.0024803155101835728,6.249454498291016
analytical,1.0,angle,rad,J1,10,0.003919021692126989,9.086359977722168
analytical,1.0,angle,rad,J1,11,0.005052035674452782,1.87992525100708
analytical,1.0,angle,rad,J1,12,0.005740713328123093,5.061312198638916
analytical,1.0,angle,rad,J1,13,0.0071519301272928715,6.084648132324219
analytical,1.0,angle,rad,J1,14,0.005626542028039694,5.4545464515686035
analytical,1.0,angle,rad,J1,15,0.005652487277984619,2.6069846153259277
analytical,1.0,angle,rad,J1,16,0.007929236628115177,9.75954532623291
analytical,1.0,angle,rad,J1,17,0.0060974666848778725,7.368175506591797
analytical,1.0,angle,rad,J1,18,0.0035247323103249073,5.173842430114746
analytical,1.0,angle,rad,J1,19,0.0034506539814174175,8.439424514770508
analytical,1.0,angle,rad,J1,20,0.0046434360556304455,6.122062683105469
analytical,1.0,angle,rad,J1,21,0.01089608296751976,4.145575523376465
analytical,1.0,angle,rad,J1,22,0.0022638265509158373,10.7615327835083
analytical,1.0,angle,rad,J1,23,0.005126325413584709,8.723807334899902
analytical,1.0,angle,rad,J1,24,0.0033047462347894907,6.306033611297607
analytical,1.0,angle,rad,J1,25,0.0031834414694458246,9.392006874084473
analytical,1.0,angle,rad,J1,26,0.010229640640318394,4.439943790435791
analytical,1.0,angle,rad,J1,27,0.0051369452849030495,3.2431774139404297
analytical,1.0,angle,rad,J1,28,0.006374784279614687,3.822664976119995
analytical,1.0,angle,rad,J1,29,0.004280938766896725,7.956925392150879
analytical,1.0,angle,rad,J1,30,0.005388185847550631,4.259909629821777
analytical,1.0,angle,rad,J1,31,0.010938048362731934,5.0638813972473145
analytical,1.0,angle,rad,J1,32,0.009973530657589436,4.609987258911133
analytical,1.0,angle,rad,J1,33,0.002540196757763624,10.665092468261719
analytical,1.0,angle,rad,J1,34,0.0035965493880212307,8.476156234741211
analytical,1.0,angle,rad,J1,35,0.0020216170232743025,8.325357437133789
analytical,1.0,angle,rad,J1,36,0.0032773881684988737,6.5985236167907715
analytical,1.0,angle,rad,J1,37,0.00569904176518321,11.121357917785645
analytical,1.0,angle,rad,J1,38,0.01281087938696146,4.328121185302734
analytical,1.0,angle,rad,J1,39,0.005238110199570656,9.036704063415527
analytical,1.0,angle,rad,J1,40,0.0046415445394814014,4.419891357421875
analytical,1.0,angle,rad,J1,41,0.006434266921132803,10.292908668518066
analytical,1.0,angle,rad,J1,42,0.009155462495982647,5.750857353210449
analytical,1.0,angle,rad,J1,43,0.0033477204851806164,10.41882038116455
analytical,1.0,angle,rad,J1,44,0.002980803605169058,8.510483741760254
analytical,1.0,angle,rad,J1,45,0.0037119362968951464,4.785436153411865
analytical,1.0,angle,rad,J1,46,0.008140369318425655,9.938586235046387
analytical,1.0,angle,rad,J1,47,0.0035869821440428495,4.461535453796387
analytical,1.0,angle,rad,J1,48,0.016733475029468536,5.818512439727783
analytical,1.0,angle,rad,J1,49,0.007198400795459747,2.1629014015197754
analytical,1.0,angle,rad,J2,0,0.008424312807619572,1.413741111755371
analytical,1.0,angle,rad,J2,1,0.012316486798226833,4.690762042999268
analytical,1.0,angle,rad,J2,2,0.016181539744138718,1.7044990062713623
analytical,1.0,angle,rad,J2,3,0.02815616875886917,3.0707907676696777
analytical,1.0,angle,rad,J2,4,0.005706567317247391,2.3404669761657715
analytical,1.0,angle,rad,J2,5,0.023030530661344528,1.9093598127365112
analytical,1.0,angle,rad,J2,6,0.004995543509721756,2.5189692974090576
analytical,1.0,angle,rad,J2,7,0.006180293392390013,3.088096857070923
analytical,1.0,angle,rad,J2,8,0.016313673928380013,3.9286422729492188
analytical,1.0,angle,rad,J2,9,0.003845413913950324,2.584221124649048
analytical,1.0,angle,rad,J2,10,0.009268552996218204,3.800121545791626
analytical,1.0,angle,rad,J2,11,0.009155848994851112,1.014434814453125
analytical,1.0,angle,rad,J2,12,0.012802890501916409,2.3386049270629883
analytical,1.0,angle,rad,J2,13,0.016853440552949905,2.786602735519409
analytical,1.0,angle,rad,J2,14,0.013340575620532036,2.506361246109009
analytical,1.0,angle,rad,J2,15,0.003749073948711157,1.0634570121765137
analytical,1.0,angle,rad,J2,16,0.018988296389579773,4.117349624633789
analytical,1.0,angle,rad,J2,17,0.01470385491847992,3.2141549587249756
analytical,1.0,angle,rad,J2,18,0.002371138194575906,2.1435399055480957
analytical,1.0,angle,rad,J2,19,0.008260662667453289,3.5590639114379883
analytical,1.0,angle,rad,J2,20,0.009347178973257542,2.572244644165039
analytical,1.0,angle,rad,J2,21,0.02548634260892868,2.250054359436035
analytical,1.0,angle,rad,J2,22,0.004883598070591688,4.408280372619629
analytical,1.0,angle,rad,J2,23,0.012314222753047943,3.6467063426971436
analytical,1.0,angle,rad,J2,24,0.005731888581067324,2.6020615100860596
analytical,1.0,angle,rad,J2,25,0.007348162587732077,3.9285728931427
analytical,1.0,angle,rad,J2,26,0.02584119699895382,2.5256359577178955
analytical,1.0,angle,rad,J2,27,0.005965822376310825,1.398797631263733
analytical,1.0,angle,rad,J2,28,0.015139211900532246,1.9577580690383911
analytical,1.0,angle,rad,J2,29,0.010333619080483913,3.4379725456237793
analytical,1.0,angle,rad,J2,30,0.011258355341851711,1.9045969247817993
analytical,1.0,angle,rad,J2,31,0.02558213658630848,2.694136142730713
analytical,1.0,angle,rad,J2,32,0.02218320220708847,2.358555316925049
analytical,1.0,angle,rad,J2,33,0.005663610063493252,4.415419578552246
analytical,1.0,angle,rad,J2,34,0.008515862748026848,3.4969635009765625
analytical,1.0,angle,rad,J2,35,0.004952928051352501,3.4882330894470215
analytical,1.0,angle,rad,J2,36,0.003615903900936246,2.7219862937927246
analytical,1.0,angle,rad,J2,37,0.013465547002851963,4.603871822357178
analytical,1.0,angle,rad,J2,38,0.029025577008724213,2.2997138500213623
analytical,1.0,angle,rad,J2,39,0.01258113607764244,3.873183488845825
analytical,1.0,angle,rad,J2,40,0.006290290504693985,1.8888092041015625
analytical,1.0,angle,rad,J2,41,0.015308414585888386,4.292708396911621
analytical,1.0,angle,rad,J2,42,0.021807197481393814,2.854922294616699
analytical,1.0,angle,rad,J2,43,0.007541343104094267,4.2991228103637695
analytical,1.0,angle,rad,J2,44,0.007048393599689007,3.4744625091552734
analytical,1.0,angle,rad,J2,45,0.004589220508933067,1.9825986623764038
analytical,1.0,angle,rad,J2,46,0.019079146906733513,4.269870281219482
analytical,1.0,angle,rad,J2,47,0.005133314523845911,1.886354684829712
analytical,1.0,angle,rad,J2,48,0.039458323270082474,3.1001551151275635
analytical,1.0,angle,rad,J2,49,0.015640437602996826,1.3040658235549927
analytical,1.0,velocity,rad/s,J1,0,0.022166848182678223,3.121772527694702
analytical,1.0,velocity,rad/s,J1,1,0.03026704676449299,11.241995811462402
analytical,1.0,velocity,rad/s,J1,2,0.04097193852066994,3.2813501358032227
analytical,1.0,velocity,rad/s,J1,3,0.06865544617176056,6.275132179260254
analytical,1.0,velocity,rad/s,J1,4,0.0140171954408288,5.518004894256592
analytical,1.0,velocity,rad/s,J1,5,0.0545683279633522,2.62711238861084
analytical,1.0,velocity,rad/s,J1,6,0.013838174752891064,5.942473411560059
analytical,1.0,velocity,rad/s,J1,7,0.015856320038437843,7.346948623657227
analytical,1.0,velocity,rad/s,J1,8,0.041963912546634674,9.26115608215332
analytical,1.0,velocity,rad/s,J1,9,0.010526235215365887,6.249454498291016
analytical,1.0,velocity,rad/s,J1,10,0.024402247741818428,9.086359977722168
analytical,1.0,velocity,rad/s,J1,11,0.021017061546444893,1.87992525100708
analytical,1.0,velocity,rad/s,J1,12,0.03147419914603233,5.061312198638916
analytical,1.0,velocity,rad/s,J1,13,0.0413815937936306,6.084648132324219
analytical,1.0,velocity,rad/s,J1,14,0.03465455025434494,5.4545464515686035
analytical,1.0,velocity,rad/s,J1,15,0.01612800918519497,2.6069846153259277
analytical,1.0,velocity,rad/s,J1,16,0.04942852631211281,9.75954532623291
analytical,1.0,velocity,rad/s,J1,17,0.03617524355649948,7.368175506591797
analytical,1.0,velocity,rad/s,J1,18,0.009272211231291294,5.173842430114746
analytical,1.0,velocity,rad/s,J1,19,0.019668472930788994,8.439424514770508
analytical,1.0,velocity,rad/s,J1,20,0.02360493689775467,6.122062683105469
analytical,1.0,velocity,rad/s,J1,21,0.06005853787064552,4.145575523376465
analytical,1.0,velocity,rad/s,J1,22,0.013140100985765457,10.7615327835083
analytical,1.0,velocity,rad/s,J1,23,0.030455708503723145,8.723807334899902
analytical,1.0,velocity,rad/s,J1,24,0.014332371763885021,6.306033611297607
analytical,1.0,velocity,rad/s,J1,25,0.01828634738922119,9.392006874084473
analytical,1.0,velocity,rad/s,J1,26,0.05921980366110802,4.439943790435791
analytical,1.0,velocity,rad/s,J1,27,0.017236150801181793,3.2431774139404297
analytical,1.0,velocity,rad/s,J1,28,0.03758561238646507,3.822664976119995
analytical,1.0,velocity,rad/s,J1,29,0.023642919957637787,7.956925392150879
analytical,1.0,velocity,rad/s,J1,30,0.027701498940587044,4.259909629821777
analytical,1.0,velocity,rad/s,J1,31,0.05895323306322098,5.0638813972473145
analytical,1.0,velocity,rad/s,J1,32,0.05586514249444008,4.609987258911133
analytical,1.0,velocity,rad/s,J1,33,0.014695389196276665,10.665092468261719
analytical,1.0,velocity,rad/s,J1,34,0.020231977105140686,8.476156234741211
analytical,1.0,velocity,rad/s,J1,35,0.010940336622297764,8.325357437133789
analytical,1.0,velocity,rad/s,J1,36,0.011243402026593685,6.5985236167907715
analytical,1.0,velocity,rad/s,J1,37,0.03330681473016739,11.121357917785645
analytical,1.0,velocity,rad/s,J1,38,0.0677424967288971,4.328121185302734
analytical,1.0,velocity,rad/s,J1,39,0.028825273737311363,9.036704063415527
analytical,1.0,velocity,rad/s,J1,40,0.0171829666942358,4.419891357421875
analytical,1.0,velocity,rad/s,J1,41,0.0386287160217762,10.292908668518066
analytical,1.0,velocity,rad/s,J1,42,0.05391424521803856,5.750857353210449
analytical,1.0,velocity,rad/s,J1,43,0.018811428919434547,10.41882038116455
analytical,1.0,velocity,rad/s,J1,44,0.016766803339123726,8.510483741760254
analytical,1.0,velocity,rad/s,J1,45,0.01437228824943304,4.785436153411865
analytical,1.0,velocity,rad/s,J1,46,0.05034900829195976,9.938586235046387
analytical,1.0,velocity,rad/s,J1,47,0.016120173037052155,4.461535453796387
analytical,1.0,velocity,rad/s,J1,48,0.08932159096002579,5.818512439727783
analytical,1.0,velocity,rad/s,J1,49,0.038757506757974625,2.1629014015197754
analytical,1.0,velocity,rad/s,J2,0,0.04789953678846359,1.413741111755371
analytical,1.0,velocity,rad/s,J2,1,0.07204161584377289,4.690762042999268
analytical,1.0,velocity,rad/s,J2,2,0.09578317403793335,1.7044990062713623
analytical,1.0,velocity,rad/s,J2,3,0.1628972887992859,3.0707907676696777
analytical,1.0,velocity,rad/s,J2,4,0.031157638877630234,2.3404669761657715
analytical,1.0,velocity,rad/s,J2,5,0.13226532936096191,1.9093598127365112
analytical,1.0,velocity,rad/s,J2,6,0.029374297708272934,2.5189692974090576
analytical,1.0,velocity,rad/s,J2,7,0.036773551255464554,3.088096857070923
analytical,1.0,velocity,rad/s,J2,8,0.10019853711128235,3.9286422729492188
analytical,1.0,velocity,rad/s,J2,9,0.02090795710682869,2.584221124649048
analytical,1.0,velocity,rad/s,J2,10,0.05753746256232262,3.800121545791626
analytical,1.0,velocity,rad/s,J2,11,0.04789778217673302,1.014434814453125
analytical,1.0,velocity,rad/s,J2,12,0.07575603574514389,2.3386049270629883
analytical,1.0,velocity,rad/s,J2,13,0.10107769817113876,2.786602735519409
analytical,1.0,velocity,rad/s,J2,14,0.08144889026880264,2.506361246109009
analytical,1.0,velocity,rad/s,J2,15,0.02135494165122509,1.0634570121765137
analytical,1.0,velocity,rad/s,J2,16,0.11775762587785721,4.117349624633789
analytical,1.0,velocity,rad/s,J2,17,0.08800439536571503,3.2141549587249756
analytical,1.0,velocity,rad/s,J2,18,0.010071557015180588,2.1435399055480957
analytical,1.0,velocity,rad/s,J2,19,0.04889589175581932,3.5590639114379883
analytical,1.0,velocity,rad/s,J2,20,0.05172017961740494,2.572244644165039
analytical,1.0,velocity,rad/s,J2,21,0.14350324869155884,2.250054359436035
analytical,1.0,velocity,rad/s,J2,22,0.03080560453236103,4.408280372619629
analytical,1.0,velocity,rad/s,J2,23,0.07241816073656082,3.6467063426971436
analytical,1.0,velocity,rad/s,J2,24,0.03359110653400421,2.6020615100860596
analytical,1.0,velocity,rad/s,J2,25,0.04364696890115738,3.9285728931427
analytical,1.0,velocity,rad/s,J2,26,0.14315500855445862,2.5256359577178955
analytical,1.0,velocity,rad/s,J2,27,0.034263599663972855,1.398797631263733
analytical,1.0,velocity,rad/s,J2,28,0.0915515124797821,1.9577580690383911
analytical,1.0,velocity,rad/s,J2,29,0.057200606912374496,3.4379725456237793
analytical,1.0,velocity,rad/s,J2,30,0.06823282688856125,1.9045969247817993
analytical,1.0,velocity,rad/s,J2,31,0.1395890861749649,2.694136142730713
analytical,1.0,velocity,rad/s,J2,32,0.13245388865470886,2.358555316925049
analytical,1.0,velocity,rad/s,J2,33,0.035188138484954834,4.415419578552246
analytical,1.0,velocity,rad/s,J2,34,0.049244191497564316,3.4969635009765625
analytical,1.0,velocity,rad/s,J2,35,0.027473608031868935,3.4882330894470215
analytical,1.0,velocity,rad/s,J2,36,0.021730896085500717,2.7219862937927246
analytical,1.0,velocity,rad/s,J2,37,0.07837098091840744,4.603871822357178
analytical,1.0,velocity,rad/s,J2,38,0.16123703122138977,2.2997138500213623
analytical,1.0,velocity,rad/s,J2,39,0.0701553151011467,3.873183488845825
analytical,1.0,velocity,rad/s,J2,40,0.03412938117980957,1.8888092041015625
analytical,1.0,velocity,rad/s,J2,41,0.09206922352313995,4.292708396911621
analytical,1.0,velocity,rad/s,J2,42,0.12940292060375214,2.854922294616699
analytical,1.0,velocity,rad/s,J2,43,0.04443088546395302,4.2991228103637695
analytical,1.0,velocity,rad/s,J2,44,0.039892323315143585,3.4744625091552734
analytical,1.0,velocity,rad/s,J2,45,0.02488044835627079,1.9825986623764038
analytical,1.0,velocity,rad/s,J2,46,0.11922792345285416,4.269870281219482
analytical,1.0,velocity,rad/s,J2,47,0.030358949676156044,1.886354684829712
analytical,1.0,velocity,rad/s,J2,48,0.2120138257741928,3.1001551151275635
analytical,1.0,velocity,rad/s,J2,49,0.0910770446062088,1.3040658235549927
analytical,1.0,acceleration,rad/s^2,J1,0,0.11796071380376816,3.121772527694702
analytical,1.0,acceleration,rad/s^2,J1,1,0.19598929584026337,11.241995811462402
analytical,1.0,acceleration,rad/s^2,J1,2,0.21125568449497223,3.2813501358032227
analytical,1.0,acceleration,rad/s^2,J1,3,0.4007764160633087,6.275132179260254
analytical,1.0,acceleration,rad/s^2,J1,4,0.09273692220449448,5.518004894256592
analytical,1.0,acceleration,rad/s^2,J1,5,0.2994872033596039,2.62711238861084
analytical,1.0,acceleration,rad/s^2,J1,6,0.08828317373991013,5.942473411560059
analytical,1.0,acceleration,rad/s^2,J1,7,0.10845517367124557,7.346948623657227
analytical,1.0,acceleration,rad/s^2,J1,8,0.23929321765899658,9.26115608215332
analytical,1.0,acceleration,rad/s^2,J1,9,0.08118344098329544,6.249454498291016
analytical,1.0,acceleration,rad/s^2,J1,10,0.15670166909694672,9.086359977722168
analytical,1.0,acceleration,rad/s^2,J1,11,0.11739994585514069,1.87992525100708
analytical,1.0,acceleration,rad/s^2,J1,12,0.17709334194660187,5.061312198638916
analytical,1.0,acceleration,rad/s^2,J1,13,0.2354600876569748,6.084648132324219
analytical,1.0,acceleration,rad/s^2,J1,14,0.1841086745262146,5.4545464515686035
analytical,1.0,acceleration,rad/s^2,J1,15,0.07056298851966858,2.6069846153259277
analytical,1.0,acceleration,rad/s^2,J1,16,0.27864789962768555,9.75954532623291
analytical,1.0,acceleration,rad/s^2,J1,17,0.2150719165802002,7.368175506591797
analytical,1.0,acceleration,rad/s^2,J1,18,0.06018884852528572,5.173842430114746
analytical,1.0,acceleration,rad/s^2,J1,19,0.14092017710208893,8.439424514770508
analytical,1.0,acceleration,rad/s^2,J1,20,0.14369474351406097,6.122062683105469
analytical,1.0,acceleration,rad/s^2,J1,21,0.3368879556655884,4.145575523376465
analytical,1.0,acceleration,rad/s^2,J1,22,0.12092113494873047,10.7615327835083
analytical,1.0,acceleration,rad/s^2,J1,23,0.18935632705688477,8.723807334899902
analytical,1.0,acceleration,rad/s^2,J1,24,0.09972815960645676,6.306033611297607
analytical,1.0,acceleration,rad/s^2,J1,25,0.13292187452316284,9.392006874084473
analytical,1.0,acceleration,rad/s^2,J1,26,0.3390843868255615,4.439943790435791
analytical,1.0,acceleration,rad/s^2,J1,27,0.0898839682340622,3.2431774139404297
analytical,1.0,acceleration,rad/s^2,J1,28,0.19986744225025177,3.822664976119995
analytical,1.0,acceleration,rad/s^2,J1,29,0.15649423003196716,7.956925392150879
analytical,1.0,acceleration,rad/s^2,J1,30,0.15774191915988922,4.259909629821777
analytical,1.0,acceleration,rad/s^2,J1,31,0.35095274448394775,5.0638813972473145
analytical,1.0,acceleration,rad/s^2,J1,32,0.306869775056839,4.609987258911133
analytical,1.0,acceleration,rad/s^2,J1,33,0.12418367713689804,10.665092468261719
analytical,1.0,acceleration,rad/s^2,J1,34,0.14397373795509338,8.476156234741211
analytical,1.0,acceleration,rad/s^2,J1,35,0.10064934194087982,8.325357437133789
analytical,1.0,acceleration,rad/s^2,J1,36,0.08231567591428757,6.5985236167907715
analytical,1.0,acceleration,rad/s^2,J1,37,0.21676909923553467,11.121357917785645
analytical,1.0,acceleration,rad/s^2,J1,38,0.3894626200199127,4.328121185302734
analytical,1.0,acceleration,rad/s^2,J1,39,0.1882704198360443,9.036704063415527
analytical,1.0,acceleration,rad/s^2,J1,40,0.10354234278202057,4.419891357421875
analytical,1.0,acceleration,rad/s^2,J1,41,0.23426495492458344,10.292908668518066
analytical,1.0,acceleration,rad/s^2,J1,42,0.29544737935066223,5.750857353210449
analytical,1.0,acceleration,rad/s^2,J1,43,0.1462116688489914,10.41882038116455
analytical,1.0,acceleration,rad/s^2,J1,44,0.12614881992340088,8.510483741760254
analytical,1.0,acceleration,rad/s^2,J1,45,0.08546366542577744,4.785436153411865
analytical,1.0,acceleration,rad/s^2,J1,46,0.28553977608680725,9.938586235046387
analytical,1.0,acceleration,rad/s^2,J1,47,0.08815456181764603,4.461535453796387
analytical,1.0,acceleration,rad/s^2,J1,48,0.5371939539909363,5.818512439727783
analytical,1.0,acceleration,rad/s^2,J1,49,0.20477861166000366,2.1629014015197754
analytical,1.0,acceleration,rad/s^2,J2,0,0.2709980010986328,1.413741111755371
analytical,1.0,acceleration,rad/s^2,J2,1,0.45474687218666077,4.690762042999268
analytical,1.0,acceleration,rad/s^2,J2,2,0.5081636905670166,1.7044990062713623
analytical,1.0,acceleration,rad/s^2,J2,3,0.9429207444190979,3.0707907676696777
analytical,1.0,acceleration,rad/s^2,J2,4,0.21135593950748444,2.3404669761657715
analytical,1.0,acceleration,rad/s^2,J2,5,0.718819797039032,1.9093598127365112
analytical,1.0,acceleration,rad/s^2,J2,6,0.19536955654621124,2.5189692974090576
analytical,1.0,acceleration,rad/s^2,J2,7,0.24554605782032013,3.088096857070923
analytical,1.0,acceleration,rad/s^2,J2,8,0.5661633610725403,3.9286422729492188
analytical,1.0,acceleration,rad/s^2,J2,9,0.17191150784492493,2.584221124649048
analytical,1.0,acceleration,rad/s^2,J2,10,0.36239710450172424,3.800121545791626
analytical,1.0,acceleration,rad/s^2,J2,11,0.2862832546234131,1.014434814453125
analytical,1.0,acceleration,rad/s^2,J2,12,0.41245734691619873,2.3386049270629883
analytical,1.0,acceleration,rad/s^2,J2,13,0.5563392043113708,2.786602735519409
analytical,1.0,acceleration,rad/s^2,J2,14,0.43680596351623535,2.506361246109009
analytical,1.0,acceleration,rad/s^2,J2,15,0.12511929869651794,1.0634570121765137
analytical,1.0,acceleration,rad/s^2,J2,16,0.6602252125740051,4.117349624633789
analytical,1.0,acceleration,rad/s^2,J2,17,0.5034611821174622,3.2141549587249756
analytical,1.0,acceleration,rad/s^2,J2,18,0.1133507639169693,2.1435399055480957
analytical,1.0,acceleration,rad/s^2,J2,19,0.3224942982196808,3.5590639114379883
analytical,1.0,acceleration,rad/s^2,J2,20,0.33157724142074585,2.572244644165039
analytical,1.0,acceleration,rad/s^2,J2,21,0.803581953048706,2.250054359436035
analytical,1.0,acceleration,rad/s^2,J2,22,0.2651498317718506,4.408280372619629
analytical,1.0,acceleration,rad/s^2,J2,23,0.44390416145324707,3.6467063426971436
analytical,1.0,acceleration,rad/s^2,J2,24,0.22214974462985992,2.6020615100860596
analytical,1.0,acceleration,rad/s^2,J2,25,0.2979285717010498,3.9285728931427
analytical,1.0,acceleration,rad/s^2,J2,26,0.8146375417709351,2.5256359577178955
analytical,1.0,acceleration,rad/s^2,J2,27,0.1963651478290558,1.398797631263733
analytical,1.0,acceleration,rad/s^2,J2,28,0.483549565076828,1.9577580690383911
analytical,1.0,acceleration,rad/s^2,J2,29,0.36069032549858093,3.4379725456237793
analytical,1.0,acceleration,rad/s^2,J2,30,0.373485803604126,1.9045969247817993
analytical,1.0,acceleration,rad/s^2,J2,31,0.825621485710144,2.694136142730713
analytical,1.0,acceleration,rad/s^2,J2,32,0.7218096256256104,2.358555316925049
analytical,1.0,acceleration,rad/s^2,J2,33,0.2776365876197815,4.415419578552246
analytical,1.0,acceleration,rad/s^2,J2,34,0.3307610750198364,3.4969635009765625
analytical,1.0,acceleration,rad/s^2,J2,35,0.22218210995197296,3.4882330894470215
analytical,1.0,acceleration,rad/s^2,J2,36,0.17079070210456848,2.7219862937927246
analytical,1.0,acceleration,rad/s^2,J2,37,0.5069660544395447,4.603871822357178
analytical,1.0,acceleration,rad/s^2,J2,38,0.9266017079353333,2.2997138500213623
analytical,1.0,acceleration,rad/s^2,J2,39,0.43664437532424927,3.873183488845825
analytical,1.0,acceleration,rad/s^2,J2,40,0.22446240484714508,1.8888092041015625
analytical,1.0,acceleration,rad/s^2,J2,41,0.5506406426429749,4.292708396911621
analytical,1.0,acceleration,rad/s^2,J2,42,0.6963118314743042,2.854922294616699
analytical,1.0,acceleration,rad/s^2,J2,43,0.32954421639442444,4.2991228103637695
analytical,1.0,acceleration,rad/s^2,J2,44,0.2866557538509369,3.4744625091552734
analytical,1.0,acceleration,rad/s^2,J2,45,0.1794566959142685,1.9825986623764038
analytical,1.0,acceleration,rad/s^2,J2,46,0.6724938750267029,4.269870281219482
analytical,1.0,acceleration,rad/s^2,J2,47,0.19002129137516022,1.886354684829712
analytical,1.0,acceleration,rad/s^2,J2,48,1.280287265777588,3.1001551151275635
analytical,1.0,acceleration,rad/s^2,J2,49,0.491859495639801,1.3040658235549927
analytical,2.5,angle,rad,J1,0,0.003908733371645212,3.121772527694702
analytical,2.5,angle,rad,J1,1,0.006279002875089645,11.241995811462402
analytical,2.5,angle,rad,J1,2,0.006063403561711311,3.2813501358032227
analytical,2.5,angle,rad,J1,3,0.012060879729688168,6.275132179260254
analytical,2.5,angle,rad,J1,4,0.003196651814505458,5.518004894256592
analytical,2.5,angle,rad,J1,5,0.008172661066055298,2.62711238861084
analytical,2.5,angle,rad,J1,6,0.002572769997641444,5.942473411560059
analytical,2.5,angle,rad,J1,7,0.0040602246299386024,7.346948623657227
analytical,2.5,angle,rad,J1,8,0.00759234419092536,9.26115608215332
analytical,2.5,angle,rad,J1,9,0.001573470770381391,6.249454498291016
analytical,2.5,angle,rad,J1,10,0.0037542195059359074,9.086359977722168
analytical,2.5,angle,rad,J1,11,0.0033054491505026817,1.87992525100708
analytical,2.5,angle,rad,J1,12,0.004568583332002163,5.061312198638916
analytical,2.5,angle,rad,J1,13,0.0077887848019599915,6.084648132324219
analytical,2.5,angle,rad,J1,14,0.004177931696176529,5.4545464515686035
analytical,2.5,angle,rad,J1,15,0.0026882283855229616,2.6069846153259277
analytical,2.5,angle,rad,J1,16,0.010170758701860905,9.75954532623291
analytical,2.5,angle,rad,J1,17,0.007851106114685535,7.368175506591797
analytical,2.5,angle,rad,J1,18,0.0007330300868488848,5.173842430114746
analytical,2.5,angle,rad,J1,19,0.0038662634324282408,8.439424514770508
analytical,2.5,angle,rad,J1,20,0.00468406593427062,6.122062683105469
analytical,2.5,angle,rad,J1,21,0.009444844909012318,4.145575523376465
analytical,2.5,angle,rad,J1,22,0.003998677246272564,10.7615327835083
analytical,2.5,angle,rad,J1,23,0.00659625930711627,8.723807334899902
analytical,2.5,angle,rad,J1,24,0.0032087641302496195,6.306033611297607
analytical,2.5,angle,rad,J1,25,0.0032735061831772327,9.392006874084473
analytical,2.5,angle,rad,J1,26,0.010102919302880764,4.439943790435791
analytical,2.5,angle,rad,J1,27,0.002332167699933052,3.2431774139404297
analytical,2.5,angle,rad,J1,28,0.005436317063868046,3.822664976119995
analytical,2.5,angle,rad,J1,29,0.004785608500242233,7.956925392150879
analytical,2.5,angle,rad,J1,30,0.005005581770092249,4.259909629821777
analytical,2.5,angle,rad,J1,31,0.009022717364132404,5.0638813972473145
analytical,2.5,angle,rad,J1,32,0.00821201503276825,4.609987258911133
analytical,2.5,angle,rad,J1,33,0.003735635429620743,10.665092468261719
analytical,2.5,angle,rad,J1,34,0.005543319974094629,8.476156234741211
analytical,2.5,angle,rad,J1,35,0.002414766466245055,8.325357437133789
analytical,2.5,angle,rad,J1,36,0.0035816773306578398,6.5985236167907715
analytical,2.5,angle,rad,J1,37,0.006189982406795025,11.121357917785645
analytical,2.5,angle,rad,J1,38,0.012519950047135353,4.328121185302734
analytical,2.5,angle,rad,J1,39,0.00742332125082612,9.036704063415527
analytical,2.5,angle,rad,J1,40,0.0023971942719072104,4.419891357421875
analytical,2.5,angle,rad,J1,41,0.009848053567111492,10.292908668518066
analytical,2.5,angle,rad,J1,42,0.009491006843745708,5.750857353210449
analytical,2.5,angle,rad,J1,43,0.00585628766566515,10.41882038116455
analytical,2.5,angle,rad,J1,44,0.004046426620334387,8.510483741760254
analytical,2.5,angle,rad,J1,45,0.0015330532332882285,4.785436153411865
analytical,2.5,angle,rad,J1,46,0.012382770888507366,9.938586235046387
analytical,2.5,angle,rad,J1,47,0.002288995310664177,4.461535453796387
analytical,2.5,angle,rad,J1,48,0.017376402392983437,5.818512439727783
analytical,2.5,angle,rad,J1,49,0.006227253004908562,2.1629014015197754
analytical,2.5,angle,rad,J2,0,0.009073871187865734,1.413741111755371
analytical,2.5,angle,rad,J2,1,0.014856376685202122,4.690762042999268
analytical,2.5,angle,rad,J2,2,0.014621027745306492,1.7044990062713623
analytical,2.5,angle,rad,J2,3,0.028544088825583458,3.0707907676696777
analytical,2.5,angle,rad,J2,4,0.007728815544396639,2.3404669761657715
analytical,2.5,angle,rad,J2,5,0.019623292610049248,1.9093598127365112
analytical,2.5,angle,rad,J2,6,0.005685166455805302,2.5189692974090576
analytical,2.5,angle,rad,J2,7,0.008848566561937332,3.088096857070923
analytical,2.5,angle,rad,J2,8,0.018165305256843567,3.9286422729492188
analytical,2.5,angle,rad,J2,9,0.003810518654063344,2.584221124649048
analytical,2.5,angle,rad,J2,10,0.008805235847830772,3.800121545791626
analytical,2.5,angle,rad,J2,11,0.007844027131795883,1.014434814453125
analytical,2.5,angle,rad,J2,12,0.010969312861561775,2.3386049270629883
analytical,2.5,angle,rad,J2,13,0.01870604418218136,2.786602735519409
analytical,2.5,angle,rad,J2,14,0.00954401958733797,2.506361246109009
analytical,2.5,angle,rad,J2,15,0.0036180606111884117,1.0634570121765137
analytical,2.5,angle,rad,J2,16,0.024094579741358757,4.117349624633789
analytical,2.5,angle,rad,J2,17,0.01848803088068962,3.2141549587249756
analytical,2.5,angle,rad,J2,18,0.001141433254815638,2.1435399055480957
analytical,2.5,angle,rad,J2,19,0.009083145298063755,3.5590639114379883
analytical,2.5,angle,rad,J2,20,0.011402486823499203,2.572244644165039
analytical,2.5,angle,rad,J2,21,0.022061141207814217,2.250054359436035
analytical,2.5,angle,rad,J2,22,0.00880483165383339,4.408280372619629
analytical,2.5,angle,rad,J2,23,0.015433775261044502,3.6467063426971436
analytical,2.5,angle,rad,J2,24,0.0076903379522264,2.6020615100860596
analytical,2.5,angle,rad,J2,25,0.007244553882628679,3.9285728931427
analytical,2.5,angle,rad,J2,26,0.02386283688247204,2.5256359577178955
analytical,2.5,angle,rad,J2,27,0.0051068817265331745,1.398797631263733
analytical,2.5,angle,rad,J2,28,0.013086671940982342,1.9577580690383911
analytical,2.5,angle,rad,J2,29,0.010564517229795456,3.4379725456237793
analytical,2.5,angle,rad,J2,30,0.012012596242129803,1.9045969247817993
analytical,2.5,angle,rad,J2,31,0.021216224879026413,2.694136142730713
analytical,2.5,angle,rad,J2,32,0.019772455096244812,2.358555316925049
analytical,2.5,angle,rad,J2,33,0.008559505455195904,4.415419578552246
analytical,2.5,angle,rad,J2,34,0.013355244882404804,3.4969635009765625
analytical,2.5,angle,rad,J2,35,0.004778171889483929,3.4882330894470215
analytical,2.5,angle,rad,J2,36,0.008807117119431496,2.7219862937927246
analytical,2.5,angle,rad,J2,37,0.014457592740654945,4.603871822357178
analytical,2.5,angle,rad,J2,38,0.02967182546854019,2.2997138500213623
analytical,2.5,angle,rad,J2,39,0.01771346852183342,3.873183488845825
analytical,2.5,angle,rad,J2,40,0.00572233647108078,1.8888092041015625
analytical,2.5,angle,rad,J2,41,0.023494018241763115,4.292708396911621
analytical,2.5,angle,rad,J2,42,0.02208000235259533,2.854922294616699
analytical,2.5,angle,rad,J2,43,0.013514317572116852,4.2991228103637695
analytical,2.5,angle,rad,J2,44,0.010087544098496437,3.4744625091552734
analytical,2.5,angle,rad,J2,45,0.003270191140472889,1.9825986623764038
analytical,2.5,angle,rad,J2,46,0.02969352900981903,4.269870281219482
analytical,2.5,angle,rad,J2,47,0.005217550788074732,1.886354684829712
analytical,2.5,angle,rad,J2,48,0.04169369116425514,3.1001551151275635
analytical,2.5,angle,rad,J2,49,0.014715433120727539,1.3040658235549927
analytical,2.5,velocity,rad/s,J1,0,0.022270677611231804,3.121772527694702
analytical,2.5,velocity,rad/s,J1,1,0.034932736307382584,11.241995811462402
analytical,2.5,velocity,rad/s,J1,2,0.036416418850421906,3.2813501358032227
analytical,2.5,velocity,rad/s,J1,3,0.06913899630308151,6.275132179260254
analytical,2.5,velocity,rad/s,J1,4,0.01813025213778019,5.518004894256592
analytical,2.5,velocity,rad/s,J1,5,0.0477859303355217,2.62711238861084
analytical,2.5,velocity,rad/s,J1,6,0.014071649871766567,5.942473411560059
analytical,2.5,velocity,rad/s,J1,7,0.02245032601058483,7.346948623657227
analytical,2.5,velocity,rad/s,J1,8,0.046893782913684845,9.26115608215332
analytical,2.5,velocity,rad/s,J1,9,0.008141140453517437,6.249454498291016
analytical,2.5,velocity,rad/s,J1,10,0.023906370624899864,9.086359977722168
analytical,2.5,velocity,rad/s,J1,11,0.017366629093885422,1.87992525100708
analytical,2.5,velocity,rad/s,J1,12,0.025976547971367836,5.061312198638916
analytical,2.5,velocity,rad/s,J1,13,0.04713660478591919,6.084648132324219
analytical,2.5,velocity,rad/s,J1,14,0.024907460436224937,5.4545464515686035
analytical,2.5,velocity,rad/s,J1,15,0.01040429063141346,2.6069846153259277
analytical,2.5,velocity,rad/s,J1,16,0.06382600218057632,9.75954532623291
analytical,2.5,velocity,rad/s,J1,17,0.0455830954015255,7.368175506591797
analytical,2.5,velocity,rad/s,J1,18,0.0034221988171339035,5.173842430114746
analytical,2.5,velocity,rad/s,J1,19,0.022575823590159416,8.439424514770508
analytical,2.5,velocity,rad/s,J1,20,0.025443753227591515,6.122062683105469
analytical,2.5,velocity,rad/s,J1,21,0.05228788033127785,4.145575523376465
analytical,2.5,velocity,rad/s,J1,22,0.022835206240415573,10.7615327835083
analytical,2.5,velocity,rad/s,J1,23,0.03859087824821472,8.723807334899902
analytical,2.5,velocity,rad/s,J1,24,0.01822865568101406,6.306033611297607
analytical,2.5,velocity,rad/s,J1,25,0.01808459311723709,9.392006874084473
analytical,2.5,velocity,rad/s,J1,26,0.05649428069591522,4.439943790435791
analytical,2.5,velocity,rad/s,J1,27,0.013430221006274223,3.2431774139404297
analytical,2.5,velocity,rad/s,J1,28,0.03391661494970322,3.822664976119995
analytical,2.5,velocity,rad/s,J1,29,0.02506854571402073,7.956925392150879
analytical,2.5,velocity,rad/s,J1,30,0.029983270913362503,4.259909629821777
analytical,2.5,velocity,rad/s,J1,31,0.048842739313840866,5.0638813972473145
analytical,2.5,velocity,rad/s,J1,32,0.049176957458257675,4.609987258911133
analytical,2.5,velocity,rad/s,J1,33,0.021167786791920662,10.665092468261719
analytical,2.5,velocity,rad/s,J1,34,0.03137904033064842,8.476156234741211
analytical,2.5,velocity,rad/s,J1,35,0.011419645510613918,8.325357437133789
analytical,2.5,velocity,rad/s,J1,36,0.021610917523503304,6.5985236167907715
analytical,2.5,velocity,rad/s,J1,37,0.034892283380031586,11.121357917785645
analytical,2.5,velocity,rad/s,J1,38,0.06863950937986374,4.328121185302734
analytical,2.5,velocity,rad/s,J1,39,0.0406220443546772,9.036704063415527
analytical,2.5,velocity,rad/s,J1,40,0.012754490599036217,4.419891357421875
analytical,2.5,velocity,rad/s,J1,41,0.058182913810014725,10.292908668518066
analytical,2.5,velocity,rad/s,J1,42,0.054976820945739746,5.750857353210449
analytical,2.5,velocity,rad/s,J1,43,0.03279766067862511,10.41882038116455
analytical,2.5,velocity,rad/s,J1,44,0.02334408462047577,8.510483741760254
analytical,2.5,velocity,rad/s,J1,45,0.007025012746453285,4.785436153411865
analytical,2.5,velocity,rad/s,J1,46,0.07705120742321014,9.938586235046387
analytical,2.5,velocity,rad/s,J1,47,0.01381074171513319,4.461535453796387
analytical,2.5,velocity,rad/s,J1,48,0.09300601482391357,5.818512439727783
analytical,2.5,velocity,rad/s,J1,49,0.035999514162540436,2.1629014015197754
analytical,2.5,velocity,rad/s,J2,0,0.05339999496936798,1.413741111755371
analytical,2.5,velocity,rad/s,J2,1,0.08201149106025696,4.690762042999268
analytical,2.5,velocity,rad/s,J2,2,0.08720745146274567,1.7044990062713623
analytical,2.5,velocity,rad/s,J2,3,0.1643446534872055,3.0707907676696777
analytical,2.5,velocity,rad/s,J2,4,0.044412918388843536,2.3404669761657715
analytical,2.5,velocity,rad/s,J2,5,0.11428014934062958,1.9093598127365112
analytical,2.5,velocity,rad/s,J2,6,0.03360223025083542,2.5189692974090576
analytical,2.5,velocity,rad/s,J2,7,0.053214218467473984,3.088096857070923
analytical,2.5,velocity,rad/s,J2,8,0.11179785430431366,3.9286422729492188
analytical,2.5,velocity,rad/s,J2,9,0.019887885078787804,2.584221124649048
analytical,2.5,velocity,rad/s,J2,10,0.05635202303528786,3.800121545791626
analytical,2.5,velocity,rad/s,J2,11,0.04249771311879158,1.014434814453125
analytical,2.5,velocity,rad/s,J2,12,0.06313173472881317,2.3386049270629883
analytical,2.5,velocity,rad/s,J2,13,0.11359991878271103,2.786602735519409
analytical,2.5,velocity,rad/s,J2,14,0.0593651682138443,2.506361246109009
analytical,2.5,velocity,rad/s,J2,15,0.02172999456524849,1.0634570121765137
analytical,2.5,velocity,rad/s,J2,16,0.15047071874141693,4.117349624633789
analytical,2.5,velocity,rad/s,J2,17,0.10820101201534271,3.2141549587249756
analytical,2.5,velocity,rad/s,J2,18,0.006534077227115631,2.1435399055480957
analytical,2.5,velocity,rad/s,J2,19,0.05464142560958862,3.5590639114379883
analytical,2.5,velocity,rad/s,J2,20,0.06094114109873772,2.572244644165039
analytical,2.5,velocity,rad/s,J2,21,0.12470763921737671,2.250054359436035
analytical,2.5,velocity,rad/s,J2,22,0.05380450189113617,4.408280372619629
analytical,2.5,velocity,rad/s,J2,23,0.0918538048863411,3.6467063426971436
analytical,2.5,velocity,rad/s,J2,24,0.04424970597028732,2.6020615100860596
analytical,2.5,velocity,rad/s,J2,25,0.042321715503931046,3.9285728931427
analytical,2.5,velocity,rad/s,J2,26,0.1345820277929306,2.5256359577178955
analytical,2.5,velocity,rad/s,J2,27,0.032520733773708344,1.398797631263733
analytical,2.5,velocity,rad/s,J2,28,0.08119870722293854,1.9577580690383911
analytical,2.5,velocity,rad/s,J2,29,0.05780830606818199,3.4379725456237793
analytical,2.5,velocity,rad/s,J2,30,0.07221270352602005,1.9045969247817993
analytical,2.5,velocity,rad/s,J2,31,0.11588171124458313,2.694136142730713
analytical,2.5,velocity,rad/s,J2,32,0.11798050999641418,2.358555316925049
analytical,2.5,velocity,rad/s,J2,33,0.05103079602122307,4.415419578552246
analytical,2.5,velocity,rad/s,J2,34,0.07606548815965652,3.4969635009765625
analytical,2.5,velocity,rad/s,J2,35,0.026042334735393524,3.4882330894470215
analytical,2.5,velocity,rad/s,J2,36,0.05320685729384422,2.7219862937927246
analytical,2.5,velocity,rad/s,J2,37,0.08110455423593521,4.603871822357178
analytical,2.5,velocity,rad/s,J2,38,0.16430041193962097,2.2997138500213623
analytical,2.5,velocity,rad/s,J2,39,0.09902718663215637,3.873183488845825
analytical,2.5,velocity,rad/s,J2,40,0.030132252722978592,1.8888092041015625
analytical,2.5,velocity,rad/s,J2,41,0.13941740989685059,4.292708396911621
analytical,2.5,velocity,rad/s,J2,42,0.13002680242061615,2.854922294616699
analytical,2.5,velocity,rad/s,J2,43,0.07825886458158493,4.2991228103637695
analytical,2.5,velocity,rad/s,J2,44,0.05667145922780037,3.4744625091552734
analytical,2.5,velocity,rad/s,J2,45,0.01696598343551159,1.9825986623764038
analytical,2.5,velocity,rad/s,J2,46,0.18412138521671295,4.269870281219482
analytical,2.5,velocity,rad/s,J2,47,0.03287532180547714,1.886354684829712
analytical,2.5,velocity,rad/s,J2,48,0.2232038527727127,3.1001551151275635
analytical,2.5,velocity,rad/s,J2,49,0.08564390987157822,1.3040658235549927
analytical,2.5,acceleration,rad/s^2,J1,0,0.14281924068927765,3.121772527694702
analytical,2.5,acceleration,rad/s^2,J1,1,0.293392151594162,11.241995811462402
analytical,2.5,acceleration,rad/s^2,J1,2,0.20595619082450867,3.2813501358032227
analytical,2.5,acceleration,rad/s^2,J1,3,0.4226190745830536,6.275132179260254
analytical,2.5,acceleration,rad/s^2,J1,4,0.16381679475307465,5.518004894256592
analytical,2.5,acceleration,rad/s^2,J1,5,0.2693324387073517,2.62711238861084
analytical,2.5,acceleration,rad/s^2,J1,6,0.14893300831317902,5.942473411560059
analytical,2.5,acceleration,rad/s^2,J1,7,0.19833196699619293,7.346948623657227
analytical,2.5,acceleration,rad/s^2,J1,8,0.31290358304977417,9.26115608215332
analytical,2.5,acceleration,rad/s^2,J1,9,0.14387819170951843,6.249454498291016
analytical,2.5,acceleration,rad/s^2,J1,10,0.22644704580307007,9.086359977722168
analytical,2.5,acceleration,rad/s^2,J1,11,0.11419790983200073,1.87992525100708
analytical,2.5,acceleration,rad/s^2,J1,12,0.1801285445690155,5.061312198638916
analytical,2.5,acceleration,rad/s^2,J1,13,0.28730541467666626,6.084648132324219
analytical,2.5,acceleration,rad/s^2,J1,14,0.17531222105026245,5.4545464515686035
analytical,2.5,acceleration,rad/s^2,J1,15,0.0812620222568512,2.6069846153259277
analytical,2.5,acceleration,rad/s^2,J1,16,0.3976852297782898,9.75954532623291
analytical,2.5,acceleration,rad/s^2,J1,17,0.2966153621673584,7.368175506591797
analytical,2.5,acceleration,rad/s^2,J1,18,0.11486847698688507,5.173842430114746
analytical,2.5,acceleration,rad/s^2,J1,19,0.21830050647258759,8.439424514770508
analytical,2.5,acceleration,rad/s^2,J1,20,0.203311488032341,6.122062683105469
analytical,2.5,acceleration,rad/s^2,J1,21,0.30379295349121094,4.145575523376465
analytical,2.5,acceleration,rad/s^2,J1,22,0.25268974900245667,10.7615327835083
analytical,2.5,acceleration,rad/s^2,J1,23,0.2821026146411896,8.723807334899902
analytical,2.5,acceleration,rad/s^2,J1,24,0.17014436423778534,6.306033611297607
analytical,2.5,acceleration,rad/s^2,J1,25,0.2160361409187317,9.392006874084473
analytical,2.5,acceleration,rad/s^2,J1,26,0.33498600125312805,4.439943790435791
analytical,2.5,acceleration,rad/s^2,J1,27,0.1048954576253891,3.2431774139404297
analytical,2.5,acceleration,rad/s^2,J1,28,0.19909486174583435,3.822664976119995
analytical,2.5,acceleration,rad/s^2,J1,29,0.2164240926504135,7.956925392150879
analytical,2.5,acceleration,rad/s^2,J1,30,0.1861361414194107,4.259909629821777
analytical,2.5,acceleration,rad/s^2,J1,31,0.307516485452652,5.0638813972473145
analytical,2.5,acceleration,rad/s^2,J1,32,0.2864260971546173,4.609987258911133
analytical,2.5,acceleration,rad/s^2,J1,33,0.24161331355571747,10.665092468261719
analytical,2.5,acceleration,rad/s^2,J1,34,0.25895804166793823,8.476156234741211
analytical,2.5,acceleration,rad/s^2,J1,35,0.180697962641716,8.325357437133789
analytical,2.5,acceleration,rad/s^2,J1,36,0.18715578317642212,6.5985236167907715
analytical,2.5,acceleration,rad/s^2,J1,37,0.30456650257110596,11.121357917785645
analytical,2.5,acceleration,rad/s^2,J1,38,0.4062616527080536,4.328121185302734
analytical,2.5,acceleration,rad/s^2,J1,39,0.2993973195552826,9.036704063415527
analytical,2.5,acceleration,rad/s^2,J1,40,0.12715180218219757,4.419891357421875
analytical,2.5,acceleration,rad/s^2,J1,41,0.38260796666145325,10.292908668518066
analytical,2.5,acceleration,rad/s^2,J1,42,0.31900137662887573,5.750857353210449
analytical,2.5,acceleration,rad/s^2,J1,43,0.2892117500305176,10.41882038116455
analytical,2.5,acceleration,rad/s^2,J1,44,0.22299858927726746,8.510483741760254
analytical,2.5,acceleration,rad/s^2,J1,45,0.11371517181396484,4.785436153411865
analytical,2.5,acceleration,rad/s^2,J1,46,0.46532976627349854,9.938586235046387
analytical,2.5,acceleration,rad/s^2,J1,47,0.12602348625659943,4.461535453796387
analytical,2.5,acceleration,rad/s^2,J1,48,0.5736793875694275,5.818512439727783
analytical,2.5,acceleration,rad/s^2,J1,49,0.19970257580280304,2.1629014015197754
analytical,2.5,acceleration,rad/s^2,J2,0,0.33090388774871826,1.413741111755371
analytical,2.5,acceleration,rad/s^2,J2,1,0.6621003150939941,4.690762042999268
analytical,2.5,acceleration,rad/s^2,J2,2,0.48740389943122864,1.7044990062713623
analytical,2.5,acceleration,rad/s^2,J2,3,0.9903921484947205,3.0707907676696777
analytical,2.5,acceleration,rad/s^2,J2,4,0.36841458082199097,2.3404669761657715
analytical,2.5,acceleration,rad/s^2,J2,5,0.6386289000511169,1.9093598127365112
analytical,2.5,acceleration,rad/s^2,J2,6,0.3263225853443146,2.5189692974090576
analytical,2.5,acceleration,rad/s^2,J2,7,0.44577980041503906,3.088096857070923
analytical,2.5,acceleration,rad/s^2,J2,8,0.725529670715332,3.9286422729492188
analytical,2.5,acceleration,rad/s^2,J2,9,0.3133290708065033,2.584221124649048
analytical,2.5,acceleration,rad/s^2,J2,10,0.5066139101982117,3.800121545791626
analytical,2.5,acceleration,rad/s^2,J2,11,0.271034836769104,1.014434814453125
analytical,2.5,acceleration,rad/s^2,J2,12,0.4129418432712555,2.3386049270629883
analytical,2.5,acceleration,rad/s^2,J2,13,0.6708309650421143,2.786602735519409
analytical,2.5,acceleration,rad/s^2,J2,14,0.39740899205207825,2.506361246109009
analytical,2.5,acceleration,rad/s^2,J2,15,0.17033877968788147,1.0634570121765137
analytical,2.5,acceleration,rad/s^2,J2,16,0.9273084998130798,4.117349624633789
analytical,2.5,acceleration,rad/s^2,J2,17,0.6864119172096252,3.2141549587249756
analytical,2.5,acceleration,rad/s^2,J2,18,0.24394065141677856,2.1435399055480957
analytical,2.5,acceleration,rad/s^2,J2,19,0.4847187399864197,3.5590639114379883
analytical,2.5,acceleration,rad/s^2,J2,20,0.46704548597335815,2.572244644165039
analytical,2.5,acceleration,rad/s^2,J2,21,0.7198259830474854,2.250054359436035
analytical,2.5,acceleration,rad/s^2,J2,22,0.5572699904441833,4.408280372619629
analytical,2.5,acceleration,rad/s^2,J2,23,0.6481612920761108,3.6467063426971436
analytical,2.5,acceleration,rad/s^2,J2,24,0.37988200783729553,2.6020615100860596
analytical,2.5,acceleration,rad/s^2,J2,25,0.4738736152648926,3.9285728931427
analytical,2.5,acceleration,rad/s^2,J2,26,0.7924814224243164,2.5256359577178955
analytical,2.5,acceleration,rad/s^2,J2,27,0.2312307059764862,1.398797631263733
analytical,2.5,acceleration,rad/s^2,J2,28,0.4668605625629425,1.9577580690383911
analytical,2.5,acceleration,rad/s^2,J2,29,0.48273980617523193,3.4379725456237793
analytical,2.5,acceleration,rad/s^2,J2,30,0.43345460295677185,1.9045969247817993
analytical,2.5,acceleration,rad/s^2,J2,31,0.7160835862159729,2.694136142730713
analytical,2.5,acceleration,rad/s^2,J2,32,0.6756468415260315,2.358555316925049
analytical,2.5,acceleration,rad/s^2,J2,33,0.5395020246505737,4.415419578552246
analytical,2.5,acceleration,rad/s^2,J2,34,0.5919997096061707,3.4969635009765625
analytical,2.5,acceleration,rad/s^2,J2,35,0.39325565099716187,3.4882330894470215
analytical,2.5,acceleration,rad/s^2,J2,36,0.4229068458080292,2.7219862937927246
analytical,2.5,acceleration,rad/s^2,J2,37,0.6885002851486206,4.603871822357178
analytical,2.5,acceleration,rad/s^2,J2,38,0.969367265701294,2.2997138500213623
analytical,2.5,acceleration,rad/s^2,J2,39,0.6876832246780396,3.873183488845825
analytical,2.5,acceleration,rad/s^2,J2,40,0.28267547488212585,1.8888092041015625
analytical,2.5,acceleration,rad/s^2,J2,41,0.891507089138031,4.292708396911621
analytical,2.5,acceleration,rad/s^2,J2,42,0.7433966994285583,2.854922294616699
analytical,2.5,acceleration,rad/s^2,J2,43,0.6545231342315674,4.2991228103637695
analytical,2.5,acceleration,rad/s^2,J2,44,0.5028875470161438,3.4744625091552734
analytical,2.5,acceleration,rad/s^2,J2,45,0.24395591020584106,1.9825986623764038
analytical,2.5,acceleration,rad/s^2,J2,46,1.093291163444519,4.269870281219482
analytical,2.5,acceleration,rad/s^2,J2,47,0.27631130814552307,1.886354684829712
analytical,2.5,acceleration,rad/s^2,J2,48,1.3669981956481934,3.1001551151275635
analytical,2.5,acceleration,rad/s^2,J2,49,0.4746132791042328,1.3040658235549927
analytical,5.0,angle,rad,J1,0,0.00476319482550025,3.121772527694702
analytical,5.0,angle,rad,J1,1,0.012545239180326462,11.241995811462402
analytical,5.0,angle,rad,J1,2,0.006425859872251749,3.2813501358032227
analytical,5.0,angle,rad,J1,3,0.019484538584947586,6.275132179260254
analytical,5.0,angle,rad,J1,4,0.005891112145036459,5.518004894256592
analytical,5.0,angle,rad,J1,5,0.007759633474051952,2.62711238861084
analytical,5.0,angle,rad,J1,6,0.004697376862168312,5.942473411560059
analytical,5.0,angle,rad,J1,7,0.007603932172060013,7.346948623657227
analytical,5.0,angle,rad,J1,8,0.013304712250828743,9.26115608215332
analytical,5.0,angle,rad,J1,9,0.0029512832406908274,6.249454498291016
analytical,5.0,angle,rad,J1,10,0.005821081344038248,9.086359977722168
analytical,5.0,angle,rad,J1,11,0.0024534491822123528,1.87992525100708
analytical,5.0,angle,rad,J1,12,0.005275679752230644,5.061312198638916
analytical,5.0,angle,rad,J1,13,0.01239486038684845,6.084648132324219
analytical,5.0,angle,rad,J1,14,0.004642220679670572,5.4545464515686035
analytical,5.0,angle,rad,J1,15,0.00176833791192621,2.6069846153259277
analytical,5.0,angle,rad,J1,16,0.02030286379158497,9.75954532623291
analytical,5.0,angle,rad,J1,17,0.014040835201740265,7.368175506591797
analytical,5.0,angle,rad,J1,18,0.0015852423384785652,5.173842430114746
analytical,5.0,angle,rad,J1,19,0.007312445435672998,8.439424514770508
analytical,5.0,angle,rad,J1,20,0.008267154917120934,6.122062683105469
analytical,5.0,angle,rad,J1,21,0.011634761467576027,4.145575523376465
analytical,5.0,angle,rad,J1,22,0.0074533624574542046,10.7615327835083
analytical,5.0,angle,rad,J1,23,0.01150432787835598,8.723807334899902
analytical,5.0,angle,rad,J1,24,0.00599509384483099,6.306033611297607
analytical,5.0,angle,rad,J1,25,0.003884729230776429,9.392006874084473
analytical,5.0,angle,rad,J1,26,0.014146069064736366,4.439943790435791
analytical,5.0,angle,rad,J1,27,0.0024927242193371058,3.2431774139404297
analytical,5.0,angle,rad,J1,28,0.006086404900997877,3.822664976119995
analytical,5.0,angle,rad,J1,29,0.008107532747089863,7.956925392150879
analytical,5.0,angle,rad,J1,30,0.006914219353348017,4.259909629821777
analytical,5.0,angle,rad,J1,31,0.013385633938014507,5.0638813972473145
analytical,5.0,angle,rad,J1,32,0.00979382824152708,4.609987258911133
analytical,5.0,angle,rad,J1,33,0.007798388600349426,10.665092468261719
analytical,5.0,angle,rad,J1,34,0.012111480347812176,8.476156234741211
analytical,5.0,angle,rad,J1,35,0.0035855318419635296,8.325357437133789
analytical,5.0,angle,rad,J1,36,0.008260846138000488,6.5985236167907715
analytical,5.0,angle,rad,J1,37,0.01156043540686369,11.121357917785645
analytical,5.0,angle,rad,J1,38,0.016766436398029327,4.328121185302734
analytical,5.0,angle,rad,J1,39,0.014968277886509895,9.036704063415527
analytical,5.0,angle,rad,J1,40,0.003280309960246086,4.419891357421875
analytical,5.0,angle,rad,J1,41,0.018798697739839554,10.292908668518066
analytical,5.0,angle,rad,J1,42,0.014918608590960503,5.750857353210449
analytical,5.0,angle,rad,J1,43,0.009868721477687359,10.41882038116455
analytical,5.0,angle,rad,J1,44,0.00813068263232708,8.510483741760254
analytical,5.0,angle,rad,J1,45,0.0023465813137590885,4.785436153411865
analytical,5.0,angle,rad,J1,46,0.025641677901148796,9.938586235046387
analytical,5.0,angle,rad,J1,47,0.003939168527722359,4.461535453796387
analytical,5.0,angle,rad,J1,48,0.02966216206550598,5.818512439727783
analytical,5.0,angle,rad,J1,49,0.00568039296194911,2.1629014015197754
analytical,5.0,angle,rad,J2,0,0.011514303274452686,1.413741111755371
analytical,5.0,angle,rad,J2,1,0.030053116381168365,4.690762042999268
analytical,5.0,angle,rad,J2,2,0.015223417431116104,1.7044990062713623
analytical,5.0,angle,rad,J2,3,0.04580344259738922,3.0707907676696777
analytical,5.0,angle,rad,J2,4,0.014038057997822762,2.3404669761657715
analytical,5.0,angle,rad,J2,5,0.018317507579922676,1.9093598127365112
analytical,5.0,angle,rad,J2,6,0.0108484523370862,2.5189692974090576
analytical,5.0,angle,rad,J2,7,0.017817465588450432,3.088096857070923
analytical,5.0,angle,rad,J2,8,0.03278724104166031,3.9286422729492188
analytical,5.0,angle,rad,J2,9,0.007507497910410166,2.584221124649048
analytical,5.0,angle,rad,J2,10,0.013258875347673893,3.800121545791626
analytical,5.0,angle,rad,J2,11,0.005782342981547117,1.014434814453125
analytical,5.0,angle,rad,J2,12,0.012841048650443554,2.3386049270629883
analytical,5.0,angle,rad,J2,13,0.029191000387072563,2.786602735519409
analytical,5.0,angle,rad,J2,14,0.01105181872844696,2.506361246109009
analytical,5.0,angle,rad,J2,15,0.004251256585121155,1.0634570121765137
analytical,5.0,angle,rad,J2,16,0.048892244696617126,4.117349624633789
analytical,5.0,angle,rad,J2,17,0.033576611429452896,3.2141549587249756
analytical,5.0,angle,rad,J2,18,0.002984605962410569,2.1435399055480957
analytical,5.0,angle,rad,J2,19,0.016960585489869118,3.5590639114379883
analytical,5.0,angle,rad,J2,20,0.019292695447802544,2.572244644165039
analytical,5.0,angle,rad,J2,21,0.02706589549779892,2.250054359436035
analytical,5.0,angle,rad,J2,22,0.017595238983631134,4.408280372619629
analytical,5.0,angle,rad,J2,23,0.02745106816291809,3.6467063426971436
analytical,5.0,angle,rad,J2,24,0.014356604777276516,2.6020615100860596
analytical,5.0,angle,rad,J2,25,0.008899468928575516,3.9285728931427
analytical,5.0,angle,rad,J2,26,0.03333478793501854,2.5256359577178955
analytical,5.0,angle,rad,J2,27,0.005612773355096579,1.398797631263733
analytical,5.0,angle,rad,J2,28,0.014186606742441654,1.9577580690383911
analytical,5.0,angle,rad,J2,29,0.018886614590883255,3.4379725456237793
analytical,5.0,angle,rad,J2,30,0.01669786125421524,1.9045969247817993
analytical,5.0,angle,rad,J2,31,0.03148040175437927,2.694136142730713
analytical,5.0,angle,rad,J2,32,0.02391100488603115,2.358555316925049
analytical,5.0,angle,rad,J2,33,0.01809203252196312,4.415419578552246
analytical,5.0,angle,rad,J2,34,0.02950447052717209,3.4969635009765625
analytical,5.0,angle,rad,J2,35,0.00878806971013546,3.4882330894470215
analytical,5.0,angle,rad,J2,36,0.019541509449481964,2.7219862937927246
analytical,5.0,angle,rad,J2,37,0.02660202607512474,4.603871822357178
analytical,5.0,angle,rad,J2,38,0.039384402334690094,2.2997138500213623
analytical,5.0,angle,rad,J2,39,0.03628934174776077,3.873183488845825
analytical,5.0,angle,rad,J2,40,0.008119686506688595,1.8888092041015625
analytical,5.0,angle,rad,J2,41,0.04518863931298256,4.292708396911621
analytical,5.0,angle,rad,J2,42,0.034997664391994476,2.854922294616699
analytical,5.0,angle,rad,J2,43,0.024060048162937164,4.2991228103637695
analytical,5.0,angle,rad,J2,44,0.0188356414437294,3.4744625091552734
analytical,5.0,angle,rad,J2,45,0.004735846072435379,1.9825986623764038
analytical,5.0,angle,rad,J2,46,0.06170613318681717,4.269870281219482
analytical,5.0,angle,rad,J2,47,0.008775733411312103,1.886354684829712
analytical,5.0,angle,rad,J2,48,0.071141317486763,3.1001551151275635
analytical,5.0,angle,rad,J2,49,0.013344814069569111,1.3040658235549927
analytical,5.0,velocity,rad/s,J1,0,0.028033345937728882,3.121772527694702
analytical,5.0,velocity,rad/s,J1,1,0.06950345635414124,11.241995811462402
analytical,5.0,velocity,rad/s,J1,2,0.03780972585082054,3.2813501358032227
analytical,5.0,velocity,rad/s,J1,3,0.10821349173784256,6.275132179260254
analytical,5.0,velocity,rad/s,J1,4,0.033068593591451645,5.518004894256592
analytical,5.0,velocity,rad/s,J1,5,0.04532631114125252,2.62711238861084
analytical,5.0,velocity,rad/s,J1,6,0.026472335681319237,5.942473411560059
analytical,5.0,velocity,rad/s,J1,7,0.04444440081715584,7.346948623657227
analytical,5.0,velocity,rad/s,J1,8,0.08133680373430252,9.26115608215332
analytical,5.0,velocity,rad/s,J1,9,0.017002863809466362,6.249454498291016
analytical,5.0,velocity,rad/s,J1,10,0.036542776972055435,9.086359977722168
analytical,5.0,velocity,rad/s,J1,11,0.013426763005554676,1.87992525100708
analytical,5.0,velocity,rad/s,J1,12,0.028603700920939445,5.061312198638916
analytical,5.0,velocity,rad/s,J1,13,0.07348886877298355,6.084648132324219
analytical,5.0,velocity,rad/s,J1,14,0.02776733599603176,5.4545464515686035
analytical,5.0,velocity,rad/s,J1,15,0.010191547684371471,2.6069846153259277
analytical,5.0,velocity,rad/s,J1,16,0.12656721472740173,9.75954532623291
analytical,5.0,velocity,rad/s,J1,17,0.0812450721859932,7.368175506591797
analytical,5.0,velocity,rad/s,J1,18,0.00775894895195961,5.173842430114746
analytical,5.0,velocity,rad/s,J1,19,0.041199106723070145,8.439424514770508
analytical,5.0,velocity,rad/s,J1,20,0.04366375878453255,6.122062683105469
analytical,5.0,velocity,rad/s,J1,21,0.06312794983386993,4.145575523376465
analytical,5.0,velocity,rad/s,J1,22,0.04293925687670708,10.7615327835083
analytical,5.0,velocity,rad/s,J1,23,0.06812232732772827,8.723807334899902
analytical,5.0,velocity,rad/s,J1,24,0.03395706042647362,6.306033611297607
analytical,5.0,velocity,rad/s,J1,25,0.02119944803416729,9.392006874084473
analytical,5.0,velocity,rad/s,J1,26,0.07781144976615906,4.439943790435791
analytical,5.0,velocity,rad/s,J1,27,0.015669090673327446,3.2431774139404297
analytical,5.0,velocity,rad/s,J1,28,0.037177495658397675,3.822664976119995
analytical,5.0,velocity,rad/s,J1,29,0.04331425204873085,7.956925392150879
analytical,5.0,velocity,rad/s,J1,30,0.04137564077973366,4.259909629821777
analytical,5.0,velocity,rad/s,J1,31,0.07075753062963486,5.0638813972473145
analytical,5.0,velocity,rad/s,J1,32,0.059191249310970306,4.609987258911133
analytical,5.0,velocity,rad/s,J1,33,0.04545576497912407,10.665092468261719
analytical,5.0,velocity,rad/s,J1,34,0.06897635012865067,8.476156234741211
analytical,5.0,velocity,rad/s,J1,35,0.019191652536392212,8.325357437133789
analytical,5.0,velocity,rad/s,J1,36,0.048472825437784195,6.5985236167907715
analytical,5.0,velocity,rad/s,J1,37,0.06320825964212418,11.121357917785645
analytical,5.0,velocity,rad/s,J1,38,0.09010646492242813,4.328121185302734
analytical,5.0,velocity,rad/s,J1,39,0.08319943398237228,9.036704063415527
analytical,5.0,velocity,rad/s,J1,40,0.01857805624604225,4.419891357421875
analytical,5.0,velocity,rad/s,J1,41,0.11090414226055145,10.292908668518066
analytical,5.0,velocity,rad/s,J1,42,0.08505597710609436,5.750857353210449
analytical,5.0,velocity,rad/s,J1,43,0.0567699633538723,10.41882038116455
analytical,5.0,velocity,rad/s,J1,44,0.04523741826415062,8.510483741760254
analytical,5.0,velocity,rad/s,J1,45,0.010389205999672413,4.785436153411865
analytical,5.0,velocity,rad/s,J1,46,0.15773454308509827,9.938586235046387
analytical,5.0,velocity,rad/s,J1,47,0.023274626582860947,4.461535453796387
analytical,5.0,velocity,rad/s,J1,48,0.15807844698429108,5.818512439727783
analytical,5.0,velocity,rad/s,J1,49,0.032757408916950226,2.1629014015197754
analytical,5.0,velocity,rad/s,J2,0,0.06772949546575546,1.413741111755371
analytical,5.0,velocity,rad/s,J2,1,0.16560101509094238,4.690762042999268
analytical,5.0,velocity,rad/s,J2,2,0.09031905978918076,1.7044990062713623
analytical,5.0,velocity,rad/s,J2,3,0.25776562094688416,3.0707907676696777
analytical,5.0,velocity,rad/s,J2,4,0.0798957571387291,2.3404669761657715
analytical,5.0,velocity,rad/s,J2,5,0.10784154385328293,1.9093598127365112
analytical,5.0,velocity,rad/s,J2,6,0.0633774921298027,2.5189692974090576
analytical,5.0,velocity,rad/s,J2,7,0.10697615146636963,3.088096857070923
analytical,5.0,velocity,rad/s,J2,8,0.19714203476905823,3.9286422729492188
analytical,5.0,velocity,rad/s,J2,9,0.040994808077812195,2.584221124649048
analytical,5.0,velocity,rad/s,J2,10,0.08477093279361725,3.800121545791626
analytical,5.0,velocity,rad/s,J2,11,0.03243980184197426,1.014434814453125
analytical,5.0,velocity,rad/s,J2,12,0.0707935243844986,2.3386049270629883
analytical,5.0,velocity,rad/s,J2,13,0.17609690129756927,2.786602735519409
analytical,5.0,velocity,rad/s,J2,14,0.0663493424654007,2.506361246109009
analytical,5.0,velocity,rad/s,J2,15,0.024524660781025887,1.0634570121765137
analytical,5.0,velocity,rad/s,J2,16,0.30059972405433655,4.117349624633789
analytical,5.0,velocity,rad/s,J2,17,0.19484689831733704,3.2141549587249756
analytical,5.0,velocity,rad/s,J2,18,0.016738513484597206,2.1435399055480957
analytical,5.0,velocity,rad/s,J2,19,0.1016014963388443,3.5590639114379883
analytical,5.0,velocity,rad/s,J2,20,0.1024385467171669,2.572244644165039
analytical,5.0,velocity,rad/s,J2,21,0.15057027339935303,2.250054359436035
analytical,5.0,velocity,rad/s,J2,22,0.10324501246213913,4.408280372619629
analytical,5.0,velocity,rad/s,J2,23,0.16184839606285095,3.6467063426971436
analytical,5.0,velocity,rad/s,J2,24,0.08203987032175064,2.6020615100860596
analytical,5.0,velocity,rad/s,J2,25,0.051735058426856995,3.9285728931427
analytical,5.0,velocity,rad/s,J2,26,0.18587596714496613,2.5256359577178955
analytical,5.0,velocity,rad/s,J2,27,0.037224698811769485,1.398797631263733
analytical,5.0,velocity,rad/s,J2,28,0.08886125683784485,1.9577580690383911
analytical,5.0,velocity,rad/s,J2,29,0.10203209519386292,3.4379725456237793
analytical,5.0,velocity,rad/s,J2,30,0.09968726336956024,1.9045969247817993
analytical,5.0,velocity,rad/s,J2,31,0.16795945167541504,2.694136142730713
analytical,5.0,velocity,rad/s,J2,32,0.14227205514907837,2.358555316925049
analytical,5.0,velocity,rad/s,J2,33,0.1091897264122963,4.415419578552246
analytical,5.0,velocity,rad/s,J2,34,0.16721929609775543,3.4969635009765625
analytical,5.0,velocity,rad/s,J2,35,0.04761892184615135,3.4882330894470215
analytical,5.0,velocity,rad/s,J2,36,0.11855591833591461,2.7219862937927246
analytical,5.0,velocity,rad/s,J2,37,0.14719007909297943,4.603871822357178
analytical,5.0,velocity,rad/s,J2,38,0.21607965230941772,2.2997138500213623
analytical,5.0,velocity,rad/s,J2,39,0.20363406836986542,3.873183488845825
analytical,5.0,velocity,rad/s,J2,40,0.04529281333088875,1.8888092041015625
analytical,5.0,velocity,rad/s,J2,41,0.26732972264289856,4.292708396911621
analytical,5.0,velocity,rad/s,J2,42,0.20225480198860168,2.854922294616699
analytical,5.0,velocity,rad/s,J2,43,0.13685788214206696,4.2991228103637695
analytical,5.0,velocity,rad/s,J2,44,0.10758928209543228,3.4744625091552734
analytical,5.0,velocity,rad/s,J2,45,0.025395672768354416,1.9825986623764038
analytical,5.0,velocity,rad/s,J2,46,0.377736896276474,4.269870281219482
analytical,5.0,velocity,rad/s,J2,47,0.05513492226600647,1.886354684829712
analytical,5.0,velocity,rad/s,J2,48,0.379047691822052,3.1001551151275635
analytical,5.0,velocity,rad/s,J2,49,0.07714412361383438,1.3040658235549927
analytical,5.0,acceleration,rad/s^2,J1,0,0.20763228833675385,3.121772527694702
analytical,5.0,acceleration,rad/s^2,J1,1,0.545665442943573,11.241995811462402
analytical,5.0,acceleration,rad/s^2,J1,2,0.24881619215011597,3.2813501358032227
analytical,5.0,acceleration,rad/s^2,J1,3,0.679343044757843,6.275132179260254
analytical,5.0,acceleration,rad/s^2,J1,4,0.29863202571868896,5.518004894256592
analytical,5.0,acceleration,rad/s^2,J1,5,0.28285762667655945,2.62711238861084
analytical,5.0,acceleration,rad/s^2,J1,6,0.2711182236671448,5.942473411560059
analytical,5.0,acceleration,rad/s^2,J1,7,0.36469799280166626,7.346948623657227
analytical,5.0,acceleration,rad/s^2,J1,8,0.5429666042327881,9.26115608215332
analytical,5.0,acceleration,rad/s^2,J1,9,0.26241281628608704,6.249454498291016
analytical,5.0,acceleration,rad/s^2,J1,10,0.3720957636833191,9.086359977722168
analytical,5.0,acceleration,rad/s^2,J1,11,0.12207425385713577,1.87992525100708
analytical,5.0,acceleration,rad/s^2,J1,12,0.26220229268074036,5.061312198638916
analytical,5.0,acceleration,rad/s^2,J1,13,0.46289849281311035,6.084648132324219
analytical,5.0,acceleration,rad/s^2,J1,14,0.261715829372406,5.4545464515686035
analytical,5.0,acceleration,rad/s^2,J1,15,0.12841705977916718,2.6069846153259277
analytical,5.0,acceleration,rad/s^2,J1,16,0.768986701965332,9.75954532623291
analytical,5.0,acceleration,rad/s^2,J1,17,0.5261645317077637,7.368175506591797
analytical,5.0,acceleration,rad/s^2,J1,18,0.21471759676933289,5.173842430114746
analytical,5.0,acceleration,rad/s^2,J1,19,0.3832119107246399,8.439424514770508
analytical,5.0,acceleration,rad/s^2,J1,20,0.35289430618286133,6.122062683105469
analytical,5.0,acceleration,rad/s^2,J1,21,0.39363422989845276,4.145575523376465
analytical,5.0,acceleration,rad/s^2,J1,22,0.44160351157188416,10.7615327835083
analytical,5.0,acceleration,rad/s^2,J1,23,0.49566197395324707,8.723807334899902
analytical,5.0,acceleration,rad/s^2,J1,24,0.3088530898094177,6.306033611297607
analytical,5.0,acceleration,rad/s^2,J1,25,0.3464307188987732,9.392006874084473
analytical,5.0,acceleration,rad/s^2,J1,26,0.4838508665561676,4.439943790435791
analytical,5.0,acceleration,rad/s^2,J1,27,0.16566318273544312,3.2431774139404297
analytical,5.0,acceleration,rad/s^2,J1,28,0.26040810346603394,3.822664976119995
analytical,5.0,acceleration,rad/s^2,J1,29,0.37822508811950684,7.956925392150879
analytical,5.0,acceleration,rad/s^2,J1,30,0.2810610234737396,4.259909629821777
analytical,5.0,acceleration,rad/s^2,J1,31,0.46748238801956177,5.0638813972473145
analytical,5.0,acceleration,rad/s^2,J1,32,0.3762185871601105,4.609987258911133
analytical,5.0,acceleration,rad/s^2,J1,33,0.4354758560657501,10.665092468261719
analytical,5.0,acceleration,rad/s^2,J1,34,0.5137577056884766,8.476156234741211
analytical,5.0,acceleration,rad/s^2,J1,35,0.31183236837387085,8.325357437133789
analytical,5.0,acceleration,rad/s^2,J1,36,0.3698740601539612,6.5985236167907715
analytical,5.0,acceleration,rad/s^2,J1,37,0.5308487415313721,11.121357917785645
analytical,5.0,acceleration,rad/s^2,J1,38,0.5570072531700134,4.328121185302734
analytical,5.0,acceleration,rad/s^2,J1,39,0.5787622928619385,9.036704063415527
analytical,5.0,acceleration,rad/s^2,J1,40,0.21738301217556,4.419891357421875
analytical,5.0,acceleration,rad/s^2,J1,41,0.7037345767021179,10.292908668518066
analytical,5.0,acceleration,rad/s^2,J1,42,0.5117275714874268,5.750857353210449
analytical,5.0,acceleration,rad/s^2,J1,43,0.5006141662597656,10.41882038116455
analytical,5.0,acceleration,rad/s^2,J1,44,0.3982110619544983,8.510483741760254
analytical,5.0,acceleration,rad/s^2,J1,45,0.205341637134552,4.785436153411865
analytical,5.0,acceleration,rad/s^2,J1,46,0.9342828392982483,9.938586235046387
analytical,5.0,acceleration,rad/s^2,J1,47,0.22612962126731873,4.461535453796387
analytical,5.0,acceleration,rad/s^2,J1,48,0.9597825407981873,5.818512439727783
analytical,5.0,acceleration,rad/s^2,J1,49,0.20374071598052979,2.1629014015197754
analytical,5.0,acceleration,rad/s^2,J2,0,0.47849979996681213,1.413741111755371
analytical,5.0,acceleration,rad/s^2,J2,1,1.236470103263855,4.690762042999268
analytical,5.0,acceleration,rad/s^2,J2,2,0.5783777832984924,1.7044990062713623
analytical,5.0,acceleration,rad/s^2,J2,3,1.594550371170044,3.0707907676696777
analytical,5.0,acceleration,rad/s^2,J2,4,0.6760891079902649,2.3404669761657715
analytical,5.0,acceleration,rad/s^2,J2,5,0.667587399482727,1.9093598127365112
analytical,5.0,acceleration,rad/s^2,J2,6,0.6017459630966187,2.5189692974090576
analytical,5.0,acceleration,rad/s^2,J2,7,0.8327247500419617,3.088096857070923
analytical,5.0,acceleration,rad/s^2,J2,8,1.2695928812026978,3.9286422729492188
analytical,5.0,acceleration,rad/s^2,J2,9,0.5758485198020935,2.584221124649048
analytical,5.0,acceleration,rad/s^2,J2,10,0.8295227289199829,3.800121545791626
analytical,5.0,acceleration,rad/s^2,J2,11,0.27766767144203186,1.014434814453125
analytical,5.0,acceleration,rad/s^2,J2,12,0.590962827205658,2.3386049270629883
analytical,5.0,acceleration,rad/s^2,J2,13,1.0735591650009155,2.786602735519409
analytical,5.0,acceleration,rad/s^2,J2,14,0.5850086808204651,2.506361246109009
analytical,5.0,acceleration,rad/s^2,J2,15,0.2796644866466522,1.0634570121765137
analytical,5.0,acceleration,rad/s^2,J2,16,1.8103195428848267,4.117349624633789
analytical,5.0,acceleration,rad/s^2,J2,17,1.2242470979690552,3.2141549587249756
analytical,5.0,acceleration,rad/s^2,J2,18,0.46447041630744934,2.1435399055480957
analytical,5.0,acceleration,rad/s^2,J2,19,0.8607401847839355,3.5590639114379883
analytical,5.0,acceleration,rad/s^2,J2,20,0.805437445640564,2.572244644165039
analytical,5.0,acceleration,rad/s^2,J2,21,0.9273732900619507,2.250054359436035
analytical,5.0,acceleration,rad/s^2,J2,22,0.9785994291305542,4.408280372619629
analytical,5.0,acceleration,rad/s^2,J2,23,1.144582748413086,3.6467063426971436
analytical,5.0,acceleration,rad/s^2,J2,24,0.693872332572937,2.6020615100860596
analytical,5.0,acceleration,rad/s^2,J2,25,0.7537392377853394,3.9285728931427
analytical,5.0,acceleration,rad/s^2,J2,26,1.144957423210144,2.5256359577178955
analytical,5.0,acceleration,rad/s^2,J2,27,0.36486852169036865,1.398797631263733
analytical,5.0,acceleration,rad/s^2,J2,28,0.6026433706283569,1.9577580690383911
analytical,5.0,acceleration,rad/s^2,J2,29,0.8508642911911011,3.4379725456237793
analytical,5.0,acceleration,rad/s^2,J2,30,0.6504735946655273,1.9045969247817993
analytical,5.0,acceleration,rad/s^2,J2,31,1.0888768434524536,2.694136142730713
analytical,5.0,acceleration,rad/s^2,J2,32,0.8831235766410828,2.358555316925049
analytical,5.0,acceleration,rad/s^2,J2,33,0.9803643822669983,4.415419578552246
analytical,5.0,acceleration,rad/s^2,J2,34,1.1886636018753052,3.4969635009765625
analytical,5.0,acceleration,rad/s^2,J2,35,0.6832666993141174,3.4882330894470215
analytical,5.0,acceleration,rad/s^2,J2,36,0.851082980632782,2.7219862937927246
analytical,5.0,acceleration,rad/s^2,J2,37,1.2020835876464844,4.603871822357178
analytical,5.0,acceleration,rad/s^2,J2,38,1.3277943134307861,2.2997138500213623
analytical,5.0,acceleration,rad/s^2,J2,39,1.339600682258606,3.873183488845825
analytical,5.0,acceleration,rad/s^2,J2,40,0.4871780276298523,1.8888092041015625
analytical,5.0,acceleration,rad/s^2,J2,41,1.6507333517074585,4.292708396911621
analytical,5.0,acceleration,rad/s^2,J2,42,1.1932224035263062,2.854922294616699
analytical,5.0,acceleration,rad/s^2,J2,43,1.1316477060317993,4.2991228103637695
analytical,5.0,acceleration,rad/s^2,J2,44,0.902059018611908,3.4744625091552734
analytical,5.0,acceleration,rad/s^2,J2,45,0.44439828395843506,1.9825986623764038
analytical,5.0,acceleration,rad/s^2,J2,46,2.20928692817688,4.269870281219482
analytical,5.0,acceleration,rad/s^2,J2,47,0.504193902015686,1.886354684829712
analytical,5.0,acceleration,rad/s^2,J2,48,2.2941477298736572,3.1001551151275635
analytical,5.0,acceleration,rad/s^2,J2,49,0.47925621271133423,1.3040658235549927
analytical,10.0,angle,rad,J1,0,0.007940062321722507,3.121772527694702
analytical,10.0,angle,rad,J1,1,0.0325135812163353,11.241995811462402
analytical,10.0,angle,rad,J1,2,0.011060715653002262,3.2813501358032227
analytical,10.0,angle,rad,J1,3,0.032666683197021484,6.275132179260254
analytical,10.0,angle,rad,J1,4,0.013801193796098232,5.518004894256592
analytical,10.0,angle,rad,J1,5,0.012839759700000286,2.62711238861084
analytical,10.0,angle,rad,J1,6,0.009471590630710125,5.942473411560059
analytical,10.0,angle,rad,J1,7,0.016604788601398468,7.346948623657227
analytical,10.0,angle,rad,J1,8,0.0257374607026577,9.26115608215332
analytical,10.0,angle,rad,J1,9,0.0052721560932695866,6.249454498291016
analytical,10.0,angle,rad,J1,10,0.011439768597483635,9.086359977722168
analytical,10.0,angle,rad,J1,11,0.0021437734831124544,1.87992525100708
analytical,10.0,angle,rad,J1,12,0.010363806039094925,5.061312198638916
analytical,10.0,angle,rad,J1,13,0.022205444052815437,6.084648132324219
analytical,10.0,angle,rad,J1,14,0.008262610994279385,5.4545464515686035
analytical,10.0,angle,rad,J1,15,0.0038197990506887436,2.6069846153259277
analytical,10.0,angle,rad,J1,16,0.04134047403931618,9.75954532623291
analytical,10.0,angle,rad,J1,17,0.029198752716183662,7.368175506591797
analytical,10.0,angle,rad,J1,18,0.0028249144088476896,5.173842430114746
analytical,10.0,angle,rad,J1,19,0.01773647964000702,8.439424514770508
analytical,10.0,angle,rad,J1,20,0.01868811994791031,6.122062683105469
analytical,10.0,angle,rad,J1,21,0.022051991894841194,4.145575523376465
analytical,10.0,angle,rad,J1,22,0.020661041140556335,10.7615327835083
analytical,10.0,angle,rad,J1,23,0.022273847833275795,8.723807334899902
analytical,10.0,angle,rad,J1,24,0.012385359033942223,6.306033611297607
analytical,10.0,angle,rad,J1,25,0.010896078310906887,9.392006874084473
analytical,10.0,angle,rad,J1,26,0.026713183149695396,4.439943790435791
analytical,10.0,angle,rad,J1,27,0.00505756214261055,3.2431774139404297
analytical,10.0,angle,rad,J1,28,0.011030077002942562,3.822664976119995
analytical,10.0,angle,rad,J1,29,0.014780760742723942,7.956925392150879
analytical,10.0,angle,rad,J1,30,0.013499370776116848,4.259909629821777
analytical,10.0,angle,rad,J1,31,0.026043832302093506,5.0638813972473145
analytical,10.0,angle,rad,J1,32,0.01827242784202099,4.609987258911133
analytical,10.0,angle,rad,J1,33,0.021557103842496872,10.665092468261719
analytical,10.0,angle,rad,J1,34,0.024829411879181862,8.476156234741211
analytical,10.0,angle,rad,J1,35,0.010545133613049984,8.325357437133789
analytical,10.0,angle,rad,J1,36,0.017482800409197807,6.5985236167907715
analytical,10.0,angle,rad,J1,37,0.016780158504843712,11.121357917785645
analytical,10.0,angle,rad,J1,38,0.03138929605484009,4.328121185302734
analytical,10.0,angle,rad,J1,39,0.03139934688806534,9.036704063415527
analytical,10.0,angle,rad,J1,40,0.005863940808922052,4.419891357421875
analytical,10.0,angle,rad,J1,41,0.04093232378363609,10.292908668518066
analytical,10.0,angle,rad,J1,42,0.031382154673337936,5.750857353210449
analytical,10.0,angle,rad,J1,43,0.02349991537630558,10.41882038116455
analytical,10.0,angle,rad,J1,44,0.01461432222276926,8.510483741760254
analytical,10.0,angle,rad,J1,45,0.004473885055631399,4.785436153411865
analytical,10.0,angle,rad,J1,46,0.046742986887693405,9.938586235046387
analytical,10.0,angle,rad,J1,47,0.00737236300483346,4.461535453796387
analytical,10.0,angle,rad,J1,48,0.06445921957492828,5.818512439727783
analytical,10.0,angle,rad,J1,49,0.007732169236987829,2.1629014015197754
analytical,10.0,angle,rad,J2,0,0.019192028790712357,1.413741111755371
analytical,10.0,angle,rad,J2,1,0.07898212969303131,4.690762042999268
analytical,10.0,angle,rad,J2,2,0.026074256747961044,1.7044990062713623
analytical,10.0,angle,rad,J2,3,0.0761813372373581,3.0707907676696777
analytical,10.0,angle,rad,J2,4,0.03248397633433342,2.3404669761657715
analytical,10.0,angle,rad,J2,5,0.03040342964231968,1.9093598127365112
analytical,10.0,angle,rad,J2,6,0.02192358300089836,2.5189692974090576
analytical,10.0,angle,rad,J2,7,0.038565438240766525,3.088096857070923
analytical,10.0,angle,rad,J2,8,0.06279125064611435,3.9286422729492188
analytical,10.0,angle,rad,J2,9,0.0137929767370224,2.584221124649048
analytical,10.0,angle,rad,J2,10,0.02643999084830284,3.800121545791626
analytical,10.0,angle,rad,J2,11,0.0047595868818461895,1.014434814453125
analytical,10.0,angle,rad,J2,12,0.025353223085403442,2.3386049270629883
analytical,10.0,angle,rad,J2,13,0.05238865688443184,2.786602735519409
analytical,10.0,angle,rad,J2,14,0.019609810784459114,2.506361246109009
analytical,10.0,angle,rad,J2,15,0.009119500406086445,1.0634570121765137
analytical,10.0,angle,rad,J2,16,0.09969133138656616,4.117349624633789
analytical,10.0,angle,rad,J2,17,0.06992539018392563,3.2141549587249756
analytical,10.0,angle,rad,J2,18,0.005603387951850891,2.1435399055480957
analytical,10.0,angle,rad,J2,19,0.04275480657815933,3.5590639114379883
analytical,10.0,angle,rad,J2,20,0.0435476191341877,2.572244644165039
analytical,10.0,angle,rad,J2,21,0.052169427275657654,2.250054359436035
analytical,10.0,angle,rad,J2,22,0.048621851950883865,4.408280372619629
analytical,10.0,angle,rad,J2,23,0.053717825561761856,3.6467063426971436
analytical,10.0,angle,rad,J2,24,0.029024265706539154,2.6020615100860596
analytical,10.0,angle,rad,J2,25,0.023835748434066772,3.9285728931427
analytical,10.0,angle,rad,J2,26,0.06429023295640945,2.5256359577178955
analytical,10.0,angle,rad,J2,27,0.011191966012120247,1.398797631263733
analytical,10.0,angle,rad,J2,28,0.02612757682800293,1.9577580690383911
analytical,10.0,angle,rad,J2,29,0.0326327420771122,3.4379725456237793
analytical,10.0,angle,rad,J2,30,0.03230179101228714,1.9045969247817993
analytical,10.0,angle,rad,J2,31,0.06088709458708763,2.694136142730713
analytical,10.0,angle,rad,J2,32,0.04456577077507973,2.358555316925049
analytical,10.0,angle,rad,J2,33,0.05254897102713585,4.415419578552246
analytical,10.0,angle,rad,J2,34,0.05877946317195892,3.4969635009765625
analytical,10.0,angle,rad,J2,35,0.025142258033156395,3.4882330894470215
analytical,10.0,angle,rad,J2,36,0.040146879851818085,2.7219862937927246
analytical,10.0,angle,rad,J2,37,0.039244554936885834,4.603871822357178
analytical,10.0,angle,rad,J2,38,0.07427754998207092,2.2997138500213623
analytical,10.0,angle,rad,J2,39,0.07605600357055664,3.873183488845825
analytical,10.0,angle,rad,J2,40,0.013924950733780861,1.8888092041015625
analytical,10.0,angle,rad,J2,41,0.09808745980262756,4.292708396911621
analytical,10.0,angle,rad,J2,42,0.07373656332492828,2.854922294616699
analytical,10.0,angle,rad,J2,43,0.05594461411237717,4.2991228103637695
analytical,10.0,angle,rad,J2,44,0.03498893231153488,3.4744625091552734
analytical,10.0,angle,rad,J2,45,0.008227470330893993,1.9825986623764038
analytical,10.0,angle,rad,J2,46,0.11430864781141281,4.269870281219482
analytical,10.0,angle,rad,J2,47,0.017479263246059418,1.886354684829712
analytical,10.0,angle,rad,J2,48,0.1557369977235794,3.1001551151275635
analytical,10.0,angle,rad,J2,49,0.017980491742491722,1.3040658235549927
analytical,10.0,velocity,rad/s,J1,0,0.04707786440849304,3.121772527694702
analytical,10.0,velocity,rad/s,J1,1,0.18533436954021454,11.241995811462402
analytical,10.0,velocity,rad/s,J1,2,0.06397612392902374,3.2813501358032227
analytical,10.0,velocity,rad/s,J1,3,0.1753181368112564,6.275132179260254
analytical,10.0,velocity,rad/s,J1,4,0.07696861773729324,5.518004894256592
analytical,10.0,velocity,rad/s,J1,5,0.0730605348944664,2.62711238861084
analytical,10.0,velocity,rad/s,J1,6,0.05113955959677696,5.942473411560059
analytical,10.0,velocity,rad/s,J1,7,0.09503412246704102,7.346948623657227
analytical,10.0,velocity,rad/s,J1,8,0.1546696573495865,9.26115608215332
analytical,10.0,velocity,rad/s,J1,9,0.030188575387001038,6.249454498291016
analytical,10.0,velocity,rad/s,J1,10,0.06686510890722275,9.086359977722168
analytical,10.0,velocity,rad/s,J1,11,0.011461780406534672,1.87992525100708
analytical,10.0,velocity,rad/s,J1,12,0.0576394647359848,5.061312198638916
analytical,10.0,velocity,rad/s,J1,13,0.13053345680236816,6.084648132324219
analytical,10.0,velocity,rad/s,J1,14,0.04800384119153023,5.4545464515686035
analytical,10.0,velocity,rad/s,J1,15,0.02112811617553234,2.6069846153259277
analytical,10.0,velocity,rad/s,J1,16,0.25726044178009033,9.75954532623291
analytical,10.0,velocity,rad/s,J1,17,0.16932857036590576,7.368175506591797
analytical,10.0,velocity,rad/s,J1,18,0.014303028583526611,5.173842430114746
analytical,10.0,velocity,rad/s,J1,19,0.10182785987854004,8.439424514770508
analytical,10.0,velocity,rad/s,J1,20,0.09839293360710144,6.122062683105469
analytical,10.0,velocity,rad/s,J1,21,0.11698951572179794,4.145575523376465
analytical,10.0,velocity,rad/s,J1,22,0.11150059849023819,10.7615327835083
analytical,10.0,velocity,rad/s,J1,23,0.13094410300254822,8.723807334899902
analytical,10.0,velocity,rad/s,J1,24,0.07193003594875336,6.306033611297607
analytical,10.0,velocity,rad/s,J1,25,0.06555028259754181,9.392006874084473
analytical,10.0,velocity,rad/s,J1,26,0.14356933534145355,4.439943790435791
analytical,10.0,velocity,rad/s,J1,27,0.030268073081970215,3.2431774139404297
analytical,10.0,velocity,rad/s,J1,28,0.06543876230716705,3.822664976119995
analytical,10.0,velocity,rad/s,J1,29,0.07321814447641373,7.956925392150879
analytical,10.0,velocity,rad/s,J1,30,0.07957343757152557,4.259909629821777
analytical,10.0,velocity,rad/s,J1,31,0.13130991160869598,5.0638813972473145
analytical,10.0,velocity,rad/s,J1,32,0.10811649262905121,4.609987258911133
analytical,10.0,velocity,rad/s,J1,33,0.12188834697008133,10.665092468261719
analytical,10.0,velocity,rad/s,J1,34,0.14752864837646484,8.476156234741211
analytical,10.0,velocity,rad/s,J1,35,0.06381892412900925,8.325357437133789
analytical,10.0,velocity,rad/s,J1,36,0.10122676938772202,6.5985236167907715
analytical,10.0,velocity,rad/s,J1,37,0.0922129899263382,11.121357917785645
analytical,10.0,velocity,rad/s,J1,38,0.16380548477172852,4.328121185302734
analytical,10.0,velocity,rad/s,J1,39,0.17538470029830933,9.036704063415527
analytical,10.0,velocity,rad/s,J1,40,0.03381038457155228,4.419891357421875
analytical,10.0,velocity,rad/s,J1,41,0.23963145911693573,10.292908668518066
analytical,10.0,velocity,rad/s,J1,42,0.17523783445358276,5.750857353210449
analytical,10.0,velocity,rad/s,J1,43,0.13202925026416779,10.41882038116455
analytical,10.0,velocity,rad/s,J1,44,0.08134476840496063,8.510483741760254
analytical,10.0,velocity,rad/s,J1,45,0.019380101934075356,4.785436153411865
analytical,10.0,velocity,rad/s,J1,46,0.2822146415710449,9.938586235046387
analytical,10.0,velocity,rad/s,J1,47,0.04506710544228554,4.461535453796387
analytical,10.0,velocity,rad/s,J1,48,0.34972089529037476,5.818512439727783
analytical,10.0,velocity,rad/s,J1,49,0.043386686593294144,2.1629014015197754
analytical,10.0,velocity,rad/s,J2,0,0.11340302228927612,1.413741111755371
analytical,10.0,velocity,rad/s,J2,1,0.4429571330547333,4.690762042999268
analytical,10.0,velocity,rad/s,J2,2,0.1528146117925644,1.7044990062713623
analytical,10.0,velocity,rad/s,J2,3,0.41773077845573425,3.0707907676696777
analytical,10.0,velocity,rad/s,J2,4,0.18555422127246857,2.3404669761657715
analytical,10.0,velocity,rad/s,J2,5,0.17490766942501068,1.9093598127365112
analytical,10.0,velocity,rad/s,J2,6,0.12404494732618332,2.5189692974090576
analytical,10.0,velocity,rad/s,J2,7,0.22735215723514557,3.088096857070923
analytical,10.0,velocity,rad/s,J2,8,0.3759402632713318,3.9286422729492188
analytical,10.0,velocity,rad/s,J2,9,0.0734136775135994,2.584221124649048
analytical,10.0,velocity,rad/s,J2,10,0.15954512357711792,3.800121545791626
analytical,10.0,velocity,rad/s,J2,11,0.027648769319057465,1.014434814453125
analytical,10.0,velocity,rad/s,J2,12,0.1416744887828827,2.3386049270629883
analytical,10.0,velocity,rad/s,J2,13,0.3142208158969879,2.786602735519409
analytical,10.0,velocity,rad/s,J2,14,0.11506549268960953,2.506361246109009
analytical,10.0,velocity,rad/s,J2,15,0.05128942057490349,1.0634570121765137
analytical,10.0,velocity,rad/s,J2,16,0.6181703805923462,4.117349624633789
analytical,10.0,velocity,rad/s,J2,17,0.4046190679073334,3.2141549587249756
analytical,10.0,velocity,rad/s,J2,18,0.033588334918022156,2.1435399055480957
analytical,10.0,velocity,rad/s,J2,19,0.24943535029888153,3.5590639114379883
analytical,10.0,velocity,rad/s,J2,20,0.23341496288776398,2.572244644165039
analytical,10.0,velocity,rad/s,J2,21,0.28169965744018555,2.250054359436035
analytical,10.0,velocity,rad/s,J2,22,0.2666727900505066,4.408280372619629
analytical,10.0,velocity,rad/s,J2,23,0.31581738591194153,3.6467063426971436
analytical,10.0,velocity,rad/s,J2,24,0.17182260751724243,2.6020615100860596
analytical,10.0,velocity,rad/s,J2,25,0.1536531299352646,3.9285728931427
analytical,10.0,velocity,rad/s,J2,26,0.3443330228328705,2.5256359577178955
analytical,10.0,velocity,rad/s,J2,27,0.07156688719987869,1.398797631263733
analytical,10.0,velocity,rad/s,J2,28,0.15844064950942993,1.9577580690383911
analytical,10.0,velocity,rad/s,J2,29,0.16533824801445007,3.4379725456237793
analytical,10.0,velocity,rad/s,J2,30,0.1914367973804474,1.9045969247817993
analytical,10.0,velocity,rad/s,J2,31,0.3108800947666168,2.694136142730713
analytical,10.0,velocity,rad/s,J2,32,0.2612811028957367,2.358555316925049
analytical,10.0,velocity,rad/s,J2,33,0.29672908782958984,4.415419578552246
analytical,10.0,velocity,rad/s,J2,34,0.3534815311431885,3.4969635009765625
analytical,10.0,velocity,rad/s,J2,35,0.1547037810087204,3.4882330894470215
analytical,10.0,velocity,rad/s,J2,36,0.24336598813533783,2.7219862937927246
analytical,10.0,velocity,rad/s,J2,37,0.216457799077034,4.603871822357178
analytical,10.0,velocity,rad/s,J2,38,0.39506086707115173,2.2997138500213623
analytical,10.0,velocity,rad/s,J2,39,0.4256269931793213,3.873183488845825
analytical,10.0,velocity,rad/s,J2,40,0.0817192941904068,1.8888092041015625
analytical,10.0,velocity,rad/s,J2,41,0.5779178738594055,4.292708396911621
analytical,10.0,velocity,rad/s,J2,42,0.4177439212799072,2.854922294616699
analytical,10.0,velocity,rad/s,J2,43,0.31601566076278687,4.2991228103637695
analytical,10.0,velocity,rad/s,J2,44,0.19508568942546844,3.4744625091552734
analytical,10.0,velocity,rad/s,J2,45,0.0449778288602829,1.9825986623764038
analytical,10.0,velocity,rad/s,J2,46,0.6799129843711853,4.269870281219482
analytical,10.0,velocity,rad/s,J2,47,0.10746236890554428,1.886354684829712
analytical,10.0,velocity,rad/s,J2,48,0.8433970212936401,3.1001551151275635
analytical,10.0,velocity,rad/s,J2,49,0.10130486637353897,1.3040658235549927
analytical,10.0,acceleration,rad/s^2,J1,0,0.3553914427757263,3.121772527694702
analytical,10.0,acceleration,rad/s^2,J1,1,1.21535062789917,11.241995811462402
analytical,10.0,acceleration,rad/s^2,J1,2,0.42920392751693726,3.2813501358032227
analytical,10.0,acceleration,rad/s^2,J1,3,1.1163170337677002,6.275132179260254
analytical,10.0,acceleration,rad/s^2,J1,4,0.5922925472259521,5.518004894256592
analytical,10.0,acceleration,rad/s^2,J1,5,0.4729671776294708,2.62711238861084
analytical,10.0,acceleration,rad/s^2,J1,6,0.47559309005737305,5.942473411560059
analytical,10.0,acceleration,rad/s^2,J1,7,0.6984326839447021,7.346948623657227
analytical,10.0,acceleration,rad/s^2,J1,8,0.9866713881492615,9.26115608215332
analytical,10.0,acceleration,rad/s^2,J1,9,0.4502972364425659,6.249454498291016
analytical,10.0,acceleration,rad/s^2,J1,10,0.6542676091194153,9.086359977722168
analytical,10.0,acceleration,rad/s^2,J1,11,0.1857195794582367,1.87992525100708
analytical,10.0,acceleration,rad/s^2,J1,12,0.46778860688209534,5.061312198638916
analytical,10.0,acceleration,rad/s^2,J1,13,0.8072249293327332,6.084648132324219
analytical,10.0,acceleration,rad/s^2,J1,14,0.44008731842041016,5.4545464515686035
analytical,10.0,acceleration,rad/s^2,J1,15,0.24463482201099396,2.6069846153259277
analytical,10.0,acceleration,rad/s^2,J1,16,1.5297160148620605,9.75954532623291
analytical,10.0,acceleration,rad/s^2,J1,17,1.0291216373443604,7.368175506591797
analytical,10.0,acceleration,rad/s^2,J1,18,0.3626985549926758,5.173842430114746
analytical,10.0,acceleration,rad/s^2,J1,19,0.7696050405502319,8.439424514770508
analytical,10.0,acceleration,rad/s^2,J1,20,0.7011526226997375,6.122062683105469
analytical,10.0,acceleration,rad/s^2,J1,21,0.733242392539978,4.145575523376465
analytical,10.0,acceleration,rad/s^2,J1,22,0.939738929271698,10.7615327835083
analytical,10.0,acceleration,rad/s^2,J1,23,0.9113546013832092,8.723807334899902
analytical,10.0,acceleration,rad/s^2,J1,24,0.5613490343093872,6.306033611297607
analytical,10.0,acceleration,rad/s^2,J1,25,0.6764926910400391,9.392006874084473
analytical,10.0,acceleration,rad/s^2,J1,26,0.9023717045783997,4.439943790435791
analytical,10.0,acceleration,rad/s^2,J1,27,0.3042348325252533,3.2431774139404297
analytical,10.0,acceleration,rad/s^2,J1,28,0.45740246772766113,3.822664976119995
analytical,10.0,acceleration,rad/s^2,J1,29,0.6183997988700867,7.956925392150879
analytical,10.0,acceleration,rad/s^2,J1,30,0.5159276723861694,4.259909629821777
analytical,10.0,acceleration,rad/s^2,J1,31,0.8682640790939331,5.0638813972473145
analytical,10.0,acceleration,rad/s^2,J1,32,0.6864119172096252,4.609987258911133
analytical,10.0,acceleration,rad/s^2,J1,33,0.9489735960960388,10.665092468261719
analytical,10.0,acceleration,rad/s^2,J1,34,1.0015946626663208,8.476156234741211
analytical,10.0,acceleration,rad/s^2,J1,35,0.6100009083747864,8.325357437133789
analytical,10.0,acceleration,rad/s^2,J1,36,0.704845666885376,6.5985236167907715
analytical,10.0,acceleration,rad/s^2,J1,37,0.8612251877784729,11.121357917785645
analytical,10.0,acceleration,rad/s^2,J1,38,1.031727910041809,4.328121185302734
analytical,10.0,acceleration,rad/s^2,J1,39,1.1182829141616821,9.036704063415527
analytical,10.0,acceleration,rad/s^2,J1,40,0.38005509972572327,4.419891357421875
analytical,10.0,acceleration,rad/s^2,J1,41,1.4249956607818604,10.292908668518066
analytical,10.0,acceleration,rad/s^2,J1,42,1.0411362648010254,5.750857353210449
analytical,10.0,acceleration,rad/s^2,J1,43,1.0155739784240723,10.41882038116455
analytical,10.0,acceleration,rad/s^2,J1,44,0.7054823040962219,8.510483741760254
analytical,10.0,acceleration,rad/s^2,J1,45,0.355224609375,4.785436153411865
analytical,10.0,acceleration,rad/s^2,J1,46,1.6853777170181274,9.938586235046387
analytical,10.0,acceleration,rad/s^2,J1,47,0.4085991382598877,4.461535453796387
analytical,10.0,acceleration,rad/s^2,J1,48,1.9624460935592651,5.818512439727783
analytical,10.0,acceleration,rad/s^2,J1,49,0.3024974763393402,2.1629014015197754
analytical,10.0,acceleration,rad/s^2,J2,0,0.8204189538955688,1.413741111755371
analytical,10.0,acceleration,rad/s^2,J2,1,2.8001046180725098,4.690762042999268
analytical,10.0,acceleration,rad/s^2,J2,2,1.0015349388122559,1.7044990062713623
analytical,10.0,acceleration,rad/s^2,J2,3,2.6166484355926514,3.0707907676696777
analytical,10.0,acceleration,rad/s^2,J2,4,1.3611149787902832,2.3404669761657715
analytical,10.0,acceleration,rad/s^2,J2,5,1.1217906475067139,1.9093598127365112
analytical,10.0,acceleration,rad/s^2,J2,6,1.0636613368988037,2.5189692974090576
analytical,10.0,acceleration,rad/s^2,J2,7,1.6006797552108765,3.088096857070923
analytical,10.0,acceleration,rad/s^2,J2,8,2.3121302127838135,3.9286422729492188
analytical,10.0,acceleration,rad/s^2,J2,9,0.9818236827850342,2.584221124649048
analytical,10.0,acceleration,rad/s^2,J2,10,1.4601457118988037,3.800121545791626
analytical,10.0,acceleration,rad/s^2,J2,11,0.4190296232700348,1.014434814453125
analytical,10.0,acceleration,rad/s^2,J2,12,1.0599921941757202,2.3386049270629883
analytical,10.0,acceleration,rad/s^2,J2,13,1.8741363286972046,2.786602735519409
analytical,10.0,acceleration,rad/s^2,J2,14,0.9871061444282532,2.506361246109009
analytical,10.0,acceleration,rad/s^2,J2,15,0.5449751615524292,1.0634570121765137
analytical,10.0,acceleration,rad/s^2,J2,16,3.6211888790130615,4.117349624633789
analytical,10.0,acceleration,rad/s^2,J2,17,2.394819498062134,3.2141549587249756
analytical,10.0,acceleration,rad/s^2,J2,18,0.7863742709159851,2.1435399055480957
analytical,10.0,acceleration,rad/s^2,J2,19,1.755354881286621,3.5590639114379883
analytical,10.0,acceleration,rad/s^2,J2,20,1.6271735429763794,2.572244644165039
analytical,10.0,acceleration,rad/s^2,J2,21,1.744787335395813,2.250054359436035
analytical,10.0,acceleration,rad/s^2,J2,22,2.1232597827911377,4.408280372619629
analytical,10.0,acceleration,rad/s^2,J2,23,2.113666296005249,3.6467063426971436
analytical,10.0,acceleration,rad/s^2,J2,24,1.261247158050537,2.6020615100860596
analytical,10.0,acceleration,rad/s^2,J2,25,1.4819049835205078,3.9285728931427
analytical,10.0,acceleration,rad/s^2,J2,26,2.1418774127960205,2.5256359577178955
analytical,10.0,acceleration,rad/s^2,J2,27,0.6762808561325073,1.398797631263733
analytical,10.0,acceleration,rad/s^2,J2,28,1.0663659572601318,1.9577580690383911
analytical,10.0,acceleration,rad/s^2,J2,29,1.3599292039871216,3.4379725456237793
analytical,10.0,acceleration,rad/s^2,J2,30,1.2033342123031616,1.9045969247817993
analytical,10.0,acceleration,rad/s^2,J2,31,2.0202510356903076,2.694136142730713
analytical,10.0,acceleration,rad/s^2,J2,32,1.6190365552902222,2.358555316925049
analytical,10.0,acceleration,rad/s^2,J2,33,2.191856622695923,4.415419578552246
analytical,10.0,acceleration,rad/s^2,J2,34,2.3185224533081055,3.4969635009765625
analytical,10.0,acceleration,rad/s^2,J2,35,1.3539165258407593,3.4882330894470215
analytical,10.0,acceleration,rad/s^2,J2,36,1.6228702068328857,2.7219862937927246
analytical,10.0,acceleration,rad/s^2,J2,37,1.9266555309295654,4.603871822357178
analytical,10.0,acceleration,rad/s^2,J2,38,2.474447727203369,2.2997138500213623
analytical,10.0,acceleration,rad/s^2,J2,39,2.5887136459350586,3.873183488845825
analytical,10.0,acceleration,rad/s^2,J2,40,0.8441903591156006,1.8888092041015625
analytical,10.0,acceleration,rad/s^2,J2,41,3.3575541973114014,4.292708396911621
analytical,10.0,acceleration,rad/s^2,J2,42,2.4366226196289062,2.854922294616699
analytical,10.0,acceleration,rad/s^2,J2,43,2.313607931137085,4.2991228103637695
analytical,10.0,acceleration,rad/s^2,J2,44,1.5923970937728882,3.4744625091552734
analytical,10.0,acceleration,rad/s^2,J2,45,0.76535564661026,1.9825986623764038
analytical,10.0,acceleration,rad/s^2,J2,46,3.9885683059692383,4.269870281219482
analytical,10.0,acceleration,rad/s^2,J2,47,0.9190031886100769,1.886354684829712
analytical,10.0,acceleration,rad/s^2,J2,48,4.7379374504089355,3.1001551151275635
analytical,10.0,acceleration,rad/s^2,J2,49,0.7082463502883911,1.3040658235549927
