model,noise_target,noise_percent,joint,trajectory,rmse_nm,torque_sd_nm
ANNet,none,0.0,J1,0,0.01999855972826481,6.431529998779297
ANNet,none,0.0,J2,0,0.02115752547979355,2.93876314163208
ANNet,all,1.0,J1,0,0.21737144887447357,6.431529998779297
ANNet,all,1.0,J2,0,0.09984058886766434,2.93876314163208
analytical,all,1.0,J1,0,0.21631327271461487,6.431529998779297
analytical,all,1.0,J2,0,0.09743097424507141,2.93876314163208
ANNet,all,2.5,J1,0,0.5413469672203064,6.431529998779297
ANNet,all,2.5,J2,0,0.24466611444950104,2.93876314163208
analytical,all,2.5,J1,0,0.5407829880714417,6.431529998779297
analytical,all,2.5,J2,0,0.24357768893241882,2.93876314163208
ANNet,all,5.0,J1,0,1.0820320844650269,6.431529998779297
ANNet,all,5.0,J2,0,0.4878350496292114,2.93876314163208
analytical,all,5.0,J1,0,1.0815528631210327,6.431529998779297
analytical,all,5.0,J2,0,0.4871533513069153,2.93876314163208
ANNet,all,10.0,J1,0,2.1635780334472656,6.431529998779297
ANNet,all,10.0,J2,0,0.9748433828353882,2.93876314163208
analytical,all,10.0,J1,0,2.1629621982574463,6.431529998779297
analytical,all,10.0,J2,0,0.9742774963378906,2.93876314163208
ANNet,all,25.0,J1,0,5.406166076660156,6.431529998779297
ANNet,all,25.0,J2,0,2.435987949371338,2.93876314163208
analytical,all,25.0,J1,0,5.404519081115723,6.431529998779297
analytical,all,25.0,J2,0,2.4350571632385254,2.93876314163208
ANNet,angle,1.0,J1,0,0.020447637885808945,6.431529998779297
ANNet,angle,1.0,J2,0,0.02125479094684124,2.93876314163208
analytical,angle,1.0,J1,0,0.0043093678541481495,6.431529998779297
analytical,angle,1.0,J2,0,0.0020684925839304924,2.93876314163208
ANNet,angle,2.5,J1,0,0.02265520580112934,6.431529998779297
ANNet,angle,2.5,J2,0,0.021756472066044807,2.93876314163208
analytical,angle,2.5,J1,0,0.010773913934826851,6.431529998779297
analytical,angle,2.5,J2,0,0.0051732370629906654,2.93876314163208
ANNet,angle,5.0,J1,0,0.029206834733486176,6.431529998779297
ANNet,angle,5.0,J2,0,0.023463526740670204,2.93876314163208
analytical,angle,5.0,J1,0,0.021550128236413002,6.431529998779297
analytical,angle,5.0,J2,0,0.010356181301176548,2.93876314163208
ANNet,angle,10.0,J1,0,0.04704642295837402,6.431529998779297
ANNet,angle,10.0,J2,0,0.029357828199863434,2.93876314163208
analytical,angle,10.0,J1,0,0.04311428964138031,6.431529998779297
analytical,angle,10.0,J2,0,0.02077356167137623,2.93876314163208
ANNet,angle,25.0,J1,0,0.10859113931655884,6.431529998779297
ANNet,angle,25.0,J2,0,0.05609752982854843,2.93876314163208
analytical,angle,25.0,J1,0,0.10798738151788712,6.431529998779297
analytical,angle,25.0,J2,0,0.05283018574118614,2.93876314163208
ANNet,velocity,1.0,J1,0,0.020972678437829018,6.431529998779297
ANNet,velocity,1.0,J2,0,0.02127254009246826,2.93876314163208
analytical,velocity,1.0,J1,0,0.006323590874671936,6.431529998779297
analytical,velocity,1.0,J2,0,0.0021440512500703335,2.93876314163208
ANNet,velocity,2.5,J1,0,0.02554718591272831,6.431529998779297
ANNet,velocity,2.5,J2,0,0.021863212808966637,2.93876314163208
analytical,velocity,2.5,J1,0,0.015820693224668503,6.431529998779297
analytical,velocity,2.5,J2,0,0.0053610410541296005,2.93876314163208
ANNet,velocity,5.0,J1,0,0.03766841068863869,6.431529998779297
ANNet,velocity,5.0,J2,0,0.023854820057749748,2.93876314163208
analytical,velocity,5.0,J1,0,0.031708694994449615,6.431529998779297
analytical,velocity,5.0,J2,0,0.010731162503361702,2.93876314163208
ANNet,velocity,10.0,J1,0,0.06740699708461761,6.431529998779297
ANNet,velocity,10.0,J2,0,0.030595816671848297,2.93876314163208
analytical,velocity,10.0,J1,0,0.06389674544334412,6.431529998779297
analytical,velocity,10.0,J2,0,0.02154374308884144,2.93876314163208
ANNet,velocity,25.0,J1,0,0.16964103281497955,6.431529998779297
ANNet,velocity,25.0,J2,0,0.060412101447582245,2.93876314163208
analytical,velocity,25.0,J1,0,0.1673543006181717,6.431529998779297
analytical,velocity,25.0,J2,0,0.05534988269209862,2.93876314163208
ANNet,acceleration,1.0,J1,0,0.21723303198814392,6.431529998779297
ANNet,acceleration,1.0,J2,0,0.09978087246417999,2.93876314163208
analytical,acceleration,1.0,J1,0,0.2161715030670166,6.431529998779297
analytical,acceleration,1.0,J2,0,0.09736914932727814,2.93876314163208
ANNet,acceleration,2.5,J1,0,0.5409978032112122,6.431529998779297
ANNet,acceleration,2.5,J2,0,0.24451425671577454,2.93876314163208
analytical,acceleration,2.5,J1,0,0.5404287576675415,6.431529998779297
analytical,acceleration,2.5,J2,0,0.24342288076877594,2.93876314163208
ANNet,acceleration,5.0,J1,0,1.0813473463058472,6.431529998779297
ANNet,acceleration,5.0,J2,0,0.4875337481498718,2.93876314163208
analytical,acceleration,5.0,J1,0,1.080857515335083,6.431529998779297
analytical,acceleration,5.0,J2,0,0.4868457615375519,2.93876314163208
ANNet,acceleration,10.0,J1,0,2.1623716354370117,6.431529998779297
ANNet,acceleration,10.0,J2,0,0.9742774367332458,2.93876314163208
analytical,acceleration,10.0,J1,0,2.161715030670166,6.431529998779297
analytical,acceleration,10.0,J2,0,0.9736915230751038,2.93876314163208
ANNet,acceleration,25.0,J1,0,5.406392574310303,6.431529998779297
ANNet,acceleration,25.0,J2,0,2.435333728790283,2.93876314163208
analytical,acceleration,25.0,J1,0,5.404287338256836,6.431529998779297
analytical,acceleration,25.0,J2,0,2.4342286586761475,2.93876314163208
ANNet,none,0.0,J1,1,0.01992228627204895,5.590188503265381
ANNet,none,0.0,J2,1,0.027572156861424446,2.4040796756744385
ANNet,all,1.0,J1,1,0.14465323090553284,5.590188503265381
ANNet,all,1.0,J2,1,0.0693192183971405,2.4040796756744385
analytical,all,1.0,J1,1,0.14350299537181854,5.590188503265381
analytical,all,1.0,J2,1,0.06397222727537155,2.4040796756744385
ANNet,all,2.5,J1,1,0.358725368976593,5.590188503265381
ANNet,all,2.5,J2,1,0.1618618369102478,2.4040796756744385
analytical,all,2.5,J1,1,0.3587566912174225,5.590188503265381
analytical,all,2.5,J2,1,0.1599300652742386,2.4040796756744385
ANNet,all,5.0,J1,1,0.7166149020195007,5.590188503265381
ANNet,all,5.0,J2,1,0.3205128014087677,2.4040796756744385
analytical,all,5.0,J1,1,0.717507004737854,5.590188503265381
analytical,all,5.0,J2,1,0.31985756754875183,2.4040796756744385
ANNet,all,10.0,J1,1,1.432834267616272,5.590188503265381
ANNet,all,10.0,J2,1,0.6395885348320007,2.4040796756744385
analytical,all,10.0,J1,1,1.4349621534347534,5.590188503265381
analytical,all,10.0,J2,1,0.6396989822387695,2.4040796756744385
ANNet,all,25.0,J1,1,3.582094430923462,5.590188503265381
ANNet,all,25.0,J2,1,1.5984171628952026,2.4040796756744385
analytical,all,25.0,J1,1,3.586483955383301,5.590188503265381
analytical,all,25.0,J2,1,1.5990084409713745,2.4040796756744385
ANNet,angle,1.0,J1,1,0.019975528120994568,5.590188503265381
ANNet,angle,1.0,J2,1,0.02758246473968029,2.4040796756744385
analytical,angle,1.0,J1,1,0.0014692835975438356,5.590188503265381
analytical,angle,1.0,J2,1,0.0006429009954445064,2.4040796756744385
ANNet,angle,2.5,J1,1,0.020251046866178513,5.590188503265381
ANNet,angle,2.5,J2,1,0.027629859745502472,2.4040796756744385
analytical,angle,2.5,J1,1,0.003673401428386569,5.590188503265381
analytical,angle,2.5,J2,1,0.0016075767343863845,2.4040796756744385
ANNet,angle,5.0,J1,1,0.021204885095357895,5.590188503265381
ANNet,angle,5.0,J2,1,0.027793586254119873,2.4040796756744385
analytical,angle,5.0,J1,1,0.00734778493642807,5.590188503265381
analytical,angle,5.0,J2,1,0.0032169923651963472,2.4040796756744385
ANNet,angle,10.0,J1,1,0.024655895307660103,5.590188503265381
ANNet,angle,10.0,J2,1,0.028432587161660194,2.4040796756744385
analytical,angle,10.0,J1,1,0.01470201462507248,5.590188503265381
analytical,angle,10.0,J2,1,0.006446983199566603,2.4040796756744385
ANNet,angle,25.0,J1,1,0.04150529205799103,5.590188503265381
ANNet,angle,25.0,J2,1,0.03260599449276924,2.4040796756744385
analytical,angle,25.0,J1,1,0.03685368597507477,5.590188503265381
analytical,angle,25.0,J2,1,0.016326075419783592,2.4040796756744385
ANNet,velocity,1.0,J1,1,0.020023589953780174,5.590188503265381
ANNet,velocity,1.0,J2,1,0.027586407959461212,2.4040796756744385
analytical,velocity,1.0,J1,1,0.001957500586286187,5.590188503265381
analytical,velocity,1.0,J2,1,0.000789995479863137,2.4040796756744385
ANNet,velocity,2.5,J1,1,0.020533060654997826,5.590188503265381
ANNet,velocity,2.5,J2,1,0.02765427716076374,2.4040796756744385
analytical,velocity,2.5,J1,1,0.004895279183983803,5.590188503265381
analytical,velocity,2.5,J2,1,0.001975941937416792,2.4040796756744385
ANNet,velocity,5.0,J1,1,0.022251848131418228,5.590188503265381
ANNet,velocity,5.0,J2,1,0.02789071574807167,2.4040796756744385
analytical,velocity,5.0,J1,1,0.009801927953958511,5.590188503265381
analytical,velocity,5.0,J2,1,0.003957159351557493,2.4040796756744385
ANNet,velocity,10.0,J1,1,0.02813972719013691,5.590188503265381
ANNet,velocity,10.0,J2,1,0.028816696256399155,2.4040796756744385
analytical,velocity,10.0,J1,1,0.01969626359641552,5.590188503265381
analytical,velocity,10.0,J2,1,0.007951073348522186,2.4040796756744385
ANNet,velocity,25.0,J1,1,0.054931845515966415,5.590188503265381
ANNet,velocity,25.0,J2,1,0.034872524440288544,2.4040796756744385
analytical,velocity,25.0,J1,1,0.050845060497522354,5.590188503265381
analytical,velocity,25.0,J2,1,0.02045777626335621,2.4040796756744385
ANNet,acceleration,1.0,J1,1,0.14463625848293304,5.590188503265381
ANNet,acceleration,1.0,J2,1,0.06931125372648239,2.4040796756744385
analytical,acceleration,1.0,J1,1,0.14348390698432922,5.590188503265381
analytical,acceleration,1.0,J2,1,0.0639662891626358,2.4040796756744385
ANNet,acceleration,2.5,J1,1,0.35868412256240845,5.590188503265381
ANNet,acceleration,2.5,J2,1,0.16184329986572266,2.4040796756744385
analytical,acceleration,2.5,J1,1,0.35870981216430664,5.590188503265381
analytical,acceleration,2.5,J2,1,0.1599157154560089,2.4040796756744385
ANNet,acceleration,5.0,J1,1,0.7165377140045166,5.590188503265381
ANNet,acceleration,5.0,J2,1,0.3204790949821472,2.4040796756744385
analytical,acceleration,5.0,J1,1,0.7174196243286133,5.590188503265381
analytical,acceleration,5.0,J2,1,0.3198314607143402,2.4040796756744385
ANNet,acceleration,10.0,J1,1,1.432722806930542,5.590188503265381
ANNet,acceleration,10.0,J2,1,0.6395373344421387,2.4040796756744385
analytical,acceleration,10.0,J1,1,1.4348392486572266,5.590188503265381
analytical,acceleration,10.0,J2,1,0.6396629214286804,2.4040796756744385
ANNet,acceleration,25.0,J1,1,3.5826163291931152,5.590188503265381
ANNet,acceleration,25.0,J2,1,1.5985302925109863,2.4040796756744385
analytical,acceleration,25.0,J1,1,3.5870978832244873,5.590188503265381
analytical,acceleration,25.0,J2,1,1.5991572141647339,2.4040796756744385
ANNet,none,0.0,J1,2,0.06231275945901871,10.905932426452637
ANNet,none,0.0,J2,2,0.07677307724952698,6.038290500640869
ANNet,all,1.0,J1,2,0.4864024817943573,10.905932426452637
ANNet,all,1.0,J2,2,0.24370123445987701,6.038290500640869
analytical,all,1.0,J1,2,0.4821776747703552,10.905932426452637
analytical,all,1.0,J2,2,0.22972632944583893,6.038290500640869
ANNet,all,2.5,J1,2,1.2076481580734253,10.905932426452637
ANNet,all,2.5,J2,2,0.582252562046051,6.038290500640869
analytical,all,2.5,J1,2,1.2054599523544312,10.905932426452637
analytical,all,2.5,J2,2,0.5743131637573242,6.038290500640869
ANNet,all,5.0,J1,2,2.4129462242126465,10.905932426452637
ANNet,all,5.0,J2,2,1.1562697887420654,6.038290500640869
analytical,all,5.0,J1,2,2.410975456237793,10.905932426452637
analytical,all,5.0,J2,2,1.1486037969589233,6.038290500640869
ANNet,all,10.0,J1,2,4.8251824378967285,10.905932426452637
ANNet,all,10.0,J2,2,2.308030128479004,6.038290500640869
analytical,all,10.0,J1,2,4.822199821472168,10.905932426452637
analytical,all,10.0,J2,2,2.29701566696167,6.038290500640869
ANNet,all,25.0,J1,2,12.082284927368164,10.905932426452637
ANNet,all,25.0,J2,2,5.842756748199463,6.038290500640869
analytical,all,25.0,J1,2,12.058171272277832,10.905932426452637
analytical,all,25.0,J2,2,5.739161014556885,6.038290500640869
ANNet,angle,1.0,J1,2,0.09402982145547867,10.905932426452637
ANNet,angle,1.0,J2,2,0.08508867025375366,6.038290500640869
analytical,angle,1.0,J1,2,0.07103680074214935,10.905932426452637
analytical,angle,1.0,J2,2,0.03667551279067993,6.038290500640869
ANNet,angle,2.5,J1,2,0.18695391714572906,10.905932426452637
ANNet,angle,2.5,J2,2,0.11948928236961365,6.038290500640869
analytical,angle,2.5,J1,2,0.17757928371429443,10.905932426452637
analytical,angle,2.5,J2,2,0.09169413149356842,6.038290500640869
ANNet,angle,5.0,J1,2,0.358041375875473,10.905932426452637
ANNet,angle,5.0,J2,2,0.1985524296760559,6.038290500640869
analytical,angle,5.0,J1,2,0.3550436794757843,10.905932426452637
analytical,angle,5.0,J2,2,0.18344852328300476,6.038290500640869
ANNet,angle,10.0,J1,2,0.7071698307991028,10.905932426452637
ANNet,angle,10.0,J2,2,0.374884694814682,6.038290500640869
analytical,angle,10.0,J1,2,0.7090852856636047,10.905932426452637
analytical,angle,10.0,J2,2,0.36745426058769226,6.038290500640869
ANNet,angle,25.0,J1,2,1.7477302551269531,10.905932426452637
ANNet,angle,25.0,J2,2,0.9337984919548035,6.038290500640869
analytical,angle,25.0,J1,2,1.7545415163040161,10.905932426452637
analytical,angle,25.0,J2,2,0.9287786483764648,6.038290500640869
ANNet,velocity,1.0,J1,2,0.11875352263450623,10.905932426452637
ANNet,velocity,1.0,J2,2,0.08167446404695511,6.038290500640869
analytical,velocity,1.0,J1,2,0.10140702873468399,10.905932426452637
analytical,velocity,1.0,J2,2,0.02610810659825802,6.038290500640869
ANNet,velocity,2.5,J1,2,0.26048651337623596,10.905932426452637
ANNet,velocity,2.5,J2,2,0.10373523086309433,6.038290500640869
analytical,velocity,2.5,J1,2,0.25364428758621216,10.905932426452637
analytical,velocity,2.5,J2,2,0.06529461592435837,6.038290500640869
ANNet,velocity,5.0,J1,2,0.5108036994934082,10.905932426452637
ANNet,velocity,5.0,J2,2,0.15960811078548431,6.038290500640869
analytical,velocity,5.0,J1,2,0.5082868933677673,10.905932426452637
analytical,velocity,5.0,J2,2,0.13075360655784607,6.038290500640869
ANNet,velocity,10.0,J1,2,1.0251647233963013,10.905932426452637
ANNet,velocity,10.0,J2,2,0.29102423787117004,6.038290500640869
analytical,velocity,10.0,J1,2,1.0248502492904663,10.905932426452637
analytical,velocity,10.0,J2,2,0.2627856731414795,6.038290500640869
ANNet,velocity,25.0,J1,2,2.755880117416382,10.905932426452637
ANNet,velocity,25.0,J2,2,1.0813456773757935,6.038290500640869
analytical,velocity,25.0,J1,2,2.7056467533111572,10.905932426452637
analytical,velocity,25.0,J2,2,0.6786004900932312,6.038290500640869
ANNet,acceleration,1.0,J1,2,0.47103068232536316,10.905932426452637
ANNet,acceleration,1.0,J2,2,0.23949933052062988,6.038290500640869
analytical,acceleration,1.0,J1,2,0.46651920676231384,10.905932426452637
analytical,acceleration,1.0,J2,2,0.2254645675420761,6.038290500640869
ANNet,acceleration,2.5,J1,2,1.1688827276229858,10.905932426452637
ANNet,acceleration,2.5,J2,2,0.5712530016899109,6.038290500640869
analytical,acceleration,2.5,J1,2,1.1662980318069458,10.905932426452637
analytical,acceleration,2.5,J2,2,0.5636613965034485,6.038290500640869
ANNet,acceleration,5.0,J1,2,2.3352603912353516,10.905932426452637
ANNet,acceleration,5.0,J2,2,1.1340545415878296,6.038290500640869
analytical,acceleration,5.0,J1,2,2.3325960636138916,10.905932426452637
analytical,acceleration,5.0,J2,2,1.127322793006897,6.038290500640869
ANNet,acceleration,10.0,J1,2,4.669196128845215,10.905932426452637
ANNet,acceleration,10.0,J2,2,2.2637550830841064,6.038290500640869
analytical,acceleration,10.0,J1,2,4.665192127227783,10.905932426452637
analytical,acceleration,10.0,J2,2,2.254645586013794,6.038290500640869
ANNet,acceleration,25.0,J1,2,11.6702241897583,10.905932426452637
ANNet,acceleration,25.0,J2,2,5.659162521362305,6.038290500640869
analytical,acceleration,25.0,J1,2,11.662980079650879,10.905932426452637
analytical,acceleration,25.0,J2,2,5.636613845825195,6.038290500640869
ANNet,none,0.0,J1,3,0.040751535445451736,1.9853006601333618
ANNet,none,0.0,J2,3,0.019311856478452682,3.7261364459991455
ANNet,all,1.0,J1,3,0.4287007749080658,1.9853006601333618
ANNet,all,1.0,J2,3,0.20389911532402039,3.7261364459991455
analytical,all,1.0,J1,3,0.4263538718223572,1.9853006601333618
analytical,all,1.0,J2,3,0.2028944343328476,3.7261364459991455
ANNet,all,2.5,J1,3,1.0673764944076538,1.9853006601333618
ANNet,all,2.5,J2,3,0.5077113509178162,3.7261364459991455
analytical,all,2.5,J1,3,1.0658705234527588,1.9853006601333618
analytical,all,2.5,J2,3,0.507226824760437,3.7261364459991455
ANNet,all,5.0,J1,3,2.133345365524292,1.9853006601333618
ANNet,all,5.0,J2,3,1.014790654182434,3.7261364459991455
analytical,all,5.0,J1,3,2.131667375564575,1.9853006601333618
analytical,all,5.0,J2,3,1.0144022703170776,3.7261364459991455
ANNet,all,10.0,J1,3,4.265597820281982,1.9853006601333618
ANNet,all,10.0,J2,3,2.029216766357422,3.7261364459991455
analytical,all,10.0,J1,3,4.262848377227783,1.9853006601333618
analytical,all,10.0,J2,3,2.0284454822540283,3.7261364459991455
ANNet,all,25.0,J1,3,10.660090446472168,1.9853006601333618
ANNet,all,25.0,J2,3,5.079821586608887,3.7261364459991455
analytical,all,25.0,J1,3,10.650347709655762,1.9853006601333618
analytical,all,25.0,J2,3,5.065482139587402,3.7261364459991455
ANNet,angle,1.0,J1,3,0.04334573820233345,1.9853006601333618
ANNet,angle,1.0,J2,3,0.032234348356723785,3.7261364459991455
analytical,angle,1.0,J1,3,0.015103674493730068,1.9853006601333618
analytical,angle,1.0,J2,3,0.02609337493777275,3.7261364459991455
ANNet,angle,2.5,J1,3,0.05511612817645073,1.9853006601333618
ANNet,angle,2.5,J2,3,0.06718765944242477,3.7261364459991455
analytical,angle,2.5,J1,3,0.037766218185424805,1.9853006601333618
analytical,angle,2.5,J2,3,0.06524601578712463,3.7261364459991455
ANNet,angle,5.0,J1,3,0.08479435741901398,1.9853006601333618
ANNet,angle,5.0,J2,3,0.1301177442073822,3.7261364459991455
analytical,angle,5.0,J1,3,0.07555758208036423,1.9853006601333618
analytical,angle,5.0,J2,3,0.13055524230003357,3.7261364459991455
ANNet,angle,10.0,J1,3,0.1544172316789627,1.9853006601333618
ANNet,angle,10.0,J2,3,0.2586113512516022,3.7261364459991455
analytical,angle,10.0,J1,3,0.15122786164283752,1.9853006601333618
analytical,angle,10.0,J2,3,0.26152166724205017,3.7261364459991455
ANNet,angle,25.0,J1,3,0.3757713735103607,1.9853006601333618
ANNet,angle,25.0,J2,3,0.6540176868438721,3.7261364459991455
analytical,angle,25.0,J1,3,0.37910813093185425,1.9853006601333618
analytical,angle,25.0,J2,3,0.6598923802375793,3.7261364459991455
ANNet,velocity,1.0,J1,3,0.07177378982305527,1.9853006601333618
ANNet,velocity,1.0,J2,3,0.024187810719013214,3.7261364459991455
analytical,velocity,1.0,J1,3,0.05891980975866318,1.9853006601333618
analytical,velocity,1.0,J2,3,0.014477059245109558,3.7261364459991455
ANNet,velocity,2.5,J1,3,0.15351849794387817,1.9853006601333618
ANNet,velocity,2.5,J2,3,0.04120447114109993,3.7261364459991455
analytical,velocity,2.5,J1,3,0.1474704146385193,1.9853006601333618
analytical,velocity,2.5,J2,3,0.036223217844963074,3.7261364459991455
ANNet,velocity,5.0,J1,3,0.30000802874565125,1.9853006601333618
ANNet,velocity,5.0,J2,3,0.0754549503326416,3.7261364459991455
analytical,velocity,5.0,J1,3,0.2960937023162842,1.9853006601333618
analytical,velocity,5.0,J2,3,0.07260728627443314,3.7261364459991455
ANNet,velocity,10.0,J1,3,0.6045233011245728,1.9853006601333618
ANNet,velocity,10.0,J2,3,0.14842195808887482,3.7261364459991455
analytical,velocity,10.0,J1,3,0.6010991334915161,1.9853006601333618
analytical,velocity,10.0,J2,3,0.14629602432250977,3.7261364459991455
ANNet,velocity,25.0,J1,3,1.6590903997421265,1.9853006601333618
ANNet,velocity,25.0,J2,3,0.48544934391975403,3.7261364459991455
analytical,velocity,25.0,J1,3,1.6482702493667603,1.9853006601333618
analytical,velocity,25.0,J2,3,0.38223907351493835,3.7261364459991455
ANNet,acceleration,1.0,J1,3,0.4248545467853546,1.9853006601333618
ANNet,acceleration,1.0,J2,3,0.2017713487148285,3.7261364459991455
analytical,acceleration,1.0,J1,3,0.42248648405075073,1.9853006601333618
analytical,acceleration,1.0,J2,3,0.20072583854198456,3.7261364459991455
ANNet,acceleration,2.5,J1,3,1.0577051639556885,1.9853006601333618
ANNet,acceleration,2.5,J2,3,0.502404510974884,3.7261364459991455
analytical,acceleration,2.5,J1,3,1.0562162399291992,1.9853006601333618
analytical,acceleration,2.5,J2,3,0.5018146634101868,3.7261364459991455
ANNet,acceleration,5.0,J1,3,2.1140174865722656,1.9853006601333618
ANNet,acceleration,5.0,J2,3,1.0042216777801514,3.7261364459991455
analytical,acceleration,5.0,J1,3,2.1124327182769775,1.9853006601333618
analytical,acceleration,5.0,J2,3,1.003629207611084,3.7261364459991455
ANNet,acceleration,10.0,J1,3,4.227208614349365,1.9853006601333618
ANNet,acceleration,10.0,J2,3,2.0082926750183105,3.7261364459991455
analytical,acceleration,10.0,J1,3,4.224865436553955,1.9853006601333618
analytical,acceleration,10.0,J2,3,2.007258653640747,3.7261364459991455
ANNet,acceleration,25.0,J1,3,10.566689491271973,1.9853006601333618
ANNet,acceleration,25.0,J2,3,5.023134708404541,3.7261364459991455
analytical,acceleration,25.0,J1,3,10.562162399291992,1.9853006601333618
analytical,acceleration,25.0,J2,3,5.01814603805542,3.7261364459991455
ANNet,none,0.0,J1,4,0.03481863811612129,2.915438413619995
ANNet,none,0.0,J2,4,0.02168036252260208,3.166196584701538
ANNet,all,1.0,J1,4,0.38226133584976196,2.915438413619995
ANNet,all,1.0,J2,4,0.17890673875808716,3.166196584701538
analytical,all,1.0,J1,4,0.38063061237335205,2.915438413619995
analytical,all,1.0,J2,4,0.17745882272720337,3.166196584701538
ANNet,all,2.5,J1,4,0.9523134827613831,2.915438413619995
ANNet,all,2.5,J2,4,0.4444730579853058,3.166196584701538
analytical,all,2.5,J1,4,0.9515655636787415,2.915438413619995
analytical,all,2.5,J2,4,0.44364413619041443,3.166196584701538
ANNet,all,5.0,J1,4,1.903600811958313,2.915438413619995
ANNet,all,5.0,J2,4,0.8881180882453918,3.166196584701538
analytical,all,5.0,J1,4,1.9030433893203735,2.915438413619995
analytical,all,5.0,J2,4,0.8872630000114441,3.166196584701538
ANNet,all,10.0,J1,4,3.8060901165008545,2.915438413619995
ANNet,all,10.0,J2,4,1.7756564617156982,3.166196584701538
analytical,all,10.0,J1,4,3.8053557872772217,2.915438413619995
analytical,all,10.0,J2,4,1.7743089199066162,3.166196584701538
ANNet,all,25.0,J1,4,9.503239631652832,2.915438413619995
ANNet,all,25.0,J2,4,4.435716152191162,3.166196584701538
analytical,all,25.0,J1,4,9.500605583190918,2.915438413619995
analytical,all,25.0,J2,4,4.43186616897583,3.166196584701538
ANNet,angle,1.0,J1,4,0.03667059913277626,2.915438413619995
ANNet,angle,1.0,J2,4,0.026463063433766365,3.166196584701538
analytical,angle,1.0,J1,4,0.01130471471697092,2.915438413619995
analytical,angle,1.0,J2,4,0.015206183306872845,3.166196584701538
ANNet,angle,2.5,J1,4,0.04487348720431328,2.915438413619995
ANNet,angle,2.5,J2,4,0.043836284428834915,3.166196584701538
analytical,angle,2.5,J1,4,0.028257129713892937,2.915438413619995
analytical,angle,2.5,J2,4,0.038015466183423996,3.166196584701538
ANNet,angle,5.0,J1,4,0.06619307398796082,2.915438413619995
ANNet,angle,5.0,J2,4,0.07933562248945236,3.166196584701538
analytical,angle,5.0,J1,4,0.05649946630001068,2.915438413619995
analytical,angle,5.0,J2,4,0.07604686170816422,3.166196584701538
ANNet,angle,10.0,J1,4,0.11752442270517349,2.915438413619995
ANNet,angle,10.0,J2,4,0.15437175333499908,3.166196584701538
analytical,angle,10.0,J1,4,0.1129450798034668,2.915438413619995
analytical,angle,10.0,J2,4,0.15227621793746948,3.166196584701538
ANNet,angle,25.0,J1,4,0.2822551429271698,2.915438413619995
ANNet,angle,25.0,J2,4,0.385416179895401,3.166196584701538
analytical,angle,25.0,J1,4,0.2820722162723541,2.915438413619995
analytical,angle,25.0,J2,4,0.38436684012413025,3.166196584701538
ANNet,velocity,1.0,J1,4,0.049522433429956436,2.915438413619995
ANNet,velocity,1.0,J2,4,0.023207979276776314,3.166196584701538
analytical,velocity,1.0,J1,4,0.03512803837656975,2.915438413619995
analytical,velocity,1.0,J2,4,0.008383604697883129,3.166196584701538
ANNet,velocity,2.5,J1,4,0.09487488865852356,2.915438413619995
ANNet,velocity,2.5,J2,4,0.03004038892686367,3.166196584701538
analytical,velocity,2.5,J1,4,0.08791599422693253,2.915438413619995
analytical,velocity,2.5,J2,4,0.020962944254279137,3.166196584701538
ANNet,velocity,5.0,J1,4,0.18061600625514984,2.915438413619995
ANNet,velocity,5.0,J2,4,0.046993449330329895,3.166196584701538
analytical,velocity,5.0,J1,4,0.176470547914505,2.915438413619995
analytical,velocity,5.0,J2,4,0.041971396654844284,3.166196584701538
ANNet,velocity,10.0,J1,4,0.36112532019615173,2.915438413619995
ANNet,velocity,10.0,J2,4,0.08663856983184814,3.166196584701538
analytical,velocity,10.0,J1,4,0.3578496277332306,2.915438413619995
analytical,velocity,10.0,J2,4,0.08436667919158936,3.166196584701538
ANNet,velocity,25.0,J1,4,0.9791173934936523,2.915438413619995
ANNet,velocity,25.0,J2,4,0.21904005110263824,3.166196584701538
analytical,velocity,25.0,J1,4,0.9747976660728455,2.915438413619995
analytical,velocity,25.0,J2,4,0.21877747774124146,3.166196584701538
ANNet,acceleration,1.0,J1,4,0.38047680258750916,2.915438413619995
ANNet,acceleration,1.0,J2,4,0.17818720638751984,3.166196584701538
analytical,acceleration,1.0,J1,4,0.3788551688194275,2.915438413619995
analytical,acceleration,1.0,J2,4,0.17672507464885712,3.166196584701538
ANNet,acceleration,2.5,J1,4,0.9478476643562317,2.915438413619995
ANNet,acceleration,2.5,J2,4,0.4426478147506714,3.166196584701538
analytical,acceleration,2.5,J1,4,0.9471379518508911,2.915438413619995
analytical,acceleration,2.5,J2,4,0.4418127238750458,3.166196584701538
ANNet,acceleration,5.0,J1,4,1.8947399854660034,2.915438413619995
ANNet,acceleration,5.0,J2,4,0.8844801187515259,3.166196584701538
analytical,acceleration,5.0,J1,4,1.8942760229110718,2.915438413619995
analytical,acceleration,5.0,J2,4,0.8836254477500916,3.166196584701538
ANNet,acceleration,10.0,J1,4,3.7889957427978516,2.915438413619995
ANNet,acceleration,10.0,J2,4,1.768608570098877,3.166196584701538
analytical,acceleration,10.0,J1,4,3.7885520458221436,2.915438413619995
analytical,acceleration,10.0,J2,4,1.767250895500183,3.166196584701538
ANNet,acceleration,25.0,J1,4,9.47197437286377,2.915438413619995
ANNet,acceleration,25.0,J2,4,4.422346591949463,3.166196584701538
analytical,acceleration,25.0,J1,4,9.471380233764648,2.915438413619995
analytical,acceleration,25.0,J2,4,4.418127536773682,3.166196584701538
ANNet,none,0.0,J1,5,0.039645716547966,1.559543251991272
ANNet,none,0.0,J2,5,0.01834789291024208,3.366204261779785
ANNet,all,1.0,J1,5,0.4151547849178314,1.559543251991272
ANNet,all,1.0,J2,5,0.19603659212589264,3.366204261779785
analytical,all,1.0,J1,5,0.41323545575141907,1.559543251991272
analytical,all,1.0,J2,5,0.19503284990787506,3.366204261779785
ANNet,all,2.5,J1,5,1.0340312719345093,1.559543251991272
ANNet,all,2.5,J2,5,0.4882040321826935,3.366204261779785
analytical,all,2.5,J1,5,1.0330661535263062,1.559543251991272
analytical,all,2.5,J2,5,0.4875814914703369,3.366204261779785
ANNet,all,5.0,J1,5,2.0669307708740234,1.559543251991272
ANNet,all,5.0,J2,5,0.9758331775665283,3.366204261779785
analytical,all,5.0,J1,5,2.066020965576172,1.559543251991272
analytical,all,5.0,J2,5,0.9751415252685547,3.366204261779785
ANNet,all,10.0,J1,5,4.132847785949707,1.559543251991272
ANNet,all,10.0,J2,5,1.9512875080108643,3.366204261779785
analytical,all,10.0,J1,5,4.131329536437988,1.559543251991272
analytical,all,10.0,J2,5,1.9500545263290405,3.366204261779785
ANNet,all,25.0,J1,5,10.32392406463623,1.559543251991272
ANNet,all,25.0,J2,5,4.876690864562988,3.366204261779785
analytical,all,25.0,J1,5,10.318148612976074,1.559543251991272
analytical,all,25.0,J2,5,4.870614528656006,3.366204261779785
ANNet,angle,1.0,J1,5,0.04129530116915703,1.559543251991272
ANNet,angle,1.0,J2,5,0.02799409255385399,3.366204261779785
analytical,angle,1.0,J1,5,0.011550785973668098,1.559543251991272
analytical,angle,1.0,J2,5,0.021452181041240692,3.366204261779785
ANNet,angle,2.5,J1,5,0.04889174923300743,1.559543251991272
ANNet,angle,2.5,J2,5,0.056076958775520325,3.366204261779785
analytical,angle,2.5,J1,5,0.028875859454274178,1.559543251991272
analytical,angle,2.5,J2,5,0.05363163352012634,3.366204261779785
ANNet,angle,5.0,J1,5,0.06946368515491486,1.559543251991272
ANNet,angle,5.0,J2,5,0.10767769068479538,3.366204261779785
analytical,angle,5.0,J1,5,0.057751163840293884,1.559543251991272
analytical,angle,5.0,J2,5,0.10728619247674942,3.366204261779785
ANNet,angle,10.0,J1,5,0.12062548100948334,1.559543251991272
ANNet,angle,10.0,J2,5,0.21341462433338165,3.366204261779785
analytical,angle,10.0,J1,5,0.11552348732948303,1.559543251991272
analytical,angle,10.0,J2,5,0.2148049771785736,3.366204261779785
ANNet,angle,25.0,J1,5,0.288038045167923,1.559543251991272
ANNet,angle,25.0,J2,5,0.5377927422523499,3.366204261779785
analytical,angle,25.0,J1,5,0.28941094875335693,1.559543251991272
analytical,angle,25.0,J2,5,0.5414518713951111,3.366204261779785
ANNet,velocity,1.0,J1,5,0.0637369453907013,1.559543251991272
ANNet,velocity,1.0,J2,5,0.022035008296370506,3.366204261779785
analytical,velocity,1.0,J1,5,0.04935242980718613,1.559543251991272
analytical,velocity,1.0,J2,5,0.012096334248781204,3.366204261779785
ANNet,velocity,2.5,J1,5,0.13056594133377075,1.559543251991272
ANNet,velocity,2.5,J2,5,0.035492923110723495,3.366204261779785
analytical,velocity,2.5,J1,5,0.12349394708871841,1.559543251991272
analytical,velocity,2.5,J2,5,0.03025783598423004,3.366204261779785
ANNet,velocity,5.0,J1,5,0.252464234828949,1.559543251991272
ANNet,velocity,5.0,J2,5,0.06348678469657898,3.366204261779785
analytical,velocity,5.0,J1,5,0.24784697592258453,1.559543251991272
analytical,velocity,5.0,J2,5,0.0606217123568058,3.366204261779785
ANNet,velocity,10.0,J1,5,0.5067973136901855,1.559543251991272
ANNet,velocity,10.0,J2,5,0.1236288771033287,3.366204261779785
analytical,velocity,10.0,J1,5,0.5026960968971252,1.559543251991272
analytical,velocity,10.0,J2,5,0.12203506380319595,3.366204261779785
ANNet,velocity,25.0,J1,5,1.3794692754745483,1.559543251991272
ANNet,velocity,25.0,J2,5,0.32375258207321167,3.366204261779785
analytical,velocity,25.0,J1,5,1.374765157699585,1.559543251991272
analytical,velocity,25.0,J2,5,0.3180895745754242,3.366204261779785
ANNet,acceleration,1.0,J1,5,0.4125296175479889,1.559543251991272
ANNet,acceleration,1.0,J2,5,0.19463582336902618,3.366204261779785
analytical,acceleration,1.0,J1,5,0.4106644093990326,1.559543251991272
analytical,acceleration,1.0,J2,5,0.19360023736953735,3.366204261779785
ANNet,acceleration,2.5,J1,5,1.0275284051895142,1.559543251991272
ANNet,acceleration,2.5,J2,5,0.48468366265296936,3.366204261779785
analytical,acceleration,2.5,J1,5,1.0266611576080322,1.559543251991272
analytical,acceleration,2.5,J2,5,0.48400062322616577,3.366204261779785
ANNet,acceleration,5.0,J1,5,2.054049253463745,1.559543251991272
ANNet,acceleration,5.0,J2,5,0.9688045382499695,3.366204261779785
analytical,acceleration,5.0,J1,5,2.0533223152160645,1.559543251991272
analytical,acceleration,5.0,J2,5,0.9680012464523315,3.366204261779785
ANNet,acceleration,10.0,J1,5,4.107654571533203,1.559543251991272
ANNet,acceleration,10.0,J2,5,1.9374284744262695,3.366204261779785
analytical,acceleration,10.0,J1,5,4.106644630432129,1.559543251991272
analytical,acceleration,10.0,J2,5,1.936002492904663,3.366204261779785
ANNet,acceleration,25.0,J1,5,10.268685340881348,1.559543251991272
ANNet,acceleration,25.0,J2,5,4.845457077026367,3.366204261779785
analytical,acceleration,25.0,J1,5,10.266611099243164,1.559543251991272
analytical,acceleration,25.0,J2,5,4.840006351470947,3.366204261779785
ANNet,none,0.0,J1,6,0.02122700773179531,12.169906616210938
ANNet,none,0.0,J2,6,0.030431831255555153,4.964331150054932
ANNet,all,1.0,J1,6,0.12721243500709534,12.169906616210938
ANNet,all,1.0,J2,6,0.06084407866001129,4.964331150054932
analytical,all,1.0,J1,6,0.1250333935022354,12.169906616210938
analytical,all,1.0,J2,6,0.052728112787008286,4.964331150054932
ANNet,all,2.5,J1,6,0.31403854489326477,12.169906616210938
ANNet,all,2.5,J2,6,0.1354202926158905,4.964331150054932
analytical,all,2.5,J1,6,0.3125841021537781,12.169906616210938
analytical,all,2.5,J2,6,0.1318204700946808,4.964331150054932
ANNet,all,5.0,J1,6,0.6268270015716553,12.169906616210938
ANNet,all,5.0,J2,6,0.26581940054893494,4.964331150054932
analytical,all,5.0,J1,6,0.6251668930053711,12.169906616210938
analytical,all,5.0,J2,6,0.2636412978172302,4.964331150054932
ANNet,all,10.0,J1,6,1.2528917789459229,12.169906616210938
ANNet,all,10.0,J2,6,0.5291680693626404,4.964331150054932
analytical,all,10.0,J1,6,1.2503035068511963,12.169906616210938
analytical,all,10.0,J2,6,0.5272823572158813,4.964331150054932
ANNet,all,25.0,J1,6,3.130504846572876,12.169906616210938
ANNet,all,25.0,J2,6,1.3211278915405273,4.964331150054932
analytical,all,25.0,J1,6,3.125027656555176,12.169906616210938
analytical,all,25.0,J2,6,1.3181736469268799,4.964331150054932
ANNet,angle,1.0,J1,6,0.021439697593450546,12.169906616210938
ANNet,angle,1.0,J2,6,0.030505696311593056,4.964331150054932
analytical,angle,1.0,J1,6,0.002987177576869726,12.169906616210938
analytical,angle,1.0,J2,6,0.001999633852392435,4.964331150054932
ANNet,angle,2.5,J1,6,0.022486379370093346,12.169906616210938
ANNet,angle,2.5,J2,6,0.030855748802423477,4.964331150054932
analytical,angle,2.5,J1,6,0.007468706928193569,12.169906616210938
analytical,angle,2.5,J2,6,0.004999377764761448,4.964331150054932
ANNet,angle,5.0,J1,6,0.025858482345938683,12.169906616210938
ANNet,angle,5.0,J2,6,0.032049521803855896,4.964331150054932
analytical,angle,5.0,J1,6,0.014941059984266758,12.169906616210938
analytical,angle,5.0,J2,6,0.009999971836805344,4.964331150054932
ANNet,angle,10.0,J1,6,0.03632882609963417,12.169906616210938
ANNet,angle,10.0,J2,6,0.036399513483047485,4.964331150054932
analytical,angle,10.0,J1,6,0.029905056580901146,12.169906616210938
analytical,angle,10.0,J2,6,0.02000654675066471,4.964331150054932
ANNet,angle,25.0,J1,6,0.07692503184080124,12.169906616210938
ANNet,angle,25.0,J2,6,0.058358918875455856,4.964331150054932
analytical,angle,25.0,J1,6,0.07509983330965042,12.169906616210938
analytical,angle,25.0,J2,6,0.050100523978471756,4.964331150054932
ANNet,velocity,1.0,J1,6,0.02134794555604458,12.169906616210938
ANNet,velocity,1.0,J2,6,0.030561499297618866,4.964331150054932
analytical,velocity,1.0,J1,6,0.002369374968111515,12.169906616210938
analytical,velocity,1.0,J2,6,0.002859874628484249,4.964331150054932
ANNet,velocity,2.5,J1,6,0.022013863548636436,12.169906616210938
ANNet,velocity,2.5,J2,6,0.031259823590517044,4.964331150054932
analytical,velocity,2.5,J1,6,0.005925466306507587,12.169906616210938
analytical,velocity,2.5,J2,6,0.007153082638978958,4.964331150054932
ANNet,velocity,5.0,J1,6,0.024276884272694588,12.169906616210938
ANNet,velocity,5.0,J2,6,0.033660199493169785,4.964331150054932
analytical,velocity,5.0,J1,6,0.011861613020300865,12.169906616210938
analytical,velocity,5.0,J2,6,0.01432331558316946,4.964331150054932
ANNet,velocity,10.0,J1,6,0.0318424217402935,12.169906616210938
ANNet,velocity,10.0,J2,6,0.04199885204434395,4.964331150054932
analytical,velocity,10.0,J1,6,0.023795217275619507,12.169906616210938
analytical,velocity,10.0,J2,6,0.028758712112903595,4.964331150054932
ANNet,velocity,25.0,J1,6,0.06420185416936874,12.169906616210938
ANNet,velocity,25.0,J2,6,0.08002784103155136,4.964331150054932
analytical,velocity,25.0,J1,6,0.0606028288602829,12.169906616210938
analytical,velocity,25.0,J2,6,0.07358737289905548,4.964331150054932
ANNet,acceleration,1.0,J1,6,0.12716403603553772,12.169906616210938
ANNet,acceleration,1.0,J2,6,0.06071290746331215,4.964331150054932
analytical,acceleration,1.0,J1,6,0.12498363852500916,12.169906616210938
analytical,acceleration,1.0,J2,6,0.05257894843816757,4.964331150054932
ANNet,acceleration,2.5,J1,6,0.31391552090644836,12.169906616210938
ANNet,acceleration,2.5,J2,6,0.13505375385284424,4.964331150054932
analytical,acceleration,2.5,J1,6,0.3124591112136841,12.169906616210938
analytical,acceleration,2.5,J2,6,0.13144737482070923,4.964331150054932
ANNet,acceleration,5.0,J1,6,0.6265831589698792,12.169906616210938
ANNet,acceleration,5.0,J2,6,0.2650740146636963,4.964331150054932
analytical,acceleration,5.0,J1,6,0.6249182224273682,12.169906616210938
analytical,acceleration,5.0,J2,6,0.26289474964141846,4.964331150054932
ANNet,acceleration,10.0,J1,6,1.252442479133606,12.169906616210938
ANNet,acceleration,10.0,J2,6,0.5276753902435303,4.964331150054932
analytical,acceleration,10.0,J1,6,1.2498364448547363,12.169906616210938
analytical,acceleration,10.0,J2,6,0.5257894992828369,4.964331150054932
ANNet,acceleration,25.0,J1,6,3.1302201747894287,12.169906616210938
ANNet,acceleration,25.0,J2,6,1.3174773454666138,4.964331150054932
analytical,acceleration,25.0,J1,6,3.124591112136841,12.169906616210938
analytical,acceleration,25.0,J2,6,1.3144736289978027,4.964331150054932
ANNet,none,0.0,J1,7,0.023906663060188293,5.862423896789551
ANNet,none,0.0,J2,7,0.019680915400385857,3.0933520793914795
ANNet,all,1.0,J1,7,0.27737951278686523,5.862423896789551
ANNet,all,1.0,J2,7,0.12760426104068756,3.0933520793914795
analytical,all,1.0,J1,7,0.27620673179626465,5.862423896789551
analytical,all,1.0,J2,7,0.12589477002620697,3.0933520793914795
ANNet,all,2.5,J1,7,0.69130939245224,5.862423896789551
ANNet,all,2.5,J2,7,0.31564852595329285,3.0933520793914795
analytical,all,2.5,J1,7,0.6905067563056946,5.862423896789551
analytical,all,2.5,J2,7,0.31473490595817566,3.0933520793914795
ANNet,all,5.0,J1,7,1.3819576501846313,5.862423896789551
ANNet,all,5.0,J2,7,0.6302558779716492,3.0933520793914795
analytical,all,5.0,J1,7,1.3809549808502197,5.862423896789551
analytical,all,5.0,J2,7,0.629457414150238,3.0933520793914795
ANNet,all,10.0,J1,7,2.763145923614502,5.862423896789551
ANNet,all,10.0,J2,7,1.2598284482955933,3.0933520793914795
analytical,all,10.0,J1,7,2.761488914489746,5.862423896789551
analytical,all,10.0,J2,7,1.2588229179382324,3.0933520793914795
ANNet,all,25.0,J1,7,6.899929046630859,5.862423896789551
ANNet,all,25.0,J2,7,3.1471974849700928,3.0933520793914795
analytical,all,25.0,J1,7,6.8969011306762695,5.862423896789551
analytical,all,25.0,J2,7,3.145533800125122,3.0933520793914795
ANNet,angle,1.0,J1,7,0.02513130009174347,5.862423896789551
ANNet,angle,1.0,J2,7,0.020224831998348236,3.0933520793914795
analytical,angle,1.0,J1,7,0.0075861369259655476,5.862423896789551
analytical,angle,1.0,J2,7,0.004662490449845791,3.0933520793914795
ANNet,angle,2.5,J1,7,0.030588779598474503,5.862423896789551
ANNet,angle,2.5,J2,7,0.022875923663377762,3.0933520793914795
analytical,angle,2.5,J1,7,0.018964067101478577,5.862423896789551
analytical,angle,2.5,J2,7,0.011656388640403748,3.0933520793914795
ANNet,angle,5.0,J1,7,0.04486560449004173,5.862423896789551
ANNet,angle,5.0,J2,7,0.030528051778674126,3.0933520793914795
analytical,angle,5.0,J1,7,0.03792434185743332,5.862423896789551
analytical,angle,5.0,J2,7,0.02331961877644062,3.0933520793914795
ANNet,angle,10.0,J1,7,0.07940569519996643,5.862423896789551
ANNet,angle,10.0,J2,7,0.05073488876223564,3.0933520793914795
analytical,angle,10.0,J1,7,0.0758371651172638,5.862423896789551
analytical,angle,10.0,J2,7,0.046713899821043015,3.0933520793914795
ANNet,angle,25.0,J1,7,0.1904929131269455,5.862423896789551
ANNet,angle,25.0,J2,7,0.12010081857442856,3.0933520793914795
analytical,angle,25.0,J1,7,0.1895807832479477,5.862423896789551
analytical,angle,25.0,J2,7,0.1182730570435524,3.0933520793914795
ANNet,velocity,1.0,J1,7,0.027189772576093674,5.862423896789551
ANNet,velocity,1.0,J2,7,0.02003561146557331,3.0933520793914795
analytical,velocity,1.0,J1,7,0.013019177131354809,5.862423896789551
analytical,velocity,1.0,J2,7,0.0037017888389527798,3.0933520793914795
ANNet,velocity,2.5,J1,7,0.04040733724832535,5.862423896789551
ANNet,velocity,2.5,J2,7,0.02179364487528801,3.0933520793914795
analytical,velocity,2.5,J1,7,0.03256884217262268,5.862423896789551
analytical,velocity,2.5,J2,7,0.009259015321731567,3.0933520793914795
ANNet,velocity,5.0,J1,7,0.06964828073978424,5.862423896789551
ANNet,velocity,5.0,J2,7,0.027168385684490204,3.0933520793914795
analytical,velocity,5.0,J1,7,0.06528531014919281,5.862423896789551
analytical,velocity,5.0,J2,7,0.018544545397162437,3.0933520793914795
ANNet,velocity,10.0,J1,7,0.1342604160308838,5.862423896789551
ANNet,velocity,10.0,J2,7,0.04246029630303383,3.0933520793914795
analytical,velocity,10.0,J1,7,0.131740003824234,5.862423896789551
analytical,velocity,10.0,J2,7,0.03727992996573448,3.0933520793914795
ANNet,velocity,25.0,J1,7,0.3509039878845215,5.862423896789551
ANNet,velocity,25.0,J2,7,0.09896431118249893,3.0933520793914795
analytical,velocity,25.0,J1,7,0.3490823805332184,5.862423896789551
analytical,velocity,25.0,J2,7,0.09627474844455719,3.0933520793914795
ANNet,acceleration,1.0,J1,7,0.2769499123096466,5.862423896789551
ANNet,acceleration,1.0,J2,7,0.12749244272708893,3.0933520793914795
analytical,acceleration,1.0,J1,7,0.2757768929004669,5.862423896789551
analytical,acceleration,1.0,J2,7,0.12578091025352478,3.0933520793914795
ANNet,acceleration,2.5,J1,7,0.6902434229850769,5.862423896789551
ANNet,acceleration,2.5,J2,7,0.31536903977394104,3.0933520793914795
analytical,acceleration,2.5,J1,7,0.6894422173500061,5.862423896789551
analytical,acceleration,2.5,J2,7,0.31445229053497314,3.0933520793914795
ANNet,acceleration,5.0,J1,7,1.3798924684524536,5.862423896789551
ANNet,acceleration,5.0,J2,7,0.6297129392623901,3.0933520793914795
analytical,acceleration,5.0,J1,7,1.3788844347000122,5.862423896789551
analytical,acceleration,5.0,J2,7,0.6289045810699463,3.0933520793914795
ANNet,acceleration,10.0,J1,7,2.7595019340515137,5.862423896789551
ANNet,acceleration,10.0,J2,7,1.2588640451431274,3.0933520793914795
analytical,acceleration,10.0,J1,7,2.7577688694000244,5.862423896789551
analytical,acceleration,10.0,J2,7,1.2578091621398926,3.0933520793914795
ANNet,acceleration,25.0,J1,7,6.898336410522461,5.862423896789551
ANNet,acceleration,25.0,J2,7,3.146613359451294,3.0933520793914795
analytical,acceleration,25.0,J1,7,6.8944220542907715,5.862423896789551
analytical,acceleration,25.0,J2,7,3.1445229053497314,3.0933520793914795
ANNet,none,0.0,J1,8,0.019975299015641212,13.29646110534668
ANNet,none,0.0,J2,8,0.030009351670742035,5.377429008483887
ANNet,all,1.0,J1,8,0.18627814948558807,13.29646110534668
ANNet,all,1.0,J2,8,0.08587673306465149,5.377429008483887
analytical,all,1.0,J1,8,0.18486379086971283,13.29646110534668
analytical,all,1.0,J2,8,0.08022992312908173,5.377429008483887
ANNet,all,2.5,J1,8,0.46347030997276306,13.29646110534668
ANNet,all,2.5,J2,8,0.20329809188842773,5.377429008483887
analytical,all,2.5,J1,8,0.4621567726135254,13.29646110534668
analytical,all,2.5,J2,8,0.20057502388954163,5.377429008483887
ANNet,all,5.0,J1,8,0.926289439201355,13.29646110534668
ANNet,all,5.0,J2,8,0.4031987190246582,5.377429008483887
analytical,all,5.0,J1,8,0.9242971539497375,13.29646110534668
analytical,all,5.0,J2,8,0.40115007758140564,5.377429008483887
ANNet,all,10.0,J1,8,1.852067232131958,13.29646110534668
ANNet,all,10.0,J2,8,0.8046203255653381,5.377429008483887
analytical,all,10.0,J1,8,1.8484736680984497,13.29646110534668
analytical,all,10.0,J2,8,0.8022948503494263,5.377429008483887
ANNet,all,25.0,J1,8,4.62653112411499,13.29646110534668
ANNet,all,25.0,J2,8,2.009537935256958,5.377429008483887
analytical,all,25.0,J1,8,4.619189739227295,13.29646110534668
analytical,all,25.0,J2,8,2.005596876144409,5.377429008483887
ANNet,angle,1.0,J1,8,0.020869320258498192,13.29646110534668
ANNet,angle,1.0,J2,8,0.030186329036951065,5.377429008483887
analytical,angle,1.0,J1,8,0.006071195006370544,13.29646110534668
analytical,angle,1.0,J2,8,0.003192582633346319,5.377429008483887
ANNet,angle,2.5,J1,8,0.025038907304406166,13.29646110534668
ANNet,angle,2.5,J2,8,0.03106890805065632,5.377429008483887
analytical,angle,2.5,J1,8,0.01517782174050808,13.29646110534668
analytical,angle,2.5,J2,8,0.007981683127582073,5.377429008483887
ANNet,angle,5.0,J1,8,0.0361996628344059,13.29646110534668
ANNet,angle,5.0,J2,8,0.0340142659842968,5.377429008483887
analytical,angle,5.0,J1,8,0.03035629354417324,13.29646110534668
analytical,angle,5.0,J2,8,0.015964891761541367,5.377429008483887
ANNet,angle,10.0,J1,8,0.06360413879156113,13.29646110534668
ANNet,angle,10.0,J2,8,0.04383938014507294,5.377429008483887
analytical,angle,10.0,J1,8,0.060724347829818726,13.29646110534668
analytical,angle,10.0,J2,8,0.03194170445203781,5.377429008483887
ANNet,angle,25.0,J1,8,0.1525716930627823,13.29646110534668
ANNet,angle,25.0,J2,8,0.0854094848036766,5.377429008483887
analytical,angle,25.0,J1,8,0.15208189189434052,13.29646110534668
analytical,angle,25.0,J2,8,0.08005933463573456,5.377429008483887
ANNet,velocity,1.0,J1,8,0.02091878466308117,13.29646110534668
ANNet,velocity,1.0,J2,8,0.030423490330576897,5.377429008483887
analytical,velocity,1.0,J1,8,0.006160073913633823,13.29646110534668
analytical,velocity,1.0,J2,8,0.004974783398211002,5.377429008483887
ANNet,velocity,2.5,J1,8,0.025255152955651283,13.29646110534668
ANNet,velocity,2.5,J2,8,0.03248996287584305,5.377429008483887
analytical,velocity,2.5,J1,8,0.015404798090457916,13.29646110534668
analytical,velocity,2.5,J2,8,0.012438463978469372,5.377429008483887
ANNet,velocity,5.0,J1,8,0.036777056753635406,13.29646110534668
ANNet,velocity,5.0,J2,8,0.038981687277555466,5.377429008483887
analytical,velocity,5.0,J1,8,0.030835166573524475,13.29646110534668
analytical,velocity,5.0,J2,8,0.02489147149026394,5.377429008483887
ANNet,velocity,10.0,J1,8,0.06503164023160934,13.29646110534668
ANNet,velocity,10.0,J2,8,0.058191895484924316,5.377429008483887
analytical,velocity,10.0,J1,8,0.061848852783441544,13.29646110534668
analytical,velocity,10.0,J2,8,0.04991234838962555,5.377429008483887
ANNet,velocity,25.0,J1,8,0.15879711508750916,13.29646110534668
ANNet,velocity,25.0,J2,8,0.13052648305892944,5.377429008483887
analytical,velocity,25.0,J1,8,0.15745945274829865,13.29646110534668
analytical,velocity,25.0,J2,8,0.12715256214141846,5.377429008483887
ANNet,acceleration,1.0,J1,8,0.18605491518974304,13.29646110534668
ANNet,acceleration,1.0,J2,8,0.08569370210170746,5.377429008483887
analytical,acceleration,1.0,J1,8,0.1846391260623932,13.29646110534668
analytical,acceleration,1.0,J2,8,0.08003952354192734,5.377429008483887
ANNet,acceleration,2.5,J1,8,0.4629153311252594,13.29646110534668
ANNet,acceleration,2.5,J2,8,0.20282284915447235,5.377429008483887
analytical,acceleration,2.5,J1,8,0.4615978002548218,13.29646110534668
analytical,acceleration,2.5,J2,8,0.20009879767894745,5.377429008483887
ANNet,acceleration,5.0,J1,8,0.9251991510391235,13.29646110534668
ANNet,acceleration,5.0,J2,8,0.402246356010437,5.377429008483887
analytical,acceleration,5.0,J1,8,0.9231956601142883,13.29646110534668
analytical,acceleration,5.0,J2,8,0.4001975953578949,5.377429008483887
ANNet,acceleration,10.0,J1,8,1.8500277996063232,13.29646110534668
ANNet,acceleration,10.0,J2,8,0.8027299046516418,5.377429008483887
analytical,acceleration,10.0,J1,8,1.8463913202285767,13.29646110534668
analytical,acceleration,10.0,J2,8,0.8003951907157898,5.377429008483887
ANNet,acceleration,25.0,J1,8,4.623743057250977,13.29646110534668
ANNet,acceleration,25.0,J2,8,2.0050837993621826,5.377429008483887
analytical,acceleration,25.0,J1,8,4.615978240966797,13.29646110534668
analytical,acceleration,25.0,J2,8,2.000988006591797,5.377429008483887
ANNet,none,0.0,J1,9,0.022473067045211792,5.984521865844727
ANNet,none,0.0,J2,9,0.019564392045140266,2.996131420135498
ANNet,all,1.0,J1,9,0.2564561665058136,5.984521865844727
ANNet,all,1.0,J2,9,0.11748626083135605,2.996131420135498
analytical,all,1.0,J1,9,0.2551719844341278,5.984521865844727
analytical,all,1.0,J2,9,0.11591652780771255,2.996131420135498
ANNet,all,2.5,J1,9,0.6388325095176697,5.984521865844727
ANNet,all,2.5,J2,9,0.29047390818595886,2.996131420135498
analytical,all,2.5,J1,9,0.6379203796386719,5.984521865844727
analytical,all,2.5,J2,9,0.28978869318962097,2.996131420135498
ANNet,all,5.0,J1,9,1.2768634557724,5.984521865844727
ANNet,all,5.0,J2,9,0.5800790786743164,2.996131420135498
analytical,all,5.0,J1,9,1.2757880687713623,5.984521865844727
analytical,all,5.0,J2,9,0.5795637369155884,2.996131420135498
ANNet,all,10.0,J1,9,2.552877426147461,5.984521865844727
ANNet,all,10.0,J2,9,1.1596977710723877,2.996131420135498
analytical,all,10.0,J1,9,2.551213026046753,5.984521865844727
analytical,all,10.0,J2,9,1.1590385437011719,2.996131420135498
ANNet,all,25.0,J1,9,6.37537956237793,5.984521865844727
ANNet,all,25.0,J2,9,2.8975110054016113,2.996131420135498
analytical,all,25.0,J1,9,6.372297286987305,5.984521865844727
analytical,all,25.0,J2,9,2.8962411880493164,2.996131420135498
ANNet,angle,1.0,J1,9,0.023305896669626236,5.984521865844727
ANNet,angle,1.0,J2,9,0.019848212599754333,2.996131420135498
analytical,angle,1.0,J1,9,0.006269676145166159,5.984521865844727
analytical,angle,1.0,J2,9,0.0035953621845692396,2.996131420135498
ANNet,angle,2.5,J1,9,0.027307752519845963,5.984521865844727
ANNet,angle,2.5,J2,9,0.02140754833817482,2.996131420135498
analytical,angle,2.5,J1,9,0.015674948692321777,5.984521865844727
analytical,angle,2.5,J2,9,0.008990488015115261,2.996131420135498
ANNet,angle,5.0,J1,9,0.03835533186793327,5.984521865844727
ANNet,angle,5.0,J2,9,0.02632042020559311,2.996131420135498
analytical,angle,5.0,J1,9,0.03135308623313904,5.984521865844727
analytical,angle,5.0,J2,9,0.01799294352531433,2.996131420135498
ANNet,angle,10.0,J1,9,0.0661698505282402,5.984521865844727
ANNet,angle,10.0,J2,9,0.040557611733675,2.996131420135498
analytical,angle,10.0,J1,9,0.06272339075803757,5.984521865844727
analytical,angle,10.0,J2,9,0.03607149049639702,2.996131420135498
ANNet,angle,25.0,J1,9,0.15756896138191223,5.984521865844727
ANNet,angle,25.0,J2,9,0.09284266829490662,2.996131420135498
analytical,angle,25.0,J1,9,0.1570262461900711,5.984521865844727
analytical,angle,25.0,J2,9,0.09155867993831635,2.996131420135498
ANNet,velocity,1.0,J1,9,0.024757711216807365,5.984521865844727
ANNet,velocity,1.0,J2,9,0.01981997676193714,2.996131420135498
analytical,velocity,1.0,J1,9,0.010329731740057468,5.984521865844727
analytical,velocity,1.0,J2,9,0.0030551436357200146,2.996131420135498
ANNet,velocity,2.5,J1,9,0.03434805944561958,5.984521865844727
ANNet,velocity,2.5,J2,9,0.021068066358566284,2.996131420135498
analytical,velocity,2.5,J1,9,0.025851866230368614,5.984521865844727
analytical,velocity,2.5,J2,9,0.007641515228897333,2.996131420135498
ANNet,velocity,5.0,J1,9,0.05672517046332359,5.984521865844727
ANNet,velocity,5.0,J2,9,0.025005629286170006,2.996131420135498
analytical,velocity,5.0,J1,9,0.05185137316584587,5.984521865844727
analytical,velocity,5.0,J2,9,0.015304113738238811,2.996131420135498
ANNet,velocity,10.0,J1,9,0.10752057284116745,5.984521865844727
ANNet,velocity,10.0,J2,9,0.036833759397268295,2.996131420135498
analytical,velocity,10.0,J1,9,0.1047072634100914,5.984521865844727
analytical,velocity,10.0,J2,9,0.030758894979953766,2.996131420135498
ANNet,velocity,25.0,J1,9,0.2789619266986847,5.984521865844727
ANNet,velocity,25.0,J2,9,0.08255419880151749,2.996131420135498
analytical,velocity,25.0,J1,9,0.27712711691856384,5.984521865844727
analytical,velocity,25.0,J2,9,0.07931531220674515,2.996131420135498
ANNet,acceleration,1.0,J1,9,0.2561560273170471,5.984521865844727
ANNet,acceleration,1.0,J2,9,0.11738373339176178,2.996131420135498
analytical,acceleration,1.0,J1,9,0.2548709213733673,5.984521865844727
analytical,acceleration,1.0,J2,9,0.11580943316221237,2.996131420135498
ANNet,acceleration,2.5,J1,9,0.6380898356437683,5.984521865844727
ANNet,acceleration,2.5,J2,9,0.29021155834198,2.996131420135498
analytical,acceleration,2.5,J1,9,0.6371774077415466,5.984521865844727
analytical,acceleration,2.5,J2,9,0.2895236313343048,2.996131420135498
ANNet,acceleration,5.0,J1,9,1.2754391431808472,5.984521865844727
ANNet,acceleration,5.0,J2,9,0.579566240310669,2.996131420135498
analytical,acceleration,5.0,J1,9,1.2743546962738037,5.984521865844727
analytical,acceleration,5.0,J2,9,0.5790472626686096,2.996131420135498
ANNet,acceleration,10.0,J1,9,2.550459146499634,5.984521865844727
ANNet,acceleration,10.0,J2,9,1.1587815284729004,2.996131420135498
analytical,acceleration,10.0,J1,9,2.5487096309661865,5.984521865844727
analytical,acceleration,10.0,J2,9,1.1580945253372192,2.996131420135498
ANNet,acceleration,25.0,J1,9,6.375870227813721,5.984521865844727
ANNet,acceleration,25.0,J2,9,2.8968677520751953,2.996131420135498
analytical,acceleration,25.0,J1,9,6.371773719787598,5.984521865844727
analytical,acceleration,25.0,J2,9,2.895236015319824,2.996131420135498
ANNet,none,0.0,J1,10,0.03281322494149208,1.2629245519638062
ANNet,none,0.0,J2,10,0.022590957581996918,2.8091843128204346
ANNet,all,1.0,J1,10,0.36973026394844055,1.2629245519638062
ANNet,all,1.0,J2,10,0.172835573554039,2.8091843128204346
analytical,all,1.0,J1,10,0.3681200444698334,1.2629245519638062
analytical,all,1.0,J2,10,0.17116107046604156,2.8091843128204346
ANNet,all,2.5,J1,10,0.9211019277572632,1.2629245519638062
ANNet,all,2.5,J2,10,0.42887499928474426,2.8091843128204346
analytical,all,2.5,J1,10,0.9202829003334045,1.2629245519638062
analytical,all,2.5,J2,10,0.42789697647094727,2.8091843128204346
ANNet,all,5.0,J1,10,1.841128945350647,1.2629245519638062
ANNet,all,5.0,J2,10,0.8567615151405334,2.8091843128204346
analytical,all,5.0,J1,10,1.8404582738876343,1.2629245519638062
analytical,all,5.0,J2,10,0.855760395526886,2.8091843128204346
ANNet,all,10.0,J1,10,3.680964708328247,1.2629245519638062
ANNet,all,10.0,J2,10,1.7127889394760132,2.8091843128204346
analytical,all,10.0,J1,10,3.6801140308380127,1.2629245519638062
analytical,all,10.0,J2,10,1.7112786769866943,2.8091843128204346
ANNet,all,25.0,J1,10,9.189496994018555,1.2629245519638062
ANNet,all,25.0,J2,10,4.277962684631348,2.8091843128204346
analytical,all,25.0,J1,10,9.187176704406738,1.2629245519638062
analytical,all,25.0,J2,10,4.27427339553833,2.8091843128204346
ANNet,angle,1.0,J1,10,0.03352610394358635,1.2629245519638062
ANNet,angle,1.0,J2,10,0.026489073410630226,2.8091843128204346
analytical,angle,1.0,J1,10,0.007179057691246271,1.2629245519638062
analytical,angle,1.0,J2,10,0.013674319721758366,2.8091843128204346
ANNet,angle,2.5,J1,10,0.03714890778064728,1.2629245519638062
ANNet,angle,2.5,J2,10,0.04126924276351929,2.8091843128204346
analytical,angle,2.5,J1,10,0.017948366701602936,1.2629245519638062
analytical,angle,2.5,J2,10,0.034191060811281204,2.8091843128204346
ANNet,angle,5.0,J1,10,0.047969646751880646,1.2629245519638062
ANNet,angle,5.0,J2,10,0.07266123592853546,2.8091843128204346
analytical,angle,5.0,J1,10,0.035902686417102814,1.2629245519638062
analytical,angle,5.0,J2,10,0.06841383874416351,2.8091843128204346
ANNet,angle,10.0,J1,10,0.07750408351421356,1.2629245519638062
ANNet,angle,10.0,J2,10,0.14004239439964294,2.8091843128204346
analytical,angle,10.0,J1,10,0.0718558132648468,1.2629245519638062
analytical,angle,10.0,J2,10,0.13706053793430328,2.8091843128204346
ANNet,angle,25.0,J1,10,0.18008087575435638,1.2629245519638062
ANNet,angle,25.0,J2,10,0.3484761118888855,2.8091843128204346
analytical,angle,25.0,J1,10,0.18053771555423737,1.2629245519638062
analytical,angle,25.0,J2,10,0.34645015001296997,2.8091843128204346
ANNet,velocity,1.0,J1,10,0.04420384392142296,1.2629245519638062
ANNet,velocity,1.0,J2,10,0.023691941052675247,2.8091843128204346
analytical,velocity,1.0,J1,10,0.02952421084046364,1.2629245519638062
analytical,velocity,1.0,J2,10,0.0071648801676929,2.8091843128204346
ANNet,velocity,2.5,J1,10,0.08115080744028091,1.2629245519638062
ANNet,velocity,2.5,J2,10,0.028784148395061493,2.8091843128204346
analytical,velocity,2.5,J1,10,0.07388322800397873,1.2629245519638062
analytical,velocity,2.5,J2,10,0.01791672594845295,2.8091843128204346
ANNet,velocity,5.0,J1,10,0.15260496735572815,1.2629245519638062
ANNet,velocity,5.0,J2,10,0.042257264256477356,2.8091843128204346
analytical,velocity,5.0,J1,10,0.1482931226491928,1.2629245519638062
analytical,velocity,5.0,J2,10,0.035878054797649384,2.8091843128204346
ANNet,velocity,10.0,J1,10,0.3041132092475891,1.2629245519638062
ANNet,velocity,10.0,J2,10,0.07528756558895111,2.8091843128204346
analytical,velocity,10.0,J1,10,0.30079224705696106,1.2629245519638062
analytical,velocity,10.0,J2,10,0.07215471565723419,2.8091843128204346
ANNet,velocity,25.0,J1,10,0.8264089822769165,1.2629245519638062
ANNet,velocity,25.0,J2,10,0.18824346363544464,2.8091843128204346
analytical,velocity,25.0,J1,10,0.8220981359481812,1.2629245519638062
analytical,velocity,25.0,J2,10,0.18762649595737457,2.8091843128204346
ANNet,acceleration,1.0,J1,10,0.36847296357154846,1.2629245519638062
ANNet,acceleration,1.0,J2,10,0.17206382751464844,2.8091843128204346
analytical,acceleration,1.0,J1,10,0.3668616712093353,1.2629245519638062
analytical,acceleration,1.0,J2,10,0.17039354145526886,2.8091843128204346
ANNet,acceleration,2.5,J1,10,0.9179514646530151,1.2629245519638062
ANNet,acceleration,2.5,J2,10,0.4269416332244873,2.8091843128204346
analytical,acceleration,2.5,J1,10,0.9171541333198547,1.2629245519638062
analytical,acceleration,2.5,J2,10,0.42598387598991394,2.8091843128204346
ANNet,acceleration,5.0,J1,10,1.8349156379699707,1.2629245519638062
ANNet,acceleration,5.0,J2,10,0.8529309630393982,2.8091843128204346
analytical,acceleration,5.0,J1,10,1.8343082666397095,1.2629245519638062
analytical,acceleration,5.0,J2,10,0.8519677519798279,2.8091843128204346
ANNet,acceleration,10.0,J1,10,3.6692655086517334,1.2629245519638062
ANNet,acceleration,10.0,J2,10,1.7054029703140259,2.8091843128204346
analytical,acceleration,10.0,J1,10,3.668616533279419,1.2629245519638062
analytical,acceleration,10.0,J2,10,1.7039355039596558,2.8091843128204346
ANNet,acceleration,25.0,J1,10,9.172354698181152,1.2629245519638062
ANNet,acceleration,25.0,J2,10,4.263908863067627,2.8091843128204346
analytical,acceleration,25.0,J1,10,9.171542167663574,1.2629245519638062
analytical,acceleration,25.0,J2,10,4.259838581085205,2.8091843128204346
ANNet,none,0.0,J1,11,0.022120101377367973,11.881054878234863
ANNet,none,0.0,J2,11,0.02122405730187893,5.123220920562744
ANNet,all,1.0,J1,11,0.2858179807662964,11.881054878234863
ANNet,all,1.0,J2,11,0.12998129427433014,5.123220920562744
analytical,all,1.0,J1,11,0.2847443222999573,11.881054878234863
analytical,all,1.0,J2,11,0.12820087373256683,5.123220920562744
ANNet,all,2.5,J1,11,0.7126181125640869,11.881054878234863
ANNet,all,2.5,J2,11,0.3213232755661011,5.123220920562744
analytical,all,2.5,J1,11,0.7118550539016724,11.881054878234863
analytical,all,2.5,J2,11,0.32050132751464844,5.123220920562744
ANNet,all,5.0,J1,11,1.4245835542678833,11.881054878234863
ANNet,all,5.0,J2,11,0.6416029930114746,5.123220920562744
analytical,all,5.0,J1,11,1.4236648082733154,11.881054878234863
analytical,all,5.0,J2,11,0.6409953832626343,5.123220920562744
ANNet,all,10.0,J1,11,2.848360538482666,11.881054878234863
ANNet,all,10.0,J2,11,1.2826021909713745,5.123220920562744
analytical,all,10.0,J1,11,2.8469531536102295,11.881054878234863
analytical,all,10.0,J2,11,1.2819280624389648,5.123220920562744
ANNet,all,25.0,J1,11,7.112777233123779,11.881054878234863
ANNet,all,25.0,J2,11,3.2045950889587402,5.123220920562744
analytical,all,25.0,J1,11,7.110714912414551,11.881054878234863
analytical,all,25.0,J2,11,3.203695058822632,5.123220920562744
ANNet,angle,1.0,J1,11,0.027032898738980293,11.881054878234863
ANNet,angle,1.0,J2,11,0.022167708724737167,5.123220920562744
analytical,angle,1.0,J1,11,0.015460018068552017,11.881054878234863
analytical,angle,1.0,J2,11,0.0063613723032176495,5.123220920562744
ANNet,angle,2.5,J1,11,0.04462157189846039,11.881054878234863
ANNet,angle,2.5,J2,11,0.026530126109719276,5.123220920562744
analytical,angle,2.5,J1,11,0.03864884003996849,11.881054878234863
analytical,angle,2.5,J2,11,0.015907101333141327,5.123220920562744
ANNet,angle,5.0,J1,11,0.08053479343652725,11.881054878234863
ANNet,angle,5.0,J2,11,0.038232289254665375,5.123220920562744
analytical,angle,5.0,J1,11,0.07729353755712509,11.881054878234863
analytical,angle,5.0,J2,11,0.03183314949274063,5.123220920562744
ANNet,angle,10.0,J1,11,0.15635979175567627,11.881054878234863
ANNet,angle,10.0,J2,11,0.06711982935667038,5.123220920562744
analytical,angle,10.0,J1,11,0.154569610953331,11.881054878234863
analytical,angle,10.0,J2,11,0.06379209458827972,5.123220920562744
ANNet,angle,25.0,J1,11,0.38725823163986206,11.881054878234863
ANNet,angle,25.0,J2,11,0.16251374781131744,5.123220920562744
analytical,angle,25.0,J1,11,0.3862757682800293,11.881054878234863
analytical,angle,25.0,J2,11,0.16139978170394897,5.123220920562744
ANNet,velocity,1.0,J1,11,0.028963474556803703,11.881054878234863
ANNet,velocity,1.0,J2,11,0.022514961659908295,5.123220920562744
analytical,velocity,1.0,J1,11,0.018624065443873405,11.881054878234863
analytical,velocity,1.0,J2,11,0.00743613438680768,5.123220920562744
ANNet,velocity,2.5,J1,11,0.051565200090408325,11.881054878234863
ANNet,velocity,2.5,J2,11,0.028289342299103737,5.123220920562744
analytical,velocity,2.5,J1,11,0.04658910259604454,11.881054878234863
analytical,velocity,2.5,J2,11,0.018588785082101822,5.123220920562744
ANNet,velocity,5.0,J1,11,0.09577623754739761,11.881054878234863
ANNet,velocity,5.0,J2,11,0.04297371581196785,5.123220920562744
analytical,velocity,5.0,J1,11,0.09333309531211853,11.881054878234863
analytical,velocity,5.0,J2,11,0.03719280660152435,5.123220920562744
ANNet,velocity,10.0,J1,11,0.18861179053783417,11.881054878234863
ANNet,velocity,10.0,J2,11,0.07782568782567978,5.123220920562744
analytical,velocity,10.0,J1,11,0.18772119283676147,11.881054878234863
analytical,velocity,10.0,J2,11,0.07459940016269684,5.123220920562744
ANNet,velocity,25.0,J1,11,0.4851189851760864,11.881054878234863
ANNet,velocity,25.0,J2,11,0.19261673092842102,5.123220920562744
analytical,velocity,25.0,J1,11,0.48563864827156067,11.881054878234863
analytical,velocity,25.0,J2,11,0.1910974532365799,5.123220920562744
ANNet,acceleration,1.0,J1,11,0.2848654091358185,11.881054878234863
ANNet,acceleration,1.0,J2,11,0.12965333461761475,5.123220920562744
analytical,acceleration,1.0,J1,11,0.2837962508201599,11.881054878234863
analytical,acceleration,1.0,J2,11,0.12787611782550812,5.123220920562744
ANNet,acceleration,2.5,J1,11,0.7102541327476501,11.881054878234863
ANNet,acceleration,2.5,J2,11,0.3205040693283081,5.123220920562744
analytical,acceleration,2.5,J1,11,0.7094906568527222,11.881054878234863
analytical,acceleration,2.5,J2,11,0.3196903169155121,5.123220920562744
ANNet,acceleration,5.0,J1,11,1.4199126958847046,11.881054878234863
ANNet,acceleration,5.0,J2,11,0.6399765610694885,5.123220920562744
analytical,acceleration,5.0,J1,11,1.4189813137054443,11.881054878234863
analytical,acceleration,5.0,J2,11,0.6393806338310242,5.123220920562744
ANNet,acceleration,10.0,J1,11,2.839414596557617,11.881054878234863
ANNet,acceleration,10.0,J2,11,1.2794246673583984,5.123220920562744
analytical,acceleration,10.0,J1,11,2.8379626274108887,11.881054878234863
analytical,acceleration,10.0,J2,11,1.2787612676620483,5.123220920562744
ANNet,acceleration,25.0,J1,11,7.097097396850586,11.881054878234863
ANNet,acceleration,25.0,J2,11,3.197843313217163,5.123220920562744
analytical,acceleration,25.0,J1,11,7.094906806945801,11.881054878234863
analytical,acceleration,25.0,J2,11,3.1969032287597656,5.123220920562744
ANNet,none,0.0,J1,12,0.04284350201487541,6.169764518737793
ANNet,none,0.0,J2,12,0.020506372675299644,4.112179756164551
ANNet,all,1.0,J1,12,0.43596339225769043,6.169764518737793
ANNet,all,1.0,J2,12,0.20492038130760193,4.112179756164551
analytical,all,1.0,J1,12,0.43371593952178955,6.169764518737793
analytical,all,1.0,J2,12,0.2036619484424591,4.112179756164551
ANNet,all,2.5,J1,12,1.085418939590454,6.169764518737793
ANNet,all,2.5,J2,12,0.5099575519561768,4.112179756164551
analytical,all,2.5,J1,12,1.084179162979126,6.169764518737793
analytical,all,2.5,J2,12,0.5091399550437927,4.112179756164551
ANNet,all,5.0,J1,12,2.1692206859588623,6.169764518737793
ANNet,all,5.0,J2,12,1.0191433429718018,4.112179756164551
analytical,all,5.0,J1,12,2.1679582595825195,6.169764518737793
analytical,all,5.0,J2,12,1.0182108879089355,4.112179756164551
ANNet,all,10.0,J1,12,4.336158752441406,6.169764518737793
ANNet,all,10.0,J2,12,2.0377135276794434,4.112179756164551
analytical,all,10.0,J1,12,4.334094047546387,6.169764518737793
analytical,all,10.0,J2,12,2.0360019207000732,4.112179756164551
ANNet,all,25.0,J1,12,10.8242769241333,6.169764518737793
ANNet,all,25.0,J2,12,5.093616008758545,4.112179756164551
analytical,all,25.0,J1,12,10.817907333374023,6.169764518737793
analytical,all,25.0,J2,12,5.084087371826172,4.112179756164551
ANNet,angle,1.0,J1,12,0.05101212486624718,6.169764518737793
ANNet,angle,1.0,J2,12,0.03157610818743706,4.112179756164551
analytical,angle,1.0,J1,12,0.027570001780986786,6.169764518737793
analytical,angle,1.0,J2,12,0.024006538093090057,4.112179756164551
ANNet,angle,2.5,J1,12,0.08115626126527786,6.169764518737793
ANNet,angle,2.5,J2,12,0.06319090723991394,4.112179756164551
analytical,angle,2.5,J1,12,0.06892222166061401,6.169764518737793
analytical,angle,2.5,J2,12,0.06002465635538101,4.112179756164551
ANNet,angle,5.0,J1,12,0.14414653182029724,6.169764518737793
ANNet,angle,5.0,J2,12,0.1211727187037468,4.112179756164551
analytical,angle,5.0,J1,12,0.13782130181789398,6.169764518737793
analytical,angle,5.0,J2,12,0.1201009452342987,4.112179756164551
ANNet,angle,10.0,J1,12,0.2781881093978882,6.169764518737793
ANNet,angle,10.0,J2,12,0.24000725150108337,4.112179756164551
analytical,angle,10.0,J1,12,0.2754473090171814,6.169764518737793
analytical,angle,10.0,J2,12,0.24058708548545837,4.112179756164551
ANNet,angle,25.0,J1,12,0.6846097707748413,6.169764518737793
ANNet,angle,25.0,J2,12,0.6052384376525879,4.112179756164551
analytical,angle,25.0,J1,12,0.6851354241371155,6.169764518737793
analytical,angle,25.0,J2,12,0.6077871322631836,4.112179756164551
ANNet,velocity,1.0,J1,12,0.07456440478563309,6.169764518737793
ANNet,velocity,1.0,J2,12,0.025865687057375908,4.112179756164551
analytical,velocity,1.0,J1,12,0.06112174317240715,6.169764518737793
analytical,velocity,1.0,J2,12,0.015789223834872246,4.112179756164551
ANNet,velocity,2.5,J1,12,0.15893135964870453,6.169764518737793
ANNet,velocity,2.5,J2,12,0.04444592446088791,4.112179756164551
analytical,velocity,2.5,J1,12,0.15291137993335724,6.169764518737793
analytical,velocity,2.5,J2,12,0.03947855904698372,4.112179756164551
ANNet,velocity,5.0,J1,12,0.3101198673248291,6.169764518737793
ANNet,velocity,5.0,J2,12,0.08157599717378616,4.112179756164551
analytical,velocity,5.0,J1,12,0.3066475987434387,6.169764518737793
analytical,velocity,5.0,J2,12,0.0790289118885994,4.112179756164551
ANNet,velocity,10.0,J1,12,0.6225687861442566,6.169764518737793
ANNet,velocity,10.0,J2,12,0.1600768268108368,4.112179756164551
analytical,velocity,10.0,J1,12,0.620063304901123,6.169764518737793
analytical,velocity,10.0,J2,12,0.1587444245815277,4.112179756164551
ANNet,velocity,25.0,J1,12,1.667514443397522,6.169764518737793
ANNet,velocity,25.0,J2,12,0.4206988215446472,4.112179756164551
analytical,velocity,25.0,J1,12,1.665772795677185,6.169764518737793
analytical,velocity,25.0,J2,12,0.40977513790130615,4.112179756164551
ANNet,acceleration,1.0,J1,12,0.4309302270412445,6.169764518737793
ANNet,acceleration,1.0,J2,12,0.2030612975358963,4.112179756164551
analytical,acceleration,1.0,J1,12,0.4286468029022217,6.169764518737793
analytical,acceleration,1.0,J2,12,0.201787069439888,4.112179756164551
ANNet,acceleration,2.5,J1,12,1.0728580951690674,6.169764518737793
ANNet,acceleration,2.5,J2,12,0.5053327679634094,4.112179756164551
analytical,acceleration,2.5,J1,12,1.0716171264648438,6.169764518737793
analytical,acceleration,2.5,J2,12,0.5044676661491394,4.112179756164551
ANNet,acceleration,5.0,J1,12,2.1444427967071533,6.169764518737793
ANNet,acceleration,5.0,J2,12,1.00996732711792,4.112179756164551
analytical,acceleration,5.0,J1,12,2.1432340145111084,6.169764518737793
analytical,acceleration,5.0,J2,12,1.0089353322982788,4.112179756164551
ANNet,acceleration,10.0,J1,12,4.28825569152832,6.169764518737793
ANNet,acceleration,10.0,J2,12,2.0197031497955322,4.112179756164551
analytical,acceleration,10.0,J1,12,4.286468029022217,6.169764518737793
analytical,acceleration,10.0,J2,12,2.0178706645965576,4.112179756164551
ANNet,acceleration,25.0,J1,12,10.720003128051758,6.169764518737793
ANNet,acceleration,25.0,J2,12,5.0515971183776855,4.112179756164551
analytical,acceleration,25.0,J1,12,10.716170310974121,6.169764518737793
analytical,acceleration,25.0,J2,12,5.044676780700684,4.112179756164551
ANNet,none,0.0,J1,13,0.04387354850769043,18.296382904052734
ANNet,none,0.0,J2,13,0.06186199188232422,7.416306018829346
ANNet,all,1.0,J1,13,0.4316847026348114,18.296382904052734
ANNet,all,1.0,J2,13,0.20535661280155182,7.416306018829346
analytical,all,1.0,J1,13,0.42941105365753174,18.296382904052734
analytical,all,1.0,J2,13,0.19558994472026825,7.416306018829346
ANNet,all,2.5,J1,13,1.0743950605392456,18.296382904052734
ANNet,all,2.5,J2,13,0.49355751276016235,7.416306018829346
analytical,all,2.5,J1,13,1.0735260248184204,18.296382904052734
analytical,all,2.5,J2,13,0.48897743225097656,7.416306018829346
ANNet,all,5.0,J1,13,2.1472854614257812,18.296382904052734
ANNet,all,5.0,J2,13,0.9813409447669983,7.416306018829346
analytical,all,5.0,J1,13,2.1469855308532715,18.296382904052734
analytical,all,5.0,J2,13,0.977959156036377,7.416306018829346
ANNet,all,10.0,J1,13,4.2931389808654785,18.296382904052734
ANNet,all,10.0,J2,13,1.9599547386169434,7.416306018829346
analytical,all,10.0,J1,13,4.293248176574707,18.296382904052734
analytical,all,10.0,J2,13,1.955902099609375,7.416306018829346
ANNet,all,25.0,J1,13,10.721875190734863,18.296382904052734
ANNet,all,25.0,J2,13,4.9102935791015625,7.416306018829346
analytical,all,25.0,J1,13,10.718925476074219,18.296382904052734
analytical,all,25.0,J2,13,4.889052391052246,7.416306018829346
ANNet,angle,1.0,J1,13,0.07154089957475662,18.296382904052734
ANNet,angle,1.0,J2,13,0.06564623862504959,7.416306018829346
analytical,angle,1.0,J1,13,0.056732356548309326,18.296382904052734
analytical,angle,1.0,J2,13,0.021391775459051132,7.416306018829346
ANNet,angle,2.5,J1,13,0.1478670835494995,18.296382904052734
ANNet,angle,2.5,J2,13,0.08231145143508911,7.416306018829346
analytical,angle,2.5,J1,13,0.14182855188846588,18.296382904052734
analytical,angle,2.5,J2,13,0.053486891090869904,7.416306018829346
ANNet,angle,5.0,J1,13,0.2857416868209839,18.296382904052734
ANNet,angle,5.0,J2,13,0.12464971840381622,7.416306018829346
analytical,angle,5.0,J1,13,0.28362706303596497,18.296382904052734
analytical,angle,5.0,J2,13,0.10701609402894974,7.416306018829346
ANNet,angle,10.0,J1,13,0.5661426186561584,18.296382904052734
ANNet,angle,10.0,J2,13,0.22496618330478668,7.416306018829346
analytical,angle,10.0,J1,13,0.5669675469398499,18.296382904052734
analytical,angle,10.0,J2,13,0.21433138847351074,7.416306018829346
ANNet,angle,25.0,J1,13,1.407151222229004,18.296382904052734
ANNet,angle,25.0,J2,13,0.5481765866279602,7.416306018829346
analytical,angle,25.0,J1,13,1.4119623899459839,18.296382904052734
analytical,angle,25.0,J2,13,0.5405882596969604,7.416306018829346
ANNet,velocity,1.0,J1,13,0.07314279675483704,18.296382904052734
ANNet,velocity,1.0,J2,13,0.06713591516017914,7.416306018829346
analytical,velocity,1.0,J1,13,0.058740220963954926,18.296382904052734
analytical,velocity,1.0,J2,13,0.02583898790180683,7.416306018829346
ANNet,velocity,2.5,J1,13,0.1528947800397873,18.296382904052734
ANNet,velocity,2.5,J2,13,0.08936231583356857,7.416306018829346
analytical,velocity,2.5,J1,13,0.146930992603302,18.296382904052734
analytical,velocity,2.5,J2,13,0.06460955739021301,7.416306018829346
ANNet,velocity,5.0,J1,13,0.29665714502334595,18.296382904052734
ANNet,velocity,5.0,J2,13,0.1426517218351364,7.416306018829346
analytical,velocity,5.0,J1,13,0.2942880690097809,18.296382904052734
analytical,velocity,5.0,J2,13,0.12931793928146362,7.416306018829346
ANNet,velocity,10.0,J1,13,0.5910922884941101,18.296382904052734
ANNet,velocity,10.0,J2,13,0.2654871940612793,7.416306018829346
analytical,velocity,10.0,J1,13,0.5914588570594788,18.296382904052734
analytical,velocity,10.0,J2,13,0.2594686448574066,7.416306018829346
ANNet,velocity,25.0,J1,13,1.5205769538879395,18.296382904052734
ANNet,velocity,25.0,J2,13,0.7543284893035889,7.416306018829346
analytical,velocity,25.0,J1,13,1.5231620073318481,18.296382904052734
analytical,velocity,25.0,J2,13,0.6634904742240906,7.416306018829346
ANNet,acceleration,1.0,J1,13,0.4236201047897339,18.296382904052734
ANNet,acceleration,1.0,J2,13,0.2025146484375,7.416306018829346
analytical,acceleration,1.0,J1,13,0.42123284935951233,18.296382904052734
analytical,acceleration,1.0,J2,13,0.19269157946109772,7.416306018829346
ANNet,acceleration,2.5,J1,13,1.0541452169418335,18.296382904052734
ANNet,acceleration,2.5,J2,13,0.4863350987434387,7.416306018829346
analytical,acceleration,2.5,J1,13,1.0530821084976196,18.296382904052734
analytical,acceleration,2.5,J2,13,0.4817289113998413,7.416306018829346
ANNet,acceleration,5.0,J1,13,2.10683274269104,18.296382904052734
ANNet,acceleration,5.0,J2,13,0.966949462890625,7.416306018829346
analytical,acceleration,5.0,J1,13,2.1061642169952393,18.296382904052734
analytical,acceleration,5.0,J2,13,0.9634578227996826,7.416306018829346
ANNet,acceleration,10.0,J1,13,4.212857246398926,18.296382904052734
ANNet,acceleration,10.0,J2,13,1.9311397075653076,7.416306018829346
analytical,acceleration,10.0,J1,13,4.2123284339904785,18.296382904052734
analytical,acceleration,10.0,J2,13,1.9269156455993652,7.416306018829346
ANNet,acceleration,25.0,J1,13,10.53111457824707,18.296382904052734
ANNet,acceleration,25.0,J2,13,4.826420783996582,7.416306018829346
analytical,acceleration,25.0,J1,13,10.530820846557617,18.296382904052734
analytical,acceleration,25.0,J2,13,4.817289352416992,7.416306018829346
ANNet,none,0.0,J1,14,0.028937095776200294,13.502074241638184
ANNet,none,0.0,J2,14,0.020038999617099762,5.7716522216796875
ANNet,all,1.0,J1,14,0.3820778429508209,13.502074241638184
ANNet,all,1.0,J2,14,0.17402878403663635,5.7716522216796875
analytical,all,1.0,J1,14,0.38109248876571655,13.502074241638184
analytical,all,1.0,J2,14,0.17291918396949768,5.7716522216796875
ANNet,all,2.5,J1,14,0.95306795835495,13.502074241638184
ANNet,all,2.5,J2,14,0.43272218108177185,5.7716522216796875
analytical,all,2.5,J1,14,0.9527126550674438,13.502074241638184
analytical,all,2.5,J2,14,0.4322987496852875,5.7716522216796875
ANNet,all,5.0,J1,14,1.9055057764053345,13.502074241638184
ANNet,all,5.0,J2,14,0.8648005723953247,5.7716522216796875
analytical,all,5.0,J1,14,1.9053195714950562,13.502074241638184
analytical,all,5.0,J2,14,0.8645908832550049,5.7716522216796875
ANNet,all,10.0,J1,14,3.810093879699707,13.502074241638184
ANNet,all,10.0,J2,14,1.7292641401290894,5.7716522216796875
analytical,all,10.0,J1,14,3.809887647628784,13.502074241638184
analytical,all,10.0,J2,14,1.7290858030319214,5.7716522216796875
ANNet,all,25.0,J1,14,9.513708114624023,13.502074241638184
ANNet,all,25.0,J2,14,4.3218674659729,5.7716522216796875
analytical,all,25.0,J1,14,9.512714385986328,13.502074241638184
analytical,all,25.0,J2,14,4.320648670196533,5.7716522216796875
ANNet,angle,1.0,J1,14,0.04394673928618431,13.502074241638184
ANNet,angle,1.0,J2,14,0.02405424229800701,5.7716522216796875
analytical,angle,1.0,J1,14,0.033142946660518646,13.502074241638184
analytical,angle,1.0,J2,14,0.013257470913231373,5.7716522216796875
ANNet,angle,2.5,J1,14,0.08769995719194412,13.502074241638184
ANNet,angle,2.5,J2,14,0.03871021792292595,5.7716522216796875
analytical,angle,2.5,J1,14,0.08285299688577652,13.502074241638184
analytical,angle,2.5,J2,14,0.03314407914876938,5.7716522216796875
ANNet,angle,5.0,J1,14,0.16813218593597412,13.502074241638184
ANNet,angle,5.0,J2,14,0.06912798434495926,5.7716522216796875
analytical,angle,5.0,J1,14,0.16568270325660706,13.502074241638184
analytical,angle,5.0,J2,14,0.06630449742078781,5.7716522216796875
ANNet,angle,10.0,J1,14,0.33241814374923706,13.502074241638184
ANNet,angle,10.0,J2,14,0.13391749560832977,5.7716522216796875
analytical,angle,10.0,J1,14,0.3312067985534668,13.502074241638184
analytical,angle,10.0,J2,14,0.13278628885746002,5.7716522216796875
ANNet,angle,25.0,J1,14,0.8259931802749634,13.502074241638184
ANNet,angle,25.0,J2,14,0.3351365029811859,5.7716522216796875
analytical,angle,25.0,J1,14,0.8255323171615601,13.502074241638184
analytical,angle,25.0,J2,14,0.3354797065258026,5.7716522216796875
ANNet,velocity,1.0,J1,14,0.049819216132164,13.502074241638184
ANNet,velocity,1.0,J2,14,0.02484257146716118,5.7716522216796875
analytical,velocity,1.0,J1,14,0.0407312773168087,13.502074241638184
analytical,velocity,1.0,J2,14,0.014851733110845089,5.7716522216796875
ANNet,velocity,2.5,J1,14,0.10558004677295685,13.502074241638184
ANNet,velocity,2.5,J2,14,0.04204748198390007,5.7716522216796875
analytical,velocity,2.5,J1,14,0.10185424983501434,13.502074241638184
analytical,velocity,2.5,J2,14,0.03714016452431679,5.7716522216796875
ANNet,velocity,5.0,J1,14,0.20545005798339844,13.502074241638184
ANNet,velocity,5.0,J2,14,0.07682594656944275,5.7716522216796875
analytical,velocity,5.0,J1,14,0.20394596457481384,13.502074241638184
analytical,velocity,5.0,J2,14,0.07435235381126404,5.7716522216796875
ANNet,velocity,10.0,J1,14,0.41003015637397766,13.502074241638184
ANNet,velocity,10.0,J2,14,0.15039120614528656,5.7716522216796875
analytical,velocity,10.0,J1,14,0.40996503829956055,13.502074241638184
analytical,velocity,10.0,J2,14,0.14926108717918396,5.7716522216796875
ANNet,velocity,25.0,J1,14,1.0609440803527832,13.502074241638184
ANNet,velocity,25.0,J2,14,0.3827730715274811,5.7716522216796875
analytical,velocity,25.0,J1,14,1.0622104406356812,13.502074241638184
analytical,velocity,25.0,J2,14,0.38256749510765076,5.7716522216796875
ANNet,acceleration,1.0,J1,14,0.3787209093570709,13.502074241638184
ANNet,acceleration,1.0,J2,14,0.17301324009895325,5.7716522216796875
analytical,acceleration,1.0,J1,14,0.37770286202430725,13.502074241638184
analytical,acceleration,1.0,J2,14,0.17188513278961182,5.7716522216796875
ANNet,acceleration,2.5,J1,14,0.9446507692337036,13.502074241638184
ANNet,acceleration,2.5,J2,14,0.4301576614379883,5.7716522216796875
analytical,acceleration,2.5,J1,14,0.9442571997642517,13.502074241638184
analytical,acceleration,2.5,J2,14,0.42971280217170715,5.7716522216796875
ANNet,acceleration,5.0,J1,14,1.8887454271316528,13.502074241638184
ANNet,acceleration,5.0,J2,14,0.8596615195274353,5.7716522216796875
analytical,acceleration,5.0,J1,14,1.8885143995285034,13.502074241638184
analytical,acceleration,5.0,J2,14,0.8594256043434143,5.7716522216796875
ANNet,acceleration,10.0,J1,14,3.777226448059082,13.502074241638184
ANNet,acceleration,10.0,J2,14,1.7190314531326294,5.7716522216796875
analytical,acceleration,10.0,J1,14,3.777028799057007,13.502074241638184
analytical,acceleration,10.0,J2,14,1.7188512086868286,5.7716522216796875
ANNet,acceleration,25.0,J1,14,9.442676544189453,13.502074241638184
ANNet,acceleration,25.0,J2,14,4.297805309295654,5.7716522216796875
analytical,acceleration,25.0,J1,14,9.442571640014648,13.502074241638184
analytical,acceleration,25.0,J2,14,4.297128200531006,5.7716522216796875
ANNet,none,0.0,J1,15,0.015745053067803383,1.3080544471740723
ANNet,none,0.0,J2,15,0.028362322598695755,0.5423718094825745
ANNet,all,1.0,J1,15,0.024438856169581413,1.3080544471740723
ANNet,all,1.0,J2,15,0.02952566370368004,0.5423718094825745
analytical,all,1.0,J1,15,0.018846746534109116,1.3080544471740723
analytical,all,1.0,J2,15,0.008132841438055038,0.5423718094825745
ANNet,all,2.5,J1,15,0.04938512295484543,1.3080544471740723
ANNet,all,2.5,J2,15,0.034919314086437225,0.5423718094825745
analytical,all,2.5,J1,15,0.04711686447262764,1.3080544471740723
analytical,all,2.5,J2,15,0.020332101732492447,0.5423718094825745
ANNet,all,5.0,J1,15,0.09498365968465805,1.3080544471740723
ANNet,all,5.0,J2,15,0.04956032335758209,0.5423718094825745
analytical,all,5.0,J1,15,0.09423371404409409,1.3080544471740723
analytical,all,5.0,J2,15,0.040664192289114,0.5423718094825745
ANNet,all,10.0,J1,15,0.18805335462093353,1.3080544471740723
ANNet,all,10.0,J2,15,0.08599859476089478,0.5423718094825745
analytical,all,10.0,J1,15,0.18846727907657623,1.3080544471740723
analytical,all,10.0,J2,15,0.08132833242416382,0.5423718094825745
ANNet,all,25.0,J1,15,0.4688320457935333,1.3080544471740723
ANNet,all,25.0,J2,15,0.20479550957679749,0.5423718094825745
analytical,all,25.0,J1,15,0.4711657166481018,1.3080544471740723
analytical,all,25.0,J2,15,0.20331993699073792,0.5423718094825745
ANNet,angle,1.0,J1,15,0.015745049342513084,1.3080544471740723
ANNet,angle,1.0,J2,15,0.028362281620502472,0.5423718094825745
analytical,angle,1.0,J1,15,5.508326921699336e-06,1.3080544471740723
analytical,angle,1.0,J2,15,3.1394147299579345e-06,0.5423718094825745
ANNet,angle,2.5,J1,15,0.015745103359222412,1.3080544471740723
ANNet,angle,2.5,J2,15,0.028362244367599487,0.5423718094825745
analytical,angle,2.5,J1,15,1.376828095089877e-05,1.3080544471740723
analytical,angle,2.5,J2,15,7.84790245234035e-06,0.5423718094825745
ANNet,angle,5.0,J1,15,0.015745172277092934,1.3080544471740723
ANNet,angle,5.0,J2,15,0.028362169861793518,0.5423718094825745
analytical,angle,5.0,J1,15,2.75383881671587e-05,1.3080544471740723
analytical,angle,5.0,J2,15,1.5698604329372756e-05,0.5423718094825745
ANNet,angle,10.0,J1,15,0.01574539579451084,1.3080544471740723
ANNet,angle,10.0,J2,15,0.028362028300762177,0.5423718094825745
analytical,angle,10.0,J1,15,5.510690243681893e-05,1.3080544471740723
analytical,angle,10.0,J2,15,3.142003697576001e-05,0.5423718094825745
ANNet,angle,25.0,J1,15,0.01574714481830597,1.3080544471740723
ANNet,angle,25.0,J2,15,0.028361545875668526,0.5423718094825745
analytical,angle,25.0,J1,15,0.0001383051130687818,1.3080544471740723
analytical,angle,25.0,J2,15,7.89178375271149e-05,0.5423718094825745
ANNet,velocity,1.0,J1,15,0.015745099633932114,1.3080544471740723
ANNet,velocity,1.0,J2,15,0.02836223691701889,0.5423718094825745
analytical,velocity,1.0,J1,15,6.250126716622617e-06,1.3080544471740723
analytical,velocity,1.0,J2,15,3.970996203861432e-06,0.5423718094825745
ANNet,velocity,2.5,J1,15,0.0157451331615448,1.3080544471740723
ANNet,velocity,2.5,J2,15,0.02836214378476143,0.5423718094825745
analytical,velocity,2.5,J1,15,1.562435136293061e-05,1.3080544471740723
analytical,velocity,2.5,J2,15,9.931516615324654e-06,0.5423718094825745
ANNet,velocity,5.0,J1,15,0.015745164826512337,1.3080544471740723
ANNet,velocity,5.0,J2,15,0.02836197428405285,0.5423718094825745
analytical,velocity,5.0,J1,15,3.126205410808325e-05,1.3080544471740723
analytical,velocity,5.0,J2,15,1.9888977476512082e-05,0.5423718094825745
ANNet,velocity,10.0,J1,15,0.015745149925351143,1.3080544471740723
ANNet,velocity,10.0,J2,15,0.028361685574054718,0.5423718094825745
analytical,velocity,10.0,J1,15,6.266585842240602e-05,1.3080544471740723
analytical,velocity,10.0,J2,15,3.996375380665995e-05,0.5423718094825745
ANNet,velocity,25.0,J1,15,0.01574471779167652,1.3080544471740723
ANNet,velocity,25.0,J2,15,0.028361111879348755,0.5423718094825745
analytical,velocity,25.0,J1,15,0.0001594338973518461,1.3080544471740723
analytical,velocity,25.0,J2,15,0.00010288952762493864,0.5423718094825745
ANNet,acceleration,1.0,J1,15,0.02443878911435604,1.3080544471740723
ANNet,acceleration,1.0,J2,15,0.02952578105032444,0.5423718094825745
analytical,acceleration,1.0,J1,15,0.018846740946173668,1.3080544471740723
analytical,acceleration,1.0,J2,15,0.008132865652441978,0.5423718094825745
ANNet,acceleration,2.5,J1,15,0.049384959042072296,1.3080544471740723
ANNet,acceleration,2.5,J2,15,0.034919656813144684,0.5423718094825745
analytical,acceleration,2.5,J1,15,0.047116853296756744,1.3080544471740723
analytical,acceleration,2.5,J2,15,0.02033216319978237,0.5423718094825745
ANNet,acceleration,5.0,J1,15,0.09498341381549835,1.3080544471740723
ANNet,acceleration,5.0,J2,15,0.04956099018454552,0.5423718094825745
analytical,acceleration,5.0,J1,15,0.09423371404409409,1.3080544471740723
analytical,acceleration,5.0,J2,15,0.04066432639956474,0.5423718094825745
ANNet,acceleration,10.0,J1,15,0.1880529671907425,1.3080544471740723
ANNet,acceleration,10.0,J2,15,0.08599984645843506,0.5423718094825745
analytical,acceleration,10.0,J1,15,0.18846741318702698,1.3080544471740723
analytical,acceleration,10.0,J2,15,0.08132865279912949,0.5423718094825745
ANNet,acceleration,25.0,J1,15,0.4688325822353363,1.3080544471740723
ANNet,acceleration,25.0,J2,15,0.20479929447174072,0.5423718094825745
analytical,acceleration,25.0,J1,15,0.47116851806640625,1.3080544471740723
analytical,acceleration,25.0,J2,15,0.20332162082195282,0.5423718094825745
ANNet,none,0.0,J1,16,0.02290463075041771,3.5446107387542725
ANNet,none,0.0,J2,16,0.02021964080631733,2.1852149963378906
ANNet,all,1.0,J1,16,0.2623828649520874,3.5446107387542725
ANNet,all,1.0,J2,16,0.12050138413906097,2.1852149963378906
analytical,all,1.0,J1,16,0.2611287236213684,3.5446107387542725
analytical,all,1.0,J2,16,0.1187131255865097,2.1852149963378906
ANNet,all,2.5,J1,16,0.6536847949028015,3.5446107387542725
ANNet,all,2.5,J2,16,0.29767975211143494,2.1852149963378906
analytical,all,2.5,J1,16,0.6528198719024658,3.5446107387542725
analytical,all,2.5,J2,16,0.2967830300331116,2.1852149963378906
ANNet,all,5.0,J1,16,1.3066257238388062,3.5446107387542725
ANNet,all,5.0,J2,16,0.5943306088447571,2.1852149963378906
analytical,all,5.0,J1,16,1.305612325668335,3.5446107387542725
analytical,all,5.0,J2,16,0.5935618281364441,2.1852149963378906
ANNet,all,10.0,J1,16,2.612548589706421,3.5446107387542725
ANNet,all,10.0,J2,16,1.1880905628204346,2.1852149963378906
analytical,all,10.0,J1,16,2.6109585762023926,3.5446107387542725
analytical,all,10.0,J2,16,1.187070369720459,2.1852149963378906
ANNet,all,25.0,J1,16,6.525446891784668,3.5446107387542725
ANNet,all,25.0,J2,16,2.9685311317443848,2.1852149963378906
analytical,all,25.0,J1,16,6.522317886352539,3.5446107387542725
analytical,all,25.0,J2,16,2.966548442840576,2.1852149963378906
ANNet,angle,1.0,J1,16,0.02324722521007061,3.5446107387542725
ANNet,angle,1.0,J2,16,0.02057316154241562,2.1852149963378906
analytical,angle,1.0,J1,16,0.00409909151494503,3.5446107387542725
analytical,angle,1.0,J2,16,0.0037787919864058495,2.1852149963378906
ANNet,angle,2.5,J1,16,0.024998608976602554,3.5446107387542725
ANNet,angle,2.5,J2,16,0.022288260981440544,2.1852149963378906
analytical,angle,2.5,J1,16,0.010247978381812572,3.5446107387542725
analytical,angle,2.5,J2,16,0.009449566714465618,2.1852149963378906
ANNet,angle,5.0,J1,16,0.030461639165878296,3.5446107387542725
ANNet,angle,5.0,J2,16,0.027535155415534973,2.1852149963378906
analytical,angle,5.0,J1,16,0.020497508347034454,3.5446107387542725
analytical,angle,5.0,J2,16,0.018912848085165024,2.1852149963378906
ANNet,angle,10.0,J1,16,0.04629183188080788,3.5446107387542725
ANNet,angle,10.0,J2,16,0.04253004118800163,2.1852149963378906
analytical,angle,10.0,J1,16,0.04100649058818817,3.5446107387542725
analytical,angle,10.0,J2,16,0.03791843354701996,2.1852149963378906
ANNet,angle,25.0,J1,16,0.103468157351017,3.5446107387542725
ANNet,angle,25.0,J2,16,0.09729033708572388,2.1852149963378906
analytical,angle,25.0,J1,16,0.10270500183105469,3.5446107387542725
analytical,angle,25.0,J2,16,0.0962313860654831,2.1852149963378906
ANNet,velocity,1.0,J1,16,0.024787774309515953,3.5446107387542725
ANNet,velocity,1.0,J2,16,0.02035328932106495,2.1852149963378906
analytical,velocity,1.0,J1,16,0.009361972101032734,3.5446107387542725
analytical,velocity,1.0,J2,16,0.0024459389969706535,2.1852149963378906
ANNet,velocity,2.5,J1,16,0.03294387832283974,3.5446107387542725
ANNet,velocity,2.5,J2,16,0.021110039204359055,2.1852149963378906
analytical,velocity,2.5,J1,16,0.023424802348017693,3.5446107387542725
analytical,velocity,2.5,J2,16,0.006114823743700981,2.1852149963378906
ANNet,velocity,5.0,J1,16,0.05270674079656601,3.5446107387542725
ANNet,velocity,5.0,J2,16,0.023666827008128166,2.1852149963378906
analytical,velocity,5.0,J1,16,0.04698581248521805,3.5446107387542725
analytical,velocity,5.0,J2,16,0.012237489223480225,2.1852149963378906
ANNet,velocity,10.0,J1,16,0.09866306185722351,3.5446107387542725
ANNet,velocity,10.0,J2,16,0.03203679248690605,2.1852149963378906
analytical,velocity,10.0,J1,16,0.09503486752510071,3.5446107387542725
analytical,velocity,10.0,J2,16,0.0245655607432127,2.1852149963378906
ANNet,velocity,25.0,J1,16,0.2583320438861847,3.5446107387542725
ANNet,velocity,25.0,J2,16,0.06728863716125488,2.1852149963378906
analytical,velocity,25.0,J1,16,0.25524747371673584,3.5446107387542725
analytical,velocity,25.0,J2,16,0.06324809789657593,2.1852149963378906
ANNet,acceleration,1.0,J1,16,0.26210999488830566,3.5446107387542725
ANNet,acceleration,1.0,J2,16,0.12041258811950684,2.1852149963378906
analytical,acceleration,1.0,J1,16,0.26085996627807617,3.5446107387542725
analytical,acceleration,1.0,J2,16,0.11862323433160782,2.1852149963378906
ANNet,acceleration,2.5,J1,16,0.6530036330223083,3.5446107387542725
ANNet,acceleration,2.5,J2,16,0.2974540591239929,2.1852149963378906
analytical,acceleration,2.5,J1,16,0.6521499752998352,3.5446107387542725
analytical,acceleration,2.5,J2,16,0.29655811190605164,2.1852149963378906
ANNet,acceleration,5.0,J1,16,1.305299997329712,3.5446107387542725
ANNet,acceleration,5.0,J2,16,0.5938848853111267,2.1852149963378906
analytical,acceleration,5.0,J1,16,1.3042999505996704,3.5446107387542725
analytical,acceleration,5.0,J2,16,0.5931162238121033,2.1852149963378906
ANNet,acceleration,10.0,J1,16,2.6102375984191895,3.5446107387542725
ANNet,acceleration,10.0,J2,16,1.1872788667678833,2.1852149963378906
analytical,acceleration,10.0,J1,16,2.608599901199341,3.5446107387542725
analytical,acceleration,10.0,J2,16,1.186232328414917,2.1852149963378906
ANNet,acceleration,25.0,J1,16,6.525658130645752,3.5446107387542725
ANNet,acceleration,25.0,J2,16,2.967989683151245,2.1852149963378906
analytical,acceleration,25.0,J1,16,6.521499156951904,3.5446107387542725
analytical,acceleration,25.0,J2,16,2.965580940246582,2.1852149963378906
ANNet,none,0.0,J1,17,0.0326138474047184,1.7502896785736084
ANNet,none,0.0,J2,17,0.022674882784485817,2.784008264541626
ANNet,all,1.0,J1,17,0.3647165894508362,1.7502896785736084
ANNet,all,1.0,J2,17,0.1704431027173996,2.784008264541626
analytical,all,1.0,J1,17,0.3634038269519806,1.7502896785736084
analytical,all,1.0,J2,17,0.1686970740556717,2.784008264541626
ANNet,all,2.5,J1,17,0.9090291261672974,1.7502896785736084
ANNet,all,2.5,J2,17,0.42277342081069946,2.784008264541626
analytical,all,2.5,J1,17,0.9085027575492859,1.7502896785736084
analytical,all,2.5,J2,17,0.42173755168914795,2.784008264541626
ANNet,all,5.0,J1,17,1.817318320274353,1.7502896785736084
ANNet,all,5.0,J2,17,0.8445022702217102,2.784008264541626
analytical,all,5.0,J1,17,1.8169333934783936,1.7502896785736084
analytical,all,5.0,J2,17,0.8434434533119202,2.784008264541626
ANNet,all,10.0,J1,17,3.633772850036621,1.7502896785736084
ANNet,all,10.0,J2,17,1.6882171630859375,2.784008264541626
analytical,all,10.0,J1,17,3.633212089538574,1.7502896785736084
analytical,all,10.0,J2,17,1.6866528987884521,2.784008264541626
ANNet,all,25.0,J1,17,9.072907447814941,1.7502896785736084
ANNet,all,25.0,J2,17,4.216363906860352,2.784008264541626
analytical,all,25.0,J1,17,9.071093559265137,1.7502896785736084
analytical,all,25.0,J2,17,4.212769031524658,2.784008264541626
ANNet,angle,1.0,J1,17,0.03347427025437355,1.7502896785736084
ANNet,angle,1.0,J2,17,0.026349900290369987,2.784008264541626
analytical,angle,1.0,J1,17,0.007338073570281267,1.7502896785736084
analytical,angle,1.0,J2,17,0.013204261660575867,2.784008264541626
ANNet,angle,2.5,J1,17,0.03741748258471489,1.7502896785736084
ANNet,angle,2.5,J2,17,0.040399931371212006,2.784008264541626
analytical,angle,2.5,J1,17,0.018341513350605965,1.7502896785736084
analytical,angle,2.5,J2,17,0.03300788626074791,2.784008264541626
ANNet,angle,5.0,J1,17,0.048822566866874695,1.7502896785736084
ANNet,angle,5.0,J2,17,0.07053064554929733,2.784008264541626
analytical,angle,5.0,J1,17,0.03667357936501503,1.7502896785736084
analytical,angle,5.0,J2,17,0.06602039933204651,2.784008264541626
ANNet,angle,10.0,J1,17,0.07933678478002548,1.7502896785736084
ANNet,angle,10.0,J2,17,0.13541433215141296,2.784008264541626
analytical,angle,10.0,J1,17,0.07333085685968399,1.7502896785736084
analytical,angle,10.0,J2,17,0.13216283917427063,2.784008264541626
ANNet,angle,25.0,J1,17,0.18382194638252258,1.7502896785736084
ANNet,angle,25.0,J2,17,0.3357502818107605,2.784008264541626
analytical,angle,25.0,J1,17,0.18363113701343536,1.7502896785736084
analytical,angle,25.0,J2,17,0.33334729075431824,2.784008264541626
ANNet,velocity,1.0,J1,17,0.043482065200805664,1.7502896785736084
ANNet,velocity,1.0,J2,17,0.023721303790807724,2.784008264541626
analytical,velocity,1.0,J1,17,0.028547244146466255,1.7502896785736084
analytical,velocity,1.0,J2,17,0.007052183151245117,2.784008264541626
ANNet,velocity,2.5,J1,17,0.07893277704715729,1.7502896785736084
ANNet,velocity,2.5,J2,17,0.02864185906946659,2.784008264541626
analytical,velocity,2.5,J1,17,0.0714496448636055,1.7502896785736084
analytical,velocity,2.5,J2,17,0.01763661950826645,2.784008264541626
ANNet,velocity,5.0,J1,17,0.14788034558296204,1.7502896785736084
ANNet,velocity,5.0,J2,17,0.041783832013607025,2.784008264541626
analytical,velocity,5.0,J1,17,0.14344540238380432,1.7502896785736084
analytical,velocity,5.0,J2,17,0.03532208129763603,2.784008264541626
ANNet,velocity,10.0,J1,17,0.2944207787513733,1.7502896785736084
ANNet,velocity,10.0,J2,17,0.07420293986797333,2.784008264541626
analytical,velocity,10.0,J1,17,0.29109883308410645,1.7502896785736084
analytical,velocity,10.0,J2,17,0.07105058431625366,2.784008264541626
ANNet,velocity,25.0,J1,17,0.8004786968231201,1.7502896785736084
ANNet,velocity,25.0,J2,17,0.18528015911579132,2.784008264541626
analytical,velocity,25.0,J1,17,0.7964153289794922,1.7502896785736084
analytical,velocity,25.0,J2,17,0.18474596738815308,2.784008264541626
ANNet,acceleration,1.0,J1,17,0.3635050058364868,1.7502896785736084
ANNet,acceleration,1.0,J2,17,0.1697080284357071,2.784008264541626
analytical,acceleration,1.0,J1,17,0.36220628023147583,1.7502896785736084
analytical,acceleration,1.0,J2,17,0.16796986758708954,2.784008264541626
ANNet,acceleration,2.5,J1,17,0.9060148596763611,1.7502896785736084
ANNet,acceleration,2.5,J2,17,0.4209330379962921,2.784008264541626
analytical,acceleration,2.5,J1,17,0.9055157899856567,1.7502896785736084
analytical,acceleration,2.5,J2,17,0.41992470622062683,2.784008264541626
ANNet,acceleration,5.0,J1,17,1.8113651275634766,1.7502896785736084
ANNet,acceleration,5.0,J2,17,0.8408569693565369,2.784008264541626
analytical,acceleration,5.0,J1,17,1.8110315799713135,1.7502896785736084
analytical,acceleration,5.0,J2,17,0.8398494124412537,2.784008264541626
ANNet,acceleration,10.0,J1,17,3.6224820613861084,1.7502896785736084
ANNet,acceleration,10.0,J2,17,1.6811959743499756,2.784008264541626
analytical,acceleration,10.0,J1,17,3.622063159942627,1.7502896785736084
analytical,acceleration,10.0,J2,17,1.6796988248825073,2.784008264541626
ANNet,acceleration,25.0,J1,17,9.055831909179688,1.7502896785736084
ANNet,acceleration,25.0,J2,17,4.203182697296143,2.784008264541626
analytical,acceleration,25.0,J1,17,9.055157661437988,1.7502896785736084
analytical,acceleration,25.0,J2,17,4.199247360229492,2.784008264541626
ANNet,none,0.0,J1,18,0.033244539052248,8.061026573181152
ANNet,none,0.0,J2,18,0.019452428445219994,4.424377918243408
ANNet,all,1.0,J1,18,0.36714574694633484,8.061026573181152
ANNet,all,1.0,J2,18,0.17023330926895142,4.424377918243408
analytical,all,1.0,J1,18,0.3655639588832855,8.061026573181152
analytical,all,1.0,J2,18,0.16914662718772888,4.424377918243408
ANNet,all,2.5,J1,18,0.9146267771720886,8.061026573181152
ANNet,all,2.5,J2,18,0.4233552813529968,4.424377918243408
analytical,all,2.5,J1,18,0.9139167070388794,8.061026573181152
analytical,all,2.5,J2,18,0.42286229133605957,4.424377918243408
ANNet,all,5.0,J1,18,1.8282777070999146,8.061026573181152
ANNet,all,5.0,J2,18,0.8460990786552429,4.424377918243408
analytical,all,5.0,J1,18,1.8278050422668457,8.061026573181152
analytical,all,5.0,J2,18,0.8456970453262329,4.424377918243408
ANNet,all,10.0,J1,18,3.655632257461548,8.061026573181152
ANNet,all,10.0,J2,18,1.6917963027954102,4.424377918243408
analytical,all,10.0,J1,18,3.655118227005005,8.061026573181152
analytical,all,10.0,J2,18,1.6911851167678833,4.424377918243408
ANNet,all,25.0,J1,18,9.128470420837402,8.061026573181152
ANNet,all,25.0,J2,18,4.226785182952881,4.424377918243408
analytical,all,25.0,J1,18,9.12679386138916,8.061026573181152
analytical,all,25.0,J2,18,4.22446346282959,4.424377918243408
ANNet,angle,1.0,J1,18,0.0403611846268177,8.061026573181152
ANNet,angle,1.0,J2,18,0.023356609046459198,4.424377918243408
analytical,angle,1.0,J1,18,0.022944068536162376,8.061026573181152
analytical,angle,1.0,J2,18,0.012824906036257744,4.424377918243408
ANNet,angle,2.5,J1,18,0.06624884903430939,8.061026573181152
ANNet,angle,2.5,J2,18,0.03773549571633339,4.424377918243408
analytical,angle,2.5,J1,18,0.057364627718925476,8.061026573181152
analytical,angle,2.5,J2,18,0.03206726536154747,4.424377918243408
ANNet,angle,5.0,J1,18,0.11939196288585663,8.061026573181152
ANNet,angle,5.0,J2,18,0.06756523251533508,4.424377918243408
analytical,angle,5.0,J1,18,0.11473831534385681,8.061026573181152
analytical,angle,5.0,J2,18,0.06416872888803482,4.424377918243408
ANNet,angle,10.0,J1,18,0.2317817658185959,8.061026573181152
ANNet,angle,10.0,J2,18,0.13107576966285706,4.424377918243408
analytical,angle,10.0,J1,18,0.2294684499502182,8.061026573181152
analytical,angle,10.0,J2,18,0.12860529124736786,4.424377918243408
ANNet,angle,25.0,J1,18,0.5735273957252502,8.061026573181152
ANNet,angle,25.0,J2,18,0.32835450768470764,4.424377918243408
analytical,angle,25.0,J1,18,0.5727164149284363,8.061026573181152
analytical,angle,25.0,J2,18,0.32605597376823425,4.424377918243408
ANNet,velocity,1.0,J1,18,0.04947856068611145,8.061026573181152
ANNet,velocity,1.0,J2,18,0.021623460575938225,4.424377918243408
analytical,velocity,1.0,J1,18,0.03660445287823677,8.061026573181152
analytical,velocity,1.0,J2,18,0.009649738669395447,4.424377918243408
ANNet,velocity,2.5,J1,18,0.09751442819833755,8.061026573181152
ANNet,velocity,2.5,J2,18,0.03082030452787876,4.424377918243408
analytical,velocity,2.5,J1,18,0.09154333919286728,8.061026573181152
analytical,velocity,2.5,J2,18,0.02413294091820717,4.424377918243408
ANNet,velocity,5.0,J1,18,0.186668261885643,8.061026573181152
ANNet,velocity,5.0,J2,18,0.051847271621227264,4.424377918243408
analytical,velocity,5.0,J1,18,0.18340790271759033,8.061026573181152
analytical,velocity,5.0,J2,18,0.04832297936081886,4.424377918243408
ANNet,velocity,10.0,J1,18,0.37175247073173523,8.061026573181152
ANNet,velocity,10.0,J2,18,0.09868296980857849,4.424377918243408
analytical,velocity,10.0,J1,18,0.36969193816185,8.061026573181152
analytical,velocity,10.0,J2,18,0.09708652645349503,4.424377918243408
ANNet,velocity,25.0,J1,18,0.9780634045600891,8.061026573181152
ANNet,velocity,25.0,J2,18,0.2503036856651306,4.424377918243408
analytical,velocity,25.0,J1,18,0.9760855436325073,8.061026573181152
analytical,velocity,25.0,J2,18,0.2501464784145355,4.424377918243408
ANNet,acceleration,1.0,J1,18,0.3646143972873688,8.061026573181152
ANNet,acceleration,1.0,J2,18,0.169611856341362,4.424377918243408
analytical,acceleration,1.0,J1,18,0.3630238473415375,8.061026573181152
analytical,acceleration,1.0,J2,18,0.16851533949375153,4.424377918243408
ANNet,acceleration,2.5,J1,18,0.9082592725753784,8.061026573181152
ANNet,acceleration,2.5,J2,18,0.4217805862426758,4.424377918243408
analytical,acceleration,2.5,J1,18,0.9075596928596497,8.061026573181152
analytical,acceleration,2.5,J2,18,0.4212883412837982,4.424377918243408
ANNet,acceleration,5.0,J1,18,1.8155473470687866,8.061026573181152
ANNet,acceleration,5.0,J2,18,0.8429635167121887,4.424377918243408
analytical,acceleration,5.0,J1,18,1.8151193857192993,8.061026573181152
analytical,acceleration,5.0,J2,18,0.8425766825675964,4.424377918243408
ANNet,acceleration,10.0,J1,18,3.6305766105651855,8.061026573181152
ANNet,acceleration,10.0,J2,18,1.68572199344635,4.424377918243408
analytical,acceleration,10.0,J1,18,3.6302387714385986,8.061026573181152
analytical,acceleration,10.0,J2,18,1.6851533651351929,4.424377918243408
ANNet,acceleration,25.0,J1,18,9.07595157623291,8.061026573181152
ANNet,acceleration,25.0,J2,18,4.215134620666504,4.424377918243408
analytical,acceleration,25.0,J1,18,9.075596809387207,8.061026573181152
analytical,acceleration,25.0,J2,18,4.212883472442627,4.424377918243408
ANNet,none,0.0,J1,19,0.022420592606067657,12.30456256866455
ANNet,none,0.0,J2,19,0.02491462603211403,5.171158790588379
ANNet,all,1.0,J1,19,0.2609831988811493,12.30456256866455
ANNet,all,1.0,J2,19,0.11886575818061829,5.171158790588379
analytical,all,1.0,J1,19,0.2598487138748169,12.30456256866455
analytical,all,1.0,J2,19,0.11619286239147186,5.171158790588379
ANNet,all,2.5,J1,19,0.650510311126709,12.30456256866455
ANNet,all,2.5,J2,19,0.29173514246940613,5.171158790588379
analytical,all,2.5,J1,19,0.6496164798736572,12.30456256866455
analytical,all,2.5,J2,19,0.2904837429523468,5.171158790588379
ANNet,all,5.0,J1,19,1.3004461526870728,12.30456256866455
ANNet,all,5.0,J2,19,0.5819388031959534,5.171158790588379
analytical,all,5.0,J1,19,1.2991949319839478,12.30456256866455
analytical,all,5.0,J2,19,0.580969512462616,5.171158790588379
ANNet,all,10.0,J1,19,2.6002466678619385,12.30456256866455
ANNet,all,10.0,J2,19,1.1630868911743164,5.171158790588379
analytical,all,10.0,J1,19,2.598083734512329,12.30456256866455
analytical,all,10.0,J2,19,1.1619216203689575,5.171158790588379
ANNet,all,25.0,J1,19,6.493663787841797,12.30456256866455
ANNet,all,25.0,J2,19,2.9060282707214355,5.171158790588379
analytical,all,25.0,J1,19,6.489861011505127,12.30456256866455
analytical,all,25.0,J2,19,2.9041788578033447,5.171158790588379
ANNet,angle,1.0,J1,19,0.025649303570389748,12.30456256866455
ANNet,angle,1.0,J2,19,0.025469087064266205,5.171158790588379
analytical,angle,1.0,J1,19,0.012436944991350174,12.30456256866455
analytical,angle,1.0,J2,19,0.005287458188831806,5.171158790588379
ANNet,angle,2.5,J1,19,0.03837044909596443,12.30456256866455
ANNet,angle,2.5,J2,19,0.028225501999258995,5.171158790588379
analytical,angle,2.5,J1,19,0.031092045828700066,12.30456256866455
analytical,angle,2.5,J2,19,0.013218359090387821,5.171158790588379
ANNet,angle,5.0,J1,19,0.06618492305278778,12.30456256866455
ANNet,angle,5.0,J2,19,0.03642122820019722,5.171158790588379
analytical,angle,5.0,J1,19,0.062183722853660583,12.30456256866455
analytical,angle,5.0,J2,19,0.026440178975462914,5.171158790588379
ANNet,angle,10.0,J1,19,0.12653928995132446,12.30456256866455
ANNet,angle,10.0,J2,19,0.05875617638230324,5.171158790588379
analytical,angle,10.0,J1,19,0.12437157332897186,12.30456256866455
analytical,angle,10.0,J2,19,0.05292723700404167,5.171158790588379
ANNet,angle,25.0,J1,19,0.31220269203186035,12.30456256866455
ANNet,angle,25.0,J2,19,0.13631893694400787,5.171158790588379
analytical,angle,25.0,J1,19,0.31107109785079956,12.30456256866455
analytical,angle,25.0,J2,19,0.1333218812942505,5.171158790588379
ANNet,velocity,1.0,J1,19,0.026657305657863617,12.30456256866455
ANNet,velocity,1.0,J2,19,0.025778114795684814,5.171158790588379
analytical,velocity,1.0,J1,19,0.01455146074295044,12.30456256866455
analytical,velocity,1.0,J2,19,0.006644237320870161,5.171158790588379
ANNet,velocity,2.5,J1,19,0.04259292408823967,12.30456256866455
ANNet,velocity,2.5,J2,19,0.029909633100032806,5.171158790588379
analytical,velocity,2.5,J1,19,0.03638653829693794,12.30456256866455
analytical,velocity,2.5,J2,19,0.0166191216558218,5.171158790588379
ANNet,velocity,5.0,J1,19,0.07598031312227249,12.30456256866455
ANNet,velocity,5.0,J2,19,0.04146164655685425,5.171158790588379
analytical,velocity,5.0,J1,19,0.0728381797671318,12.30456256866455
analytical,velocity,5.0,J2,19,0.033283572643995285,5.171158790588379
ANNet,velocity,10.0,J1,19,0.14755700528621674,12.30456256866455
ANNet,velocity,10.0,J2,19,0.0710919052362442,5.171158790588379
analytical,velocity,10.0,J1,19,0.14622698724269867,12.30456256866455
analytical,velocity,10.0,J2,19,0.06687439978122711,5.171158790588379
ANNet,velocity,25.0,J1,19,0.3752056360244751,12.30456256866455
ANNet,velocity,25.0,J2,19,0.17292316257953644,5.171158790588379
analytical,velocity,25.0,J1,19,0.3753634989261627,12.30456256866455
analytical,velocity,25.0,J2,19,0.17194131016731262,5.171158790588379
ANNet,acceleration,1.0,J1,19,0.2603625953197479,12.30456256866455
ANNet,acceleration,1.0,J2,19,0.11854209750890732,5.171158790588379
analytical,acceleration,1.0,J1,19,0.25922057032585144,12.30456256866455
analytical,acceleration,1.0,J2,19,0.11585787683725357,5.171158790588379
ANNet,acceleration,2.5,J1,19,0.6489513516426086,12.30456256866455
ANNet,acceleration,2.5,J2,19,0.2909071147441864,5.171158790588379
analytical,acceleration,2.5,J1,19,0.6480515003204346,12.30456256866455
analytical,acceleration,2.5,J2,19,0.28964468836784363,5.171158790588379
ANNet,acceleration,5.0,J1,19,1.297361135482788,12.30456256866455
ANNet,acceleration,5.0,J2,19,0.5802757740020752,5.171158790588379
analytical,acceleration,5.0,J1,19,1.2961030006408691,12.30456256866455
analytical,acceleration,5.0,J2,19,0.5792893767356873,5.171158790588379
ANNet,acceleration,10.0,J1,19,2.594391107559204,12.30456256866455
ANNet,acceleration,10.0,J2,19,1.1597810983657837,5.171158790588379
analytical,acceleration,10.0,J1,19,2.5922060012817383,12.30456256866455
analytical,acceleration,10.0,J2,19,1.1585787534713745,5.171158790588379
ANNet,acceleration,25.0,J1,19,6.484499454498291,12.30456256866455
ANNet,acceleration,25.0,J2,19,2.898446559906006,5.171158790588379
analytical,acceleration,25.0,J1,19,6.4805145263671875,12.30456256866455
analytical,acceleration,25.0,J2,19,2.896446943283081,5.171158790588379
ANNet,none,0.0,J1,20,0.03822358697652817,5.011256694793701
ANNet,none,0.0,J2,20,0.020532557740807533,3.7140920162200928
ANNet,all,1.0,J1,20,0.4027736186981201,5.011256694793701
ANNet,all,1.0,J2,20,0.18858455121517181,3.7140920162200928
analytical,all,1.0,J1,20,0.4009370803833008,5.011256694793701
analytical,all,1.0,J2,20,0.18735463917255402,3.7140920162200928
ANNet,all,2.5,J1,20,1.0031464099884033,5.011256694793701
ANNet,all,2.5,J2,20,0.4690797030925751,3.7140920162200928
analytical,all,2.5,J1,20,1.0023109912872314,5.011256694793701
analytical,all,2.5,J2,20,0.468375027179718,3.7140920162200928
ANNet,all,5.0,J1,20,2.005105495452881,5.011256694793701
ANNet,all,5.0,J2,20,0.9374289512634277,3.7140920162200928
analytical,all,5.0,J1,20,2.0044703483581543,5.011256694793701
analytical,all,5.0,J2,20,0.9366937875747681,3.7140920162200928
ANNet,all,10.0,J1,20,4.008889675140381,5.011256694793701
ANNet,all,10.0,J2,20,1.874251127243042,3.7140920162200928
analytical,all,10.0,J1,20,4.00799560546875,5.011256694793701
analytical,all,10.0,J2,20,1.8730289936065674,3.7140920162200928
ANNet,all,25.0,J1,20,10.009769439697266,5.011256694793701
ANNet,all,25.0,J2,20,4.682034015655518,3.7140920162200928
analytical,all,25.0,J1,20,10.006485939025879,5.011256694793701
analytical,all,25.0,J2,20,4.677290439605713,3.7140920162200928
ANNet,angle,1.0,J1,20,0.04284802824258804,5.011256694793701
ANNet,angle,1.0,J2,20,0.02751077711582184,3.7140920162200928
analytical,angle,1.0,J1,20,0.0193799901753664,5.011256694793701
analytical,angle,1.0,J2,20,0.018280087038874626,3.7140920162200928
ANNet,angle,2.5,J1,20,0.06162111461162567,5.011256694793701
ANNet,angle,2.5,J2,20,0.0501394160091877,3.7140920162200928
analytical,angle,2.5,J1,20,0.04844975098967552,5.011256694793701
analytical,angle,2.5,J2,20,0.04570426046848297,3.7140920162200928
ANNet,angle,5.0,J1,20,0.10390036553144455,5.011256694793701
ANNet,angle,5.0,J2,20,0.0937630757689476,3.7140920162200928
analytical,angle,5.0,J1,20,0.09689295291900635,5.011256694793701
analytical,angle,5.0,J2,20,0.09144160896539688,3.7140920162200928
ANNet,angle,10.0,J1,20,0.19687113165855408,5.011256694793701
ANNet,angle,10.0,J2,20,0.18432089686393738,3.7140920162200928
analytical,angle,10.0,J1,20,0.19371607899665833,5.011256694793701
analytical,angle,10.0,J2,20,0.18316172063350677,3.7140920162200928
ANNet,angle,25.0,J1,20,0.4830051362514496,5.011256694793701
ANNet,angle,25.0,J2,20,0.46260398626327515,3.7140920162200928
analytical,angle,25.0,J1,20,0.48289382457733154,5.011256694793701
analytical,angle,25.0,J2,20,0.462799996137619,3.7140920162200928
ANNet,velocity,1.0,J1,20,0.059298183768987656,5.011256694793701
ANNet,velocity,1.0,J2,20,0.023382753133773804,3.7140920162200928
analytical,velocity,1.0,J1,20,0.04532347247004509,5.011256694793701
analytical,velocity,1.0,J2,20,0.011182467453181744,3.7140920162200928
ANNet,velocity,2.5,J1,20,0.1199028342962265,5.011256694793701
ANNet,velocity,2.5,J2,20,0.034648600965738297,3.7140920162200928
analytical,velocity,2.5,J1,20,0.11339399963617325,5.011256694793701
analytical,velocity,2.5,J2,20,0.02796928584575653,3.7140920162200928
ANNet,velocity,5.0,J1,20,0.23126676678657532,5.011256694793701
ANNet,velocity,5.0,J2,20,0.05950966104865074,3.7140920162200928
analytical,velocity,5.0,J1,20,0.22743427753448486,5.011256694793701
analytical,velocity,5.0,J2,20,0.05602247267961502,3.7140920162200928
ANNet,velocity,10.0,J1,20,0.46312934160232544,5.011256694793701
ANNet,velocity,10.0,J2,20,0.11417104303836823,3.7140920162200928
analytical,velocity,10.0,J1,20,0.46013322472572327,5.011256694793701
analytical,velocity,10.0,J2,20,0.11267983913421631,3.7140920162200928
ANNet,velocity,25.0,J1,20,1.242933750152588,5.011256694793701
ANNet,velocity,25.0,J2,20,0.292917400598526,3.7140920162200928
analytical,velocity,25.0,J1,20,1.2397691011428833,5.011256694793701
analytical,velocity,25.0,J2,20,0.29224348068237305,3.7140920162200928
ANNet,acceleration,1.0,J1,20,0.39977821707725525,5.011256694793701
ANNet,acceleration,1.0,J2,20,0.18735407292842865,3.7140920162200928
analytical,acceleration,1.0,J1,20,0.39792633056640625,5.011256694793701
analytical,acceleration,1.0,J2,20,0.18611691892147064,3.7140920162200928
ANNet,acceleration,2.5,J1,20,0.9956366419792175,5.011256694793701
ANNet,acceleration,2.5,J2,20,0.46600762009620667,3.7140920162200928
analytical,acceleration,2.5,J1,20,0.9948158264160156,5.011256694793701
analytical,acceleration,2.5,J2,20,0.4652923345565796,3.7140920162200928
ANNet,acceleration,5.0,J1,20,1.9901971817016602,5.011256694793701
ANNet,acceleration,5.0,J2,20,0.9313441514968872,3.7140920162200928
analytical,acceleration,5.0,J1,20,1.9896316528320312,5.011256694793701
analytical,acceleration,5.0,J2,20,0.9305846691131592,3.7140920162200928
ANNet,acceleration,10.0,J1,20,3.9798755645751953,5.011256694793701
ANNet,acceleration,10.0,J2,20,1.8624582290649414,3.7140920162200928
analytical,acceleration,10.0,J1,20,3.9792633056640625,5.011256694793701
analytical,acceleration,10.0,J2,20,1.8611693382263184,3.7140920162200928
ANNet,acceleration,25.0,J1,20,9.949395179748535,5.011256694793701
ANNet,acceleration,25.0,J2,20,4.657719612121582,3.7140920162200928
analytical,acceleration,25.0,J1,20,9.94815731048584,5.011256694793701
analytical,acceleration,25.0,J2,20,4.652923107147217,3.7140920162200928
ANNet,none,0.0,J1,21,0.032284002751111984,3.318692445755005
ANNet,none,0.0,J2,21,0.02263159677386284,2.944122791290283
ANNet,all,1.0,J1,21,0.36842888593673706,3.318692445755005
ANNet,all,1.0,J2,21,0.17190448939800262,2.944122791290283
analytical,all,1.0,J1,21,0.36716172099113464,3.318692445755005
analytical,all,1.0,J2,21,0.17033974826335907,2.944122791290283
ANNet,all,2.5,J1,21,0.9183968901634216,3.318692445755005
ANNet,all,2.5,J2,21,0.42670100927352905,2.944122791290283
analytical,all,2.5,J1,21,0.9178893566131592,3.318692445755005
analytical,all,2.5,J2,21,0.42584604024887085,2.944122791290283
ANNet,all,5.0,J1,21,1.8360569477081299,3.318692445755005
ANNet,all,5.0,J2,21,0.8525336980819702,2.944122791290283
analytical,all,5.0,J1,21,1.8356791734695435,3.318692445755005
analytical,all,5.0,J2,21,0.8516672253608704,2.944122791290283
ANNet,all,10.0,J1,21,3.671168804168701,3.318692445755005
ANNet,all,10.0,J2,21,1.7044867277145386,2.944122791290283
analytical,all,10.0,J1,21,3.6705918312072754,3.318692445755005
analytical,all,10.0,J2,21,1.7031314373016357,2.944122791290283
ANNet,all,25.0,J1,21,9.165666580200195,3.318692445755005
ANNet,all,25.0,J2,21,4.257728099822998,2.944122791290283
analytical,all,25.0,J1,21,9.16366195678711,3.318692445755005
analytical,all,25.0,J2,21,4.254274368286133,2.944122791290283
ANNet,angle,1.0,J1,21,0.033720389008522034,3.318692445755005
ANNet,angle,1.0,J2,21,0.02622252143919468,2.944122791290283
analytical,angle,1.0,J1,21,0.009810658171772957,3.318692445755005
analytical,angle,1.0,J2,21,0.012994716875255108,2.944122791290283
ANNet,angle,2.5,J1,21,0.040454041212797165,3.318692445755005
ANNet,angle,2.5,J2,21,0.03998206928372383,2.944122791290283
analytical,angle,2.5,J1,21,0.02452852390706539,3.318692445755005
analytical,angle,2.5,J2,21,0.0324862003326416,2.944122791290283
ANNet,angle,5.0,J1,21,0.058499131351709366,3.318692445755005
ANNet,angle,5.0,J2,21,0.0695997029542923,2.944122791290283
analytical,angle,5.0,J1,21,0.04906384274363518,3.318692445755005
analytical,angle,5.0,J2,21,0.06498419493436813,2.944122791290283
ANNet,angle,10.0,J1,21,0.10281872004270554,3.318692445755005
ANNet,angle,10.0,J2,21,0.1335039585828781,2.944122791290283
analytical,angle,10.0,J1,21,0.09815926104784012,3.318692445755005
analytical,angle,10.0,J2,21,0.1301184445619583,2.944122791290283
ANNet,angle,25.0,J1,21,0.24645745754241943,3.318692445755005
ANNet,angle,25.0,J2,21,0.3311585783958435,2.944122791290283
analytical,angle,25.0,J1,21,0.24571476876735687,3.318692445755005
analytical,angle,25.0,J2,21,0.32842734456062317,2.944122791290283
ANNet,velocity,1.0,J1,21,0.04352881759405136,3.318692445755005
ANNet,velocity,1.0,J2,21,0.023934435099363327,2.944122791290283
analytical,velocity,1.0,J1,21,0.028959184885025024,3.318692445755005
analytical,velocity,1.0,J2,21,0.007425322197377682,2.944122791290283
ANNet,velocity,2.5,J1,21,0.07981109619140625,3.318692445755005
ANNet,velocity,2.5,J2,21,0.02948784828186035,2.944122791290283
analytical,velocity,2.5,J1,21,0.07247420400381088,3.318692445755005
analytical,velocity,2.5,J2,21,0.01856267638504505,2.944122791290283
ANNet,velocity,5.0,J1,21,0.1499500423669815,3.318692445755005
ANNet,velocity,5.0,J2,21,0.04375366121530533,2.944122791290283
analytical,velocity,5.0,J1,21,0.14545798301696777,3.318692445755005
analytical,velocity,5.0,J2,21,0.037150923162698746,2.944122791290283
ANNet,velocity,10.0,J1,21,0.29846611618995667,3.318692445755005
ANNet,velocity,10.0,J2,21,0.07815686613321304,2.944122791290283
analytical,velocity,10.0,J1,21,0.2948407530784607,3.318692445755005
analytical,velocity,10.0,J2,21,0.07461094856262207,2.944122791290283
ANNet,velocity,25.0,J1,21,0.8061731457710266,3.318692445755005
ANNet,velocity,25.0,J2,21,0.19407044351100922,2.944122791290283
analytical,velocity,25.0,J1,21,0.8013626337051392,3.318692445755005
analytical,velocity,25.0,J2,21,0.19286608695983887,2.944122791290283
ANNet,acceleration,1.0,J1,21,0.3670974671840668,3.318692445755005
ANNet,acceleration,1.0,J2,21,0.17114302515983582,2.944122791290283
analytical,acceleration,1.0,J1,21,0.3658456802368164,3.318692445755005
analytical,acceleration,1.0,J2,21,0.16960509121418,2.944122791290283
ANNet,acceleration,2.5,J1,21,0.9150781035423279,3.318692445755005
ANNet,acceleration,2.5,J2,21,0.4248247444629669,2.944122791290283
analytical,acceleration,2.5,J1,21,0.914614200592041,3.318692445755005
analytical,acceleration,2.5,J2,21,0.424012690782547,2.944122791290283
ANNet,acceleration,5.0,J1,21,1.8295133113861084,3.318692445755005
ANNet,acceleration,5.0,J2,21,0.84883052110672,2.944122791290283
analytical,acceleration,5.0,J1,21,1.829228401184082,3.318692445755005
analytical,acceleration,5.0,J2,21,0.848025381565094,2.944122791290283
ANNet,acceleration,10.0,J1,21,3.6587953567504883,3.318692445755005
ANNet,acceleration,10.0,J2,21,1.6973330974578857,2.944122791290283
analytical,acceleration,10.0,J1,21,3.658456802368164,3.318692445755005
analytical,acceleration,10.0,J2,21,1.696050763130188,2.944122791290283
ANNet,acceleration,25.0,J1,21,9.146747589111328,3.318692445755005
ANNet,acceleration,25.0,J2,21,4.243874549865723,2.944122791290283
analytical,acceleration,25.0,J1,21,9.14614200592041,3.318692445755005
analytical,acceleration,25.0,J2,21,4.240127086639404,2.944122791290283
ANNet,none,0.0,J1,22,0.018290551379323006,7.679007053375244
ANNet,none,0.0,J2,22,0.026517068967223167,3.3911688327789307
ANNet,all,1.0,J1,22,0.18986915051937103,7.679007053375244
ANNet,all,1.0,J2,22,0.08898260444402695,3.3911688327789307
analytical,all,1.0,J1,22,0.18890205025672913,7.679007053375244
analytical,all,1.0,J2,22,0.0847826600074768,3.3911688327789307
ANNet,all,2.5,J1,22,0.4727663993835449,7.679007053375244
ANNet,all,2.5,J2,22,0.213835671544075,3.3911688327789307
analytical,all,2.5,J1,22,0.47225481271743774,7.679007053375244
analytical,all,2.5,J2,22,0.21195611357688904,3.3911688327789307
ANNet,all,5.0,J1,22,0.9449590444564819,7.679007053375244
ANNet,all,5.0,J2,22,0.4250858426094055,3.3911688327789307
analytical,all,5.0,J1,22,0.9444994330406189,7.679007053375244
analytical,all,5.0,J2,22,0.42390838265419006,3.3911688327789307
ANNet,all,10.0,J1,22,1.8895314931869507,7.679007053375244
ANNet,all,10.0,J2,22,0.8487970232963562,3.3911688327789307
analytical,all,10.0,J1,22,1.8888899087905884,7.679007053375244
analytical,all,10.0,J2,22,0.8477868437767029,3.3911688327789307
ANNet,all,25.0,J1,22,4.721750259399414,7.679007053375244
ANNet,all,25.0,J2,22,2.1205201148986816,3.3911688327789307
analytical,all,25.0,J1,22,4.720047473907471,7.679007053375244
analytical,all,25.0,J2,22,2.118952751159668,3.3911688327789307
ANNet,angle,1.0,J1,22,0.018768299371004105,7.679007053375244
ANNet,angle,1.0,J2,22,0.026561951264739037,3.3911688327789307
analytical,angle,1.0,J1,22,0.004175444599241018,7.679007053375244
analytical,angle,1.0,J2,22,0.0015634119044989347,3.3911688327789307
ANNet,angle,2.5,J1,22,0.021033860743045807,7.679007053375244
ANNet,angle,2.5,J2,22,0.026806404814124107,3.3911688327789307
analytical,angle,2.5,J1,22,0.010437948629260063,7.679007053375244
analytical,angle,2.5,J2,22,0.003909289836883545,3.3911688327789307
ANNet,angle,5.0,J1,22,0.02761046215891838,7.679007053375244
ANNet,angle,5.0,J2,22,0.027670415118336678,3.3911688327789307
analytical,angle,5.0,J1,22,0.02087438479065895,7.679007053375244
analytical,angle,5.0,J2,22,0.007823294959962368,3.3911688327789307
ANNet,angle,10.0,J1,22,0.045151349157094955,7.679007053375244
ANNet,angle,10.0,J2,22,0.03091333620250225,3.3911688327789307
analytical,angle,10.0,J1,22,0.041748177260160446,7.679007053375244
analytical,angle,10.0,J2,22,0.01568170264363289,3.3911688327789307
ANNet,angle,25.0,J1,22,0.10485014319419861,7.679007053375244
ANNet,angle,25.0,J2,22,0.04828694090247154,3.3911688327789307
analytical,angle,25.0,J1,22,0.10447448492050171,7.679007053375244
analytical,angle,25.0,J2,22,0.03978708013892174,3.3911688327789307
ANNet,velocity,1.0,J1,22,0.019090931862592697,7.679007053375244
ANNet,velocity,1.0,J2,22,0.026606053113937378,3.3911688327789307
analytical,velocity,1.0,J1,22,0.005284066777676344,7.679007053375244
analytical,velocity,1.0,J2,22,0.0019503174116834998,3.3911688327789307
ANNet,velocity,2.5,J1,22,0.02270004153251648,7.679007053375244
ANNet,velocity,2.5,J2,22,0.027015751227736473,3.3911688327789307
analytical,velocity,2.5,J1,22,0.01321624219417572,7.679007053375244
analytical,velocity,2.5,J2,22,0.004876924678683281,3.3911688327789307
ANNet,velocity,5.0,J1,22,0.032416973263025284,7.679007053375244
ANNet,velocity,5.0,J2,22,0.028394829481840134,3.3911688327789307
analytical,velocity,5.0,J1,22,0.026468483731150627,7.679007053375244
analytical,velocity,5.0,J2,22,0.009762056171894073,3.3911688327789307
ANNet,velocity,10.0,J1,22,0.05665679648518562,7.679007053375244
ANNet,velocity,10.0,J2,22,0.03332101181149483,3.3911688327789307
analytical,velocity,10.0,J1,22,0.05319841578602791,7.679007053375244
analytical,velocity,10.0,J2,22,0.01959010772407055,3.3911688327789307
ANNet,velocity,25.0,J1,22,0.13917669653892517,7.679007053375244
ANNet,velocity,25.0,J2,22,0.05764046311378479,3.3911688327789307
analytical,velocity,25.0,J1,22,0.13723629713058472,7.679007053375244
analytical,velocity,25.0,J2,22,0.050119560211896896,3.3911688327789307
ANNet,acceleration,1.0,J1,22,0.1897168904542923,7.679007053375244
ANNet,acceleration,1.0,J2,22,0.08895144611597061,3.3911688327789307
analytical,acceleration,1.0,J1,22,0.18875651061534882,7.679007053375244
analytical,acceleration,1.0,J2,22,0.08475535362958908,3.3911688327789307
ANNet,acceleration,2.5,J1,22,0.4723943769931793,7.679007053375244
ANNet,acceleration,2.5,J2,22,0.21376074850559235,3.3911688327789307
analytical,acceleration,2.5,J1,22,0.471891313791275,7.679007053375244
analytical,acceleration,2.5,J2,22,0.2118884027004242,3.3911688327789307
ANNet,acceleration,5.0,J1,22,0.9442323446273804,7.679007053375244
ANNet,acceleration,5.0,J2,22,0.42494332790374756,3.3911688327789307
analytical,acceleration,5.0,J1,22,0.94378262758255,7.679007053375244
analytical,acceleration,5.0,J2,22,0.4237768054008484,3.3911688327789307
ANNet,acceleration,10.0,J1,22,1.8882042169570923,7.679007053375244
ANNet,acceleration,10.0,J2,22,0.8485516309738159,3.3911688327789307
analytical,acceleration,10.0,J1,22,1.8875652551651,7.679007053375244
analytical,acceleration,10.0,J2,22,0.8475536704063416,3.3911688327789307
ANNet,acceleration,25.0,J1,22,4.720819473266602,7.679007053375244
ANNet,acceleration,25.0,J2,22,2.1205391883850098,3.3911688327789307
analytical,acceleration,25.0,J1,22,4.718912601470947,7.679007053375244
analytical,acceleration,25.0,J2,22,2.1188838481903076,3.3911688327789307
ANNet,none,0.0,J1,23,0.0216140765696764,15.062067985534668
ANNet,none,0.0,J2,23,0.02911863476037979,6.024336338043213
ANNet,all,1.0,J1,23,0.19028747081756592,15.062067985534668
ANNet,all,1.0,J2,23,0.08663966506719589,6.024336338043213
analytical,all,1.0,J1,23,0.18843059241771698,15.062067985534668
analytical,all,1.0,J2,23,0.08143775910139084,6.024336338043213
ANNet,all,2.5,J1,23,0.4729345440864563,15.062067985534668
ANNet,all,2.5,J2,23,0.20616963505744934,6.024336338043213
analytical,all,2.5,J1,23,0.4710729122161865,15.062067985534668
analytical,all,2.5,J2,23,0.20359286665916443,6.024336338043213
ANNet,all,5.0,J1,23,0.9449624419212341,15.062067985534668
ANNet,all,5.0,J2,23,0.40930190682411194,6.024336338043213
analytical,all,5.0,J1,23,0.942126452922821,15.062067985534668
analytical,all,5.0,J2,23,0.4071806073188782,6.024336338043213
ANNet,all,10.0,J1,23,1.889154076576233,15.062067985534668
ANNet,all,10.0,J2,23,0.8170447945594788,6.024336338043213
analytical,all,10.0,J1,23,1.8841196298599243,15.062067985534668
analytical,all,10.0,J2,23,0.8143408298492432,6.024336338043213
ANNet,all,25.0,J1,23,4.718156814575195,15.062067985534668
ANNet,all,25.0,J2,23,2.0406124591827393,6.024336338043213
analytical,all,25.0,J1,23,4.708192348480225,15.062067985534668
analytical,all,25.0,J2,23,2.035710096359253,6.024336338043213
ANNet,angle,1.0,J1,23,0.022730201482772827,15.062067985534668
ANNet,angle,1.0,J2,23,0.029386889189481735,6.024336338043213
analytical,angle,1.0,J1,23,0.007048380561172962,15.062067985534668
analytical,angle,1.0,J2,23,0.0038385591469705105,6.024336338043213
ANNet,angle,2.5,J1,23,0.027846667915582657,15.062067985534668
ANNet,angle,2.5,J2,23,0.030691158026456833,6.024336338043213
analytical,angle,2.5,J1,23,0.017621738836169243,15.062067985534668
analytical,angle,2.5,J2,23,0.009596673771739006,6.024336338043213
ANNet,angle,5.0,J1,23,0.04121977090835571,15.062067985534668
ANNet,angle,5.0,J2,23,0.034910671412944794,6.024336338043213
analytical,angle,5.0,J1,23,0.03524736687541008,15.062067985534668
analytical,angle,5.0,J2,23,0.0191948264837265,6.024336338043213
ANNet,angle,10.0,J1,23,0.07345429807901382,15.062067985534668
ANNet,angle,10.0,J2,23,0.048178575932979584,6.024336338043213
analytical,angle,10.0,J1,23,0.07052033394575119,15.062067985534668
analytical,angle,10.0,J2,23,0.03839966654777527,6.024336338043213
ANNet,angle,25.0,J1,23,0.17720305919647217,15.062067985534668
ANNet,angle,25.0,J2,23,0.10020178556442261,6.024336338043213
analytical,angle,25.0,J1,23,0.17669063806533813,15.062067985534668
analytical,angle,25.0,J2,23,0.09615612030029297,6.024336338043213
ANNet,velocity,1.0,J1,23,0.02247633785009384,15.062067985534668
ANNet,velocity,1.0,J2,23,0.029888063669204712,6.024336338043213
analytical,velocity,1.0,J1,23,0.0062521034851670265,15.062067985534668
analytical,velocity,1.0,J2,23,0.006738267373293638,6.024336338043213
ANNet,velocity,2.5,J1,23,0.026683872565627098,15.062067985534668
ANNet,velocity,2.5,J2,23,0.03361814096570015,6.024336338043213
analytical,velocity,2.5,J1,23,0.015630610287189484,15.062067985534668
analytical,velocity,2.5,J2,23,0.016844704747200012,6.024336338043213
ANNet,velocity,5.0,J1,23,0.038169585168361664,15.062067985534668
ANNet,velocity,5.0,J2,23,0.04444928467273712,6.024336338043213
analytical,velocity,5.0,J1,23,0.03127219155430794,15.062067985534668
analytical,velocity,5.0,J2,23,0.03369666635990143,6.024336338043213
ANNet,velocity,10.0,J1,23,0.0667777732014656,15.062067985534668
ANNet,velocity,10.0,J2,23,0.07329364866018295,6.024336338043213
analytical,velocity,10.0,J1,23,0.06266164779663086,15.062067985534668
analytical,velocity,10.0,J2,23,0.06750083714723587,6.024336338043213
ANNet,velocity,25.0,J1,23,0.1617976427078247,15.062067985534668
ANNet,velocity,25.0,J2,23,0.17313367128372192,6.024336338043213
analytical,velocity,25.0,J1,23,0.15898257493972778,15.062067985534668
analytical,velocity,25.0,J2,23,0.1711098551750183,6.024336338043213
ANNet,acceleration,1.0,J1,23,0.19006997346878052,15.062067985534668
ANNet,acceleration,1.0,J2,23,0.08628478646278381,6.024336338043213
analytical,acceleration,1.0,J1,23,0.1882099062204361,15.062067985534668
analytical,acceleration,1.0,J2,23,0.0810665637254715,6.024336338043213
ANNet,acceleration,2.5,J1,23,0.47238507866859436,15.062067985534668
ANNet,acceleration,2.5,J2,23,0.20525233447551727,6.024336338043213
analytical,acceleration,2.5,J1,23,0.47052478790283203,15.062067985534668
analytical,acceleration,2.5,J2,23,0.20266641676425934,6.024336338043213
ANNet,acceleration,5.0,J1,23,0.9438809752464294,15.062067985534668
ANNet,acceleration,5.0,J2,23,0.4074685573577881,6.024336338043213
analytical,acceleration,5.0,J1,23,0.9410495162010193,15.062067985534668
analytical,acceleration,5.0,J2,23,0.4053328335285187,6.024336338043213
ANNet,acceleration,10.0,J1,23,1.8871492147445679,15.062067985534668
ANNet,acceleration,10.0,J2,23,0.8134092688560486,6.024336338043213
analytical,acceleration,10.0,J1,23,1.8820990324020386,15.062067985534668
analytical,acceleration,10.0,J2,23,0.8106656670570374,6.024336338043213
ANNet,acceleration,25.0,J1,23,4.7156982421875,15.062067985534668
ANNet,acceleration,25.0,J2,23,2.0318195819854736,6.024336338043213
analytical,acceleration,25.0,J1,23,4.705247402191162,15.062067985534668
analytical,acceleration,25.0,J2,23,2.0266640186309814,6.024336338043213
ANNet,none,0.0,J1,24,0.03516417741775513,16.45317268371582
ANNet,none,0.0,J2,24,0.030866079032421112,6.967234134674072
ANNet,all,1.0,J1,24,0.4090714454650879,16.45317268371582
ANNet,all,1.0,J2,24,0.18914520740509033,6.967234134674072
analytical,all,1.0,J1,24,0.40759968757629395,16.45317268371582
analytical,all,1.0,J2,24,0.18623481690883636,6.967234134674072
ANNet,all,2.5,J1,24,1.0195890665054321,16.45317268371582
ANNet,all,2.5,J2,24,0.46718931198120117,6.967234134674072
analytical,all,2.5,J1,24,1.0189518928527832,16.45317268371582
analytical,all,2.5,J2,24,0.4655764698982239,6.967234134674072
ANNet,all,5.0,J1,24,2.0381436347961426,16.45317268371582
ANNet,all,5.0,J2,24,0.9325906038284302,6.967234134674072
analytical,all,5.0,J1,24,2.037684917449951,16.45317268371582
analytical,all,5.0,J2,24,0.9311105608940125,6.967234134674072
ANNet,all,10.0,J1,24,4.074621677398682,16.45317268371582
ANNet,all,10.0,J2,24,1.8640607595443726,6.967234134674072
analytical,all,10.0,J1,24,4.074046611785889,16.45317268371582
analytical,all,10.0,J2,24,1.8619991540908813,6.967234134674072
ANNet,all,25.0,J1,24,10.168012619018555,16.45317268371582
ANNet,all,25.0,J2,24,4.657341957092285,6.967234134674072
analytical,all,25.0,J1,24,10.166536331176758,16.45317268371582
analytical,all,25.0,J2,24,4.652342796325684,6.967234134674072
ANNet,angle,1.0,J1,24,0.06115482747554779,16.45317268371582
ANNet,angle,1.0,J2,24,0.0359887033700943,6.967234134674072
analytical,angle,1.0,J1,24,0.05026383325457573,16.45317268371582
analytical,angle,1.0,J2,24,0.018506471067667007,6.967234134674072
ANNet,angle,2.5,J1,24,0.1300831288099289,16.45317268371582
ANNet,angle,2.5,J2,24,0.05554208904504776,6.967234134674072
analytical,angle,2.5,J1,24,0.1256600022315979,16.45317268371582
analytical,angle,2.5,J2,24,0.046275366097688675,6.967234134674072
ANNet,angle,5.0,J1,24,0.2530258595943451,16.45317268371582
ANNet,angle,5.0,J2,24,0.09736514091491699,6.967234134674072
analytical,angle,5.0,J1,24,0.25130173563957214,16.45317268371582
analytical,angle,5.0,J2,24,0.09260401129722595,6.967234134674072
ANNet,angle,10.0,J1,24,0.5022940635681152,16.45317268371582
ANNet,angle,10.0,J2,24,0.18759381771087646,6.967234134674072
analytical,angle,10.0,J1,24,0.5023835301399231,16.45317268371582
analytical,angle,10.0,J2,24,0.18558990955352783,6.967234134674072
ANNet,angle,25.0,J1,24,1.2492011785507202,16.45317268371582
ANNet,angle,25.0,J2,24,0.4701143801212311,6.967234134674072
analytical,angle,25.0,J1,24,1.251376986503601,16.45317268371582
analytical,angle,25.0,J2,24,0.4700835347175598,6.967234134674072
ANNet,velocity,1.0,J1,24,0.06436799466609955,16.45317268371582
ANNet,velocity,1.0,J2,24,0.0372474305331707,6.967234134674072
analytical,velocity,1.0,J1,24,0.05366973206400871,16.45317268371582
analytical,velocity,1.0,J2,24,0.020928258076310158,6.967234134674072
ANNet,velocity,2.5,J1,24,0.13891641795635223,16.45317268371582
ANNet,velocity,2.5,J2,24,0.06065056473016739,6.967234134674072
analytical,velocity,2.5,J1,24,0.13424687087535858,16.45317268371582
analytical,velocity,2.5,J2,24,0.05232420563697815,6.967234134674072
ANNet,velocity,5.0,J1,24,0.27118632197380066,16.45317268371582
ANNet,velocity,5.0,J2,24,0.10904814302921295,6.967234134674072
analytical,velocity,5.0,J1,24,0.2688971161842346,16.45317268371582
analytical,velocity,5.0,J2,24,0.10471125692129135,6.967234134674072
ANNet,velocity,10.0,J1,24,0.5415925979614258,16.45317268371582
ANNet,velocity,10.0,J2,24,0.21245966851711273,6.967234134674072
analytical,velocity,10.0,J1,24,0.5406125783920288,16.45317268371582
analytical,velocity,10.0,J2,24,0.21005494892597198,6.967234134674072
ANNet,velocity,25.0,J1,24,1.3964332342147827,16.45317268371582
ANNet,velocity,25.0,J2,24,0.5399101376533508,6.967234134674072
analytical,velocity,25.0,J1,24,1.3960261344909668,16.45317268371582
analytical,velocity,25.0,J2,24,0.537351131439209,6.967234134674072
ANNet,acceleration,1.0,J1,24,0.4022118151187897,16.45317268371582
ANNet,acceleration,1.0,J2,24,0.18701981008052826,6.967234134674072
analytical,acceleration,1.0,J1,24,0.40071094036102295,16.45317268371582
analytical,acceleration,1.0,J2,24,0.18407638370990753,6.967234134674072
ANNet,acceleration,2.5,J1,24,1.0024770498275757,16.45317268371582
ANNet,acceleration,2.5,J2,24,0.46182042360305786,6.967234134674072
analytical,acceleration,2.5,J1,24,1.0017774105072021,16.45317268371582
analytical,acceleration,2.5,J2,24,0.4601909816265106,6.967234134674072
ANNet,acceleration,5.0,J1,24,2.0041427612304688,16.45317268371582
ANNet,acceleration,5.0,J2,24,0.9218618273735046,6.967234134674072
analytical,acceleration,5.0,J1,24,2.0035548210144043,16.45317268371582
analytical,acceleration,5.0,J2,24,0.9203819632530212,6.967234134674072
ANNet,acceleration,10.0,J1,24,4.007894515991211,16.45317268371582
ANNet,acceleration,10.0,J2,24,1.8427414894104004,6.967234134674072
analytical,acceleration,10.0,J1,24,4.007109642028809,16.45317268371582
analytical,acceleration,10.0,J2,24,1.840763807296753,6.967234134674072
ANNet,acceleration,25.0,J1,24,10.019119262695312,16.45317268371582
ANNet,acceleration,25.0,J2,24,4.6065592765808105,6.967234134674072
analytical,acceleration,25.0,J1,24,10.017773628234863,16.45317268371582
analytical,acceleration,25.0,J2,24,4.601909637451172,6.967234134674072
ANNet,none,0.0,J1,25,0.020918790251016617,13.48212718963623
ANNet,none,0.0,J2,25,0.02910853922367096,5.464163780212402
ANNet,all,1.0,J1,25,0.20564471185207367,13.48212718963623
ANNet,all,1.0,J2,25,0.09420163929462433,5.464163780212402
analytical,all,1.0,J1,25,0.20410266518592834,13.48212718963623
analytical,all,1.0,J2,25,0.08924827724695206,5.464163780212402
ANNet,all,2.5,J1,25,0.5116897821426392,13.48212718963623
ANNet,all,2.5,J2,25,0.22560079395771027,5.464163780212402
analytical,all,2.5,J1,25,0.5102521181106567,13.48212718963623
analytical,all,2.5,J2,25,0.22312067449092865,5.464163780212402
ANNet,all,5.0,J1,25,1.0225781202316284,13.48212718963623
ANNet,all,5.0,J2,25,0.44819220900535583,5.464163780212402
analytical,all,5.0,J1,25,1.0204790830612183,13.48212718963623
analytical,all,5.0,J2,25,0.4462401568889618,5.464163780212402
ANNet,all,10.0,J1,25,2.044416904449463,13.48212718963623
ANNet,all,10.0,J2,25,0.894722580909729,5.464163780212402
analytical,all,10.0,J1,25,2.040783643722534,13.48212718963623
analytical,all,10.0,J2,25,0.8924668431282043,5.464163780212402
ANNet,all,25.0,J1,25,5.106044292449951,13.48212718963623
ANNet,all,25.0,J2,25,2.234509229660034,5.464163780212402
analytical,all,25.0,J1,25,5.099181175231934,13.48212718963623
analytical,all,25.0,J2,25,2.230900764465332,5.464163780212402
ANNet,angle,1.0,J1,25,0.02223692461848259,13.48212718963623
ANNet,angle,1.0,J2,25,0.029351498931646347,5.464163780212402
analytical,angle,1.0,J1,25,0.007606224622577429,13.48212718963623
analytical,angle,1.0,J2,25,0.0037453677505254745,5.464163780212402
ANNet,angle,2.5,J1,25,0.028202597051858902,13.48212718963623
ANNet,angle,2.5,J2,25,0.030584467574954033,5.464163780212402
analytical,angle,2.5,J1,25,0.01901482604444027,13.48212718963623
analytical,angle,2.5,J2,25,0.009364484809339046,5.464163780212402
ANNet,angle,5.0,J1,25,0.043263260275125504,13.48212718963623
ANNet,angle,5.0,J2,25,0.03462598845362663,5.464163780212402
analytical,angle,5.0,J1,25,0.038028452545404434,13.48212718963623
analytical,angle,5.0,J2,25,0.018733670935034752,5.464163780212402
ANNet,angle,10.0,J1,25,0.0786195918917656,13.48212718963623
ANNet,angle,10.0,J2,25,0.04747537150979042,5.464163780212402
analytical,angle,10.0,J1,25,0.07606133073568344,13.48212718963623
analytical,angle,10.0,J2,25,0.03749478980898857,5.464163780212402
ANNet,angle,25.0,J1,25,0.1909235268831253,13.48212718963623
ANNet,angle,25.0,J2,25,0.09846275299787521,5.464163780212402
analytical,angle,25.0,J1,25,0.19036978483200073,13.48212718963623
analytical,angle,25.0,J2,25,0.09411368519067764,5.464163780212402
ANNet,velocity,1.0,J1,25,0.0223090797662735,13.48212718963623
ANNet,velocity,1.0,J2,25,0.02966819517314434,5.464163780212402
analytical,velocity,1.0,J1,25,0.008027596399188042,13.48212718963623
analytical,velocity,1.0,J2,25,0.005699033383280039,5.464163780212402
ANNet,velocity,2.5,J1,25,0.02879347838461399,13.48212718963623
ANNet,velocity,2.5,J2,25,0.032421693205833435,5.464163780212402
analytical,velocity,2.5,J1,25,0.02006387896835804,13.48212718963623
analytical,velocity,2.5,J2,25,0.014246145263314247,5.464163780212402
ANNet,velocity,5.0,J1,25,0.04499656334519386,13.48212718963623
ANNet,velocity,5.0,J2,25,0.04075407236814499,5.464163780212402
analytical,velocity,5.0,J1,25,0.04012481868267059,13.48212718963623
analytical,velocity,5.0,J2,25,0.02849893644452095,5.464163780212402
ANNet,velocity,10.0,J1,25,0.08273205161094666,13.48212718963623
ANNet,velocity,10.0,J2,25,0.06411196291446686,5.464163780212402
analytical,velocity,10.0,J1,25,0.08034364879131317,13.48212718963623
analytical,velocity,10.0,J2,25,0.05711018666625023,5.464163780212402
ANNet,velocity,25.0,J1,25,0.20442569255828857,13.48212718963623
ANNet,velocity,25.0,J2,25,0.14820966124534607,5.464163780212402
analytical,velocity,25.0,J1,25,0.20365875959396362,13.48212718963623
analytical,velocity,25.0,J2,25,0.14530779421329498,5.464163780212402
ANNet,acceleration,1.0,J1,25,0.20539137721061707,13.48212718963623
ANNet,acceleration,1.0,J2,25,0.09401979297399521,5.464163780212402
analytical,acceleration,1.0,J1,25,0.20383451879024506,13.48212718963623
analytical,acceleration,1.0,J2,25,0.08905906975269318,5.464163780212402
ANNet,acceleration,2.5,J1,25,0.511040449142456,13.48212718963623
ANNet,acceleration,2.5,J2,25,0.22513167560100555,5.464163780212402
analytical,acceleration,2.5,J1,25,0.5095863342285156,13.48212718963623
analytical,acceleration,2.5,J2,25,0.22264769673347473,5.464163780212402
ANNet,acceleration,5.0,J1,25,1.021295189857483,13.48212718963623
ANNet,acceleration,5.0,J2,25,0.4472540318965912,5.464163780212402
analytical,acceleration,5.0,J1,25,1.0191726684570312,13.48212718963623
analytical,acceleration,5.0,J2,25,0.44529542326927185,5.464163780212402
ANNet,acceleration,10.0,J1,25,2.0420401096343994,13.48212718963623
ANNet,acceleration,10.0,J2,25,0.892871618270874,5.464163780212402
analytical,acceleration,10.0,J1,25,2.0383453369140625,13.48212718963623
analytical,acceleration,10.0,J2,25,0.8905908465385437,5.464163780212402
ANNet,acceleration,25.0,J1,25,5.103239059448242,13.48212718963623
ANNet,acceleration,25.0,J2,25,2.2303080558776855,5.464163780212402
analytical,acceleration,25.0,J1,25,5.095863342285156,13.48212718963623
analytical,acceleration,25.0,J2,25,2.2264769077301025,5.464163780212402
ANNet,none,0.0,J1,26,0.19115890562534332,19.46990966796875
ANNet,none,0.0,J2,26,1.0313289165496826,7.751572608947754
ANNet,all,1.0,J1,26,0.522836446762085,19.46990966796875
ANNet,all,1.0,J2,26,1.0656630992889404,7.751572608947754
analytical,all,1.0,J1,26,0.48488694429397583,19.46990966796875
analytical,all,1.0,J2,26,0.22143636643886566,7.751572608947754
ANNet,all,2.5,J1,26,1.2294217348098755,19.46990966796875
ANNet,all,2.5,J2,26,1.193649411201477,7.751572608947754
analytical,all,2.5,J1,26,1.2121633291244507,19.46990966796875
analytical,all,2.5,J2,26,0.5536022782325745,7.751572608947754
ANNet,all,5.0,J1,26,2.4362359046936035,19.46990966796875
ANNet,all,5.0,J2,26,1.5399051904678345,7.751572608947754
analytical,all,5.0,J1,26,2.424081325531006,19.46990966796875
analytical,all,5.0,J2,26,1.107236385345459,7.751572608947754
ANNet,all,10.0,J1,26,4.862480163574219,19.46990966796875
ANNet,all,10.0,J2,26,2.520862579345703,7.751572608947754
analytical,all,10.0,J1,26,4.846693992614746,19.46990966796875
analytical,all,10.0,J2,26,2.214555025100708,7.751572608947754
ANNet,all,25.0,J1,26,12.170756340026855,19.46990966796875
ANNet,all,25.0,J2,26,6.061095237731934,7.751572608947754
analytical,all,25.0,J1,26,12.096575736999512,19.46990966796875
analytical,all,25.0,J2,26,5.536205291748047,7.751572608947754
ANNet,angle,1.0,J1,26,0.20651786029338837,19.46990966796875
ANNet,angle,1.0,J2,26,1.0314967632293701,7.751572608947754
analytical,angle,1.0,J1,26,0.07748644798994064,19.46990966796875
analytical,angle,1.0,J2,26,0.028545117005705833,7.751572608947754
ANNet,angle,2.5,J1,26,0.27266839146614075,19.46990966796875
ANNet,angle,2.5,J2,26,1.033103108406067,7.751572608947754
analytical,angle,2.5,J1,26,0.19370418787002563,19.46990966796875
analytical,angle,2.5,J2,26,0.07137325406074524,7.751572608947754
ANNet,angle,5.0,J1,26,0.4326702356338501,19.46990966796875
ANNet,angle,5.0,J2,26,1.0393788814544678,7.751572608947754
analytical,angle,5.0,J1,26,0.3873243033885956,19.46990966796875
analytical,angle,5.0,J2,26,0.14280389249324799,7.751572608947754
ANNet,angle,10.0,J1,26,0.7981492280960083,19.46990966796875
ANNet,angle,10.0,J2,26,1.0651772022247314,7.751572608947754
analytical,angle,10.0,J1,26,0.7739802002906799,19.46990966796875
analytical,angle,10.0,J2,26,0.28600460290908813,7.751572608947754
ANNet,angle,25.0,J1,26,1.933361530303955,19.46990966796875
ANNet,angle,25.0,J2,26,1.2379144430160522,7.751572608947754
analytical,angle,25.0,J1,26,1.9233626127243042,19.46990966796875
analytical,angle,25.0,J2,26,0.7211896777153015,7.751572608947754
ANNet,velocity,1.0,J1,26,0.20711222290992737,19.46990966796875
ANNet,velocity,1.0,J2,26,1.0423235893249512,7.751572608947754
analytical,velocity,1.0,J1,26,0.0777302011847496,19.46990966796875
analytical,velocity,1.0,J2,26,0.03327414020895958,7.751572608947754
ANNet,velocity,2.5,J1,26,0.2715626657009125,19.46990966796875
ANNet,velocity,2.5,J2,26,1.0599037408828735,7.751572608947754
analytical,velocity,2.5,J1,26,0.19437912106513977,19.46990966796875
analytical,velocity,2.5,J2,26,0.08318997174501419,7.751572608947754
ANNet,velocity,5.0,J1,26,0.432632714509964,19.46990966796875
ANNet,velocity,5.0,J2,26,1.0830596685409546,7.751572608947754
analytical,velocity,5.0,J1,26,0.389157235622406,19.46990966796875
analytical,velocity,5.0,J2,26,0.16646653413772583,7.751572608947754
ANNet,velocity,10.0,J1,26,0.8192872405052185,19.46990966796875
ANNet,velocity,10.0,J2,26,1.1980644464492798,7.751572608947754
analytical,velocity,10.0,J1,26,0.7815556526184082,19.46990966796875
analytical,velocity,10.0,J2,26,0.33381253480911255,7.751572608947754
ANNet,velocity,25.0,J1,26,2.3160624504089355,19.46990966796875
ANNet,velocity,25.0,J2,26,2.284360647201538,7.751572608947754
analytical,velocity,25.0,J1,26,2.010256290435791,19.46990966796875
analytical,velocity,25.0,J2,26,0.8516010642051697,7.751572608947754
ANNet,acceleration,1.0,J1,26,0.5103182792663574,19.46990966796875
ANNet,acceleration,1.0,J2,26,1.0547688007354736,7.751572608947754
analytical,acceleration,1.0,J1,26,0.4717443883419037,19.46990966796875
analytical,acceleration,1.0,J2,26,0.21722176671028137,7.751572608947754
ANNet,acceleration,2.5,J1,26,1.1975983381271362,19.46990966796875
ANNet,acceleration,2.5,J2,26,1.1677364110946655,7.751572608947754
analytical,acceleration,2.5,J1,26,1.17936110496521,19.46990966796875
analytical,acceleration,2.5,J2,26,0.543054461479187,7.751572608947754
ANNet,acceleration,5.0,J1,26,2.371774435043335,19.46990966796875
ANNet,acceleration,5.0,J2,26,1.5020074844360352,7.751572608947754
analytical,acceleration,5.0,J1,26,2.358721971511841,19.46990966796875
analytical,acceleration,5.0,J2,26,1.086108922958374,7.751572608947754
ANNet,acceleration,10.0,J1,26,4.731631755828857,19.46990966796875
ANNet,acceleration,10.0,J2,26,2.412046194076538,7.751572608947754
analytical,acceleration,10.0,J1,26,4.71744441986084,19.46990966796875
analytical,acceleration,10.0,J2,26,2.172217845916748,7.751572608947754
ANNet,acceleration,25.0,J1,26,11.821029663085938,19.46990966796875
ANNet,acceleration,25.0,J2,26,5.539736747741699,7.751572608947754
analytical,acceleration,25.0,J1,26,11.793609619140625,19.46990966796875
analytical,acceleration,25.0,J2,26,5.430544376373291,7.751572608947754
ANNet,none,0.0,J1,27,0.022943321615457535,12.063779830932617
ANNet,none,0.0,J2,27,0.024578982964158058,5.108487606048584
ANNet,all,1.0,J1,27,0.2667073607444763,12.063779830932617
ANNet,all,1.0,J2,27,0.12121360003948212,5.108487606048584
analytical,all,1.0,J1,27,0.26528146862983704,12.063779830932617
analytical,all,1.0,J2,27,0.11880438774824142,5.108487606048584
ANNet,all,2.5,J1,27,0.6643551588058472,12.063779830932617
ANNet,all,2.5,J2,27,0.2980598211288452,5.108487606048584
analytical,all,2.5,J1,27,0.6632086038589478,12.063779830932617
analytical,all,2.5,J2,27,0.29700952768325806,5.108487606048584
ANNet,all,5.0,J1,27,1.3278696537017822,12.063779830932617
ANNet,all,5.0,J2,27,0.594789445400238,5.108487606048584
analytical,all,5.0,J1,27,1.3264122009277344,12.063779830932617
analytical,all,5.0,J2,27,0.5940101146697998,5.108487606048584
ANNet,all,10.0,J1,27,2.654921054840088,12.063779830932617
ANNet,all,10.0,J2,27,1.1889173984527588,5.108487606048584
analytical,all,10.0,J1,27,2.652639627456665,12.063779830932617
analytical,all,10.0,J2,27,1.1879545450210571,5.108487606048584
ANNet,all,25.0,J1,27,6.630645751953125,12.063779830932617
ANNet,all,25.0,J2,27,2.970404624938965,5.108487606048584
analytical,all,25.0,J1,27,6.6269707679748535,12.063779830932617
analytical,all,25.0,J2,27,2.9688069820404053,5.108487606048584
ANNet,angle,1.0,J1,27,0.026422537863254547,12.063779830932617
ANNet,angle,1.0,J2,27,0.02520454116165638,5.108487606048584
analytical,angle,1.0,J1,27,0.01307753100991249,12.063779830932617
analytical,angle,1.0,J2,27,0.005403398536145687,5.108487606048584
ANNet,angle,2.5,J1,27,0.039991505444049835,12.063779830932617
ANNet,angle,2.5,J2,27,0.02815474011003971,5.108487606048584
analytical,angle,2.5,J1,27,0.03269493952393532,12.063779830932617
analytical,angle,2.5,J2,27,0.013509705662727356,5.108487606048584
ANNet,angle,5.0,J1,27,0.06941001117229462,12.063779830932617
ANNet,angle,5.0,J2,27,0.036751650273799896,5.108487606048584
analytical,angle,5.0,J1,27,0.06539401412010193,12.063779830932617
analytical,angle,5.0,J2,27,0.027028411626815796,5.108487606048584
ANNet,angle,10.0,J1,27,0.13301892578601837,12.063779830932617
ANNet,angle,10.0,J2,27,0.05984537675976753,5.108487606048584
analytical,angle,10.0,J1,27,0.13080792129039764,12.063779830932617
analytical,angle,10.0,J2,27,0.05412987247109413,5.108487606048584
ANNet,angle,25.0,J1,27,0.32848304510116577,12.063779830932617
ANNet,angle,25.0,J2,27,0.1395731419324875,5.108487606048584
analytical,angle,25.0,J1,27,0.3272338807582855,12.063779830932617
analytical,angle,25.0,J2,27,0.13660253584384918,5.108487606048584
ANNet,velocity,1.0,J1,27,0.027612408623099327,12.063779830932617
ANNet,velocity,1.0,J2,27,0.02543499879539013,5.108487606048584
analytical,velocity,1.0,J1,27,0.015437285415828228,12.063779830932617
analytical,velocity,1.0,J2,27,0.006640367675572634,5.108487606048584
ANNet,velocity,2.5,J1,27,0.04480048641562462,12.063779830932617
ANNet,velocity,2.5,J2,27,0.0295779537409544,5.108487606048584
analytical,velocity,2.5,J1,27,0.03859226033091545,12.063779830932617
analytical,velocity,2.5,J2,27,0.016599705442786217,5.108487606048584
ANNet,velocity,5.0,J1,27,0.08039069175720215,12.063779830932617
ANNet,velocity,5.0,J2,27,0.04113678261637688,5.108487606048584
analytical,velocity,5.0,J1,27,0.07722453027963638,12.063779830932617
analytical,velocity,5.0,J2,27,0.033213578164577484,5.108487606048584
ANNet,velocity,10.0,J1,27,0.15631890296936035,12.063779830932617
ANNet,velocity,10.0,J2,27,0.07064210623502731,5.108487606048584
analytical,velocity,10.0,J1,27,0.15493182837963104,12.063779830932617
analytical,velocity,10.0,J2,27,0.06662005931138992,5.108487606048584
ANNet,velocity,25.0,J1,27,0.3972495496273041,12.063779830932617
ANNet,velocity,25.0,J2,27,0.17149198055267334,5.108487606048584
analytical,velocity,25.0,J1,27,0.3972671329975128,12.063779830932617
analytical,velocity,25.0,J2,27,0.17066702246665955,5.108487606048584
ANNet,acceleration,1.0,J1,27,0.26587310433387756,12.063779830932617
ANNet,acceleration,1.0,J2,27,0.12093598395586014,5.108487606048584
analytical,acceleration,1.0,J1,27,0.26444220542907715,12.063779830932617
analytical,acceleration,1.0,J2,27,0.11852370947599411,5.108487606048584
ANNet,acceleration,2.5,J1,27,0.6622536778450012,12.063779830932617
ANNet,acceleration,2.5,J2,27,0.2973605692386627,5.108487606048584
analytical,acceleration,2.5,J1,27,0.6611055135726929,12.063779830932617
analytical,acceleration,2.5,J2,27,0.2963092625141144,5.108487606048584
ANNet,acceleration,5.0,J1,27,1.3236693143844604,12.063779830932617
ANNet,acceleration,5.0,J2,27,0.5934003591537476,5.108487606048584
analytical,acceleration,5.0,J1,27,1.3222110271453857,12.063779830932617
analytical,acceleration,5.0,J2,27,0.5926185846328735,5.108487606048584
ANNet,acceleration,10.0,J1,27,2.646718740463257,12.063779830932617
ANNet,acceleration,10.0,J2,27,1.1862123012542725,5.108487606048584
analytical,acceleration,10.0,J1,27,2.6444220542907715,12.063779830932617
analytical,acceleration,10.0,J2,27,1.1852370500564575,5.108487606048584
ANNet,acceleration,25.0,J1,27,6.614912509918213,12.063779830932617
ANNet,acceleration,25.0,J2,27,2.9647932052612305,5.108487606048584
analytical,acceleration,25.0,J1,27,6.61105489730835,12.063779830932617
analytical,acceleration,25.0,J2,27,2.963092803955078,5.108487606048584
ANNet,none,0.0,J1,28,0.026645107194781303,3.134632110595703
ANNet,none,0.0,J2,28,0.02152847871184349,2.3571832180023193
ANNet,all,1.0,J1,28,0.3091996908187866,3.134632110595703
ANNet,all,1.0,J2,28,0.14261333644390106,2.3571832180023193
analytical,all,1.0,J1,28,0.30765724182128906,3.134632110595703
analytical,all,1.0,J2,28,0.14093925058841705,2.3571832180023193
ANNet,all,2.5,J1,28,0.7702146768569946,3.134632110595703
ANNet,all,2.5,J2,28,0.35321593284606934,2.3571832180023193
analytical,all,2.5,J1,28,0.7691324949264526,3.134632110595703
analytical,all,2.5,J2,28,0.3523462116718292,2.3571832180023193
ANNet,all,5.0,J1,28,1.5394209623336792,3.134632110595703
ANNet,all,5.0,J2,28,0.705504834651947,2.3571832180023193
analytical,all,5.0,J1,28,1.538196325302124,3.134632110595703
analytical,all,5.0,J2,28,0.704677939414978,2.3571832180023193
ANNet,all,10.0,J1,28,3.077664613723755,3.134632110595703
ANNet,all,10.0,J2,28,1.4104456901550293,2.3571832180023193
analytical,all,10.0,J1,28,3.075869560241699,3.134632110595703
analytical,all,10.0,J2,28,1.4092395305633545,2.3571832180023193
ANNet,all,25.0,J1,28,7.6838274002075195,3.134632110595703
ANNet,all,25.0,J2,28,3.5234017372131348,2.3571832180023193
analytical,all,25.0,J1,28,7.680891036987305,3.134632110595703
analytical,all,25.0,J2,28,3.5210604667663574,2.3571832180023193
ANNet,angle,1.0,J1,28,0.02725640870630741,3.134632110595703
ANNet,angle,1.0,J2,28,0.022580336779356003,2.3571832180023193
analytical,angle,1.0,J1,28,0.005718953907489777,3.134632110595703
analytical,angle,1.0,J2,28,0.006644277833402157,2.3571832180023193
ANNet,angle,2.5,J1,28,0.030207784846425056,3.134632110595703
ANNet,angle,2.5,J2,28,0.02738654799759388,2.3571832180023193
analytical,angle,2.5,J1,28,0.014298253692686558,3.134632110595703
analytical,angle,2.5,J2,28,0.016613325104117393,2.3571832180023193
ANNet,angle,5.0,J1,28,0.03893258795142174,3.134632110595703
ANNet,angle,5.0,J2,28,0.04007280245423317,2.3571832180023193
analytical,angle,5.0,J1,28,0.028600076213479042,3.134632110595703
analytical,angle,5.0,J2,28,0.033243510872125626,2.3571832180023193
ANNet,angle,10.0,J1,28,0.06265467405319214,3.134632110595703
ANNet,angle,10.0,J2,28,0.07096415758132935,2.3571832180023193
analytical,angle,10.0,J1,28,0.057220086455345154,3.134632110595703
analytical,angle,10.0,J2,28,0.06661500781774521,2.3571832180023193
ANNet,angle,25.0,J1,28,0.14433544874191284,3.134632110595703
ANNet,angle,25.0,J2,28,0.17187388241291046,2.3571832180023193
analytical,angle,25.0,J1,28,0.1433097869157791,3.134632110595703
analytical,angle,25.0,J2,28,0.16867908835411072,2.3571832180023193
ANNet,velocity,1.0,J1,28,0.030792901292443275,3.134632110595703
ANNet,velocity,1.0,J2,28,0.02187318354845047,2.3571832180023193
analytical,velocity,1.0,J1,28,0.015338520519435406,3.134632110595703
analytical,velocity,1.0,J2,28,0.003939272370189428,2.3571832180023193
ANNet,velocity,2.5,J1,28,0.046920161694288254,3.134632110595703
ANNet,velocity,2.5,J2,28,0.0236522164195776,2.3571832180023193
analytical,velocity,2.5,J1,28,0.03837486729025841,3.134632110595703
analytical,velocity,2.5,J2,28,0.00985251646488905,2.3571832180023193
ANNet,velocity,5.0,J1,28,0.08192138373851776,3.134632110595703
ANNet,velocity,5.0,J2,28,0.029181553050875664,2.3571832180023193
analytical,velocity,5.0,J1,28,0.07697387784719467,3.134632110595703
analytical,velocity,5.0,J2,28,0.019733667373657227,2.3571832180023193
ANNet,velocity,10.0,J1,28,0.15902365744113922,3.134632110595703
ANNet,velocity,10.0,J2,28,0.045162398368120193,2.3571832180023193
analytical,velocity,10.0,J1,28,0.15579867362976074,3.134632110595703
analytical,velocity,10.0,J2,28,0.03968743607401848,2.3571832180023193
ANNet,velocity,25.0,J1,28,0.42415663599967957,3.134632110595703
ANNet,velocity,25.0,J2,28,0.10528386384248734,2.3571832180023193
analytical,velocity,25.0,J1,28,0.4211178421974182,3.134632110595703
analytical,velocity,25.0,J2,28,0.1029096320271492,2.3571832180023193
ANNet,acceleration,1.0,J1,28,0.308913916349411,3.134632110595703
ANNet,acceleration,1.0,J2,28,0.14242032170295715,2.3571832180023193
analytical,acceleration,1.0,J1,28,0.30737507343292236,3.134632110595703
analytical,acceleration,1.0,J2,28,0.1407497376203537,2.3571832180023193
ANNet,acceleration,2.5,J1,28,0.7695117592811584,3.134632110595703
ANNet,acceleration,2.5,J2,28,0.3527330160140991,2.3571832180023193
analytical,acceleration,2.5,J1,28,0.7684376835823059,3.134632110595703
analytical,acceleration,2.5,J2,28,0.35187438130378723,2.3571832180023193
ANNet,acceleration,5.0,J1,28,1.5380929708480835,3.134632110595703
ANNet,acceleration,5.0,J2,28,0.7045577764511108,2.3571832180023193
analytical,acceleration,5.0,J1,28,1.5368753671646118,3.134632110595703
analytical,acceleration,5.0,J2,28,0.7037487626075745,2.3571832180023193
ANNet,acceleration,10.0,J1,28,3.075591802597046,3.134632110595703
ANNet,acceleration,10.0,J2,28,1.4087027311325073,2.3571832180023193
analytical,acceleration,10.0,J1,28,3.0737509727478027,3.134632110595703
analytical,acceleration,10.0,J2,28,1.407497525215149,2.3571832180023193
ANNet,acceleration,25.0,J1,28,7.687926292419434,3.134632110595703
ANNet,acceleration,25.0,J2,28,3.521454334259033,2.3571832180023193
analytical,acceleration,25.0,J1,28,7.6843767166137695,3.134632110595703
analytical,acceleration,25.0,J2,28,3.5187437534332275,2.3571832180023193
ANNet,none,0.0,J1,29,0.019814133644104004,8.552604675292969
ANNet,none,0.0,J2,29,0.02739572525024414,3.646357536315918
ANNet,all,1.0,J1,29,0.14749129116535187,8.552604675292969
ANNet,all,1.0,J2,29,0.0703938901424408,3.646357536315918
analytical,all,1.0,J1,29,0.14613230526447296,8.552604675292969
analytical,all,1.0,J2,29,0.06470774114131927,3.646357536315918
ANNet,all,2.5,J1,29,0.3658803105354309,8.552604675292969
ANNet,all,2.5,J2,29,0.16426143050193787,3.646357536315918
analytical,all,2.5,J1,29,0.3653290271759033,8.552604675292969
analytical,all,2.5,J2,29,0.16176895797252655,3.646357536315918
ANNet,all,5.0,J1,29,0.7309216856956482,8.552604675292969
ANNet,all,5.0,J2,29,0.3249772787094116,3.646357536315918
analytical,all,5.0,J1,29,0.7306475639343262,8.552604675292969
analytical,all,5.0,J2,29,0.32353559136390686,3.646357536315918
ANNet,all,10.0,J1,29,1.4613652229309082,8.552604675292969
ANNet,all,10.0,J2,29,0.6481105089187622,3.646357536315918
analytical,all,10.0,J1,29,1.4612185955047607,8.552604675292969
analytical,all,10.0,J2,29,0.6470537781715393,3.646357536315918
ANNet,all,25.0,J1,29,3.6522300243377686,8.552604675292969
ANNet,all,25.0,J2,29,1.6187196969985962,3.646357536315918
analytical,all,25.0,J1,29,3.651778221130371,8.552604675292969
analytical,all,25.0,J2,29,1.617345929145813,3.646357536315918
ANNet,angle,1.0,J1,29,0.019998323172330856,8.552604675292969
ANNet,angle,1.0,J2,29,0.027425765991210938,3.646357536315918
analytical,angle,1.0,J1,29,0.002818706212565303,8.552604675292969
analytical,angle,1.0,J2,29,0.0011351517168805003,3.646357536315918
ANNet,angle,2.5,J1,29,0.02097320929169655,8.552604675292969
ANNet,angle,2.5,J2,29,0.02756711281836033,3.646357536315918
analytical,angle,2.5,J1,29,0.007046897895634174,8.552604675292969
analytical,angle,2.5,J2,29,0.0028381638694554567,3.646357536315918
ANNet,angle,5.0,J1,29,0.024159029126167297,8.552604675292969
ANNet,angle,5.0,J2,29,0.028054527938365936,3.646357536315918
analytical,angle,5.0,J1,29,0.014094946905970573,8.552604675292969
analytical,angle,5.0,J2,29,0.005678095389157534,3.646357536315918
ANNet,angle,10.0,J1,29,0.03407782316207886,8.552604675292969
ANNet,angle,10.0,J2,29,0.029908835887908936,3.646357536315918
analytical,angle,10.0,J1,29,0.02819988690316677,8.552604675292969
analytical,angle,10.0,J2,29,0.011369466781616211,3.646357536315918
ANNet,angle,25.0,J1,29,0.0723906010389328,8.552604675292969
ANNet,angle,25.0,J2,29,0.04062977060675621,3.646357536315918
analytical,angle,25.0,J1,29,0.07068248838186264,8.552604675292969
analytical,angle,25.0,J2,29,0.028646118938922882,3.646357536315918
ANNet,velocity,1.0,J1,29,0.020081855356693268,8.552604675292969
ANNet,velocity,1.0,J2,29,0.027448372915387154,3.646357536315918
analytical,velocity,1.0,J1,29,0.003209698712453246,8.552604675292969
analytical,velocity,1.0,J2,29,0.0015994188142940402,3.646357536315918
ANNet,velocity,2.5,J1,29,0.021398594602942467,8.552604675292969
ANNet,velocity,2.5,J2,29,0.02771752141416073,3.646357536315918
analytical,velocity,2.5,J1,29,0.008023306727409363,8.552604675292969
analytical,velocity,2.5,J2,29,0.003999076317995787,3.646357536315918
ANNet,velocity,5.0,J1,29,0.0255342498421669,8.552604675292969
ANNet,velocity,5.0,J2,29,0.028655223548412323,3.646357536315918
analytical,velocity,5.0,J1,29,0.016050424426794052,8.552604675292969
analytical,velocity,5.0,J2,29,0.008003471419215202,3.646357536315918
ANNet,velocity,10.0,J1,29,0.037824805825948715,8.552604675292969
ANNet,velocity,10.0,J2,29,0.03214519843459129,3.646357536315918
analytical,velocity,10.0,J1,29,0.03216806799173355,8.552604675292969
analytical,velocity,10.0,J2,29,0.016054825857281685,3.646357536315918
ANNet,velocity,25.0,J1,29,0.08435289561748505,8.552604675292969
ANNet,velocity,25.0,J2,29,0.05072939768433571,3.646357536315918
analytical,velocity,25.0,J1,29,0.08194798231124878,8.552604675292969
analytical,velocity,25.0,J2,29,0.04101812094449997,3.646357536315918
ANNet,acceleration,1.0,J1,29,0.1474394053220749,8.552604675292969
ANNet,acceleration,1.0,J2,29,0.07036519050598145,3.646357536315918
analytical,acceleration,1.0,J1,29,0.14607985317707062,8.552604675292969
analytical,acceleration,1.0,J2,29,0.06468195468187332,3.646357536315918
ANNet,acceleration,2.5,J1,29,0.3657512664794922,8.552604675292969
ANNet,acceleration,2.5,J2,29,0.16418859362602234,3.646357536315918
analytical,acceleration,2.5,J1,29,0.36519962549209595,8.552604675292969
analytical,acceleration,2.5,J2,29,0.1617048978805542,3.646357536315918
ANNet,acceleration,5.0,J1,29,0.7306730151176453,8.552604675292969
ANNet,acceleration,5.0,J2,29,0.3248349726200104,3.646357536315918
analytical,acceleration,5.0,J1,29,0.7303992509841919,8.552604675292969
analytical,acceleration,5.0,J2,29,0.3234097957611084,3.646357536315918
ANNet,acceleration,10.0,J1,29,1.4609414339065552,8.552604675292969
ANNet,acceleration,10.0,J2,29,0.6478467583656311,3.646357536315918
analytical,acceleration,10.0,J1,29,1.4607985019683838,8.552604675292969
analytical,acceleration,10.0,J2,29,0.6468195915222168,3.646357536315918
ANNet,acceleration,25.0,J1,29,3.6524252891540527,8.552604675292969
ANNet,acceleration,25.0,J2,29,1.618394374847412,3.646357536315918
analytical,acceleration,25.0,J1,29,3.65199613571167,8.552604675292969
analytical,acceleration,25.0,J2,29,1.6170488595962524,3.646357536315918
ANNet,none,0.0,J1,30,0.0201091431081295,14.264627456665039
ANNet,none,0.0,J2,30,0.029914505779743195,5.735013484954834
ANNet,all,1.0,J1,30,0.1681087613105774,14.264627456665039
ANNet,all,1.0,J2,30,0.07762376964092255,5.735013484954834
analytical,all,1.0,J1,30,0.1666414439678192,14.264627456665039
analytical,all,1.0,J2,30,0.07130742818117142,5.735013484954834
ANNet,all,2.5,J1,30,0.41799312829971313,14.264627456665039
ANNet,all,2.5,J2,30,0.18137885630130768,5.735013484954834
analytical,all,2.5,J1,30,0.4166051149368286,14.264627456665039
analytical,all,2.5,J2,30,0.1782672256231308,5.735013484954834
ANNet,all,5.0,J1,30,0.8354181051254272,14.264627456665039
ANNet,all,5.0,J2,30,0.35891440510749817,5.735013484954834
analytical,all,5.0,J1,30,0.8332092761993408,14.264627456665039
analytical,all,5.0,J2,30,0.35652995109558105,5.735013484954834
ANNet,all,10.0,J1,30,1.6705037355422974,14.264627456665039
ANNet,all,10.0,J2,30,0.7157880663871765,5.735013484954834
analytical,all,10.0,J1,30,1.666368842124939,14.264627456665039
analytical,all,10.0,J2,30,0.713042676448822,5.735013484954834
ANNet,all,25.0,J1,30,4.173527717590332,14.264627456665039
ANNet,all,25.0,J2,30,1.787287950515747,5.735013484954834
analytical,all,25.0,J1,30,4.164642333984375,14.264627456665039
analytical,all,25.0,J2,30,1.7825018167495728,5.735013484954834
ANNet,angle,1.0,J1,30,0.020786281675100327,14.264627456665039
ANNet,angle,1.0,J2,30,0.03007417544722557,5.735013484954834
analytical,angle,1.0,J1,30,0.005446004215627909,14.264627456665039
analytical,angle,1.0,J2,30,0.003217150690034032,5.735013484954834
ANNet,angle,2.5,J1,30,0.024145957082509995,14.264627456665039
ANNet,angle,2.5,J2,30,0.03093838505446911,5.735013484954834
analytical,angle,2.5,J1,30,0.01361588854342699,14.264627456665039
analytical,angle,2.5,J2,30,0.008043322712182999,5.735013484954834
ANNet,angle,5.0,J1,30,0.03356529027223587,14.264627456665039
ANNet,angle,5.0,J2,30,0.03387337177991867,5.735013484954834
analytical,angle,5.0,J1,30,0.027236048132181168,14.264627456665039
analytical,angle,5.0,J2,30,0.016088539734482765,5.735013484954834
ANNet,angle,10.0,J1,30,0.05754418671131134,14.264627456665039
ANNet,angle,10.0,J2,30,0.04372796788811684,5.735013484954834
analytical,angle,10.0,J1,30,0.0544993095099926,14.264627456665039
analytical,angle,10.0,J2,30,0.03218764066696167,5.735013484954834
ANNet,angle,25.0,J1,30,0.13691046833992004,14.264627456665039
ANNet,angle,25.0,J2,30,0.08542788028717041,5.735013484954834
analytical,angle,25.0,J1,30,0.13665328919887543,14.264627456665039
analytical,angle,25.0,J2,30,0.0806073471903801,5.735013484954834
ANNet,velocity,1.0,J1,30,0.020610952749848366,14.264627456665039
ANNet,velocity,1.0,J2,30,0.030385470017790794,5.735013484954834
analytical,velocity,1.0,J1,30,0.004580742213875055,14.264627456665039
analytical,velocity,1.0,J2,30,0.005356720183044672,5.735013484954834
ANNet,velocity,2.5,J1,30,0.02315528690814972,14.264627456665039
ANNet,velocity,2.5,J2,30,0.03275503218173981,5.735013484954834
analytical,velocity,2.5,J1,30,0.011454475112259388,14.264627456665039
analytical,velocity,2.5,J2,30,0.013393343426287174,5.735013484954834
ANNet,velocity,5.0,J1,30,0.03062037006020546,14.264627456665039
ANNet,velocity,5.0,J2,30,0.040104497224092484,5.735013484954834
analytical,velocity,5.0,J1,30,0.02292519249022007,14.264627456665039
analytical,velocity,5.0,J2,30,0.026800859719514847,5.735013484954834
ANNet,velocity,10.0,J1,30,0.05058335140347481,14.264627456665039
ANNet,velocity,10.0,J2,30,0.06135224923491478,5.735013484954834
analytical,velocity,10.0,J1,30,0.04597119987010956,14.264627456665039
analytical,velocity,10.0,J2,30,0.05372591316699982,5.735013484954834
ANNet,velocity,25.0,J1,30,0.11980360001325607,14.264627456665039
ANNet,velocity,25.0,J2,30,0.13952387869358063,5.735013484954834
analytical,velocity,25.0,J1,30,0.1169329434633255,14.264627456665039
analytical,velocity,25.0,J2,30,0.1365758627653122,5.735013484954834
ANNet,acceleration,1.0,J1,30,0.16792884469032288,14.264627456665039
ANNet,acceleration,1.0,J2,30,0.0773802250623703,5.735013484954834
analytical,acceleration,1.0,J1,30,0.1664503961801529,14.264627456665039
analytical,acceleration,1.0,J2,30,0.07103495299816132,5.735013484954834
ANNet,acceleration,2.5,J1,30,0.41752853989601135,14.264627456665039
ANNet,acceleration,2.5,J2,30,0.180720716714859,5.735013484954834
analytical,acceleration,2.5,J1,30,0.41612598299980164,14.264627456665039
analytical,acceleration,2.5,J2,30,0.1775873899459839,5.735013484954834
ANNet,acceleration,5.0,J1,30,0.8344849348068237,14.264627456665039
ANNet,acceleration,5.0,J2,30,0.357584148645401,5.735013484954834
analytical,acceleration,5.0,J1,30,0.8322519659996033,14.264627456665039
analytical,acceleration,5.0,J2,30,0.3551747798919678,5.735013484954834
ANNet,acceleration,10.0,J1,30,1.6687030792236328,14.264627456665039
ANNet,acceleration,10.0,J2,30,0.7131395936012268,5.735013484954834
analytical,acceleration,10.0,J1,30,1.664504051208496,14.264627456665039
analytical,acceleration,10.0,J2,30,0.7103495597839355,5.735013484954834
ANNet,acceleration,25.0,J1,30,4.1706342697143555,14.264627456665039
ANNet,acceleration,25.0,J2,30,1.7808756828308105,5.735013484954834
analytical,acceleration,25.0,J1,30,4.16126012802124,14.264627456665039
analytical,acceleration,25.0,J2,30,1.7758738994598389,5.735013484954834
ANNet,none,0.0,J1,31,0.019648779183626175,9.739410400390625
ANNet,none,0.0,J2,31,0.02393529564142227,4.20769739151001
ANNet,all,1.0,J1,31,0.2074417918920517,9.739410400390625
ANNet,all,1.0,J2,31,0.09530174732208252,4.20769739151001
analytical,all,1.0,J1,31,0.20641198754310608,9.739410400390625
analytical,all,1.0,J2,31,0.09229632467031479,4.20769739151001
ANNet,all,2.5,J1,31,0.5167405009269714,9.739410400390625
ANNet,all,2.5,J2,31,0.23204068839550018,4.20769739151001
analytical,all,2.5,J1,31,0.5160308480262756,9.739410400390625
analytical,all,2.5,J2,31,0.23074035346508026,4.20769739151001
ANNet,all,5.0,J1,31,1.03296959400177,9.739410400390625
ANNet,all,5.0,J2,31,0.46234390139579773,4.20769739151001
analytical,all,5.0,J1,31,1.0320528745651245,9.739410400390625
analytical,all,5.0,J2,31,0.46147677302360535,4.20769739151001
ANNet,all,10.0,J1,31,2.065565586090088,9.739410400390625
ANNet,all,10.0,J2,31,0.9238348603248596,4.20769739151001
analytical,all,10.0,J1,31,2.063981533050537,9.739410400390625
analytical,all,10.0,J2,31,0.9229204058647156,4.20769739151001
ANNet,all,25.0,J1,31,5.1606245040893555,9.739410400390625
ANNet,all,25.0,J2,31,2.3083035945892334,4.20769739151001
analytical,all,25.0,J1,31,5.1572699546813965,9.739410400390625
analytical,all,25.0,J2,31,2.3067049980163574,4.20769739151001
ANNet,angle,1.0,J1,31,0.020643599331378937,9.739410400390625
ANNet,angle,1.0,J2,31,0.024053379893302917,4.20769739151001
analytical,angle,1.0,J1,31,0.006457789801061153,9.739410400390625
analytical,angle,1.0,J2,31,0.00237147300504148,4.20769739151001
ANNet,angle,2.5,J1,31,0.025305351242423058,9.739410400390625
ANNet,angle,2.5,J2,31,0.024668972939252853,4.20769739151001
analytical,angle,2.5,J1,31,0.016145629808306694,9.739410400390625
analytical,angle,2.5,J2,31,0.005928359925746918,4.20769739151001
ANNet,angle,5.0,J1,31,0.03753053396940231,9.739410400390625
ANNet,angle,5.0,J2,31,0.026756389066576958,4.20769739151001
analytical,angle,5.0,J1,31,0.03229610621929169,9.739410400390625
analytical,angle,5.0,J2,31,0.011858233250677586,4.20769739151001
ANNet,angle,10.0,J1,31,0.06700670719146729,9.739410400390625
ANNet,angle,10.0,J2,31,0.033863358199596405,4.20769739151001
analytical,angle,10.0,J1,31,0.0646185353398323,9.739410400390625
analytical,angle,10.0,J2,31,0.02374202571809292,4.20769739151001
ANNet,angle,25.0,J1,31,0.16187909245491028,9.739410400390625
ANNet,angle,25.0,J2,31,0.06500595808029175,4.20769739151001
analytical,angle,25.0,J1,31,0.16188187897205353,9.739410400390625
analytical,angle,25.0,J2,31,0.05993222817778587,4.20769739151001
ANNet,velocity,1.0,J1,31,0.021139392629265785,9.739410400390625
ANNet,velocity,1.0,J2,31,0.024149561300873756,4.20769739151001
analytical,velocity,1.0,J1,31,0.007721266243606806,9.739410400390625
analytical,velocity,1.0,J2,31,0.003170741954818368,4.20769739151001
ANNet,velocity,2.5,J1,31,0.027626261115074158,9.739410400390625
ANNet,velocity,2.5,J2,31,0.02526034414768219,4.20769739151001
analytical,velocity,2.5,J1,31,0.019310133531689644,9.739410400390625
analytical,velocity,2.5,J2,31,0.007927188649773598,4.20769739151001
ANNet,velocity,5.0,J1,31,0.04351641610264778,9.739410400390625
ANNet,velocity,5.0,J2,31,0.02889496460556984,4.20769739151001
analytical,velocity,5.0,J1,31,0.03866275027394295,9.739410400390625
analytical,velocity,5.0,J2,31,0.01586279086768627,4.20769739151001
ANNet,velocity,10.0,J1,31,0.08034893870353699,9.739410400390625
ANNet,velocity,10.0,J2,31,0.040347591042518616,4.20769739151001
analytical,velocity,10.0,J1,31,0.07763926684856415,9.739410400390625
analytical,velocity,10.0,J2,31,0.03181380778551102,4.20769739151001
ANNet,velocity,25.0,J1,31,0.20073284208774567,9.739410400390625
ANNet,velocity,25.0,J2,31,0.08615871518850327,4.20769739151001
analytical,velocity,25.0,J1,31,0.19925779104232788,9.739410400390625
analytical,velocity,25.0,J2,31,0.08126746863126755,4.20769739151001
ANNet,acceleration,1.0,J1,31,0.20722854137420654,9.739410400390625
ANNet,acceleration,1.0,J2,31,0.09522495418787003,4.20769739151001
analytical,acceleration,1.0,J1,31,0.2061975747346878,9.739410400390625
analytical,acceleration,1.0,J2,31,0.09221853315830231,4.20769739151001
ANNet,acceleration,2.5,J1,31,0.5162045359611511,9.739410400390625
ANNet,acceleration,2.5,J2,31,0.23184193670749664,4.20769739151001
analytical,acceleration,2.5,J1,31,0.5154939889907837,9.739410400390625
analytical,acceleration,2.5,J2,31,0.23054635524749756,4.20769739151001
ANNet,acceleration,5.0,J1,31,1.0319081544876099,9.739410400390625
ANNet,acceleration,5.0,J2,31,0.46194836497306824,4.20769739151001
analytical,acceleration,5.0,J1,31,1.0309879779815674,9.739410400390625
analytical,acceleration,5.0,J2,31,0.4610927104949951,4.20769739151001
ANNet,acceleration,10.0,J1,31,2.063584804534912,9.739410400390625
ANNet,acceleration,10.0,J2,31,0.9230824112892151,4.20769739151001
analytical,acceleration,10.0,J1,31,2.0619759559631348,9.739410400390625
analytical,acceleration,10.0,J2,31,0.9221854209899902,4.20769739151001
ANNet,acceleration,25.0,J1,31,5.158621788024902,9.739410400390625
ANNet,acceleration,25.0,J2,31,2.307124137878418,4.20769739151001
analytical,acceleration,25.0,J1,31,5.154939651489258,9.739410400390625
analytical,acceleration,25.0,J2,31,2.3054635524749756,4.20769739151001
ANNet,none,0.0,J1,32,0.016693556681275368,3.453334331512451
ANNet,none,0.0,J2,32,0.023369746282696724,1.712256669998169
ANNet,all,1.0,J1,32,0.1670204997062683,3.453334331512451
ANNet,all,1.0,J2,32,0.07854623347520828,1.712256669998169
analytical,all,1.0,J1,32,0.1664229780435562,3.453334331512451
analytical,all,1.0,J2,32,0.0750616043806076,1.712256669998169
ANNet,all,2.5,J1,32,0.415780633687973,3.453334331512451
ANNet,all,2.5,J2,32,0.18896107375621796,1.712256669998169
analytical,all,2.5,J1,32,0.4160555303096771,3.453334331512451
analytical,all,2.5,J2,32,0.18765327334403992,1.712256669998169
ANNet,all,5.0,J1,32,0.8310498595237732,3.453334331512451
ANNet,all,5.0,J2,32,0.3757745623588562,1.712256669998169
analytical,all,5.0,J1,32,0.8320991396903992,3.453334331512451
analytical,all,5.0,J2,32,0.3753027319908142,1.712256669998169
ANNet,all,10.0,J1,32,1.6618555784225464,3.453334331512451
ANNet,all,10.0,J2,32,0.7504985332489014,1.712256669998169
analytical,all,10.0,J1,32,1.6641095876693726,3.453334331512451
analytical,all,10.0,J2,32,0.7505809664726257,1.712256669998169
ANNet,all,25.0,J1,32,4.154613018035889,3.453334331512451
ANNet,all,25.0,J2,32,1.8757526874542236,1.712256669998169
analytical,all,25.0,J1,32,4.158786296844482,3.453334331512451
analytical,all,25.0,J2,32,1.876084566116333,1.712256669998169
ANNet,angle,1.0,J1,32,0.016746269538998604,3.453334331512451
ANNet,angle,1.0,J2,32,0.023377159610390663,1.712256669998169
analytical,angle,1.0,J1,32,0.0013141563395038247,3.453334331512451
analytical,angle,1.0,J2,32,0.0008655937854200602,1.712256669998169
ANNet,angle,2.5,J1,32,0.017007291316986084,3.453334331512451
ANNet,angle,2.5,J2,32,0.023438258096575737,1.712256669998169
analytical,angle,2.5,J1,32,0.0032856257166713476,3.453334331512451
analytical,angle,2.5,J2,32,0.002164456993341446,1.712256669998169
ANNet,angle,5.0,J1,32,0.017899423837661743,3.453334331512451
ANNet,angle,5.0,J2,32,0.02367245778441429,1.712256669998169
analytical,angle,5.0,J1,32,0.006572328507900238,3.453334331512451
analytical,angle,5.0,J2,32,0.00433176476508379,1.712256669998169
ANNet,angle,10.0,J1,32,0.0210844948887825,3.453334331512451
ANNet,angle,10.0,J2,32,0.02462366595864296,1.712256669998169
analytical,angle,10.0,J1,32,0.013151484541594982,3.453334331512451
analytical,angle,10.0,J2,32,0.008684465661644936,1.712256669998169
ANNet,angle,25.0,J1,32,0.036318548023700714,3.453334331512451
ANNet,angle,25.0,J2,32,0.030847495421767235,1.712256669998169
analytical,angle,25.0,J1,32,0.03297942876815796,3.453334331512451
analytical,angle,25.0,J2,32,0.02205575443804264,1.712256669998169
ANNet,velocity,1.0,J1,32,0.016861623153090477,3.453334331512451
ANNet,velocity,1.0,J2,32,0.023381296545267105,1.712256669998169
analytical,velocity,1.0,J1,32,0.0022931101266294718,3.453334331512451
analytical,velocity,1.0,J2,32,0.0006879544234834611,1.712256669998169
ANNet,velocity,2.5,J1,32,0.017697058618068695,3.453334331512451
ANNet,velocity,2.5,J2,32,0.023435626178979874,1.712256669998169
analytical,velocity,2.5,J1,32,0.005733621772378683,3.453334331512451
analytical,velocity,2.5,J2,32,0.0017203359166160226,1.712256669998169
ANNet,velocity,5.0,J1,32,0.020398112013936043,3.453334331512451
ANNet,velocity,5.0,J2,32,0.02362438477575779,1.712256669998169
analytical,velocity,5.0,J1,32,0.011483339592814445,3.453334331512451
analytical,velocity,5.0,J2,32,0.0034442178439348936,1.712256669998169
ANNet,velocity,10.0,J1,32,0.028873812407255173,3.453334331512451
ANNet,velocity,10.0,J2,32,0.024364931508898735,1.712256669998169
analytical,velocity,10.0,J1,32,0.023129895329475403,3.453334331512451
analytical,velocity,10.0,J2,32,0.006917919032275677,1.712256669998169
ANNet,velocity,25.0,J1,32,0.06406529247760773,3.453334331512451
ANNet,velocity,25.0,J2,32,0.029308825731277466,1.712256669998169
analytical,velocity,25.0,J1,32,0.06093571335077286,3.453334331512451
analytical,velocity,25.0,J2,32,0.01781374029815197,1.712256669998169
ANNet,acceleration,1.0,J1,32,0.166998490691185,3.453334331512451
ANNet,acceleration,1.0,J2,32,0.07853824645280838,1.712256669998169
analytical,acceleration,1.0,J1,32,0.16640301048755646,3.453334331512451
analytical,acceleration,1.0,J2,32,0.07505165040493011,1.712256669998169
ANNet,acceleration,2.5,J1,32,0.4157286286354065,3.453334331512451
ANNet,acceleration,2.5,J2,32,0.18893910944461823,1.712256669998169
analytical,acceleration,2.5,J1,32,0.41600754857063293,3.453334331512451
analytical,acceleration,2.5,J2,32,0.18762913346290588,1.712256669998169
ANNet,acceleration,5.0,J1,32,0.8309581875801086,3.453334331512451
ANNet,acceleration,5.0,J2,32,0.3757329285144806,1.712256669998169
analytical,acceleration,5.0,J1,32,0.8320150971412659,3.453334331512451
analytical,acceleration,5.0,J2,32,0.37525826692581177,1.712256669998169
ANNet,acceleration,10.0,J1,32,1.6617584228515625,3.453334331512451
ANNet,acceleration,10.0,J2,32,0.7504392862319946,1.712256669998169
analytical,acceleration,10.0,J1,32,1.6640301942825317,3.453334331512451
analytical,acceleration,10.0,J2,32,0.7505165338516235,1.712256669998169
ANNet,acceleration,25.0,J1,32,4.155846118927002,3.453334331512451
ANNet,acceleration,25.0,J2,32,1.8760085105895996,1.712256669998169
analytical,acceleration,25.0,J1,32,4.1600751876831055,3.453334331512451
analytical,acceleration,25.0,J2,32,1.876291275024414,1.712256669998169
ANNet,none,0.0,J1,33,0.03861410170793533,1.5842318534851074
ANNet,none,0.0,J2,33,0.019190214574337006,3.278127431869507
ANNet,all,1.0,J1,33,0.40679633617401123,1.5842318534851074
ANNet,all,1.0,J2,33,0.19195106625556946,3.278127431869507
analytical,all,1.0,J1,33,0.4050149917602539,1.5842318534851074
analytical,all,1.0,J2,33,0.19073723256587982,3.278127431869507
ANNet,all,2.5,J1,33,1.013344168663025,1.5842318534851074
ANNet,all,2.5,J2,33,0.4776132106781006,3.278127431869507
analytical,all,2.5,J1,33,1.0125229358673096,1.5842318534851074
analytical,all,2.5,J2,33,0.4768347144126892,3.278127431869507
ANNet,all,5.0,J1,33,2.0256664752960205,1.5842318534851074
ANNet,all,5.0,J2,33,0.9544551968574524,3.278127431869507
analytical,all,5.0,J1,33,2.024956464767456,1.5842318534851074
analytical,all,5.0,J2,33,0.9536229968070984,3.278127431869507
ANNet,all,10.0,J1,33,4.050445079803467,1.5842318534851074
ANNet,all,10.0,J2,33,1.9082531929016113,3.278127431869507
analytical,all,10.0,J1,33,4.049258708953857,1.5842318534851074
analytical,all,10.0,J2,33,1.9069215059280396,3.278127431869507
ANNet,all,25.0,J1,33,10.117785453796387,1.5842318534851074
ANNet,all,25.0,J2,33,4.767580986022949,3.278127431869507
analytical,all,25.0,J1,33,10.11299991607666,1.5842318534851074
analytical,all,25.0,J2,33,4.762166500091553,3.278127431869507
ANNet,angle,1.0,J1,33,0.0400816984474659,1.5842318534851074
ANNet,angle,1.0,J2,33,0.027631016448140144,3.278127431869507
analytical,angle,1.0,J1,33,0.010896213352680206,1.5842318534851074
analytical,angle,1.0,J2,33,0.019940845668315887,3.278127431869507
ANNet,angle,2.5,J1,33,0.04702448844909668,1.5842318534851074
ANNet,angle,2.5,J2,33,0.05316579341888428,3.278127431869507
analytical,angle,2.5,J1,33,0.027243057265877724,1.5842318534851074
analytical,angle,2.5,J2,33,0.049859095364809036,3.278127431869507
ANNet,angle,5.0,J1,33,0.06611694395542145,1.5842318534851074
ANNet,angle,5.0,J2,33,0.10096710175275803,3.278127431869507
analytical,angle,5.0,J1,33,0.0544978603720665,1.5842318534851074
analytical,angle,5.0,J2,33,0.09976014494895935,3.278127431869507
ANNet,angle,10.0,J1,33,0.11414653062820435,1.5842318534851074
ANNet,angle,10.0,J2,33,0.19944065809249878,3.278127431869507
analytical,angle,10.0,J1,33,0.10906709730625153,1.5842318534851074
analytical,angle,10.0,J2,33,0.1998273730278015,3.278127431869507
ANNet,angle,25.0,J1,33,0.27253833413124084,1.5842318534851074
ANNet,angle,25.0,J2,33,0.5020468831062317,3.278127431869507
analytical,angle,25.0,J1,33,0.273668110370636,1.5842318534851074
analytical,angle,25.0,J2,33,0.5045457482337952,3.278127431869507
ANNet,velocity,1.0,J1,33,0.06021878123283386,1.5842318534851074
ANNet,velocity,1.0,J2,33,0.02222430519759655,3.278127431869507
analytical,velocity,1.0,J1,33,0.045891158282756805,1.5842318534851074
analytical,velocity,1.0,J2,33,0.011263551190495491,3.278127431869507
ANNet,velocity,2.5,J1,33,0.1217988133430481,1.5842318534851074
ANNet,velocity,2.5,J2,33,0.034032732248306274,3.278127431869507
analytical,velocity,2.5,J1,33,0.11486493796110153,1.5842318534851074
analytical,velocity,2.5,J2,33,0.028174005448818207,3.278127431869507
ANNet,velocity,5.0,J1,33,0.23503772914409637,1.5842318534851074
ANNet,velocity,5.0,J2,33,0.059532299637794495,3.278127431869507
analytical,velocity,5.0,J1,33,0.23064067959785461,1.5842318534851074
analytical,velocity,5.0,J2,33,0.056443650275468826,3.278127431869507
ANNet,velocity,10.0,J1,33,0.47212016582489014,1.5842318534851074
ANNet,velocity,10.0,J2,33,0.11509773135185242,3.278127431869507
analytical,velocity,10.0,J1,33,0.4682716429233551,1.5842318534851074
analytical,velocity,10.0,J2,33,0.11360650509595871,3.278127431869507
ANNet,velocity,25.0,J1,33,1.2891489267349243,1.5842318534851074
ANNet,velocity,25.0,J2,33,0.2998243570327759,3.278127431869507
analytical,velocity,25.0,J1,33,1.284325361251831,1.5842318534851074
analytical,velocity,25.0,J2,33,0.2958879768848419,3.278127431869507
ANNet,acceleration,1.0,J1,33,0.40414804220199585,1.5842318534851074
ANNet,acceleration,1.0,J2,33,0.190523162484169,3.278127431869507
analytical,acceleration,1.0,J1,33,0.4023888111114502,1.5842318534851074
analytical,acceleration,1.0,J2,33,0.18929098546504974,3.278127431869507
ANNet,acceleration,2.5,J1,33,1.0067273378372192,1.5842318534851074
ANNet,acceleration,2.5,J2,33,0.4740447700023651,3.278127431869507
analytical,acceleration,2.5,J1,33,1.0059720277786255,1.5842318534851074
analytical,acceleration,2.5,J2,33,0.47322747111320496,3.278127431869507
ANNet,acceleration,5.0,J1,33,2.0125017166137695,1.5842318534851074
ANNet,acceleration,5.0,J2,33,0.9473682641983032,3.278127431869507
analytical,acceleration,5.0,J1,33,2.011944055557251,1.5842318534851074
analytical,acceleration,5.0,J2,33,0.9464549422264099,3.278127431869507
ANNet,acceleration,10.0,J1,33,4.024601459503174,1.5842318534851074
ANNet,acceleration,10.0,J2,33,1.8944162130355835,3.278127431869507
analytical,acceleration,10.0,J1,33,4.023888111114502,1.5842318534851074
analytical,acceleration,10.0,J2,33,1.8929100036621094,3.278127431869507
ANNet,acceleration,25.0,J1,33,10.061235427856445,1.5842318534851074
ANNet,acceleration,25.0,J2,33,4.737569332122803,3.278127431869507
analytical,acceleration,25.0,J1,33,10.059720039367676,1.5842318534851074
analytical,acceleration,25.0,J2,33,4.732275009155273,3.278127431869507
ANNet,none,0.0,J1,34,0.030772510915994644,7.321213722229004
ANNet,none,0.0,J2,34,0.022211944684386253,3.7818286418914795
ANNet,all,1.0,J1,34,0.36991435289382935,7.321213722229004
ANNet,all,1.0,J2,34,0.1708661913871765,3.7818286418914795
analytical,all,1.0,J1,34,0.36872199177742004,7.321213722229004
analytical,all,1.0,J2,34,0.16946500539779663,3.7818286418914795
ANNet,all,2.5,J1,34,0.9222745895385742,7.321213722229004
ANNet,all,2.5,J2,34,0.4243205785751343,3.7818286418914795
analytical,all,2.5,J1,34,0.9218072295188904,7.321213722229004
analytical,all,2.5,J2,34,0.42366117238998413,3.7818286418914795
ANNet,all,5.0,J1,34,1.8438667058944702,7.321213722229004
ANNet,all,5.0,J2,34,0.8478891253471375,3.7818286418914795
analytical,all,5.0,J1,34,1.8435745239257812,7.321213722229004
analytical,all,5.0,J2,34,0.847305178642273,3.7818286418914795
ANNet,all,10.0,J1,34,3.6870157718658447,7.321213722229004
ANNet,all,10.0,J2,34,1.6953449249267578,3.7818286418914795
analytical,all,10.0,J1,34,3.686636209487915,7.321213722229004
analytical,all,10.0,J2,34,1.69444739818573,3.7818286418914795
ANNet,all,25.0,J1,34,9.207428932189941,7.321213722229004
ANNet,all,25.0,J2,34,4.235594749450684,3.7818286418914795
analytical,all,25.0,J1,34,9.205877304077148,7.321213722229004
analytical,all,25.0,J2,34,4.233047962188721,3.7818286418914795
ANNet,angle,1.0,J1,34,0.03559035435318947,7.321213722229004
ANNet,angle,1.0,J2,34,0.025321604683995247,3.7818286418914795
analytical,angle,1.0,J1,34,0.017833756282925606,7.321213722229004
analytical,angle,1.0,J2,34,0.012064549140632153,3.7818286418914795
ANNet,angle,2.5,J1,34,0.05425230786204338,7.321213722229004
ANNet,angle,2.5,J2,34,0.0376812145113945,3.7818286418914795
analytical,angle,2.5,J1,34,0.044582266360521317,7.321213722229004
analytical,angle,2.5,J2,34,0.030167823657393456,3.7818286418914795
ANNet,angle,5.0,J1,34,0.09448746591806412,7.321213722229004
ANNet,angle,5.0,J2,34,0.06485417485237122,3.7818286418914795
analytical,angle,5.0,J1,34,0.0891537070274353,7.321213722229004
analytical,angle,5.0,J2,34,0.060372695326805115,3.7818286418914795
ANNet,angle,10.0,J1,34,0.18120257556438446,7.321213722229004
ANNet,angle,10.0,J2,34,0.1240944117307663,3.7818286418914795
analytical,angle,10.0,J1,34,0.17823636531829834,7.321213722229004
analytical,angle,10.0,J2,34,0.1210089921951294,3.7818286418914795
ANNet,angle,25.0,J1,34,0.44608625769615173,7.321213722229004
ANNet,angle,25.0,J2,34,0.30934086441993713,3.7818286418914795
analytical,angle,25.0,J1,34,0.44450849294662476,7.321213722229004
analytical,angle,25.0,J2,34,0.30672600865364075,3.7818286418914795
ANNet,velocity,1.0,J1,34,0.04459135979413986,7.321213722229004
ANNet,velocity,1.0,J2,34,0.02401750162243843,3.7818286418914795
analytical,velocity,1.0,J1,34,0.03184502199292183,7.321213722229004
analytical,velocity,1.0,J2,34,0.009153563529253006,3.7818286418914795
ANNet,velocity,2.5,J1,34,0.08606815338134766,7.321213722229004
ANNet,velocity,2.5,J2,34,0.031864989548921585,3.7818286418914795
analytical,velocity,2.5,J1,34,0.07964678108692169,7.321213722229004
analytical,velocity,2.5,J2,34,0.022891752421855927,3.7818286418914795
ANNet,velocity,5.0,J1,34,0.16376818716526031,7.321213722229004
ANNet,velocity,5.0,J2,34,0.050855327397584915,3.7818286418914795
analytical,velocity,5.0,J1,34,0.1596147119998932,7.321213722229004
analytical,velocity,5.0,J2,34,0.04583815485239029,3.7818286418914795
ANNet,velocity,10.0,J1,34,0.3257116377353668,7.321213722229004
ANNet,velocity,10.0,J2,34,0.0945642963051796,3.7818286418914795
analytical,velocity,10.0,J1,34,0.32205355167388916,7.321213722229004
analytical,velocity,10.0,J2,34,0.09210777282714844,3.7818286418914795
ANNet,velocity,25.0,J1,34,0.8602855801582336,7.321213722229004
ANNet,velocity,25.0,J2,34,0.23809848725795746,3.7818286418914795
analytical,velocity,25.0,J1,34,0.8554427027702332,7.321213722229004
analytical,velocity,25.0,J2,34,0.23763969540596008,3.7818286418914795
ANNet,acceleration,1.0,J1,34,0.3683722913265228,7.321213722229004
ANNet,acceleration,1.0,J2,34,0.1702316254377365,3.7818286418914795
analytical,acceleration,1.0,J1,34,0.3672144412994385,7.321213722229004
analytical,acceleration,1.0,J2,34,0.16882966458797455,3.7818286418914795
ANNet,acceleration,2.5,J1,34,0.9184349179267883,7.321213722229004
ANNet,acceleration,2.5,J2,34,0.4227215647697449,3.7818286418914795
analytical,acceleration,2.5,J1,34,0.9180362224578857,7.321213722229004
analytical,acceleration,2.5,J2,34,0.42207416892051697,3.7818286418914795
ANNet,acceleration,5.0,J1,34,1.8362340927124023,7.321213722229004
ANNet,acceleration,5.0,J2,34,0.8447028398513794,3.7818286418914795
analytical,acceleration,5.0,J1,34,1.8360724449157715,7.321213722229004
analytical,acceleration,5.0,J2,34,0.8441483378410339,3.7818286418914795
ANNet,acceleration,10.0,J1,34,3.672215461730957,7.321213722229004
ANNet,acceleration,10.0,J2,34,1.689138412475586,3.7818286418914795
analytical,acceleration,10.0,J1,34,3.672144889831543,7.321213722229004
analytical,acceleration,10.0,J2,34,1.6882966756820679,3.7818286418914795
ANNet,acceleration,25.0,J1,34,9.1804780960083,7.321213722229004
ANNet,acceleration,25.0,J2,34,4.223427772521973,3.7818286418914795
analytical,acceleration,25.0,J1,34,9.1803617477417,7.321213722229004
analytical,acceleration,25.0,J2,34,4.2207417488098145,3.7818286418914795
ANNet,none,0.0,J1,35,0.023481648415327072,11.298914909362793
ANNet,none,0.0,J2,35,0.020721174776554108,4.938537120819092
ANNet,all,1.0,J1,35,0.31686973571777344,11.298914909362793
ANNet,all,1.0,J2,35,0.1444055736064911,4.938537120819092
analytical,all,1.0,J1,35,0.31584134697914124,11.298914909362793
analytical,all,1.0,J2,35,0.14294567704200745,4.938537120819092
ANNet,all,2.5,J1,35,0.7902188301086426,11.298914909362793
ANNet,all,2.5,J2,35,0.35797256231307983,4.938537120819092
analytical,all,2.5,J1,35,0.7896011471748352,11.298914909362793
analytical,all,2.5,J2,35,0.35736021399497986,4.938537120819092
ANNet,all,5.0,J1,35,1.5797845125198364,11.298914909362793
ANNet,all,5.0,J2,35,0.7150870561599731,4.938537120819092
analytical,all,5.0,J1,35,1.5791631937026978,11.298914909362793
analytical,all,5.0,J2,35,0.7146996855735779,4.938537120819092
ANNet,all,10.0,J1,35,3.1587700843811035,11.298914909362793
ANNet,all,10.0,J2,35,1.4296326637268066,4.938537120819092
analytical,all,10.0,J1,35,3.1579337120056152,11.298914909362793
analytical,all,10.0,J2,35,1.4292619228363037,4.938537120819092
ANNet,all,25.0,J1,35,7.888392925262451,11.298914909362793
ANNet,all,25.0,J2,35,3.5716357231140137,4.938537120819092
analytical,all,25.0,J1,35,7.887260913848877,11.298914909362793
analytical,all,25.0,J2,35,3.5710601806640625,4.938537120819092
ANNet,angle,1.0,J1,35,0.029789824038743973,11.298914909362793
ANNet,angle,1.0,J2,35,0.021969018504023552,4.938537120819092
analytical,angle,1.0,J1,35,0.01830797642469406,11.298914909362793
analytical,angle,1.0,J2,35,0.007288893684744835,4.938537120819092
ANNet,angle,2.5,J1,35,0.051490962505340576,11.298914909362793
ANNet,angle,2.5,J2,35,0.027562888339161873,4.938537120819092
analytical,angle,2.5,J1,35,0.04576709493994713,11.298914909362793
analytical,angle,2.5,J2,35,0.018224617466330528,4.938537120819092
ANNet,angle,5.0,J1,35,0.0945982113480568,11.298914909362793
ANNet,angle,5.0,J2,35,0.04181506112217903,4.938537120819092
analytical,angle,5.0,J1,35,0.09152308106422424,11.298914909362793
analytical,angle,5.0,J2,35,0.03646669536828995,4.938537120819092
ANNet,angle,10.0,J1,35,0.184709832072258,11.298914909362793
ANNet,angle,10.0,J2,35,0.07563327252864838,4.938537120819092
analytical,angle,10.0,J1,35,0.18299010396003723,11.298914909362793
analytical,angle,10.0,J2,35,0.07307440042495728,4.938537120819092
ANNet,angle,25.0,J1,35,0.4578666388988495,11.298914909362793
ANNet,angle,25.0,J2,35,0.18551667034626007,4.938537120819092
analytical,angle,25.0,J1,35,0.4568248987197876,11.298914909362793
analytical,angle,25.0,J2,35,0.1851312667131424,4.938537120819092
ANNet,velocity,1.0,J1,35,0.03344835713505745,11.298914909362793
ANNet,velocity,1.0,J2,35,0.022327283397316933,4.938537120819092
analytical,velocity,1.0,J1,35,0.024221574887633324,11.298914909362793
analytical,velocity,1.0,J2,35,0.00824891310185194,4.938537120819092
ANNet,velocity,2.5,J1,35,0.06450199335813522,11.298914909362793
ANNet,velocity,2.5,J2,35,0.02933032624423504,4.938537120819092
analytical,velocity,2.5,J1,35,0.06054267659783363,11.298914909362793
analytical,velocity,2.5,J2,35,0.02063281275331974,4.938537120819092
ANNet,velocity,5.0,J1,35,0.12282148748636246,11.298914909362793
ANNet,velocity,5.0,J2,35,0.04642397165298462,4.938537120819092
analytical,velocity,5.0,J1,35,0.12113133072853088,11.298914909362793
analytical,velocity,5.0,J2,35,0.04132094979286194,4.938537120819092
ANNet,velocity,10.0,J1,35,0.2434292733669281,11.298914909362793
ANNet,velocity,10.0,J2,35,0.08595003932714462,4.938537120819092
analytical,velocity,10.0,J1,35,0.24307143688201904,11.298914909362793
analytical,velocity,10.0,J2,35,0.08301388472318649,4.938537120819092
ANNet,velocity,25.0,J1,35,0.6252375245094299,11.298914909362793
ANNet,velocity,25.0,J2,35,0.21497167646884918,4.938537120819092
analytical,velocity,25.0,J1,35,0.6259444952011108,11.298914909362793
analytical,velocity,25.0,J2,35,0.21325920522212982,4.938537120819092
ANNet,acceleration,1.0,J1,35,0.3154698312282562,11.298914909362793
ANNet,acceleration,1.0,J2,35,0.143943190574646,4.938537120819092
analytical,acceleration,1.0,J1,35,0.3144080340862274,11.298914909362793
analytical,acceleration,1.0,J2,35,0.14248311519622803,4.938537120819092
ANNet,acceleration,2.5,J1,35,0.7866716980934143,11.298914909362793
ANNet,acceleration,2.5,J2,35,0.3568169176578522,4.938537120819092
analytical,acceleration,2.5,J1,35,0.7860201597213745,11.298914909362793
analytical,acceleration,2.5,J2,35,0.35620778799057007,4.938537120819092
ANNet,acceleration,5.0,J1,35,1.572697639465332,11.298914909362793
ANNet,acceleration,5.0,J2,35,0.712797999382019,4.938537120819092
analytical,acceleration,5.0,J1,35,1.572040319442749,11.298914909362793
analytical,acceleration,5.0,J2,35,0.7124155759811401,4.938537120819092
ANNet,acceleration,10.0,J1,35,3.144944190979004,11.298914909362793
ANNet,acceleration,10.0,J2,35,1.4251924753189087,4.938537120819092
analytical,acceleration,10.0,J1,35,3.144080638885498,11.298914909362793
analytical,acceleration,10.0,J2,35,1.4248311519622803,4.938537120819092
ANNet,acceleration,25.0,J1,35,7.861056804656982,11.298914909362793
ANNet,acceleration,25.0,J2,35,3.562535047531128,4.938537120819092
analytical,acceleration,25.0,J1,35,7.860201358795166,11.298914909362793
analytical,acceleration,25.0,J2,35,3.5620779991149902,4.938537120819092
ANNet,none,0.0,J1,36,0.019533026963472366,13.190760612487793
ANNet,none,0.0,J2,36,0.030268436297774315,5.325356483459473
ANNet,all,1.0,J1,36,0.15978224575519562,13.190760612487793
ANNet,all,1.0,J2,36,0.07443057000637054,5.325356483459473
analytical,all,1.0,J1,36,0.15823936462402344,13.190760612487793
analytical,all,1.0,J2,36,0.06773438304662704,5.325356483459473
ANNet,all,2.5,J1,36,0.3969402611255646,13.190760612487793
ANNet,all,2.5,J2,36,0.1725279837846756,5.325356483459473
analytical,all,2.5,J1,36,0.39559701085090637,13.190760612487793
analytical,all,2.5,J2,36,0.16933521628379822,5.325356483459473
ANNet,all,5.0,J1,36,0.7931430339813232,13.190760612487793
ANNet,all,5.0,J2,36,0.34094923734664917,5.325356483459473
analytical,all,5.0,J1,36,0.7911840677261353,13.190760612487793
analytical,all,5.0,J2,36,0.3386673927307129,5.325356483459473
ANNet,all,10.0,J1,36,1.5857847929000854,13.190760612487793
ANNet,all,10.0,J2,36,0.6797428131103516,5.325356483459473
analytical,all,10.0,J1,36,1.5822879076004028,13.190760612487793
analytical,all,10.0,J2,36,0.6773185133934021,5.325356483459473
ANNet,all,25.0,J1,36,3.9618148803710938,13.190760612487793
ANNet,all,25.0,J2,36,1.6971815824508667,5.325356483459473
analytical,all,25.0,J1,36,3.9543142318725586,13.190760612487793
analytical,all,25.0,J2,36,1.6930993795394897,5.325356483459473
ANNet,angle,1.0,J1,36,0.020046385005116463,13.190760612487793
ANNet,angle,1.0,J2,36,0.03039846196770668,5.325356483459473
analytical,angle,1.0,J1,36,0.004598801024258137,13.190760612487793
analytical,angle,1.0,J2,36,0.002727980026975274,5.325356483459473
ANNet,angle,2.5,J1,36,0.022583967074751854,13.190760612487793
ANNet,angle,2.5,J2,36,0.031041931360960007,5.325356483459473
analytical,angle,2.5,J1,36,0.011497600004076958,13.190760612487793
analytical,angle,2.5,J2,36,0.006819917820394039,5.325356483459473
ANNet,angle,5.0,J1,36,0.029961111024022102,13.190760612487793
ANNet,angle,5.0,J2,36,0.03321700915694237,5.325356483459473
analytical,angle,5.0,J1,36,0.022998403757810593,13.190760612487793
analytical,angle,5.0,J2,36,0.01364014483988285,5.325356483459473
ANNet,angle,10.0,J1,36,0.04951881617307663,13.190760612487793
ANNet,angle,10.0,J2,36,0.04074474424123764,5.325356483459473
analytical,angle,10.0,J1,36,0.04601860046386719,13.190760612487793
analytical,angle,10.0,J2,36,0.02728470228612423,5.325356483459473
ANNet,angle,25.0,J1,36,0.11584949493408203,13.190760612487793
ANNet,angle,25.0,J2,36,0.07455412298440933,5.325356483459473
analytical,angle,25.0,J1,36,0.11538869142532349,13.190760612487793
analytical,angle,25.0,J2,36,0.06830786168575287,5.325356483459473
ANNet,velocity,1.0,J1,36,0.019940534606575966,13.190760612487793
ANNet,velocity,1.0,J2,36,0.03057178668677807,5.325356483459473
analytical,velocity,1.0,J1,36,0.0041294097900390625,13.190760612487793
analytical,velocity,1.0,J2,36,0.00425295764580369,5.325356483459473
ANNet,velocity,2.5,J1,36,0.02205214835703373,13.190760612487793
ANNet,velocity,2.5,J2,36,0.03209652379155159,5.325356483459473
analytical,velocity,2.5,J1,36,0.010327574796974659,13.190760612487793
analytical,velocity,2.5,J2,36,0.010632988065481186,5.325356483459473
ANNet,velocity,5.0,J1,36,0.028405727818608284,13.190760612487793
ANNet,velocity,5.0,J2,36,0.037024348974227905,5.325356483459473
analytical,velocity,5.0,J1,36,0.02067505195736885,13.190760612487793
analytical,velocity,5.0,J2,36,0.021275579929351807,5.325356483459473
ANNet,velocity,10.0,J1,36,0.04587271064519882,13.190760612487793
ANNet,velocity,10.0,J2,36,0.05233461409807205,5.325356483459473
analytical,velocity,10.0,J1,36,0.04147746413946152,13.190760612487793
analytical,velocity,10.0,J2,36,0.04264668747782707,5.325356483459473
ANNet,velocity,25.0,J1,36,0.10761097818613052,13.190760612487793
ANNet,velocity,25.0,J2,36,0.1125953420996666,5.325356483459473
analytical,velocity,25.0,J1,36,0.10558716952800751,13.190760612487793
analytical,velocity,25.0,J2,36,0.10845812410116196,5.325356483459473
ANNet,acceleration,1.0,J1,36,0.15965400636196136,13.190760612487793
ANNet,acceleration,1.0,J2,36,0.07424899190664291,5.325356483459473
analytical,acceleration,1.0,J1,36,0.15810294449329376,13.190760612487793
analytical,acceleration,1.0,J2,36,0.06754092872142792,5.325356483459473
ANNet,acceleration,2.5,J1,36,0.39661234617233276,13.190760612487793
ANNet,acceleration,2.5,J2,36,0.1720486581325531,5.325356483459473
analytical,acceleration,2.5,J1,36,0.3952573835849762,13.190760612487793
analytical,acceleration,2.5,J2,36,0.1688523292541504,5.325356483459473
ANNet,acceleration,5.0,J1,36,0.7924937009811401,13.190760612487793
ANNet,acceleration,5.0,J2,36,0.33998948335647583,5.325356483459473
analytical,acceleration,5.0,J1,36,0.7905147671699524,13.190760612487793
analytical,acceleration,5.0,J2,36,0.3377046585083008,5.325356483459473
ANNet,acceleration,10.0,J1,36,1.5845766067504883,13.190760612487793
ANNet,acceleration,10.0,J2,36,0.6778469681739807,5.325356483459473
analytical,acceleration,10.0,J1,36,1.5810295343399048,13.190760612487793
analytical,acceleration,10.0,J2,36,0.6754093170166016,5.325356483459473
ANNet,acceleration,25.0,J1,36,3.960425853729248,13.190760612487793
ANNet,acceleration,25.0,J2,36,1.6927440166473389,5.325356483459473
analytical,acceleration,25.0,J1,36,3.952573776245117,13.190760612487793
analytical,acceleration,25.0,J2,36,1.6885234117507935,5.325356483459473
ANNet,none,0.0,J1,37,0.024564793333411217,16.9058837890625
ANNet,none,0.0,J2,37,0.02551594004034996,6.730084419250488
ANNet,all,1.0,J1,37,0.3030500113964081,16.9058837890625
ANNet,all,1.0,J2,37,0.13686895370483398,6.730084419250488
analytical,all,1.0,J1,37,0.30178534984588623,16.9058837890625
analytical,all,1.0,J2,37,0.13426999747753143,6.730084419250488
ANNet,all,2.5,J1,37,0.7556079030036926,16.9058837890625
ANNet,all,2.5,J2,37,0.3370990753173828,6.730084419250488
analytical,all,2.5,J1,37,0.7544615864753723,16.9058837890625
analytical,all,2.5,J2,37,0.3356717824935913,6.730084419250488
ANNet,all,5.0,J1,37,1.5106087923049927,16.9058837890625
ANNet,all,5.0,J2,37,0.672698438167572,6.730084419250488
analytical,all,5.0,J1,37,1.50889253616333,16.9058837890625
analytical,all,5.0,J2,37,0.6713321208953857,6.730084419250488
ANNet,all,10.0,J1,37,3.0204224586486816,16.9058837890625
ANNet,all,10.0,J2,37,1.3444932699203491,6.730084419250488
analytical,all,10.0,J1,37,3.0174779891967773,16.9058837890625
analytical,all,10.0,J2,37,1.3426146507263184,6.730084419250488
ANNet,all,25.0,J1,37,7.542099952697754,16.9058837890625
ANNet,all,25.0,J2,37,3.359022378921509,6.730084419250488
analytical,all,25.0,J1,37,7.537763595581055,16.9058837890625
analytical,all,25.0,J2,37,3.3561158180236816,6.730084419250488
ANNet,angle,1.0,J1,37,0.03204789757728577,16.9058837890625
ANNet,angle,1.0,J2,37,0.027132801711559296,6.730084419250488
analytical,angle,1.0,J1,37,0.020595114678144455,16.9058837890625
analytical,angle,1.0,J2,37,0.009050932712852955,6.730084419250488
ANNet,angle,2.5,J1,37,0.057058192789554596,16.9058837890625
ANNet,angle,2.5,J2,37,0.03421653434634209,6.730084419250488
analytical,angle,2.5,J1,37,0.05148958042263985,16.9058837890625
analytical,angle,2.5,J2,37,0.022628048434853554,6.730084419250488
ANNet,angle,5.0,J1,37,0.10591946542263031,16.9058837890625
ANNet,angle,5.0,J2,37,0.05209547281265259,6.730084419250488
analytical,angle,5.0,J1,37,0.10298480093479156,16.9058837890625
analytical,angle,5.0,J2,37,0.045261893421411514,6.730084419250488
ANNet,angle,10.0,J1,37,0.20756275951862335,16.9058837890625
ANNet,angle,10.0,J2,37,0.09422492980957031,6.730084419250488
analytical,angle,10.0,J1,37,0.20598970353603363,16.9058837890625
analytical,angle,10.0,J2,37,0.0905723124742508,6.730084419250488
ANNet,angle,25.0,J1,37,0.5158989429473877,16.9058837890625
ANNet,angle,25.0,J2,37,0.22876431047916412,6.730084419250488
analytical,angle,25.0,J1,37,0.5150717496871948,16.9058837890625
analytical,angle,25.0,J2,37,0.2272946536540985,6.730084419250488
ANNet,velocity,1.0,J1,37,0.033214930444955826,16.9058837890625
ANNet,velocity,1.0,J2,37,0.029273036867380142,6.730084419250488
analytical,velocity,1.0,J1,37,0.022462844848632812,16.9058837890625
analytical,velocity,1.0,J2,37,0.014403793029487133,6.730084419250488
ANNet,velocity,2.5,J1,37,0.061069853603839874,16.9058837890625
ANNet,velocity,2.5,J2,37,0.04394882544875145,6.730084419250488
analytical,velocity,2.5,J1,37,0.05616609752178192,16.9058837890625
analytical,velocity,2.5,J2,37,0.036005958914756775,6.730084419250488
ANNet,velocity,5.0,J1,37,0.1145709902048111,16.9058837890625
ANNet,velocity,5.0,J2,37,0.07594235986471176,6.730084419250488
analytical,velocity,5.0,J1,37,0.11240573227405548,16.9058837890625
analytical,velocity,5.0,J2,37,0.07202578336000443,6.730084419250488
ANNet,velocity,10.0,J1,37,0.22579583525657654,16.9058837890625
ANNet,velocity,10.0,J2,37,0.14551644027233124,6.730084419250488
analytical,velocity,10.0,J1,37,0.22543150186538696,16.9058837890625
analytical,velocity,10.0,J2,37,0.1442987620830536,6.730084419250488
ANNet,velocity,25.0,J1,37,0.572935163974762,16.9058837890625
ANNet,velocity,25.0,J2,37,0.3648633360862732,6.730084419250488
analytical,velocity,25.0,J1,37,0.5746316909790039,16.9058837890625
analytical,velocity,25.0,J2,37,0.36638712882995605,6.730084419250488
ANNet,acceleration,1.0,J1,37,0.30145949125289917,16.9058837890625
ANNet,acceleration,1.0,J2,37,0.13572266697883606,6.730084419250488
analytical,acceleration,1.0,J1,37,0.30018147826194763,16.9058837890625
analytical,acceleration,1.0,J2,37,0.13310782611370087,6.730084419250488
ANNet,acceleration,2.5,J1,37,0.751619279384613,16.9058837890625
ANNet,acceleration,2.5,J2,37,0.3342205584049225,6.730084419250488
analytical,acceleration,2.5,J1,37,0.7504537105560303,16.9058837890625
analytical,acceleration,2.5,J2,37,0.33276960253715515,6.730084419250488
ANNet,acceleration,5.0,J1,37,1.5026603937149048,16.9058837890625
ANNet,acceleration,5.0,J2,37,0.6669595241546631,6.730084419250488
analytical,acceleration,5.0,J1,37,1.5009074211120605,16.9058837890625
analytical,acceleration,5.0,J2,37,0.6655392050743103,6.730084419250488
ANNet,acceleration,10.0,J1,37,3.004859685897827,16.9058837890625
ANNet,acceleration,10.0,J2,37,1.3330880403518677,6.730084419250488
analytical,acceleration,10.0,J1,37,3.001814842224121,16.9058837890625
analytical,acceleration,10.0,J2,37,1.3310784101486206,6.730084419250488
ANNet,acceleration,25.0,J1,37,7.509411334991455,16.9058837890625
ANNet,acceleration,25.0,J2,37,3.3310563564300537,6.730084419250488
analytical,acceleration,25.0,J1,37,7.5045366287231445,16.9058837890625
analytical,acceleration,25.0,J2,37,3.3276960849761963,6.730084419250488
ANNet,none,0.0,J1,38,0.033517081290483475,5.391300678253174
ANNet,none,0.0,J2,38,0.021752314642071724,3.6883959770202637
ANNet,all,1.0,J1,38,0.3775681257247925,5.391300678253174
ANNet,all,1.0,J2,38,0.1765018105506897,3.6883959770202637
analytical,all,1.0,J1,38,0.37617671489715576,5.391300678253174
analytical,all,1.0,J2,38,0.17500096559524536,3.6883959770202637
ANNet,all,2.5,J1,38,0.9409899115562439,5.391300678253174
ANNet,all,2.5,J2,38,0.4383382499217987,3.6883959770202637
analytical,all,2.5,J1,38,0.9404349327087402,5.391300678253174
analytical,all,2.5,J2,38,0.4374971091747284,3.6883959770202637
ANNet,all,5.0,J1,38,1.8811585903167725,5.391300678253174
ANNet,all,5.0,J2,38,0.8757801055908203,3.6883959770202637
analytical,all,5.0,J1,38,1.8807978630065918,5.391300678253174
analytical,all,5.0,J2,38,0.8749608397483826,3.6883959770202637
ANNet,all,10.0,J1,38,3.7614259719848633,5.391300678253174
ANNet,all,10.0,J2,38,1.7508862018585205,3.6883959770202637
analytical,all,10.0,J1,38,3.7609446048736572,5.391300678253174
analytical,all,10.0,J2,38,1.7496718168258667,3.6883959770202637
ANNet,all,25.0,J1,38,9.392536163330078,5.391300678253174
ANNet,all,25.0,J2,38,4.373316287994385,3.6883959770202637
analytical,all,25.0,J1,38,9.390581130981445,5.391300678253174
analytical,all,25.0,J2,38,4.370031833648682,3.6883959770202637
ANNet,angle,1.0,J1,38,0.037666697055101395,5.391300678253174
ANNet,angle,1.0,J2,38,0.026196392253041267,3.6883959770202637
analytical,angle,1.0,J1,38,0.017138266935944557,5.391300678253174
analytical,angle,1.0,J2,38,0.01443592831492424,3.6883959770202637
ANNet,angle,2.5,J1,38,0.054440341889858246,5.391300678253174
ANNet,angle,2.5,J2,38,0.04240487888455391,3.6883959770202637
analytical,angle,2.5,J1,38,0.04284114018082619,5.391300678253174
analytical,angle,2.5,J2,38,0.03609355166554451,3.6883959770202637
ANNet,angle,5.0,J1,38,0.09205543994903564,5.391300678253174
ANNet,angle,5.0,J2,38,0.07593788206577301,3.6883959770202637
analytical,angle,5.0,J1,38,0.08566415309906006,5.391300678253174
analytical,angle,5.0,J2,38,0.07221586257219315,3.6883959770202637
ANNet,angle,10.0,J1,38,0.17456716299057007,5.391300678253174
ANNet,angle,10.0,J2,38,0.1472192257642746,3.6883959770202637
analytical,angle,10.0,J1,38,0.17123347520828247,5.391300678253174
analytical,angle,10.0,J2,38,0.1446687877178192,3.6883959770202637
ANNet,angle,25.0,J1,38,0.42809945344924927,5.391300678253174
ANNet,angle,25.0,J2,38,0.36760053038597107,3.6883959770202637
analytical,angle,25.0,J1,38,0.4269307255744934,5.391300678253174
analytical,angle,25.0,J2,38,0.36581045389175415,3.6883959770202637
ANNet,velocity,1.0,J1,38,0.0492825023829937,5.391300678253174
ANNet,velocity,1.0,J2,38,0.023451147601008415,3.6883959770202637
analytical,velocity,1.0,J1,38,0.03588096424937248,5.391300678253174
analytical,velocity,1.0,J2,38,0.008699864149093628,3.6883959770202637
ANNet,velocity,2.5,J1,38,0.09635240584611893,5.391300678253174
ANNet,velocity,2.5,J2,38,0.030774574726819992,3.6883959770202637
analytical,velocity,2.5,J1,38,0.08975838869810104,5.391300678253174
analytical,velocity,2.5,J2,38,0.021754955872893333,3.6883959770202637
ANNet,velocity,5.0,J1,38,0.18417559564113617,5.391300678253174
ANNet,velocity,5.0,J2,38,0.04862694442272186,3.6883959770202637
analytical,velocity,5.0,J1,38,0.17998291552066803,5.391300678253174
analytical,velocity,5.0,J2,38,0.04355786740779877,3.6883959770202637
ANNet,velocity,10.0,J1,38,0.3675934672355652,5.391300678253174
ANNet,velocity,10.0,J2,38,0.08996982127428055,3.6883959770202637
analytical,velocity,10.0,J1,38,0.3639029264450073,5.391300678253174
analytical,velocity,10.0,J2,38,0.0875338613986969,3.6883959770202637
ANNet,velocity,25.0,J1,38,0.9830909967422485,5.391300678253174
ANNet,velocity,25.0,J2,38,0.22671574354171753,3.6883959770202637
analytical,velocity,25.0,J1,38,0.9780392050743103,5.391300678253174
analytical,velocity,25.0,J2,38,0.2263602614402771,3.6883959770202637
ANNet,acceleration,1.0,J1,38,0.37555307149887085,5.391300678253174
ANNet,acceleration,1.0,J2,38,0.17562243342399597,3.6883959770202637
analytical,acceleration,1.0,J1,38,0.37417978048324585,5.391300678253174
analytical,acceleration,1.0,J2,38,0.17413188517093658,3.6883959770202637
ANNet,acceleration,2.5,J1,38,0.9359493851661682,5.391300678253174
ANNet,acceleration,2.5,J2,38,0.43614640831947327,3.6883959770202637
analytical,acceleration,2.5,J1,38,0.9354494214057922,5.391300678253174
analytical,acceleration,2.5,J2,38,0.43532973527908325,3.6883959770202637
ANNet,acceleration,5.0,J1,38,1.871140480041504,5.391300678253174
ANNet,acceleration,5.0,J2,38,0.8714398145675659,3.6883959770202637
analytical,acceleration,5.0,J1,38,1.870898962020874,5.391300678253174
analytical,acceleration,5.0,J2,38,0.8706594705581665,3.6883959770202637
ANNet,acceleration,10.0,J1,38,3.7419703006744385,5.391300678253174
ANNet,acceleration,10.0,J2,38,1.7424927949905396,3.6883959770202637
analytical,acceleration,10.0,J1,38,3.741797685623169,5.391300678253174
analytical,acceleration,10.0,J2,38,1.741318941116333,3.6883959770202637
ANNet,acceleration,25.0,J1,38,9.35477352142334,5.391300678253174
ANNet,acceleration,25.0,J2,38,4.35690975189209,3.6883959770202637
analytical,acceleration,25.0,J1,38,9.35449504852295,5.391300678253174
analytical,acceleration,25.0,J2,38,4.353297233581543,3.6883959770202637
ANNet,none,0.0,J1,39,0.024818837642669678,9.66876220703125
ANNet,none,0.0,J2,39,0.03335515782237053,3.975362777709961
ANNet,all,1.0,J1,39,0.09340795129537582,9.66876220703125
ANNet,all,1.0,J2,39,0.05029825121164322,3.975362777709961
analytical,all,1.0,J1,39,0.09022999554872513,9.66876220703125
analytical,all,1.0,J2,39,0.037274591624736786,3.975362777709961
ANNet,all,2.5,J1,39,0.22678984701633453,9.66876220703125
ANNet,all,2.5,J2,39,0.09936859458684921,3.975362777709961
analytical,all,2.5,J1,39,0.22557489573955536,9.66876220703125
analytical,all,2.5,J2,39,0.09318602830171585,3.975362777709961
ANNet,all,5.0,J1,39,0.4517378807067871,9.66876220703125
ANNet,all,5.0,J2,39,0.18981340527534485,3.975362777709961
analytical,all,5.0,J1,39,0.45114803314208984,9.66876220703125
analytical,all,5.0,J2,39,0.18637025356292725,3.975362777709961
ANNet,all,10.0,J1,39,0.9026427268981934,9.66876220703125
ANNet,all,10.0,J2,39,0.374853253364563,3.975362777709961
analytical,all,10.0,J1,39,0.9022780060768127,9.66876220703125
analytical,all,10.0,J2,39,0.3727310299873352,3.975362777709961
ANNet,all,25.0,J1,39,2.255951166152954,9.66876220703125
ANNet,all,25.0,J2,39,0.9334063529968262,3.975362777709961
analytical,all,25.0,J1,39,2.255341053009033,9.66876220703125
analytical,all,25.0,J2,39,0.9317125082015991,3.975362777709961
ANNet,angle,1.0,J1,39,0.024847615510225296,9.66876220703125
ANNet,angle,1.0,J2,39,0.03337344154715538,3.975362777709961
analytical,angle,1.0,J1,39,0.00122066552285105,9.66876220703125
analytical,angle,1.0,J2,39,0.0009734820923767984,3.975362777709961
ANNet,angle,2.5,J1,39,0.025001084432005882,9.66876220703125
ANNet,angle,2.5,J2,39,0.03345504030585289,3.975362777709961
analytical,angle,2.5,J1,39,0.003051654202863574,9.66876220703125
analytical,angle,2.5,J2,39,0.0024336781352758408,3.975362777709961
ANNet,angle,5.0,J1,39,0.025543777272105217,9.66876220703125
ANNet,angle,5.0,J2,39,0.03373410552740097,3.975362777709961
analytical,angle,5.0,J1,39,0.006103948689997196,9.66876220703125
analytical,angle,5.0,J2,39,0.004867387004196644,3.975362777709961
ANNet,angle,10.0,J1,39,0.027614014223217964,9.66876220703125
ANNet,angle,10.0,J2,39,0.03481002524495125,3.975362777709961
analytical,angle,10.0,J1,39,0.012215450406074524,9.66876220703125
analytical,angle,10.0,J2,39,0.009735768660902977,3.975362777709961
ANNet,angle,25.0,J1,39,0.03926482051610947,9.66876220703125
ANNet,angle,25.0,J2,39,0.04152270779013634,3.975362777709961
analytical,angle,25.0,J1,39,0.030695194378495216,9.66876220703125
analytical,angle,25.0,J2,39,0.02436421997845173,3.975362777709961
ANNet,velocity,1.0,J1,39,0.024837050586938858,9.66876220703125
ANNet,velocity,1.0,J2,39,0.03338468074798584,3.975362777709961
analytical,velocity,1.0,J1,39,0.0009182979702018201,9.66876220703125
analytical,velocity,1.0,J2,39,0.0012278975918889046,3.975362777709961
ANNet,velocity,2.5,J1,39,0.02492283470928669,9.66876220703125
ANNet,velocity,2.5,J2,39,0.033521510660648346,3.975362777709961
analytical,velocity,2.5,J1,39,0.0022965671960264444,9.66876220703125
analytical,velocity,2.5,J2,39,0.003070749342441559,3.975362777709961
ANNet,velocity,5.0,J1,39,0.025220217183232307,9.66876220703125
ANNet,velocity,5.0,J2,39,0.03399326279759407,3.975362777709961
analytical,velocity,5.0,J1,39,0.004597476217895746,9.66876220703125
analytical,velocity,5.0,J2,39,0.006147854495793581,3.975362777709961
ANNet,velocity,10.0,J1,39,0.026374023407697678,9.66876220703125
ANNet,velocity,10.0,J2,39,0.03580912947654724,3.975362777709961
analytical,velocity,10.0,J1,39,0.009224262088537216,9.66876220703125
analytical,velocity,10.0,J2,39,0.012343576177954674,3.975362777709961
ANNet,velocity,25.0,J1,39,0.03364013135433197,9.66876220703125
ANNet,velocity,25.0,J2,39,0.046952519565820694,3.975362777709961
analytical,velocity,25.0,J1,39,0.02351507544517517,9.66876220703125
analytical,velocity,25.0,J2,39,0.03165607526898384,3.975362777709961
ANNet,acceleration,1.0,J1,39,0.09338945150375366,9.66876220703125
ANNet,acceleration,1.0,J2,39,0.050260916352272034,3.975362777709961
analytical,acceleration,1.0,J1,39,0.09021034836769104,9.66876220703125
analytical,acceleration,1.0,J2,39,0.03723445534706116,3.975362777709961
ANNet,acceleration,2.5,J1,39,0.2267429232597351,9.66876220703125
ANNet,acceleration,2.5,J2,39,0.09926169365644455,3.975362777709961
analytical,acceleration,2.5,J1,39,0.2255258709192276,9.66876220703125
analytical,acceleration,2.5,J2,39,0.0930861383676529,3.975362777709961
ANNet,acceleration,5.0,J1,39,0.4516456723213196,9.66876220703125
ANNet,acceleration,5.0,J2,39,0.1895989179611206,3.975362777709961
analytical,acceleration,5.0,J1,39,0.4510517418384552,9.66876220703125
analytical,acceleration,5.0,J2,39,0.1861722767353058,3.975362777709961
ANNet,acceleration,10.0,J1,39,0.902475118637085,9.66876220703125
ANNet,acceleration,10.0,J2,39,0.37443631887435913,3.975362777709961
analytical,acceleration,10.0,J1,39,0.9021034836769104,9.66876220703125
analytical,acceleration,10.0,J2,39,0.3723445534706116,3.975362777709961
ANNet,acceleration,25.0,J1,39,2.2558679580688477,9.66876220703125
ANNet,acceleration,25.0,J2,39,0.9324948787689209,3.975362777709961
analytical,acceleration,25.0,J1,39,2.255258560180664,9.66876220703125
analytical,acceleration,25.0,J2,39,0.9308613538742065,3.975362777709961
ANNet,none,0.0,J1,40,0.023386474698781967,10.398860931396484
ANNet,none,0.0,J2,40,0.023456471040844917,4.542068004608154
ANNet,all,1.0,J1,40,0.26650792360305786,10.398860931396484
ANNet,all,1.0,J2,40,0.12189806997776031,4.542068004608154
analytical,all,1.0,J1,40,0.26520463824272156,10.398860931396484
analytical,all,1.0,J2,40,0.11950913816690445,4.542068004608154
ANNet,all,2.5,J1,40,0.6639634966850281,10.398860931396484
ANNet,all,2.5,J2,40,0.29992184042930603,4.542068004608154
analytical,all,2.5,J1,40,0.6630053520202637,10.398860931396484
analytical,all,2.5,J2,40,0.29876986145973206,4.542068004608154
ANNet,all,5.0,J1,40,1.327161192893982,10.398860931396484
ANNet,all,5.0,J2,40,0.5984183549880981,4.542068004608154
analytical,all,5.0,J1,40,1.325967788696289,10.398860931396484
analytical,all,5.0,J2,40,0.5975251197814941,4.542068004608154
ANNet,all,10.0,J1,40,2.6534955501556396,10.398860931396484
ANNet,all,10.0,J2,40,1.1959916353225708,4.542068004608154
analytical,all,10.0,J1,40,2.651597261428833,10.398860931396484
analytical,all,10.0,J2,40,1.1949586868286133,4.542068004608154
ANNet,all,25.0,J1,40,6.6263837814331055,10.398860931396484
ANNet,all,25.0,J2,40,2.9876227378845215,4.542068004608154
analytical,all,25.0,J1,40,6.623178958892822,10.398860931396484
analytical,all,25.0,J2,40,2.9860496520996094,4.542068004608154
ANNet,angle,1.0,J1,40,0.02604445070028305,10.398860931396484
ANNet,angle,1.0,J2,40,0.023906540125608444,4.542068004608154
analytical,angle,1.0,J1,40,0.011423754505813122,10.398860931396484
analytical,angle,1.0,J2,40,0.004768446087837219,4.542068004608154
ANNet,angle,2.5,J1,40,0.036949388682842255,10.398860931396484
ANNet,angle,2.5,J2,40,0.02625386044383049,4.542068004608154
analytical,angle,2.5,J1,40,0.028560152277350426,10.398860931396484
analytical,angle,2.5,J2,40,0.011922118254005909,4.542068004608154
ANNet,angle,5.0,J1,40,0.061779338866472244,10.398860931396484
ANNet,angle,5.0,J2,40,0.033386051654815674,4.542068004608154
analytical,angle,5.0,J1,40,0.057123225182294846,10.398860931396484
analytical,angle,5.0,J2,40,0.02385331690311432,4.542068004608154
ANNet,angle,10.0,J1,40,0.11670831590890884,10.398860931396484
ANNet,angle,10.0,J2,40,0.05320899188518524,4.542068004608154
analytical,angle,10.0,J1,40,0.11426113545894623,10.398860931396484
analytical,angle,10.0,J2,40,0.0477856881916523,4.542068004608154
ANNet,angle,25.0,J1,40,0.2868686616420746,10.398860931396484
ANNet,angle,25.0,J2,40,0.12336002290248871,4.542068004608154
analytical,angle,25.0,J1,40,0.28582140803337097,10.398860931396484
analytical,angle,25.0,J2,40,0.12089557200670242,4.542068004608154
ANNet,velocity,1.0,J1,40,0.027421360835433006,10.398860931396484
ANNet,velocity,1.0,J2,40,0.024079233407974243,4.542068004608154
analytical,velocity,1.0,J1,40,0.014584282413125038,10.398860931396484
analytical,velocity,1.0,J2,40,0.005524288862943649,4.542068004608154
ANNet,velocity,2.5,J1,40,0.04307779297232628,10.398860931396484
ANNet,velocity,2.5,J2,40,0.02716127224266529,4.542068004608154
analytical,velocity,2.5,J1,40,0.03646281361579895,10.398860931396484
analytical,velocity,2.5,J2,40,0.013812604360282421,4.542068004608154
ANNet,velocity,5.0,J1,40,0.07633411884307861,10.398860931396484
ANNet,velocity,5.0,J2,40,0.03612145036458969,4.542068004608154
analytical,velocity,5.0,J1,40,0.07298293709754944,10.398860931396484
analytical,velocity,5.0,J2,40,0.02764686942100525,4.542068004608154
ANNet,velocity,10.0,J1,40,0.14804568886756897,10.398860931396484
ANNet,velocity,10.0,J2,40,0.05997229367494583,4.542068004608154
analytical,velocity,10.0,J1,40,0.1465710699558258,10.398860931396484
analytical,velocity,10.0,J2,40,0.05549544095993042,4.542068004608154
ANNet,velocity,25.0,J1,40,0.3784700334072113,10.398860931396484
ANNet,velocity,25.0,J2,40,0.14367564022541046,4.542068004608154
analytical,velocity,25.0,J1,40,0.37828052043914795,10.398860931396484
analytical,velocity,25.0,J2,40,0.14249901473522186,4.542068004608154
ANNet,acceleration,1.0,J1,40,0.26594653725624084,10.398860931396484
ANNet,acceleration,1.0,J2,40,0.12173719704151154,4.542068004608154
analytical,acceleration,1.0,J1,40,0.26462647318840027,10.398860931396484
analytical,acceleration,1.0,J2,40,0.11933445930480957,4.542068004608154
ANNet,acceleration,2.5,J1,40,0.6625432372093201,10.398860931396484
ANNet,acceleration,2.5,J2,40,0.2995026409626007,4.542068004608154
analytical,acceleration,2.5,J1,40,0.6615661978721619,10.398860931396484
analytical,acceleration,2.5,J2,40,0.2983361780643463,4.542068004608154
ANNet,acceleration,5.0,J1,40,1.3243530988693237,10.398860931396484
ANNet,acceleration,5.0,J2,40,0.5975850224494934,4.542068004608154
analytical,acceleration,5.0,J1,40,1.3231323957443237,10.398860931396484
analytical,acceleration,5.0,J2,40,0.5966723561286926,4.542068004608154
ANNet,acceleration,10.0,J1,40,2.6482272148132324,10.398860931396484
ANNet,acceleration,10.0,J2,40,1.1944175958633423,4.542068004608154
analytical,acceleration,10.0,J1,40,2.6462647914886475,10.398860931396484
analytical,acceleration,10.0,J2,40,1.1933447122573853,4.542068004608154
ANNet,acceleration,25.0,J1,40,6.619236946105957,10.398860931396484
ANNet,acceleration,25.0,J2,40,2.985130548477173,4.542068004608154
analytical,acceleration,25.0,J1,40,6.615662097930908,10.398860931396484
analytical,acceleration,25.0,J2,40,2.9833617210388184,4.542068004608154
ANNet,none,0.0,J1,41,0.02742883376777172,17.174182891845703
ANNet,none,0.0,J2,41,0.02735772728919983,6.775166988372803
ANNet,all,1.0,J1,41,0.2615170180797577,17.174182891845703
ANNet,all,1.0,J2,41,0.11773078888654709,6.775166988372803
analytical,all,1.0,J1,41,0.2595675587654114,17.174182891845703
analytical,all,1.0,J2,41,0.11430990695953369,6.775166988372803
ANNet,all,2.5,J1,41,0.6507858633995056,17.174182891845703
ANNet,all,2.5,J2,41,0.2876734435558319,6.775166988372803
analytical,all,2.5,J1,41,0.6489174962043762,17.174182891845703
analytical,all,2.5,J2,41,0.2857762277126312,6.775166988372803
ANNet,all,5.0,J1,41,1.300665020942688,17.174182891845703
ANNet,all,5.0,J2,41,0.5734469890594482,6.775166988372803
analytical,all,5.0,J1,41,1.2978160381317139,17.174182891845703
analytical,all,5.0,J2,41,0.571557343006134,6.775166988372803
ANNet,all,10.0,J1,41,2.6004276275634766,17.174182891845703
ANNet,all,10.0,J2,41,1.145870327949524,6.775166988372803
analytical,all,10.0,J1,41,2.5954487323760986,17.174182891845703
analytical,all,10.0,J2,41,1.1431350708007812,6.775166988372803
ANNet,all,25.0,J1,41,6.493187427520752,17.174182891845703
ANNet,all,25.0,J2,41,2.862476348876953,6.775166988372803
analytical,all,25.0,J1,41,6.4851155281066895,17.174182891845703
analytical,all,25.0,J2,41,2.858022689819336,6.775166988372803
ANNet,angle,1.0,J1,41,0.030722737312316895,17.174182891845703
ANNet,angle,1.0,J2,41,0.027978699654340744,6.775166988372803
analytical,angle,1.0,J1,41,0.013760910369455814,17.174182891845703
analytical,angle,1.0,J2,41,0.006116619799286127,6.775166988372803
ANNet,angle,2.5,J1,41,0.04408101737499237,17.174182891845703
ANNet,angle,2.5,J2,41,0.03122468665242195,6.775166988372803
analytical,angle,2.5,J1,41,0.03440116345882416,17.174182891845703
analytical,angle,2.5,J2,41,0.015290485695004463,6.775166988372803
ANNet,angle,5.0,J1,41,0.07420717924833298,17.174182891845703
ANNet,angle,5.0,J2,41,0.04086765646934509,6.775166988372803
analytical,angle,5.0,J1,41,0.06879939138889313,17.174182891845703
analytical,angle,5.0,J2,41,0.030578704550862312,6.775166988372803
ANNet,angle,10.0,J1,41,0.14053811132907867,17.174182891845703
ANNet,angle,10.0,J2,41,0.06683116406202316,6.775166988372803
analytical,angle,10.0,J1,41,0.13759303092956543,17.174182891845703
analytical,angle,10.0,J2,41,0.061157941818237305,6.775166988372803
ANNet,angle,25.0,J1,41,0.34563782811164856,17.174182891845703
ANNet,angle,25.0,J2,41,0.15537652373313904,6.775166988372803
analytical,angle,25.0,J1,41,0.34405913949012756,17.174182891845703
analytical,angle,25.0,J2,41,0.15309034287929535,6.775166988372803
ANNet,velocity,1.0,J1,41,0.030691010877490044,17.174182891845703
ANNet,velocity,1.0,J2,41,0.029866717755794525,6.775166988372803
analytical,velocity,1.0,J1,41,0.013560310937464237,17.174182891845703
analytical,velocity,1.0,J2,41,0.011989511549472809,6.775166988372803
ANNet,velocity,2.5,J1,41,0.04385354742407799,17.174182891845703
ANNet,velocity,2.5,J2,41,0.04052141308784485,6.775166988372803
analytical,velocity,2.5,J1,41,0.033912453800439835,17.174182891845703
analytical,velocity,2.5,J2,41,0.02997894585132599,6.775166988372803
ANNet,velocity,5.0,J1,41,0.07364363223314285,17.174182891845703
ANNet,velocity,5.0,J2,41,0.06573736667633057,6.775166988372803
analytical,velocity,5.0,J1,41,0.06788542866706848,17.174182891845703
analytical,velocity,5.0,J2,41,0.05999172851443291,6.775166988372803
ANNet,velocity,10.0,J1,41,0.13964182138442993,17.174182891845703
ANNet,velocity,10.0,J2,41,0.12286271899938583,6.775166988372803
analytical,velocity,10.0,J1,41,0.1361742913722992,17.174182891845703
analytical,velocity,10.0,J2,41,0.12024325877428055,6.775166988372803
ANNet,velocity,25.0,J1,41,0.34895989298820496,17.174182891845703
ANNet,velocity,25.0,J2,41,0.30522364377975464,6.775166988372803
analytical,velocity,25.0,J1,41,0.3466328978538513,17.174182891845703
analytical,velocity,25.0,J2,41,0.3050127625465393,6.775166988372803
ANNet,acceleration,1.0,J1,41,0.260945588350296,17.174182891845703
ANNet,acceleration,1.0,J2,41,0.1169857457280159,6.775166988372803
analytical,acceleration,1.0,J1,41,0.2590051293373108,17.174182891845703
analytical,acceleration,1.0,J2,41,0.11352728307247162,6.775166988372803
ANNet,acceleration,2.5,J1,41,0.6493695974349976,17.174182891845703
ANNet,acceleration,2.5,J2,41,0.28575316071510315,6.775166988372803
analytical,acceleration,2.5,J1,41,0.6475127935409546,17.174182891845703
analytical,acceleration,2.5,J2,41,0.28381821513175964,6.775166988372803
ANNet,acceleration,5.0,J1,41,1.297868013381958,17.174182891845703
ANNet,acceleration,5.0,J2,41,0.5695832371711731,6.775166988372803
analytical,acceleration,5.0,J1,41,1.2950257062911987,17.174182891845703
analytical,acceleration,5.0,J2,41,0.5676364302635193,6.775166988372803
ANNet,acceleration,10.0,J1,41,2.5950865745544434,17.174182891845703
ANNet,acceleration,10.0,J2,41,1.1381322145462036,6.775166988372803
analytical,acceleration,10.0,J1,41,2.5900511741638184,17.174182891845703
analytical,acceleration,10.0,J2,41,1.1352728605270386,6.775166988372803
ANNet,acceleration,25.0,J1,41,6.484068393707275,17.174182891845703
ANNet,acceleration,25.0,J2,41,2.8432319164276123,6.775166988372803
analytical,acceleration,25.0,J1,41,6.475127696990967,17.174182891845703
analytical,acceleration,25.0,J2,41,2.838182210922241,6.775166988372803
ANNet,none,0.0,J1,42,0.09090765565633774,19.022991180419922
ANNet,none,0.0,J2,42,0.32322096824645996,7.648289203643799
ANNet,all,1.0,J1,42,0.4794483482837677,19.022991180419922
ANNet,all,1.0,J2,42,0.39144760370254517,7.648289203643799
analytical,all,1.0,J1,42,0.4703218936920166,19.022991180419922
analytical,all,1.0,J2,42,0.21487590670585632,7.648289203643799
ANNet,all,2.5,J1,42,1.1805840730667114,19.022991180419922
ANNet,all,2.5,J2,42,0.648509681224823,7.648289203643799
analytical,all,2.5,J1,42,1.1757850646972656,19.022991180419922
analytical,all,2.5,J2,42,0.5371910333633423,7.648289203643799
ANNet,all,5.0,J1,42,2.356168031692505,19.022991180419922
ANNet,all,5.0,J2,42,1.1854274272918701,7.648289203643799
analytical,all,5.0,J1,42,2.3514349460601807,19.022991180419922
analytical,all,5.0,J2,42,1.0743786096572876,7.648289203643799
ANNet,all,10.0,J1,42,4.708713054656982,19.022991180419922
ANNet,all,10.0,J2,42,2.266087532043457,7.648289203643799
analytical,all,10.0,J1,42,4.701816082000732,19.022991180419922
analytical,all,10.0,J2,42,2.1486873626708984,7.648289203643799
ANNet,all,25.0,J1,42,11.761576652526855,19.022991180419922
ANNet,all,25.0,J2,42,5.6104960441589355,7.648289203643799
analytical,all,25.0,J1,42,11.736714363098145,19.022991180419922
analytical,all,25.0,J2,42,5.370150566101074,7.648289203643799
ANNet,angle,1.0,J1,42,0.11623800545930862,19.022991180419922
ANNet,angle,1.0,J2,42,0.32420429587364197,7.648289203643799
analytical,angle,1.0,J1,42,0.07167139649391174,19.022991180419922
analytical,angle,1.0,J2,42,0.02671493962407112,7.648289203643799
ANNet,angle,2.5,J1,42,0.20256248116493225,19.022991180419922
ANNet,angle,2.5,J2,42,0.3297506868839264,7.648289203643799
analytical,angle,2.5,J1,42,0.1791808307170868,19.022991180419922
analytical,angle,2.5,J2,42,0.06677975505590439,7.648289203643799
ANNet,angle,5.0,J1,42,0.3731837272644043,19.022991180419922
ANNet,angle,5.0,J2,42,0.34914931654930115,7.648289203643799
analytical,angle,5.0,J1,42,0.3583322763442993,19.022991180419922
analytical,angle,5.0,J2,42,0.13355645537376404,7.648289203643799
ANNet,angle,10.0,J1,42,0.7290149927139282,19.022991180419922
ANNet,angle,10.0,J2,42,0.4183748662471771,7.648289203643799
analytical,angle,10.0,J1,42,0.7162670493125916,19.022991180419922
analytical,angle,10.0,J2,42,0.26726698875427246,7.648289203643799
ANNet,angle,25.0,J1,42,1.8001629114151,19.022991180419922
ANNet,angle,25.0,J2,42,0.7444484829902649,7.648289203643799
analytical,angle,25.0,J1,42,1.7821086645126343,19.022991180419922
analytical,angle,25.0,J2,42,0.6725556254386902,7.648289203643799
ANNet,velocity,1.0,J1,42,0.11650141328573227,19.022991180419922
ANNet,velocity,1.0,J2,42,0.32992151379585266,7.648289203643799
analytical,velocity,1.0,J1,42,0.07321937382221222,19.022991180419922
analytical,velocity,1.0,J2,42,0.03072003833949566,7.648289203643799
ANNet,velocity,2.5,J1,42,0.20417514443397522,19.022991180419922
ANNet,velocity,2.5,J2,42,0.37333884835243225,7.648289203643799
analytical,velocity,2.5,J1,42,0.18310503661632538,19.022991180419922
analytical,velocity,2.5,J2,42,0.07683828473091125,7.648289203643799
ANNet,velocity,5.0,J1,42,0.37845155596733093,19.022991180419922
ANNet,velocity,5.0,J2,42,0.5242393016815186,7.648289203643799
analytical,velocity,5.0,J1,42,0.3666093349456787,19.022991180419922
analytical,velocity,5.0,J2,42,0.15387022495269775,7.648289203643799
ANNet,velocity,10.0,J1,42,0.746221661567688,19.022991180419922
ANNet,velocity,10.0,J2,42,0.7667416930198669,7.648289203643799
analytical,velocity,10.0,J1,42,0.7363876700401306,19.022991180419922
analytical,velocity,10.0,J2,42,0.30901020765304565,7.648289203643799
ANNet,velocity,25.0,J1,42,1.9909248352050781,19.022991180419922
ANNet,velocity,25.0,J2,42,1.6425392627716064,7.648289203643799
analytical,velocity,25.0,J1,42,1.8953393697738647,19.022991180419922
analytical,velocity,25.0,J2,42,0.7917152047157288,7.648289203643799
ANNet,acceleration,1.0,J1,42,0.46767866611480713,19.022991180419922
ANNet,acceleration,1.0,J2,42,0.38486358523368835,7.648289203643799
analytical,acceleration,1.0,J1,42,0.458432674407959,19.022991180419922
analytical,acceleration,1.0,J2,42,0.21073657274246216,7.648289203643799
ANNet,acceleration,2.5,J1,42,1.1505898237228394,19.022991180419922
ANNet,acceleration,2.5,J2,42,0.6167397499084473,7.648289203643799
analytical,acceleration,2.5,J1,42,1.146081805229187,19.022991180419922
analytical,acceleration,2.5,J2,42,0.526841402053833,7.648289203643799
ANNet,acceleration,5.0,J1,42,2.2958555221557617,19.022991180419922
ANNet,acceleration,5.0,J2,42,1.101004719734192,7.648289203643799
analytical,acceleration,5.0,J1,42,2.292163372039795,19.022991180419922
analytical,acceleration,5.0,J2,42,1.053682804107666,7.648289203643799
ANNet,acceleration,10.0,J1,42,4.589108943939209,19.022991180419922
ANNet,acceleration,10.0,J2,42,2.131720781326294,7.648289203643799
analytical,acceleration,10.0,J1,42,4.58432674407959,19.022991180419922
analytical,acceleration,10.0,J2,42,2.107365608215332,7.648289203643799
ANNet,acceleration,25.0,J1,42,11.471437454223633,19.022991180419922
ANNet,acceleration,25.0,J2,42,5.281676292419434,7.648289203643799
analytical,acceleration,25.0,J1,42,11.460817337036133,19.022991180419922
analytical,acceleration,25.0,J2,42,5.26841402053833,7.648289203643799
ANNet,none,0.0,J1,43,0.0205905232578516,13.999095916748047
ANNet,none,0.0,J2,43,0.02593127451837063,5.725210189819336
ANNet,all,1.0,J1,43,0.253154993057251,13.999095916748047
ANNet,all,1.0,J2,43,0.11502029746770859,5.725210189819336
analytical,all,1.0,J1,43,0.2520819902420044,13.999095916748047
analytical,all,1.0,J2,43,0.11174246668815613,5.725210189819336
ANNet,all,2.5,J1,43,0.6312204599380493,13.999095916748047
ANNet,all,2.5,J2,43,0.28108370304107666,5.725210189819336
analytical,all,2.5,J1,43,0.6302026510238647,13.999095916748047
analytical,all,2.5,J2,43,0.2793566584587097,5.725210189819336
ANNet,all,5.0,J1,43,1.2619576454162598,13.999095916748047
ANNet,all,5.0,J2,43,0.560186505317688,5.725210189819336
analytical,all,5.0,J1,43,1.2603795528411865,13.999095916748047
analytical,all,5.0,J2,43,0.5587126612663269,5.725210189819336
ANNet,all,10.0,J1,43,2.523340940475464,13.999095916748047
ANNet,all,10.0,J2,43,1.1192129850387573,5.725210189819336
analytical,all,10.0,J1,43,2.520521640777588,13.999095916748047
analytical,all,10.0,J2,43,1.1174054145812988,5.725210189819336
ANNet,all,25.0,J1,43,6.301764965057373,13.999095916748047
ANNet,all,25.0,J2,43,2.795780897140503,5.725210189819336
analytical,all,25.0,J1,43,6.296854019165039,13.999095916748047
analytical,all,25.0,J2,43,2.7930386066436768,5.725210189819336
ANNet,angle,1.0,J1,43,0.02431439235806465,13.999095916748047
ANNet,angle,1.0,J2,43,0.026525724679231644,5.725210189819336
analytical,angle,1.0,J1,43,0.012836862355470657,13.999095916748047
analytical,angle,1.0,J2,43,0.0057312846183776855,5.725210189819336
ANNet,angle,2.5,J1,43,0.03823631629347801,13.999095916748047
ANNet,angle,2.5,J2,43,0.029573064297437668,5.725210189819336
analytical,angle,2.5,J1,43,0.03209306299686432,13.999095916748047
analytical,angle,2.5,J2,43,0.014329960569739342,5.725210189819336
ANNet,angle,5.0,J1,43,0.06758023798465729,13.999095916748047
ANNet,angle,5.0,J2,43,0.03861359879374504,5.725210189819336
analytical,angle,5.0,J1,43,0.06419011950492859,13.999095916748047
analytical,angle,5.0,J2,43,0.0286684799939394,5.725210189819336
ANNet,angle,10.0,J1,43,0.13031645119190216,13.999095916748047
ANNet,angle,10.0,J2,43,0.06302006542682648,5.725210189819336
analytical,angle,10.0,J1,43,0.12840357422828674,13.999095916748047
analytical,angle,10.0,J2,43,0.05739155411720276,5.725210189819336
ANNet,angle,25.0,J1,43,0.3225017189979553,13.999095916748047
ANNet,angle,25.0,J2,43,0.1468692421913147,5.725210189819336
analytical,angle,25.0,J1,43,0.3213292956352234,13.999095916748047
analytical,angle,25.0,J2,43,0.1442897766828537,5.725210189819336
ANNet,velocity,1.0,J1,43,0.02522548846900463,13.999095916748047
ANNet,velocity,1.0,J2,43,0.027137164026498795,5.725210189819336
analytical,velocity,1.0,J1,43,0.014430942013859749,13.999095916748047
analytical,velocity,1.0,J2,43,0.008001823909580708,5.725210189819336
ANNet,velocity,2.5,J1,43,0.041634462773799896,13.999095916748047
ANNet,velocity,2.5,J2,43,0.03272639214992523,5.725210189819336
analytical,velocity,2.5,J1,43,0.03607869893312454,13.999095916748047
analytical,velocity,2.5,J2,43,0.0200039055198431,5.725210189819336
ANNet,velocity,5.0,J1,43,0.07512014359235764,13.999095916748047
ANNet,velocity,5.0,J2,43,0.047603193670511246,5.725210189819336
analytical,velocity,5.0,J1,43,0.07219228148460388,13.999095916748047
analytical,velocity,5.0,J2,43,0.04002340883016586,5.725210189819336
ANNet,velocity,10.0,J1,43,0.14614345133304596,13.999095916748047
ANNet,velocity,10.0,J2,43,0.08409831672906876,5.725210189819336
analytical,velocity,10.0,J1,43,0.14475145936012268,13.999095916748047
analytical,velocity,10.0,J2,43,0.08024226129055023,5.725210189819336
ANNet,velocity,25.0,J1,43,0.369205117225647,13.999095916748047
ANNet,velocity,25.0,J2,43,0.2055377960205078,5.725210189819336
analytical,velocity,25.0,J1,43,0.36910054087638855,13.999095916748047
analytical,velocity,25.0,J2,43,0.20468738675117493,5.725210189819336
ANNet,acceleration,1.0,J1,43,0.25240129232406616,13.999095916748047
ANNet,acceleration,1.0,J2,43,0.11463746428489685,5.725210189819336
analytical,acceleration,1.0,J1,43,0.2513384521007538,13.999095916748047
analytical,acceleration,1.0,J2,43,0.11133810132741928,5.725210189819336
ANNet,acceleration,2.5,J1,43,0.6293537616729736,13.999095916748047
ANNet,acceleration,2.5,J2,43,0.28009387850761414,5.725210189819336
analytical,acceleration,2.5,J1,43,0.6283460855484009,13.999095916748047
analytical,acceleration,2.5,J2,43,0.2783452570438385,5.725210189819336
ANNet,acceleration,5.0,J1,43,1.2582653760910034,13.999095916748047
ANNet,acceleration,5.0,J2,43,0.5581951141357422,5.725210189819336
analytical,acceleration,5.0,J1,43,1.2566921710968018,13.999095916748047
analytical,acceleration,5.0,J2,43,0.5566904544830322,5.725210189819336
ANNet,acceleration,10.0,J1,43,2.5162293910980225,13.999095916748047
ANNet,acceleration,10.0,J2,43,1.1152498722076416,5.725210189819336
analytical,acceleration,10.0,J1,43,2.5133843421936035,13.999095916748047
analytical,acceleration,10.0,J2,43,1.113381028175354,5.725210189819336
ANNet,acceleration,25.0,J1,43,6.288684368133545,13.999095916748047
ANNet,acceleration,25.0,J2,43,2.7864418029785156,5.725210189819336
analytical,acceleration,25.0,J1,43,6.28346061706543,13.999095916748047
analytical,acceleration,25.0,J2,43,2.7834525108337402,5.725210189819336
ANNet,none,0.0,J1,44,0.03355123847723007,1.3275518417358398
ANNet,none,0.0,J2,44,0.022378647699952126,2.8756723403930664
ANNet,all,1.0,J1,44,0.37614959478378296,1.3275518417358398
ANNet,all,1.0,J2,44,0.17563998699188232,2.8756723403930664
analytical,all,1.0,J1,44,0.37456998229026794,1.3275518417358398
analytical,all,1.0,J2,44,0.17414157092571259,2.8756723403930664
ANNet,all,2.5,J1,44,0.9371749758720398,1.3275518417358398
ANNet,all,2.5,J2,44,0.43619808554649353,2.8756723403930664
analytical,all,2.5,J1,44,0.9364163279533386,1.3275518417358398
analytical,all,2.5,J2,44,0.4353601932525635,2.8756723403930664
ANNet,all,5.0,J1,44,1.873347282409668,1.3275518417358398
ANNet,all,5.0,J2,44,0.8716059923171997,2.8756723403930664
analytical,all,5.0,J1,44,1.8727524280548096,1.3275518417358398
analytical,all,5.0,J2,44,0.8707258701324463,2.8756723403930664
ANNet,all,10.0,J1,44,3.745573043823242,1.3275518417358398
ANNet,all,10.0,J2,44,1.7427716255187988,2.8756723403930664
analytical,all,10.0,J1,44,3.7448043823242188,1.3275518417358398
analytical,all,10.0,J2,44,1.7413578033447266,2.8756723403930664
ANNet,all,25.0,J1,44,9.35191535949707,1.3275518417358398
ANNet,all,25.0,J2,44,4.35422945022583,2.8756723403930664
analytical,all,25.0,J1,44,9.34955883026123,1.3275518417358398
analytical,all,25.0,J2,44,4.350419044494629,2.8756723403930664
ANNet,angle,1.0,J1,44,0.03437996283173561,1.3275518417358398
ANNet,angle,1.0,J2,44,0.026708092540502548,2.8756723403930664
analytical,angle,1.0,J1,44,0.0076749990694224834,1.3275518417358398
analytical,angle,1.0,J2,44,0.014444738626480103,2.8756723403930664
ANNet,angle,2.5,J1,44,0.03845110535621643,1.3275518417358398
ANNet,angle,2.5,J2,44,0.04273012652993202,2.8756723403930664
analytical,angle,2.5,J1,44,0.019189761951565742,1.3275518417358398
analytical,angle,2.5,J2,44,0.03611850365996361,2.8756723403930664
ANNet,angle,5.0,J1,44,0.05039045959711075,1.3275518417358398
ANNet,angle,5.0,J2,44,0.0761546865105629,2.8756723403930664
analytical,angle,5.0,J1,44,0.03839028999209404,1.3275518417358398
analytical,angle,5.0,J2,44,0.0722736120223999,2.8756723403930664
ANNet,angle,10.0,J1,44,0.08244668692350388,1.3275518417358398
ANNet,angle,10.0,J2,44,0.1474054604768753,2.8756723403930664
analytical,angle,10.0,J1,44,0.07684806734323502,1.3275518417358398
analytical,angle,10.0,J2,44,0.14480066299438477,2.8756723403930664
ANNet,angle,25.0,J1,44,0.1926424652338028,1.3275518417358398
ANNet,angle,25.0,J2,44,0.36746615171432495,2.8756723403930664
analytical,angle,25.0,J1,44,0.19309580326080322,1.3275518417358398
analytical,angle,25.0,J2,44,0.36595702171325684,2.8756723403930664
ANNet,velocity,1.0,J1,44,0.04622277989983559,1.3275518417358398
ANNet,velocity,1.0,J2,44,0.023635972291231155,2.8756723403930664
analytical,velocity,1.0,J1,44,0.03150872886180878,1.3275518417358398
analytical,velocity,1.0,J2,44,0.007601685356348753,2.8756723403930664
ANNet,velocity,2.5,J1,44,0.08622078597545624,1.3275518417358398
ANNet,velocity,2.5,J2,44,0.029328828677535057,2.8756723403930664
analytical,velocity,2.5,J1,44,0.0788806602358818,1.3275518417358398
analytical,velocity,2.5,J2,44,0.019009551033377647,2.8756723403930664
ANNet,velocity,5.0,J1,44,0.1629001945257187,1.3275518417358398
ANNet,velocity,5.0,J2,44,0.044031061232089996,2.8756723403930664
analytical,velocity,5.0,J1,44,0.15843069553375244,1.3275518417358398
analytical,velocity,5.0,J2,44,0.038067273795604706,2.8756723403930664
ANNet,velocity,10.0,J1,44,0.32537248730659485,1.3275518417358398
ANNet,velocity,10.0,J2,44,0.0794362723827362,2.8756723403930664
analytical,velocity,10.0,J1,44,0.3217969536781311,1.3275518417358398
analytical,velocity,10.0,J2,44,0.0765538290143013,2.8756723403930664
ANNet,velocity,25.0,J1,44,0.8874474763870239,1.3275518417358398
ANNet,velocity,25.0,J2,44,0.19938360154628754,2.8756723403930664
analytical,velocity,25.0,J1,44,0.8827552199363708,1.3275518417358398
analytical,velocity,25.0,J2,44,0.19890469312667847,2.8756723403930664
ANNet,acceleration,1.0,J1,44,0.3744998276233673,1.3275518417358398
ANNet,acceleration,1.0,J2,44,0.17494894564151764,2.8756723403930664
analytical,acceleration,1.0,J1,44,0.3729322850704193,1.3275518417358398
analytical,acceleration,1.0,J2,44,0.1734594851732254,2.8756723403930664
ANNet,acceleration,2.5,J1,44,0.933057427406311,1.3275518417358398
ANNet,acceleration,2.5,J2,44,0.434460312128067,2.8756723403930664
analytical,acceleration,2.5,J1,44,0.9323307871818542,1.3275518417358398
analytical,acceleration,2.5,J2,44,0.4336487352848053,2.8756723403930664
ANNet,acceleration,5.0,J1,44,1.8651870489120483,1.3275518417358398
ANNet,acceleration,5.0,J2,44,0.8681317567825317,2.8756723403930664
analytical,acceleration,5.0,J1,44,1.8646615743637085,1.3275518417358398
analytical,acceleration,5.0,J2,44,0.8672974705696106,2.8756723403930664
ANNet,acceleration,10.0,J1,44,3.72987961769104,1.3275518417358398
ANNet,acceleration,10.0,J2,44,1.7359577417373657,2.8756723403930664
analytical,acceleration,10.0,J1,44,3.729323387145996,1.3275518417358398
analytical,acceleration,10.0,J2,44,1.7345949411392212,2.8756723403930664
ANNet,acceleration,25.0,J1,44,9.324028015136719,1.3275518417358398
ANNet,acceleration,25.0,J2,44,4.340637683868408,2.8756723403930664
analytical,acceleration,25.0,J1,44,9.323307991027832,1.3275518417358398
analytical,acceleration,25.0,J2,44,4.336487293243408,2.8756723403930664
ANNet,none,0.0,J1,45,0.022692043334245682,0.7860773205757141
ANNet,none,0.0,J2,45,0.01942973956465721,1.70430326461792
ANNet,all,1.0,J1,45,0.25899767875671387,0.7860773205757141
ANNet,all,1.0,J2,45,0.11904773116111755,1.70430326461792
analytical,all,1.0,J1,45,0.25774991512298584,0.7860773205757141
analytical,all,1.0,J2,45,0.11736476421356201,1.70430326461792
ANNet,all,2.5,J1,45,0.6452261209487915,0.7860773205757141
ANNet,all,2.5,J2,45,0.2942558526992798,1.70430326461792
analytical,all,2.5,J1,45,0.6443724036216736,0.7860773205757141
analytical,all,2.5,J2,45,0.29340967535972595,1.70430326461792
ANNet,all,5.0,J1,45,1.2897082567214966,0.7860773205757141
ANNet,all,5.0,J2,45,0.5875280499458313,1.70430326461792
analytical,all,5.0,J1,45,1.2887160778045654,0.7860773205757141
analytical,all,5.0,J2,45,0.586807131767273,1.70430326461792
ANNet,all,10.0,J1,45,2.5787250995635986,0.7860773205757141
ANNet,all,10.0,J2,45,1.1744776964187622,1.70430326461792
analytical,all,10.0,J1,45,2.5771617889404297,0.7860773205757141
analytical,all,10.0,J2,45,1.173529028892517,1.70430326461792
ANNet,all,25.0,J1,45,6.441086292266846,0.7860773205757141
ANNet,all,25.0,J2,45,2.9343526363372803,1.70430326461792
analytical,all,25.0,J1,45,6.437817096710205,0.7860773205757141
analytical,all,25.0,J2,45,2.9324636459350586,1.70430326461792
ANNet,angle,1.0,J1,45,0.022754643112421036,0.7860773205757141
ANNet,angle,1.0,J2,45,0.019748233258724213,1.70430326461792
analytical,angle,1.0,J1,45,0.0019462023628875613,0.7860773205757141
analytical,angle,1.0,J2,45,0.0037047970108687878,1.70430326461792
ANNet,angle,2.5,J1,45,0.02312656305730343,0.7860773205757141
ANNet,angle,2.5,J2,45,0.02141733095049858,1.70430326461792
analytical,angle,2.5,J1,45,0.0048662577755749226,0.7860773205757141
analytical,angle,2.5,J2,45,0.009264802560210228,1.70430326461792
ANNet,angle,5.0,J1,45,0.024443164467811584,0.7860773205757141
ANNet,angle,5.0,J2,45,0.026590900495648384,1.70430326461792
analytical,angle,5.0,J1,45,0.009736415930092335,0.7860773205757141
analytical,angle,5.0,J2,45,0.018543586134910583,1.70430326461792
ANNet,angle,10.0,J1,45,0.02918454073369503,0.7860773205757141
ANNet,angle,10.0,J2,45,0.04137888923287392,1.70430326461792
analytical,angle,10.0,J1,45,0.019498713314533234,0.7860773205757141
analytical,angle,10.0,J2,45,0.03717756271362305,1.70430326461792
ANNet,angle,25.0,J1,45,0.05177558586001396,0.7860773205757141
ANNet,angle,25.0,J2,45,0.09512708336114883,1.70430326461792
analytical,angle,25.0,J1,45,0.04914392530918121,0.7860773205757141
analytical,angle,25.0,J2,45,0.0942949578166008,1.70430326461792
ANNet,velocity,1.0,J1,45,0.024126527830958366,0.7860773205757141
ANNet,velocity,1.0,J2,45,0.019540516659617424,1.70430326461792
analytical,velocity,1.0,J1,45,0.00820128247141838,0.7860773205757141
analytical,velocity,1.0,J2,45,0.001969018718227744,1.70430326461792
ANNet,velocity,2.5,J1,45,0.030686181038618088,0.7860773205757141
ANNet,velocity,2.5,J2,45,0.020081104710698128,1.70430326461792
analytical,velocity,2.5,J1,45,0.02051546610891819,0.7860773205757141
analytical,velocity,2.5,J2,45,0.004924156703054905,1.70430326461792
ANNet,velocity,5.0,J1,45,0.047326114028692245,0.7860773205757141
ANNet,velocity,5.0,J2,45,0.02188710682094097,1.70430326461792
analytical,velocity,5.0,J1,45,0.041145212948322296,0.7860773205757141
analytical,velocity,5.0,J2,45,0.009861331433057785,1.70430326461792
ANNet,velocity,10.0,J1,45,0.0871579498052597,0.7860773205757141
ANNet,velocity,10.0,J2,45,0.028014125302433968,1.70430326461792
analytical,velocity,10.0,J1,45,0.08329126238822937,0.7860773205757141
analytical,velocity,10.0,J2,45,0.019831879064440727,1.70430326461792
ANNet,velocity,25.0,J1,45,0.22899360954761505,0.7860773205757141
ANNet,velocity,25.0,J2,45,0.05577687546610832,1.70430326461792
analytical,velocity,25.0,J1,45,0.22582243382930756,0.7860773205757141
analytical,velocity,25.0,J2,45,0.05150255933403969,1.70430326461792
ANNet,acceleration,1.0,J1,45,0.2588653266429901,0.7860773205757141
ANNet,acceleration,1.0,J2,45,0.11896292120218277,1.70430326461792
analytical,acceleration,1.0,J1,45,0.2576151490211487,0.7860773205757141
analytical,acceleration,1.0,J2,45,0.11727609485387802,1.70430326461792
ANNet,acceleration,2.5,J1,45,0.644891083240509,0.7860773205757141
ANNet,acceleration,2.5,J2,45,0.29404088854789734,1.70430326461792
analytical,acceleration,2.5,J1,45,0.6440377831459045,0.7860773205757141
analytical,acceleration,2.5,J2,45,0.29319021105766296,1.70430326461792
ANNet,acceleration,5.0,J1,45,1.2890721559524536,0.7860773205757141
ANNet,acceleration,5.0,J2,45,0.5871115326881409,1.70430326461792
analytical,acceleration,5.0,J1,45,1.288075566291809,0.7860773205757141
analytical,acceleration,5.0,J2,45,0.5863804221153259,1.70430326461792
ANNet,acceleration,10.0,J1,45,2.5777974128723145,0.7860773205757141
ANNet,acceleration,10.0,J2,45,1.1737594604492188,1.70430326461792
analytical,acceleration,10.0,J1,45,2.5761513710021973,0.7860773205757141
analytical,acceleration,10.0,J2,45,1.1727608442306519,1.70430326461792
ANNet,acceleration,25.0,J1,45,6.4448628425598145,0.7860773205757141
ANNet,acceleration,25.0,J2,45,2.9343197345733643,1.70430326461792
analytical,acceleration,25.0,J1,45,6.440378189086914,0.7860773205757141
analytical,acceleration,25.0,J2,45,2.9319021701812744,1.70430326461792
ANNet,none,0.0,J1,46,0.035792674869298935,4.5905022621154785
ANNet,none,0.0,J2,46,0.021026108413934708,3.5358152389526367
ANNet,all,1.0,J1,46,0.3857647180557251,4.5905022621154785
ANNet,all,1.0,J2,46,0.18024006485939026,3.5358152389526367
analytical,all,1.0,J1,46,0.3842218518257141,4.5905022621154785
analytical,all,1.0,J2,46,0.1788880079984665,3.5358152389526367
ANNet,all,2.5,J1,46,0.9611812829971313,4.5905022621154785
ANNet,all,2.5,J2,46,0.4479852020740509,3.5358152389526367
analytical,all,2.5,J1,46,0.9605708718299866,4.5905022621154785
analytical,all,2.5,J2,46,0.4472152888774872,3.5358152389526367
ANNet,all,5.0,J1,46,1.9215435981750488,4.5905022621154785
ANNet,all,5.0,J2,46,0.8951852321624756,3.5358152389526367
analytical,all,5.0,J1,46,1.9211442470550537,4.5905022621154785
analytical,all,5.0,J2,46,0.89439857006073,3.5358152389526367
ANNet,all,10.0,J1,46,3.842484951019287,4.5905022621154785
ANNet,all,10.0,J2,46,1.7897844314575195,3.5358152389526367
analytical,all,10.0,J1,46,3.841918468475342,4.5905022621154785
analytical,all,10.0,J2,46,1.788548231124878,3.5358152389526367
ANNet,all,25.0,J1,46,9.597261428833008,4.5905022621154785
ANNet,all,25.0,J2,46,4.470884799957275,3.5358152389526367
analytical,all,25.0,J1,46,9.594747543334961,4.5905022621154785
analytical,all,25.0,J2,46,4.467136859893799,3.5358152389526367
ANNet,angle,1.0,J1,46,0.039154257625341415,4.5905022621154785
ANNet,angle,1.0,J2,46,0.026357565075159073,3.5358152389526367
analytical,angle,1.0,J1,46,0.016066931188106537,4.5905022621154785
analytical,angle,1.0,J2,46,0.015827909111976624,3.5358152389526367
ANNet,angle,2.5,J1,46,0.053584642708301544,4.5905022621154785
ANNet,angle,2.5,J2,46,0.044971100986003876,3.5358152389526367
analytical,angle,2.5,J1,46,0.040165457874536514,4.5905022621154785
analytical,angle,2.5,J2,46,0.03956429660320282,3.5358152389526367
ANNet,angle,5.0,J1,46,0.08753126859664917,4.5905022621154785
ANNet,angle,5.0,J2,46,0.08224372565746307,3.5358152389526367
analytical,angle,5.0,J1,46,0.08032197505235672,4.5905022621154785
analytical,angle,5.0,J2,46,0.07912782579660416,3.5358152389526367
ANNet,angle,10.0,J1,46,0.16380462050437927,4.5905022621154785
ANNet,angle,10.0,J2,46,0.16045862436294556,3.5358152389526367
analytical,angle,10.0,J1,46,0.16058753430843353,4.5905022621154785
analytical,angle,10.0,J2,46,0.15838338434696198,3.5358152389526367
ANNet,angle,25.0,J1,46,0.4007461965084076,4.5905022621154785
ANNet,angle,25.0,J2,46,0.4006142020225525,3.5358152389526367
analytical,angle,25.0,J1,46,0.40063732862472534,4.5905022621154785
analytical,angle,25.0,J2,46,0.3994625210762024,3.5358152389526367
ANNet,velocity,1.0,J1,46,0.052478764206171036,4.5905022621154785
ANNet,velocity,1.0,J2,46,0.022967686876654625,3.5358152389526367
analytical,velocity,1.0,J1,46,0.038341667503118515,4.5905022621154785
analytical,velocity,1.0,J2,46,0.009258925914764404,3.5358152389526367
ANNet,velocity,2.5,J1,46,0.1026156023144722,4.5905022621154785
ANNet,velocity,2.5,J2,46,0.03121284767985344,3.5358152389526367
analytical,velocity,2.5,J1,46,0.09590385109186172,4.5905022621154785
analytical,velocity,2.5,J2,46,0.02315395139157772,3.5358152389526367
ANNet,velocity,5.0,J1,46,0.1962307095527649,4.5905022621154785
ANNet,velocity,5.0,J2,46,0.05072791874408722,3.5358152389526367
analytical,velocity,5.0,J1,46,0.1922863870859146,4.5905022621154785
analytical,velocity,5.0,J2,46,0.046364229172468185,3.5358152389526367
ANNet,velocity,10.0,J1,46,0.391869455575943,4.5905022621154785
ANNet,velocity,10.0,J2,46,0.09514541178941727,3.5358152389526367
analytical,velocity,10.0,J1,46,0.38880935311317444,4.5905022621154785
analytical,velocity,10.0,J2,46,0.09320887178182602,3.5358152389526367
ANNet,velocity,25.0,J1,46,1.0509830713272095,4.5905022621154785
ANNet,velocity,25.0,J2,46,0.24171686172485352,3.5358152389526367
analytical,velocity,25.0,J1,46,1.0471599102020264,4.5905022621154785
analytical,velocity,25.0,J2,46,0.24156244099140167,3.5358152389526367
ANNet,acceleration,1.0,J1,46,0.3838360905647278,4.5905022621154785
ANNet,acceleration,1.0,J2,46,0.17944245040416718,3.5358152389526367
analytical,acceleration,1.0,J1,46,0.38228118419647217,4.5905022621154785
analytical,acceleration,1.0,J2,46,0.17808814346790314,3.5358152389526367
ANNet,acceleration,2.5,J1,46,0.9562983512878418,4.5905022621154785
ANNet,acceleration,2.5,J2,46,0.44598472118377686,3.5358152389526367
analytical,acceleration,2.5,J1,46,0.9557031393051147,4.5905022621154785
analytical,acceleration,2.5,J2,46,0.445220410823822,3.5358152389526367
ANNet,acceleration,5.0,J1,46,1.911736249923706,4.5905022621154785
ANNet,acceleration,5.0,J2,46,0.8912156820297241,3.5358152389526367
analytical,acceleration,5.0,J1,46,1.9114062786102295,4.5905022621154785
analytical,acceleration,5.0,J2,46,0.890440821647644,3.5358152389526367
ANNet,acceleration,10.0,J1,46,3.8231074810028076,4.5905022621154785
ANNet,acceleration,10.0,J2,46,1.7821146249771118,3.5358152389526367
analytical,acceleration,10.0,J1,46,3.822812557220459,4.5905022621154785
analytical,acceleration,10.0,J2,46,1.780881643295288,3.5358152389526367
ANNet,acceleration,25.0,J1,46,9.557548522949219,4.5905022621154785
ANNet,acceleration,25.0,J2,46,4.456231117248535,3.5358152389526367
analytical,acceleration,25.0,J1,46,9.557029724121094,4.5905022621154785
analytical,acceleration,25.0,J2,46,4.452203750610352,3.5358152389526367
ANNet,none,0.0,J1,47,0.015788404271006584,1.4546294212341309
ANNet,none,0.0,J2,47,0.024649547412991524,0.993598461151123
ANNet,all,1.0,J1,47,0.12678280472755432,1.4546294212341309
ANNet,all,1.0,J2,47,0.06209138408303261,0.993598461151123
analytical,all,1.0,J1,47,0.12628094851970673,1.4546294212341309
analytical,all,1.0,J2,47,0.05708342790603638,0.993598461151123
ANNet,all,2.5,J1,47,0.31499236822128296,1.4546294212341309
ANNet,all,2.5,J2,47,0.1445976346731186,0.993598461151123
analytical,all,2.5,J1,47,0.31570106744766235,1.4546294212341309
analytical,all,2.5,J2,47,0.14270849525928497,0.993598461151123
ANNet,all,5.0,J1,47,0.6294658780097961,1.4546294212341309
ANNet,all,5.0,J2,47,0.2860350012779236,0.993598461151123
analytical,all,5.0,J1,47,0.6313952803611755,1.4546294212341309
analytical,all,5.0,J2,47,0.2854161858558655,0.993598461151123
ANNet,all,10.0,J1,47,1.2587429285049438,1.4546294212341309
ANNet,all,10.0,J2,47,0.5705029964447021,0.993598461151123
analytical,all,10.0,J1,47,1.2627438306808472,1.4546294212341309
analytical,all,10.0,J2,47,0.5708252787590027,0.993598461151123
ANNet,all,25.0,J1,47,3.14738130569458,1.4546294212341309
ANNet,all,25.0,J2,47,1.4254940748214722,0.993598461151123
analytical,all,25.0,J1,47,3.156128168106079,1.4546294212341309
analytical,all,25.0,J2,47,1.426933765411377,0.993598461151123
ANNet,angle,1.0,J1,47,0.015790646895766258,1.4546294212341309
ANNet,angle,1.0,J2,47,0.02465211972594261,0.993598461151123
analytical,angle,1.0,J1,47,0.00036359071964398026,1.4546294212341309
analytical,angle,1.0,J2,47,0.00037676928332075477,0.993598461151123
ANNet,angle,2.5,J1,47,0.01580805331468582,1.4546294212341309
ANNet,angle,2.5,J2,47,0.024663686752319336,0.993598461151123
analytical,angle,2.5,J1,47,0.0009090551757253706,1.4546294212341309
analytical,angle,2.5,J2,47,0.0009420867427252233,0.993598461151123
ANNet,angle,5.0,J1,47,0.015874411910772324,1.4546294212341309
ANNet,angle,5.0,J2,47,0.024703484028577805,0.993598461151123
analytical,angle,5.0,J1,47,0.0018185176886618137,1.4546294212341309
analytical,angle,5.0,J2,47,0.001885249512270093,0.993598461151123
ANNet,angle,10.0,J1,47,0.01614508032798767,1.4546294212341309
ANNet,angle,10.0,J2,47,0.024860607460141182,0.993598461151123
analytical,angle,10.0,J1,47,0.0036397979129105806,1.4546294212341309
analytical,angle,10.0,J2,47,0.003778699552640319,0.993598461151123
ANNet,angle,25.0,J1,47,0.017970260232686996,1.4546294212341309
ANNet,angle,25.0,J2,47,0.02597646601498127,0.993598461151123
analytical,angle,25.0,J1,47,0.009143069386482239,1.4546294212341309
analytical,angle,25.0,J2,47,0.009585235267877579,0.993598461151123
ANNet,velocity,1.0,J1,47,0.01582338660955429,1.4546294212341309
ANNet,velocity,1.0,J2,47,0.024646805599331856,0.993598461151123
analytical,velocity,1.0,J1,47,0.0008732402347959578,1.4546294212341309
analytical,velocity,1.0,J2,47,0.00021471189393196255,0.993598461151123
ANNet,velocity,2.5,J1,47,0.015968071296811104,1.4546294212341309
ANNet,velocity,2.5,J2,47,0.02464468777179718,0.993598461151123
analytical,velocity,2.5,J1,47,0.002185487188398838,1.4546294212341309
analytical,velocity,2.5,J2,47,0.0005370935541577637,0.993598461151123
ANNet,velocity,5.0,J1,47,0.016450008377432823,1.4546294212341309
ANNet,velocity,5.0,J2,47,0.024646539241075516,0.993598461151123
analytical,velocity,5.0,J1,47,0.004385305102914572,1.4546294212341309
analytical,velocity,5.0,J2,47,0.0010759400902315974,0.993598461151123
ANNet,velocity,10.0,J1,47,0.018253978341817856,1.4546294212341309
ANNet,velocity,10.0,J2,47,0.024671530351042747,0.993598461151123
analytical,velocity,10.0,J1,47,0.008875083178281784,1.4546294212341309
analytical,velocity,10.0,J2,47,0.002164129400625825,0.993598461151123
ANNet,velocity,25.0,J1,47,0.02895825356245041,1.4546294212341309
ANNet,velocity,25.0,J2,47,0.024961505085229874,0.993598461151123
analytical,velocity,25.0,J1,47,0.023850413039326668,1.4546294212341309
analytical,velocity,25.0,J2,47,0.0056033204309642315,0.993598461151123
ANNet,acceleration,1.0,J1,47,0.1267833560705185,1.4546294212341309
ANNet,acceleration,1.0,J2,47,0.062093935906887054,0.993598461151123
analytical,acceleration,1.0,J1,47,0.12628188729286194,1.4546294212341309
analytical,acceleration,1.0,J2,47,0.05708445608615875,0.993598461151123
ANNet,acceleration,2.5,J1,47,0.3149964511394501,1.4546294212341309
ANNet,acceleration,2.5,J2,47,0.14460274577140808,0.993598461151123
analytical,acceleration,2.5,J1,47,0.31570473313331604,1.4546294212341309
analytical,acceleration,2.5,J2,47,0.14271114766597748,0.993598461151123
ANNet,acceleration,5.0,J1,47,0.6294805407524109,1.4546294212341309
ANNet,acceleration,5.0,J2,47,0.286044716835022,0.993598461151123
analytical,acceleration,5.0,J1,47,0.6314094662666321,1.4546294212341309
analytical,acceleration,5.0,J2,47,0.28542229533195496,0.993598461151123
ANNet,acceleration,10.0,J1,47,1.2588095664978027,1.4546294212341309
ANNet,acceleration,10.0,J2,47,0.5705272555351257,0.993598461151123
analytical,acceleration,10.0,J1,47,1.2628189325332642,1.4546294212341309
analytical,acceleration,10.0,J2,47,0.5708445906639099,0.993598461151123
ANNet,acceleration,25.0,J1,47,3.148129940032959,1.4546294212341309
ANNet,acceleration,25.0,J2,47,1.425676703453064,0.993598461151123
analytical,acceleration,25.0,J1,47,3.1570472717285156,1.4546294212341309
analytical,acceleration,25.0,J2,47,1.4271113872528076,0.993598461151123
ANNet,none,0.0,J1,48,0.03766912966966629,1.4641940593719482
ANNet,none,0.0,J2,48,0.020054655149579048,3.1826114654541016
ANNet,all,1.0,J1,48,0.40245306491851807,1.4641940593719482
ANNet,all,1.0,J2,48,0.18911461532115936,3.1826114654541016
analytical,all,1.0,J1,48,0.40049782395362854,1.4641940593719482
analytical,all,1.0,J2,48,0.18774102628231049,3.1826114654541016
ANNet,all,2.5,J1,48,1.0022594928741455,1.4641940593719482
ANNet,all,2.5,J2,48,0.4702489376068115,3.1826114654541016
analytical,all,2.5,J1,48,1.001253366470337,1.4641940593719482
analytical,all,2.5,J2,48,0.4693583846092224,3.1826114654541016
ANNet,all,5.0,J1,48,2.003347158432007,1.4641940593719482
ANNet,all,5.0,J2,48,0.9396689534187317,3.1826114654541016
analytical,all,5.0,J1,48,2.0024936199188232,1.4641940593719482
analytical,all,5.0,J2,48,0.9387194514274597,3.1826114654541016
ANNet,all,10.0,J1,48,4.005833625793457,1.4641940593719482
ANNet,all,10.0,J2,48,1.8788096904754639,3.1826114654541016
analytical,all,10.0,J1,48,4.0046210289001465,1.4641940593719482
analytical,all,10.0,J2,48,1.8773250579833984,3.1826114654541016
ANNet,all,25.0,J1,48,10.007221221923828,1.4641940593719482
ANNet,all,25.0,J2,48,4.695230007171631,3.1826114654541016
analytical,all,25.0,J1,48,10.002968788146973,1.4641940593719482
analytical,all,25.0,J2,48,4.690025806427002,3.1826114654541016
ANNet,angle,1.0,J1,48,0.03892526030540466,1.4641940593719482
ANNet,angle,1.0,J2,48,0.027373045682907104,3.1826114654541016
analytical,angle,1.0,J1,48,0.00989723764359951,1.4641940593719482
analytical,angle,1.0,J2,48,0.018619950860738754,3.1826114654541016
ANNet,angle,2.5,J1,48,0.04487910866737366,1.4641940593719482
ANNet,angle,2.5,J2,48,0.050583042204380035,3.1826114654541016
analytical,angle,2.5,J1,48,0.024745779111981392,1.4641940593719482
analytical,angle,2.5,J2,48,0.04655634984374046,3.1826114654541016
ANNet,angle,5.0,J1,48,0.06158548593521118,1.4641940593719482
ANNet,angle,5.0,J2,48,0.09495825320482254,3.1826114654541016
analytical,angle,5.0,J1,48,0.049504172056913376,1.4641940593719482
analytical,angle,5.0,J2,48,0.09315178543329239,3.1826114654541016
ANNet,angle,10.0,J1,48,0.1044868677854538,1.4641940593719482
ANNet,angle,10.0,J2,48,0.18689537048339844,3.1826114654541016
analytical,angle,10.0,J1,48,0.09908564388751984,1.4641940593719482
analytical,angle,10.0,J2,48,0.18659041821956635,3.1826114654541016
ANNet,angle,25.0,J1,48,0.2478170394897461,1.4641940593719482
ANNet,angle,25.0,J2,48,0.46949440240859985,3.1826114654541016
analytical,angle,25.0,J1,48,0.24880708754062653,1.4641940593719482
analytical,angle,25.0,J2,48,0.4711308777332306,3.1826114654541016
ANNet,velocity,1.0,J1,48,0.057305559515953064,1.4641940593719482
ANNet,velocity,1.0,J2,48,0.02272484265267849,3.1826114654541016
analytical,velocity,1.0,J1,48,0.04320097342133522,1.4641940593719482
analytical,velocity,1.0,J2,48,0.010605819523334503,3.1826114654541016
ANNet,velocity,2.5,J1,48,0.11476190388202667,1.4641940593719482
ANNet,velocity,2.5,J2,48,0.03330143168568611,3.1826114654541016
analytical,velocity,2.5,J1,48,0.1081070825457573,1.4641940593719482
analytical,velocity,2.5,J2,48,0.026528332382440567,3.1826114654541016
ANNet,velocity,5.0,J1,48,0.22102750837802887,1.4641940593719482
ANNet,velocity,5.0,J2,48,0.05681830644607544,3.1826114654541016
analytical,velocity,5.0,J1,48,0.21697956323623657,1.4641940593719482
analytical,velocity,5.0,J2,48,0.05314509570598602,3.1826114654541016
ANNet,velocity,10.0,J1,48,0.4435262978076935,1.4641940593719482
ANNet,velocity,10.0,J2,48,0.10876630991697311,3.1826114654541016
analytical,velocity,10.0,J1,48,0.44009655714035034,1.4641940593719482
analytical,velocity,10.0,J2,48,0.10696041584014893,3.1826114654541016
ANNet,velocity,25.0,J1,48,1.2070391178131104,1.4641940593719482
ANNet,velocity,25.0,J2,48,0.2806522846221924,3.1826114654541016
analytical,velocity,25.0,J1,48,1.2027922868728638,1.4641940593719482
analytical,velocity,25.0,J2,48,0.2785193622112274,3.1826114654541016
ANNet,acceleration,1.0,J1,48,0.3996276557445526,1.4641940593719482
ANNet,acceleration,1.0,J2,48,0.18784570693969727,3.1826114654541016
analytical,acceleration,1.0,J1,48,0.3976556658744812,1.4641940593719482
analytical,acceleration,1.0,J2,48,0.1864698827266693,3.1826114654541016
ANNet,acceleration,2.5,J1,48,0.9951235055923462,1.4641940593719482
ANNet,acceleration,2.5,J2,48,0.46707674860954285,3.1826114654541016
analytical,acceleration,2.5,J1,48,0.9941391944885254,1.4641940593719482
analytical,acceleration,2.5,J2,48,0.4661747217178345,3.1826114654541016
ANNet,acceleration,5.0,J1,48,1.9890377521514893,1.4641940593719482
ANNet,acceleration,5.0,J2,48,0.9333333373069763,3.1826114654541016
analytical,acceleration,5.0,J1,48,1.9882783889770508,1.4641940593719482
analytical,acceleration,5.0,J2,48,0.932349443435669,3.1826114654541016
ANNet,acceleration,10.0,J1,48,3.9774014949798584,1.4641940593719482
ANNet,acceleration,10.0,J2,48,1.8662770986557007,3.1826114654541016
analytical,acceleration,10.0,J1,48,3.9765567779541016,1.4641940593719482
analytical,acceleration,10.0,J2,48,1.864698886871338,3.1826114654541016
ANNet,acceleration,25.0,J1,48,9.94283390045166,1.4641940593719482
ANNet,acceleration,25.0,J2,48,4.66703987121582,3.1826114654541016
analytical,acceleration,25.0,J1,48,9.94139289855957,1.4641940593719482
analytical,acceleration,25.0,J2,48,4.661747455596924,3.1826114654541016
ANNet,none,0.0,J1,49,0.019969545304775238,9.440569877624512
ANNet,none,0.0,J2,49,0.030496902763843536,3.89812970161438
ANNet,all,1.0,J1,49,0.1546657383441925,9.440569877624512
ANNet,all,1.0,J2,49,0.07383235543966293,3.89812970161438
analytical,all,1.0,J1,49,0.15321068465709686,9.440569877624512
analytical,all,1.0,J2,49,0.06696324795484543,3.89812970161438
ANNet,all,2.5,J1,49,0.3838169276714325,9.440569877624512
ANNet,all,2.5,J2,49,0.17054402828216553,3.89812970161438
analytical,all,2.5,J1,49,0.3830234706401825,9.440569877624512
analytical,all,2.5,J2,49,0.16740718483924866,3.89812970161438
ANNet,all,5.0,J1,49,0.7667542695999146,9.440569877624512
ANNet,all,5.0,J2,49,0.3367672562599182,3.89812970161438
analytical,all,5.0,J1,49,0.7660316824913025,9.440569877624512
analytical,all,5.0,J2,49,0.3348101079463959,3.89812970161438
ANNet,all,10.0,J1,49,1.532944917678833,9.440569877624512
ANNet,all,10.0,J2,49,0.6712323427200317,3.89812970161438
analytical,all,10.0,J1,49,1.5319682359695435,9.440569877624512
analytical,all,10.0,J2,49,0.6695955395698547,3.89812970161438
ANNet,all,25.0,J1,49,3.830692768096924,9.440569877624512
ANNet,all,25.0,J2,49,1.6759719848632812,3.89812970161438
analytical,all,25.0,J1,49,3.8285253047943115,9.440569877624512
analytical,all,25.0,J2,49,1.6736507415771484,3.89812970161438
ANNet,angle,1.0,J1,49,0.020184583961963654,9.440569877624512
ANNet,angle,1.0,J2,49,0.030522752553224564,3.89812970161438
analytical,angle,1.0,J1,49,0.0029233847744762897,9.440569877624512
analytical,angle,1.0,J2,49,0.0014060664689168334,3.89812970161438
ANNet,angle,2.5,J1,49,0.021254099905490875,9.440569877624512
ANNet,angle,2.5,J2,49,0.0306924469769001,3.89812970161438
analytical,angle,2.5,J1,49,0.007308348082005978,9.440569877624512
analytical,angle,2.5,J2,49,0.0035151569172739983,3.89812970161438
ANNet,angle,5.0,J1,49,0.024683190509676933,9.440569877624512
ANNet,angle,5.0,J2,49,0.031316664069890976,3.89812970161438
analytical,angle,5.0,J1,49,0.014617033302783966,9.440569877624512
analytical,angle,5.0,J2,49,0.007030963432043791,3.89812970161438
ANNet,angle,10.0,J1,49,0.035191889852285385,9.440569877624512
ANNet,angle,10.0,J2,49,0.03374151885509491,3.89812970161438
analytical,angle,10.0,J1,49,0.029240857809782028,9.440569877624512
analytical,angle,10.0,J2,49,0.014069716446101665,3.89812970161438
ANNet,angle,25.0,J1,49,0.07525874674320221,9.440569877624512
ANNet,angle,25.0,J2,49,0.04755048826336861,3.89812970161438
analytical,angle,25.0,J1,49,0.07326144725084305,9.440569877624512
analytical,angle,25.0,J2,49,0.035335756838321686,3.89812970161438
ANNet,velocity,1.0,J1,49,0.020232878625392914,9.440569877624512
ANNet,velocity,1.0,J2,49,0.030568882822990417,3.89812970161438
analytical,velocity,1.0,J1,49,0.003281233599409461,9.440569877624512
analytical,velocity,1.0,J2,49,0.0019413798581808805,3.89812970161438
ANNet,velocity,2.5,J1,49,0.021567896008491516,9.440569877624512
ANNet,velocity,2.5,J2,49,0.030912311747670174,3.89812970161438
analytical,velocity,2.5,J1,49,0.008205355145037174,9.440569877624512
analytical,velocity,2.5,J2,49,0.004854052793234587,3.89812970161438
ANNet,velocity,5.0,J1,49,0.025788970291614532,9.440569877624512
ANNet,velocity,5.0,J2,49,0.032087016850709915,3.89812970161438
analytical,velocity,5.0,J1,49,0.016424773260951042,9.440569877624512
analytical,velocity,5.0,J2,49,0.009714868851006031,3.89812970161438
ANNet,velocity,10.0,J1,49,0.038360901176929474,9.440569877624512
ANNet,velocity,10.0,J2,49,0.036399707198143005,3.89812970161438
analytical,velocity,10.0,J1,49,0.032954249531030655,9.440569877624512
analytical,velocity,10.0,J2,49,0.019492290914058685,3.89812970161438
ANNet,velocity,25.0,J1,49,0.08603228628635406,9.440569877624512
ANNet,velocity,25.0,J2,49,0.05899423733353615,3.89812970161438
analytical,velocity,25.0,J1,49,0.08412125706672668,9.440569877624512
analytical,velocity,25.0,J2,49,0.049895014613866806,3.89812970161438
ANNet,acceleration,1.0,J1,49,0.1546027511358261,9.440569877624512
ANNet,acceleration,1.0,J2,49,0.07380549609661102,3.89812970161438
analytical,acceleration,1.0,J1,49,0.15314823389053345,9.440569877624512
analytical,acceleration,1.0,J2,49,0.06693755090236664,3.89812970161438
ANNet,acceleration,2.5,J1,49,0.38366249203681946,9.440569877624512
ANNet,acceleration,2.5,J2,49,0.1704718917608261,3.89812970161438
analytical,acceleration,2.5,J1,49,0.382870614528656,9.440569877624512
analytical,acceleration,2.5,J2,49,0.1673438847064972,3.89812970161438
ANNet,acceleration,5.0,J1,49,0.7664608955383301,9.440569877624512
ANNet,acceleration,5.0,J2,49,0.33662551641464233,3.89812970161438
analytical,acceleration,5.0,J1,49,0.765741229057312,9.440569877624512
analytical,acceleration,5.0,J2,49,0.3346877694129944,3.89812970161438
ANNet,acceleration,10.0,J1,49,1.5324546098709106,9.440569877624512
ANNet,acceleration,10.0,J2,49,0.6709755063056946,3.89812970161438
analytical,acceleration,10.0,J1,49,1.531482458114624,9.440569877624512
analytical,acceleration,10.0,J2,49,0.6693755388259888,3.89812970161438
ANNet,acceleration,25.0,J1,49,3.830904483795166,9.440569877624512
ANNet,acceleration,25.0,J2,49,1.6757304668426514,3.89812970161438
analytical,acceleration,25.0,J1,49,3.8287060260772705,9.440569877624512
analytical,acceleration,25.0,J2,49,1.6734386682510376,3.89812970161438
