model,noise_percent,cutoff_hz,joint,trajectory,rmse_nm
ANNet,0.0,1.0,J1,0,0.24461674690246582
ANNet,0.0,1.0,J2,0,0.2870476543903351
analytical,0.0,1.0,J1,0,0.23956426978111267
analytical,0.0,1.0,J2,0,0.288909912109375
ANNet,0.0,2.0,J1,0,0.09662575274705887
ANNet,0.0,2.0,J2,0,0.058467429131269455
analytical,0.0,2.0,J1,0,0.0931239128112793
analytical,0.0,2.0,J2,0,0.05416422709822655
ANNet,0.0,5.0,J1,0,0.02313338965177536
ANNet,0.0,5.0,J2,0,0.021748745813965797
analytical,0.0,5.0,J1,0,0.011270578019320965
analytical,0.0,5.0,J2,0,0.004814181011170149
ANNet,0.0,10.0,J1,0,0.020346475765109062
ANNet,0.0,10.0,J2,0,0.02120421640574932
analytical,0.0,10.0,J1,0,0.0036946493200957775
analytical,0.0,10.0,J2,0,0.0013146380661055446
ANNet,0.0,20.0,J1,0,0.020042451098561287
ANNet,0.0,20.0,J2,0,0.021163245663046837
analytical,0.0,20.0,J1,0,0.0013070445274934173
analytical,0.0,20.0,J2,0,0.0004656108794733882
ANNet,0.0,50.0,J1,0,0.020001880824565887
ANNet,0.0,50.0,J2,0,0.021157851442694664
analytical,0.0,50.0,J1,0,0.0003361775598023087
analytical,0.0,50.0,J2,0,0.00012061040615662932
ANNet,0.0,100.0,J1,0,0.019999198615550995
ANNet,0.0,100.0,J2,0,0.02115754410624504
analytical,0.0,100.0,J1,0,0.0001221294660354033
analytical,0.0,100.0,J2,0,4.392650589579716e-05
ANNet,0.0,200.0,J1,0,0.019998742267489433
ANNet,0.0,200.0,J2,0,0.02115751802921295
analytical,0.0,200.0,J1,0,4.5492131903301924e-05
analytical,0.0,200.0,J2,0,1.6389143638662063e-05
ANNet,0.0,500.0,J1,0,0.019998611882328987
ANNet,0.0,500.0,J2,0,0.0211575198918581
analytical,0.0,500.0,J1,0,1.3322385711944662e-05
analytical,0.0,500.0,J2,0,4.8207512008957565e-06
ANNet,0.0,1000.0,J1,0,0.01999858394265175
ANNet,0.0,1000.0,J2,0,0.0211575236171484
analytical,0.0,1000.0,J1,0,5.856800726178335e-06
analytical,0.0,1000.0,J2,0,2.1391881546151126e-06
ANNet,1.0,1.0,J1,0,0.2451021522283554
ANNet,1.0,1.0,J2,0,0.2868286371231079
analytical,1.0,1.0,J1,0,0.23998309671878815
analytical,1.0,1.0,J2,0,0.28866341710090637
ANNet,1.0,2.0,J1,0,0.09789521247148514
ANNet,1.0,2.0,J2,0,0.058563604950904846
analytical,1.0,2.0,J1,0,0.09426424652338028
analytical,1.0,2.0,J2,0,0.054085589945316315
ANNet,1.0,5.0,J1,0,0.025349916890263557
ANNet,1.0,5.0,J2,0,0.02254151925444603
analytical,1.0,5.0,J1,0,0.01387802790850401
analytical,1.0,5.0,J2,0,0.005895837675780058
ANNet,1.0,10.0,J1,0,0.023802582174539566
ANNet,1.0,10.0,J2,0,0.0222574882209301
analytical,1.0,10.0,J1,0,0.011134857311844826
analytical,1.0,10.0,J2,0,0.00488274497911334
ANNet,1.0,20.0,J1,0,0.025856204330921173
ANNet,1.0,20.0,J2,0,0.02273605205118656
analytical,1.0,20.0,J1,0,0.015045136213302612
analytical,1.0,20.0,J2,0,0.006743387784808874
ANNet,1.0,50.0,J1,0,0.031361114233732224
ANNet,1.0,50.0,J2,0,0.024116016924381256
analytical,1.0,50.0,J1,0,0.023262882605195045
analytical,1.0,50.0,J2,0,0.010491819120943546
ANNet,1.0,100.0,J1,0,0.03860928490757942
ANNet,1.0,100.0,J2,0,0.02615533396601677
analytical,1.0,100.0,J1,0,0.03237586095929146
analytical,1.0,100.0,J2,0,0.01458007749170065
ANNet,1.0,200.0,J1,0,0.04941874369978905
ANNet,1.0,200.0,J2,0,0.029616326093673706
analytical,1.0,200.0,J1,0,0.04471522942185402
analytical,1.0,200.0,J2,0,0.020138151943683624
ANNet,1.0,500.0,J1,0,0.07287691533565521
ANNet,1.0,500.0,J2,0,0.03815821185708046
analytical,1.0,500.0,J1,0,0.06976619362831116
analytical,1.0,500.0,J2,0,0.03137292340397835
ANNet,1.0,1000.0,J1,0,0.10015717148780823
ANNet,1.0,1000.0,J2,0,0.049112215638160706
analytical,1.0,1000.0,J1,0,0.09790860116481781
analytical,1.0,1000.0,J2,0,0.04404338821768761
ANNet,2.5,1.0,J1,0,0.2459191381931305
ANNet,2.5,1.0,J2,0,0.28651413321495056
analytical,2.5,1.0,J1,0,0.24070268869400024
analytical,2.5,1.0,J2,0,0.28830742835998535
ANNet,2.5,2.0,J1,0,0.1001637801527977
ANNet,2.5,2.0,J2,0,0.05883847177028656
analytical,2.5,2.0,J1,0,0.09635970741510391
analytical,2.5,2.0,J2,0,0.054109785705804825
ANNet,2.5,5.0,J1,0,0.03146016597747803
ANNet,2.5,5.0,J2,0,0.024466851726174355
analytical,2.5,5.0,J1,0,0.021838238462805748
analytical,2.5,5.0,J2,0,0.009486117400228977
ANNet,2.5,10.0,J1,0,0.03438710421323776
ANNet,2.5,10.0,J2,0,0.02535276673734188
analytical,2.5,10.0,J1,0,0.026007220149040222
analytical,2.5,10.0,J2,0,0.011647004634141922
ANNet,2.5,20.0,J1,0,0.043575599789619446
ANNet,2.5,20.0,J2,0,0.02807871624827385
analytical,2.5,20.0,J1,0,0.03732329607009888
analytical,2.5,20.0,J2,0,0.016767511144280434
ANNet,2.5,50.0,J1,0,0.062356993556022644
ANNet,2.5,50.0,J2,0,0.03457498550415039
analytical,2.5,50.0,J1,0,0.05815213546156883
analytical,2.5,50.0,J2,0,0.026228049769997597
ANNet,2.5,100.0,J1,0,0.0840204656124115
ANNet,2.5,100.0,J2,0,0.04285212606191635
analytical,2.5,100.0,J1,0,0.08094342797994614
analytical,2.5,100.0,J2,0,0.03645141422748566
ANNet,2.5,200.0,J1,0,0.11404607445001602
ANNet,2.5,200.0,J2,0,0.05516013875603676
analytical,2.5,200.0,J1,0,0.11178962141275406
analytical,2.5,200.0,J2,0,0.050345804542303085
ANNet,2.5,500.0,J1,0,0.17588816583156586
ANNet,2.5,500.0,J2,0,0.08161402493715286
analytical,2.5,500.0,J1,0,0.17441624402999878
analytical,2.5,500.0,J2,0,0.07843264192342758
ANNet,2.5,1000.0,J1,0,0.24584349989891052
ANNet,2.5,1000.0,J2,0,0.1124078780412674
analytical,2.5,1000.0,J1,0,0.24477216601371765
analytical,2.5,1000.0,J2,0,0.1101086214184761
ANNet,5.0,1.0,J1,0,0.24751496315002441
ANNet,5.0,1.0,J2,0,0.2860274016857147
analytical,5.0,1.0,J1,0,0.2421431839466095
analytical,5.0,1.0,J2,0,0.28775110840797424
ANNet,5.0,2.0,J1,0,0.1048428863286972
ANNet,5.0,2.0,J2,0,0.059638820588588715
analytical,5.0,2.0,J1,0,0.1008036732673645
analytical,5.0,2.0,J2,0,0.054527610540390015
ANNet,5.0,5.0,J1,0,0.045432135462760925
ANNet,5.0,5.0,J2,0,0.029161198064684868
analytical,5.0,5.0,J1,0,0.03803449869155884
analytical,5.0,5.0,J2,0,0.016821464523673058
ANNet,5.0,10.0,J1,0,0.0569303072988987
ANNet,5.0,10.0,J2,0,0.03313983976840973
analytical,5.0,10.0,J1,0,0.05127083137631416
analytical,5.0,10.0,J2,0,0.023059165105223656
ANNet,5.0,20.0,J1,0,0.07850262522697449
ANNet,5.0,20.0,J2,0,0.041093599051237106
analytical,5.0,20.0,J1,0,0.07449835538864136
analytical,5.0,20.0,J2,0,0.03348735347390175
ANNet,5.0,50.0,J1,0,0.1189219132065773
ANNet,5.0,50.0,J2,0,0.05761708691716194
analytical,5.0,50.0,J1,0,0.11630304902791977
analytical,5.0,50.0,J2,0,0.05245579779148102
ANNet,5.0,100.0,J1,0,0.1637917459011078
ANNet,5.0,100.0,J2,0,0.07670266926288605
analytical,5.0,100.0,J1,0,0.16188938915729523
analytical,5.0,100.0,J2,0,0.07290347665548325
ANNet,5.0,200.0,J1,0,0.22497978806495667
ANNet,5.0,200.0,J2,0,0.10348179191350937
analytical,5.0,200.0,J1,0,0.22358044981956482
analytical,5.0,200.0,J2,0,0.10069155693054199
ANNet,5.0,500.0,J1,0,0.3497670590877533
ANNet,5.0,500.0,J2,0,0.15868662297725677
analytical,5.0,500.0,J1,0,0.348834365606308
analytical,5.0,500.0,J2,0,0.15686620771884918
ANNet,5.0,1000.0,J1,0,0.49025046825408936
ANNet,5.0,1000.0,J2,0,0.22153976559638977
analytical,5.0,1000.0,J1,0,0.4895452857017517
analytical,5.0,1000.0,J2,0,0.22021745145320892
ANNet,10.0,1.0,J1,0,0.2515638470649719
ANNet,10.0,1.0,J2,0,0.2851952910423279
analytical,10.0,1.0,J1,0,0.24590802192687988
analytical,10.0,1.0,J2,0,0.28677815198898315
ANNet,10.0,2.0,J1,0,0.11704513430595398
ANNet,10.0,2.0,J2,0,0.062452640384435654
analytical,10.0,2.0,J1,0,0.11270754039287567
analytical,10.0,2.0,J2,0,0.056726615875959396
ANNet,10.0,5.0,J1,0,0.07792297005653381
ANNet,10.0,5.0,J2,0,0.04162059724330902
analytical,10.0,5.0,J1,0,0.0724262148141861
analytical,10.0,5.0,J2,0,0.03236400708556175
ANNet,10.0,10.0,J1,0,0.10596317052841187
ANNet,10.0,10.0,J2,0,0.052879828959703445
analytical,10.0,10.0,J1,0,0.10198971629142761
analytical,10.0,10.0,J2,0,0.045938748866319656
ANNet,10.0,20.0,J1,0,0.1516251564025879
ANNet,10.0,20.0,J2,0,0.07189241051673889
analytical,10.0,20.0,J1,0,0.14886514842510223
analytical,10.0,20.0,J2,0,0.06693273782730103
ANNet,10.0,50.0,J1,0,0.2344091236591339
ANNet,10.0,50.0,J2,0,0.1081569716334343
analytical,10.0,50.0,J1,0,0.23260624706745148
analytical,10.0,50.0,J2,0,0.10491201281547546
ANNet,10.0,100.0,J1,0,0.3250998556613922
ANNet,10.0,100.0,J2,0,0.14816166460514069
analytical,10.0,100.0,J1,0,0.3237806260585785
analytical,10.0,100.0,J2,0,0.14580678939819336
ANNet,10.0,200.0,J1,0,0.44815465807914734
ANNet,10.0,200.0,J2,0,0.20310550928115845
analytical,10.0,200.0,J1,0,0.4471622109413147
analytical,10.0,200.0,J2,0,0.20138177275657654
ANNet,10.0,500.0,J1,0,0.6983767747879028
ANNet,10.0,500.0,J2,0,0.31487351655960083
analytical,10.0,500.0,J1,0,0.6976731419563293
analytical,10.0,500.0,J2,0,0.31373530626296997
ANNet,10.0,1000.0,J1,0,0.9796674847602844
ANNet,10.0,1000.0,J2,0,0.44128915667533875
analytical,10.0,1000.0,J1,0,0.9790863394737244
analytical,10.0,1000.0,J2,0,0.44043391942977905
ANNet,25.0,1.0,J1,0,0.2700240910053253
ANNet,25.0,1.0,J2,0,0.2838427722454071
analytical,25.0,1.0,J1,0,0.2637312114238739
analytical,25.0,1.0,J2,0,0.28499236702919006
ANNet,25.0,2.0,J1,0,0.16773445904254913
ANNet,25.0,2.0,J2,0,0.07849965244531631
analytical,25.0,2.0,J1,0,0.1632252186536789
analytical,25.0,2.0,J2,0,0.07199259102344513
ANNet,25.0,5.0,J1,0,0.18157364428043365
ANNet,25.0,5.0,J2,0,0.08605419844388962
analytical,25.0,5.0,J1,0,0.17753469944000244
analytical,25.0,5.0,J2,0,0.07980826497077942
ANNet,25.0,10.0,J1,0,0.25718408823013306
ANNet,25.0,10.0,J2,0,0.11911042034626007
analytical,25.0,10.0,J1,0,0.25429442524909973
analytical,25.0,10.0,J2,0,0.11462671309709549
ANNet,25.0,20.0,J1,0,0.37398800253868103
ANNet,25.0,20.0,J2,0,0.1704220473766327
analytical,25.0,20.0,J1,0,0.3719761371612549
analytical,25.0,20.0,J2,0,0.16727972030639648
ANNet,25.0,50.0,J1,0,0.5828728675842285
ANNet,25.0,50.0,J2,0,0.2643289864063263
analytical,25.0,50.0,J1,0,0.5815203785896301
analytical,25.0,50.0,J2,0,0.26228460669517517
ANNet,25.0,100.0,J1,0,0.8104687929153442
ANNet,25.0,100.0,J2,0,0.36598774790763855
analytical,25.0,100.0,J1,0,0.8094445466995239
analytical,25.0,100.0,J2,0,0.3645091950893402
ANNet,25.0,200.0,J1,0,1.1187266111373901
ANNet,25.0,200.0,J2,0,0.5045385360717773
analytical,25.0,200.0,J1,0,1.1178953647613525
analytical,25.0,200.0,J2,0,0.5034389495849609
ANNet,25.0,500.0,J1,0,1.7448596954345703
ANNet,25.0,500.0,J2,0,0.7851231694221497
analytical,25.0,500.0,J1,0,1.744157314300537
analytical,25.0,500.0,J2,0,0.7843464612960815
ANNet,25.0,1000.0,J1,0,2.4482431411743164
ANNet,25.0,1000.0,J2,0,1.1017122268676758
analytical,25.0,1000.0,J1,0,2.447521924972534
analytical,25.0,1000.0,J2,0,1.101039171218872
ANNet,0.0,1.0,J1,1,0.15807238221168518
ANNet,0.0,1.0,J2,1,0.17922505736351013
analytical,0.0,1.0,J1,1,0.15025801956653595
analytical,0.0,1.0,J2,1,0.1834830641746521
ANNet,0.0,2.0,J1,1,0.04930209740996361
ANNet,0.0,2.0,J2,1,0.040014877915382385
analytical,0.0,2.0,J1,1,0.04324730485677719
analytical,0.0,2.0,J2,1,0.031014181673526764
ANNet,0.0,5.0,J1,1,0.021522734314203262
ANNet,0.0,5.0,J2,1,0.028126506134867668
analytical,0.0,5.0,J1,1,0.007912509143352509
analytical,0.0,5.0,J2,1,0.005677530076354742
ANNet,0.0,10.0,J1,1,0.020120278000831604
ANNet,0.0,10.0,J2,1,0.027642931789159775
analytical,0.0,10.0,J1,1,0.002781038172543049
analytical,0.0,10.0,J2,1,0.0020011086016893387
ANNet,0.0,20.0,J1,1,0.019947675988078117
ANNet,0.0,20.0,J2,1,0.027581216767430305
analytical,0.0,20.0,J1,1,0.000991600682027638
analytical,0.0,20.0,J2,1,0.0007125022239051759
ANNet,0.0,50.0,J1,1,0.019924210384488106
ANNet,0.0,50.0,J2,1,0.027572764083743095
analytical,0.0,50.0,J1,1,0.00025555919273756444
analytical,0.0,50.0,J2,1,0.00018340066890232265
ANNet,0.0,100.0,J1,1,0.0199226513504982
ANNet,0.0,100.0,J2,1,0.027572236955165863
analytical,0.0,100.0,J1,1,9.286728163715452e-05
analytical,0.0,100.0,J2,1,6.661873339908198e-05
ANNet,0.0,200.0,J1,1,0.019922396168112755
ANNet,0.0,200.0,J2,1,0.02757216989994049
analytical,0.0,200.0,J1,1,3.459427898633294e-05
analytical,0.0,200.0,J2,1,2.480791044945363e-05
ANNet,0.0,500.0,J1,1,0.019922329112887383
ANNet,0.0,500.0,J2,1,0.027572158724069595
analytical,0.0,500.0,J1,1,1.0126545021194033e-05
analytical,0.0,500.0,J2,1,7.234151325974381e-06
ANNet,0.0,1000.0,J1,1,0.01992231048643589
ANNet,0.0,1000.0,J2,1,0.027572158724069595
analytical,0.0,1000.0,J1,1,4.422926394909155e-06
analytical,0.0,1000.0,J2,1,3.1140325518208556e-06
ANNet,1.0,1.0,J1,1,0.15783515572547913
ANNet,1.0,1.0,J2,1,0.17898494005203247
analytical,1.0,1.0,J1,1,0.15003573894500732
analytical,1.0,1.0,J2,1,0.1833752691745758
ANNet,1.0,2.0,J1,1,0.04962985962629318
ANNet,1.0,2.0,J2,1,0.03961564227938652
analytical,1.0,2.0,J1,1,0.04361257702112198
analytical,1.0,2.0,J2,1,0.03118720091879368
ANNet,1.0,5.0,J1,1,0.022134432569146156
ANNet,1.0,5.0,J2,1,0.027460118755698204
analytical,1.0,5.0,J1,1,0.009293394163250923
analytical,1.0,5.0,J2,1,0.006109452340751886
ANNet,1.0,10.0,J1,1,0.021327463909983635
ANNet,1.0,10.0,J2,1,0.02704702876508236
analytical,1.0,10.0,J1,1,0.007400345988571644
analytical,1.0,10.0,J2,1,0.0036865815054625273
ANNet,1.0,20.0,J1,1,0.022116048261523247
ANNet,1.0,20.0,J2,1,0.027131719514727592
analytical,1.0,20.0,J1,1,0.009451301768422127
analytical,1.0,20.0,J2,1,0.004254684317857027
ANNet,1.0,50.0,J1,1,0.024771681055426598
ANNet,1.0,50.0,J2,1,0.027575844898819923
analytical,1.0,50.0,J1,1,0.014638490043580532
analytical,1.0,50.0,J2,1,0.00651201419532299
ANNet,1.0,100.0,J1,1,0.02881637029349804
ANNet,1.0,100.0,J2,1,0.028340449556708336
analytical,1.0,100.0,J1,1,0.020780416205525398
analytical,1.0,100.0,J2,1,0.009231055155396461
ANNet,1.0,200.0,J1,1,0.03542536124587059
ANNet,1.0,200.0,J2,1,0.0297943614423275
analytical,1.0,200.0,J1,1,0.02928919531404972
analytical,1.0,200.0,J2,1,0.013032907620072365
ANNet,1.0,500.0,J1,1,0.05034959688782692
ANNet,1.0,500.0,J2,1,0.03381268307566643
analytical,1.0,500.0,J1,1,0.04628419131040573
analytical,1.0,500.0,J2,1,0.020635094493627548
ANNet,1.0,1000.0,J1,1,0.06805545836687088
ANNet,1.0,1000.0,J2,1,0.039516083896160126
analytical,1.0,1000.0,J1,1,0.06515826284885406
analytical,1.0,1000.0,J2,1,0.029061613604426384
ANNet,2.5,1.0,J1,1,0.15756464004516602
ANNet,2.5,1.0,J2,1,0.17863808572292328
analytical,2.5,1.0,J1,1,0.14979246258735657
analytical,2.5,1.0,J2,1,0.1832270473241806
ANNet,2.5,2.0,J1,1,0.05052997171878815
ANNet,2.5,2.0,J2,1,0.03911086171865463
analytical,2.5,2.0,J1,1,0.044623687863349915
analytical,2.5,2.0,J2,1,0.031571246683597565
ANNet,2.5,5.0,J1,1,0.02473747543990612
ANNet,2.5,5.0,J2,1,0.026736851781606674
analytical,2.5,5.0,J1,1,0.014290587976574898
analytical,2.5,5.0,J2,1,0.007832407020032406
ANNet,2.5,10.0,J1,1,0.026438262313604355
ANNet,2.5,10.0,J2,1,0.026763010770082474
analytical,2.5,10.0,J1,1,0.017172107473015785
analytical,2.5,10.0,J2,1,0.007849659770727158
ANNet,2.5,20.0,J1,1,0.03087242878973484
ANNet,2.5,20.0,J2,1,0.027644729241728783
analytical,2.5,20.0,J1,1,0.02345297299325466
analytical,2.5,20.0,J2,1,0.0104668652638793
ANNet,2.5,50.0,J1,1,0.041700154542922974
ANNet,2.5,50.0,J2,1,0.030320342630147934
analytical,2.5,50.0,J1,1,0.036585498601198196
analytical,2.5,50.0,J2,1,0.01627061516046524
ANNet,2.5,100.0,J1,1,0.05562831088900566
ANNet,2.5,100.0,J2,1,0.034450989216566086
analytical,2.5,100.0,J1,1,0.051952064037323
analytical,2.5,100.0,J2,1,0.023078346624970436
ANNet,2.5,200.0,J1,1,0.07581648975610733
ANNet,2.5,200.0,J2,1,0.04141407832503319
analytical,2.5,200.0,J1,1,0.07322344928979874
analytical,2.5,200.0,J2,1,0.03258258104324341
ANNet,2.5,500.0,J1,1,0.11725572496652603
ANNet,2.5,500.0,J2,1,0.05755525082349777
analytical,2.5,500.0,J1,1,0.11571054905653
analytical,2.5,500.0,J2,1,0.0515877865254879
ANNet,2.5,1000.0,J1,1,0.16386528313159943
ANNet,2.5,1000.0,J2,1,0.07698400318622589
analytical,2.5,1000.0,J1,1,0.16289560496807098
analytical,2.5,1000.0,J2,1,0.07265403866767883
ANNet,5.0,1.0,J1,1,0.1573423445224762
ANNet,5.0,1.0,J2,1,0.1780957579612732
analytical,5.0,1.0,J1,1,0.14962853491306305
analytical,5.0,1.0,J2,1,0.1830161064863205
ANNet,5.0,2.0,J1,1,0.05304909870028496
ANNet,5.0,2.0,J2,1,0.03853064775466919
analytical,5.0,2.0,J1,1,0.04744445160031319
analytical,5.0,2.0,J2,1,0.0325290821492672
ANNet,5.0,5.0,J1,1,0.03215326741337776
ANNet,5.0,5.0,J2,1,0.026327965781092644
analytical,5.0,5.0,J1,1,0.024897469207644463
analytical,5.0,5.0,J2,1,0.012044670060276985
ANNet,5.0,10.0,J1,1,0.039455171674489975
ANNet,5.0,10.0,J2,1,0.027935585007071495
analytical,5.0,10.0,J1,1,0.03387131541967392
analytical,5.0,10.0,J2,1,0.01521131582558155
ANNet,5.0,20.0,J1,1,0.050979357212781906
ANNet,5.0,20.0,J2,1,0.03137471526861191
analytical,5.0,20.0,J1,1,0.046830520033836365
analytical,5.0,20.0,J2,1,0.020867912098765373
ANNet,5.0,50.0,J1,1,0.07581820338964462
ANNet,5.0,50.0,J2,1,0.04008970037102699
analytical,5.0,50.0,J1,1,0.07316556572914124
analytical,5.0,50.0,J2,1,0.03253690153360367
ANNet,5.0,100.0,J1,1,0.10569706559181213
ANNet,5.0,100.0,J2,1,0.05174657329916954
analytical,5.0,100.0,J1,1,0.1039048582315445
analytical,5.0,100.0,J2,1,0.04615717753767967
ANNet,5.0,200.0,J1,1,0.14760243892669678
ANNet,5.0,200.0,J2,1,0.06921495497226715
analytical,5.0,200.0,J1,1,0.1464472860097885
analytical,5.0,200.0,J2,1,0.06516525149345398
ANNet,5.0,500.0,J1,1,0.23192593455314636
ANNet,5.0,500.0,J2,1,0.10573884844779968
analytical,5.0,500.0,J1,1,0.2314210832118988
analytical,5.0,500.0,J2,1,0.10317561030387878
ANNet,5.0,1000.0,J1,1,0.3258858323097229
ANNet,5.0,1000.0,J2,1,0.14709366858005524
analytical,5.0,1000.0,J1,1,0.3257906436920166
analytical,5.0,1000.0,J2,1,0.1453080028295517
ANNet,10.0,1.0,J1,1,0.15775716304779053
ANNet,10.0,1.0,J2,1,0.17714662849903107
analytical,10.0,1.0,J1,1,0.15020768344402313
analytical,10.0,1.0,J2,1,0.1827300786972046
ANNet,10.0,2.0,J1,1,0.06124628335237503
ANNet,10.0,2.0,J2,1,0.03839245066046715
analytical,10.0,2.0,J1,1,0.056450534611940384
analytical,10.0,2.0,J2,1,0.03550400957465172
ANNet,10.0,5.0,J1,1,0.05193428695201874
ANNet,10.0,5.0,J2,1,0.028520241379737854
analytical,10.0,5.0,J1,1,0.04767986387014389
analytical,10.0,5.0,J2,1,0.021825965493917465
ANNet,10.0,10.0,J1,1,0.07044819742441177
ANNet,10.0,10.0,J2,1,0.03528030961751938
analytical,10.0,10.0,J1,1,0.06743722409009933
analytical,10.0,10.0,J2,1,0.03012261725962162
ANNet,10.0,20.0,J1,1,0.09571976959705353
ANNet,10.0,20.0,J2,1,0.04554716870188713
analytical,10.0,20.0,J1,1,0.09360125660896301
analytical,10.0,20.0,J2,1,0.04168785363435745
ANNet,10.0,50.0,J1,1,0.14754706621170044
ANNet,10.0,50.0,J2,1,0.06759631633758545
analytical,10.0,50.0,J1,1,0.14632612466812134
analytical,10.0,50.0,J2,1,0.06506980210542679
ANNet,10.0,100.0,J1,1,0.20848509669303894
ANNet,10.0,100.0,J2,1,0.09408458322286606
analytical,10.0,100.0,J1,1,0.20781005918979645
analytical,10.0,100.0,J2,1,0.092314213514328
ANNet,10.0,200.0,J1,1,0.2931302487850189
ANNet,10.0,200.0,J2,1,0.1315445899963379
analytical,10.0,200.0,J1,1,0.29289498925209045
analytical,10.0,200.0,J2,1,0.13033002614974976
ANNet,10.0,500.0,J1,1,0.4625358283519745
ANNet,10.0,500.0,J2,1,0.20703764259815216
analytical,10.0,500.0,J1,1,0.4628411531448364
analytical,10.0,500.0,J2,1,0.2063511461019516
ANNet,10.0,1000.0,J1,1,0.6508381366729736
ANNet,10.0,1000.0,J2,1,0.2910136878490448
analytical,10.0,1000.0,J1,1,0.6515765190124512
analytical,10.0,1000.0,J2,1,0.2906152307987213
ANNet,25.0,1.0,J1,1,0.1656671166419983
ANNet,25.0,1.0,J2,1,0.17540673911571503
analytical,25.0,1.0,J1,1,0.15892758965492249
analytical,25.0,1.0,J2,1,0.18296311795711517
ANNet,25.0,2.0,J1,1,0.09941040724515915
ANNet,25.0,2.0,J2,1,0.04558263719081879
analytical,25.0,2.0,J1,1,0.09656117856502533
analytical,25.0,2.0,J2,1,0.05004490539431572
ANNet,25.0,5.0,J1,1,0.11934838443994522
ANNet,25.0,5.0,J2,1,0.04983207583427429
analytical,25.0,5.0,J1,1,0.11752137541770935
analytical,25.0,5.0,J2,1,0.052734993398189545
ANNet,25.0,10.0,J1,1,0.1694374978542328
ANNet,25.0,10.0,J2,1,0.07297808676958084
analytical,25.0,10.0,J1,1,0.16827332973480225
analytical,25.0,10.0,J2,1,0.07501208782196045
ANNet,25.0,20.0,J1,1,0.23457998037338257
ANNet,25.0,20.0,J2,1,0.10268385708332062
analytical,25.0,20.0,J1,1,0.23392581939697266
analytical,25.0,20.0,J2,1,0.10416008532047272
ANNet,25.0,50.0,J1,1,0.365866482257843
ANNet,25.0,50.0,J2,1,0.16169659793376923
analytical,25.0,50.0,J1,1,0.3658059239387512
analytical,25.0,50.0,J2,1,0.16266541182994843
ANNet,25.0,100.0,J1,1,0.5191025733947754
ANNet,25.0,100.0,J2,1,0.2300303429365158
analytical,25.0,100.0,J1,1,0.5195205807685852
analytical,25.0,100.0,J2,1,0.23077939450740814
ANNet,25.0,200.0,J1,1,0.7313400506973267
ANNet,25.0,200.0,J2,1,0.3251798748970032
analytical,25.0,200.0,J1,1,0.7322341799736023
analytical,25.0,200.0,J2,1,0.32581883668899536
ANNet,25.0,500.0,J1,1,1.1554166078567505
ANNet,25.0,500.0,J2,1,0.515278697013855
analytical,25.0,500.0,J1,1,1.1570779085159302
analytical,25.0,500.0,J2,1,0.5158736705780029
ANNet,25.0,1000.0,J1,1,1.6264735460281372
ANNet,25.0,1000.0,J2,1,0.7259117960929871
analytical,25.0,1000.0,J1,1,1.6288576126098633
analytical,25.0,1000.0,J2,1,0.7265216708183289
ANNet,0.0,1.0,J1,2,2.5822181701660156
ANNet,0.0,1.0,J2,2,1.2367249727249146
analytical,0.0,1.0,J1,2,2.57669997215271
analytical,0.0,1.0,J2,2,1.2441930770874023
ANNet,0.0,2.0,J1,2,1.0355345010757446
ANNet,0.0,2.0,J2,2,0.7107499837875366
analytical,0.0,2.0,J1,2,1.0416145324707031
analytical,0.0,2.0,J2,2,0.703650951385498
ANNet,0.0,5.0,J1,2,0.0994371697306633
ANNet,0.0,5.0,J2,2,0.11479423195123672
analytical,0.0,5.0,J1,2,0.09829061478376389
analytical,0.0,5.0,J2,2,0.09882334619760513
ANNet,0.0,10.0,J1,2,0.062207844108343124
ANNet,0.0,10.0,J2,2,0.07422952353954315
analytical,0.0,10.0,J1,2,0.015163064002990723
analytical,0.0,10.0,J2,2,0.0114963473752141
ANNet,0.0,20.0,J1,2,0.06235465034842491
ANNet,0.0,20.0,J2,2,0.07653183490037918
analytical,0.0,20.0,J1,2,0.004459164571017027
analytical,0.0,20.0,J2,2,0.001641589216887951
ANNet,0.0,50.0,J1,2,0.062319930642843246
ANNet,0.0,50.0,J2,2,0.076767198741436
analytical,0.0,50.0,J1,2,0.0011336450697854161
analytical,0.0,50.0,J2,2,0.00033398554660379887
ANNet,0.0,100.0,J1,2,0.06231357529759407
ANNet,0.0,100.0,J2,2,0.0767727792263031
analytical,0.0,100.0,J1,2,0.00041029261774383485
analytical,0.0,100.0,J2,2,0.00011553278454812244
ANNet,0.0,200.0,J1,2,0.06231271103024483
ANNet,0.0,200.0,J2,2,0.07677305489778519
analytical,0.0,200.0,J1,2,0.0001524576364317909
analytical,0.0,200.0,J2,2,4.20047108491417e-05
ANNet,0.0,500.0,J1,2,0.06231268122792244
ANNet,0.0,500.0,J2,2,0.07677306979894638
analytical,0.0,500.0,J1,2,4.440355041879229e-05
analytical,0.0,500.0,J2,2,1.215480915561784e-05
ANNet,0.0,1000.0,J1,2,0.06231269612908363
ANNet,0.0,1000.0,J2,2,0.07677307724952698
analytical,0.0,1000.0,J1,2,1.918184534588363e-05
analytical,0.0,1000.0,J2,2,5.352571406547213e-06
ANNet,1.0,1.0,J1,2,2.5826916694641113
ANNet,1.0,1.0,J2,2,1.2373136281967163
analytical,1.0,1.0,J1,2,2.5771703720092773
analytical,1.0,1.0,J2,2,1.244773268699646
ANNet,1.0,2.0,J1,2,1.0372655391693115
ANNet,1.0,2.0,J2,2,0.7113604545593262
analytical,1.0,2.0,J1,2,1.0433229207992554
analytical,1.0,2.0,J2,2,0.7042479515075684
ANNet,1.0,5.0,J1,2,0.10426940768957138
ANNet,1.0,5.0,J2,2,0.11630266904830933
analytical,1.0,5.0,J1,2,0.10355531424283981
analytical,1.0,5.0,J2,2,0.09921008348464966
ANNet,1.0,10.0,J1,2,0.06709546595811844
ANNet,1.0,10.0,J2,2,0.07723260670900345
analytical,1.0,10.0,J1,2,0.029877884313464165
analytical,1.0,10.0,J2,2,0.01608181558549404
ANNet,1.0,20.0,J1,2,0.0699903666973114
ANNet,1.0,20.0,J2,2,0.08014146983623505
analytical,1.0,20.0,J1,2,0.032460492104291916
analytical,1.0,20.0,J2,2,0.015199167653918266
ANNet,1.0,50.0,J1,2,0.0796293094754219
ANNet,1.0,50.0,J2,2,0.08231626451015472
analytical,1.0,50.0,J1,2,0.049835529178380966
analytical,1.0,50.0,J2,2,0.023266829550266266
ANNet,1.0,100.0,J1,2,0.09398046135902405
ANNet,1.0,100.0,J2,2,0.08571123331785202
analytical,1.0,100.0,J1,2,0.07051990926265717
analytical,1.0,100.0,J2,2,0.033258259296417236
ANNet,1.0,200.0,J1,2,0.11746664345264435
ANNet,1.0,200.0,J2,2,0.09211737662553787
analytical,1.0,200.0,J1,2,0.09967336058616638
analytical,1.0,200.0,J2,2,0.047297388315200806
ANNet,1.0,500.0,J1,2,0.16925162076950073
ANNet,1.0,500.0,J2,2,0.10889329016208649
analytical,1.0,500.0,J1,2,0.15739737451076508
analytical,1.0,500.0,J2,2,0.07478630542755127
ANNet,1.0,1000.0,J1,2,0.2291494607925415
ANNet,1.0,1000.0,J2,2,0.13155627250671387
analytical,1.0,1000.0,J1,2,0.22049131989479065
analytical,1.0,1000.0,J2,2,0.10492517799139023
ANNet,2.5,1.0,J1,2,2.5834195613861084
ANNet,2.5,1.0,J2,2,1.2382066249847412
analytical,2.5,1.0,J1,2,2.5778939723968506
analytical,2.5,1.0,J2,2,1.245653748512268
ANNet,2.5,2.0,J1,2,1.0400294065475464
ANNet,2.5,2.0,J2,2,0.7123345136642456
analytical,2.5,2.0,J1,2,1.04605233669281
analytical,2.5,2.0,J2,2,0.7052019834518433
ANNet,2.5,5.0,J1,2,0.11575613170862198
ANNet,2.5,5.0,J2,2,0.1195080429315567
analytical,2.5,5.0,J1,2,0.11561784148216248
analytical,2.5,5.0,J2,2,0.10094057023525238
ANNet,2.5,10.0,J1,2,0.08732335269451141
ANNet,2.5,10.0,J2,2,0.08432648330926895
analytical,2.5,10.0,J1,2,0.06372081488370895
analytical,2.5,10.0,J2,2,0.03015132248401642
ANNet,2.5,20.0,J1,2,0.10161658376455307
ANNet,2.5,20.0,J2,2,0.09014225751161575
analytical,2.5,20.0,J1,2,0.08070407807826996
analytical,2.5,20.0,J2,2,0.03766538202762604
ANNet,2.5,50.0,J1,2,0.1390375941991806
ANNet,2.5,50.0,J2,2,0.10075873881578445
analytical,2.5,50.0,J1,2,0.12453393638134003
analytical,2.5,50.0,J2,2,0.058166928589344025
ANNet,2.5,100.0,J1,2,0.18684792518615723
ANNet,2.5,100.0,J2,2,0.11710012704133987
analytical,2.5,100.0,J1,2,0.17628906667232513
analytical,2.5,100.0,J2,2,0.08314519375562668
ANNet,2.5,200.0,J1,2,0.25681746006011963
ANNet,2.5,200.0,J2,2,0.144333153963089
analytical,2.5,200.0,J1,2,0.24918624758720398
analytical,2.5,200.0,J2,2,0.11824215203523636
ANNet,2.5,500.0,J1,2,0.3984309434890747
ANNet,2.5,500.0,J2,2,0.20471736788749695
analytical,2.5,500.0,J1,2,0.39348652958869934
analytical,2.5,500.0,J2,2,0.18696577847003937
ANNet,2.5,1000.0,J1,2,0.5548811554908752
ANNet,2.5,1000.0,J2,2,0.2756235897541046
analytical,2.5,1000.0,J1,2,0.5512245893478394
analytical,2.5,1000.0,J2,2,0.2623140811920166
ANNet,5.0,1.0,J1,2,2.5846807956695557
ANNet,5.0,1.0,J2,2,1.2397221326828003
analytical,5.0,1.0,J1,2,2.5791478157043457
analytical,5.0,1.0,J2,2,1.2471482753753662
ANNet,5.0,2.0,J1,2,1.0450785160064697
ANNet,5.0,2.0,J2,2,0.714112401008606
analytical,5.0,2.0,J1,2,1.0510419607162476
analytical,5.0,2.0,J2,2,0.7069479823112488
ANNet,5.0,5.0,J1,2,0.1428789645433426
ANNet,5.0,5.0,J2,2,0.12713465094566345
analytical,5.0,5.0,J1,2,0.1434350460767746
analytical,5.0,5.0,J2,2,0.10669358819723129
ANNet,5.0,10.0,J1,2,0.1365046501159668
ANNet,5.0,10.0,J2,2,0.10128115862607956
analytical,5.0,10.0,J1,2,0.12302958965301514
analytical,5.0,10.0,J2,2,0.056760840117931366
ANNet,5.0,20.0,J1,2,0.17262884974479675
ANNet,5.0,20.0,J2,2,0.11507734656333923
analytical,5.0,20.0,J1,2,0.16135072708129883
analytical,5.0,20.0,J2,2,0.07517436146736145
ANNet,5.0,50.0,J1,2,0.25650355219841003
ANNet,5.0,50.0,J2,2,0.14578044414520264
analytical,5.0,50.0,J1,2,0.24903614819049835
analytical,5.0,50.0,J2,2,0.11632993072271347
ANNet,5.0,100.0,J1,2,0.35794609785079956
ANNet,5.0,100.0,J2,2,0.18838608264923096
analytical,5.0,100.0,J1,2,0.3525674343109131
analytical,5.0,100.0,J2,2,0.1662866473197937
ANNet,5.0,200.0,J1,2,0.5023074150085449
ANNet,5.0,200.0,J2,2,0.25292080640792847
analytical,5.0,200.0,J1,2,0.4983782172203064
analytical,5.0,200.0,J2,2,0.23648138344287872
ANNet,5.0,500.0,J1,2,0.7895859479904175
ANNet,5.0,500.0,J2,2,0.38507866859436035
analytical,5.0,500.0,J1,2,0.7869486212730408
analytical,5.0,500.0,J2,2,0.3739308714866638
ANNet,5.0,1000.0,J1,2,1.104548692703247
ANNet,5.0,1000.0,J2,2,0.5334130525588989
analytical,5.0,1000.0,J1,2,1.1024367809295654
analytical,5.0,1000.0,J2,2,0.524630069732666
ANNet,10.0,1.0,J1,2,2.5873827934265137
ANNet,10.0,1.0,J2,2,1.2428544759750366
analytical,10.0,1.0,J1,2,2.581835985183716
analytical,10.0,1.0,J2,2,1.250238060951233
ANNet,10.0,2.0,J1,2,1.0568069219589233
ANNet,10.0,2.0,J2,2,0.7182429432868958
analytical,10.0,2.0,J1,2,1.0626450777053833
analytical,10.0,2.0,J2,2,0.7110190987586975
ANNet,10.0,5.0,J1,2,0.21203021705150604
ANNet,10.0,5.0,J2,2,0.14918187260627747
analytical,10.0,5.0,J1,2,0.21327932178974152
analytical,10.0,5.0,J2,2,0.12683506309986115
ANNet,10.0,10.0,J1,2,0.2498236447572708
ANNet,10.0,10.0,J2,2,0.14556637406349182
analytical,10.0,10.0,J1,2,0.24295778572559357
analytical,10.0,10.0,J2,2,0.11159226298332214
ANNet,10.0,20.0,J1,2,0.3284079134464264
ANNet,10.0,20.0,J2,2,0.17894522845745087
analytical,10.0,20.0,J1,2,0.32271823287010193
analytical,10.0,20.0,J2,2,0.15019960701465607
ANNet,10.0,50.0,J1,2,0.5017474293708801
ANNet,10.0,50.0,J2,2,0.25292515754699707
analytical,10.0,50.0,J1,2,0.498024046421051
analytical,10.0,50.0,J2,2,0.23263488709926605
ANNet,10.0,100.0,J1,2,0.7078768014907837
ANNet,10.0,100.0,J2,2,0.3477360010147095
analytical,10.0,100.0,J1,2,0.7051072120666504
analytical,10.0,100.0,J2,2,0.3325558304786682
ANNet,10.0,200.0,J1,2,0.9989675283432007
ANNet,10.0,200.0,J2,2,0.48461639881134033
analytical,10.0,200.0,J1,2,0.9967756271362305
analytical,10.0,200.0,J2,2,0.47295093536376953
ANNet,10.0,500.0,J1,2,1.5754977464675903
ANNet,10.0,500.0,J2,2,0.7564213275909424
analytical,10.0,500.0,J1,2,1.5737959146499634
analytical,10.0,500.0,J2,2,0.7478523254394531
ANNet,10.0,1000.0,J1,2,2.2064602375030518
ANNet,10.0,1000.0,J2,2,1.0569738149642944
analytical,10.0,1000.0,J1,2,2.2048261165618896
analytical,10.0,1000.0,J2,2,1.0492531061172485
ANNet,25.0,1.0,J1,2,2.5969204902648926
ANNet,25.0,1.0,J2,2,1.2530522346496582
analytical,25.0,1.0,J1,2,2.5913360118865967
analytical,25.0,1.0,J2,2,1.2603044509887695
ANNet,25.0,2.0,J1,2,1.1043435335159302
ANNet,25.0,2.0,J2,2,0.7351012825965881
analytical,25.0,2.0,J1,2,1.1097679138183594
analytical,25.0,2.0,J2,2,0.7277352213859558
ANNet,25.0,5.0,J1,2,0.4502648115158081
ANNet,25.0,5.0,J2,2,0.24325484037399292
analytical,25.0,5.0,J1,2,0.45199939608573914
analytical,25.0,5.0,J2,2,0.22070664167404175
ANNet,25.0,10.0,J1,2,0.6065609455108643
ANNet,25.0,10.0,J2,2,0.3018040359020233
analytical,25.0,10.0,J1,2,0.6038990020751953
analytical,25.0,10.0,J2,2,0.2774205803871155
ANNet,25.0,20.0,J1,2,0.8091034889221191
ANNet,25.0,20.0,J2,2,0.39583006501197815
analytical,25.0,20.0,J1,2,0.8067499995231628
analytical,25.0,20.0,J2,2,0.37514054775238037
ANNet,25.0,50.0,J1,2,1.2464491128921509
ANNet,25.0,50.0,J2,2,0.5968855619430542
analytical,25.0,50.0,J1,2,1.2448302507400513
analytical,25.0,50.0,J2,2,0.5813742876052856
ANNet,25.0,100.0,J1,2,1.7640950679779053
ANNet,25.0,100.0,J2,2,0.8439685702323914
analytical,25.0,100.0,J1,2,1.762583613395691
analytical,25.0,100.0,J2,2,0.8312467932701111
ANNet,25.0,200.0,J1,2,2.4938344955444336
ANNet,25.0,200.0,J2,2,1.1935642957687378
analytical,25.0,200.0,J1,2,2.4920666217803955
analytical,25.0,200.0,J2,2,1.1822624206542969
ANNet,25.0,500.0,J1,2,3.9358367919921875
ANNet,25.0,500.0,J2,2,1.8794331550598145
analytical,25.0,500.0,J1,2,3.9336743354797363
analytical,25.0,500.0,J2,2,1.8694292306900024
ANNet,25.0,1000.0,J1,2,5.514765739440918
ANNet,25.0,1000.0,J2,2,2.633944511413574
analytical,25.0,1000.0,J1,2,5.511755466461182
analytical,25.0,1000.0,J2,2,2.622786521911621
ANNet,0.0,1.0,J1,3,0.6213088035583496
ANNet,0.0,1.0,J2,3,1.0553195476531982
analytical,0.0,1.0,J1,3,0.6151708960533142
analytical,0.0,1.0,J2,3,1.0625089406967163
ANNet,0.0,2.0,J1,3,0.3523562252521515
ANNet,0.0,2.0,J2,3,0.5620689392089844
analytical,0.0,2.0,J1,3,0.3495725095272064
analytical,0.0,2.0,J2,3,0.5646647810935974
ANNet,0.0,5.0,J1,3,0.06271988153457642
ANNet,0.0,5.0,J2,3,0.07733432948589325
analytical,0.0,5.0,J1,3,0.04374832287430763
analytical,0.0,5.0,J2,3,0.07428231835365295
ANNet,0.0,10.0,J1,3,0.04148072749376297
ANNet,0.0,10.0,J2,3,0.021600808948278427
analytical,0.0,10.0,J1,3,0.005843437742441893
analytical,0.0,10.0,J2,3,0.010538376867771149
ANNet,0.0,20.0,J1,3,0.04079356789588928
ANNet,0.0,20.0,J2,3,0.019439799711108208
analytical,0.0,20.0,J1,3,0.0014019960071891546
analytical,0.0,20.0,J2,3,0.002688884036615491
ANNet,0.0,50.0,J1,3,0.04075389727950096
ANNet,0.0,50.0,J2,3,0.019321974366903305
analytical,0.0,50.0,J1,3,0.00035252157249487936
analytical,0.0,50.0,J2,3,0.0006878376589156687
ANNet,0.0,100.0,J1,3,0.04075194522738457
ANNet,0.0,100.0,J2,3,0.01931336522102356
analytical,0.0,100.0,J1,3,0.00012896220141556114
analytical,0.0,100.0,J2,3,0.00025256513617932796
ANNet,0.0,200.0,J1,3,0.04075165465474129
ANNet,0.0,200.0,J2,3,0.019312100484967232
analytical,0.0,200.0,J1,3,4.832259946851991e-05
analytical,0.0,200.0,J2,3,9.467303607380018e-05
ANNet,0.0,500.0,J1,3,0.04075157642364502
ANNet,0.0,500.0,J2,3,0.01931189000606537
analytical,0.0,500.0,J1,3,1.4371320503414609e-05
analytical,0.0,500.0,J2,3,2.7693646188708954e-05
ANNet,0.0,1000.0,J1,3,0.04075155407190323
ANNet,0.0,1000.0,J2,3,0.019311871379613876
analytical,0.0,1000.0,J1,3,6.599794232897693e-06
analytical,0.0,1000.0,J2,3,1.189971408166457e-05
ANNet,1.0,1.0,J1,3,0.622947633266449
ANNet,1.0,1.0,J2,3,1.0545152425765991
analytical,1.0,1.0,J1,3,0.6167714595794678
analytical,1.0,1.0,J2,3,1.0617039203643799
ANNet,1.0,2.0,J1,3,0.3535311818122864
ANNet,1.0,2.0,J2,3,0.5620539784431458
analytical,1.0,2.0,J1,3,0.35058432817459106
analytical,1.0,2.0,J2,3,0.5646453499794006
ANNet,1.0,5.0,J1,3,0.06503886729478836
ANNet,1.0,5.0,J2,3,0.07768115401268005
analytical,1.0,5.0,J1,3,0.04531219229102135
analytical,1.0,5.0,J2,3,0.07453913241624832
ANNet,1.0,10.0,J1,3,0.047192998230457306
ANNet,1.0,10.0,J2,3,0.023496001958847046
analytical,1.0,10.0,J1,3,0.019431883469223976
analytical,1.0,10.0,J2,3,0.013089741580188274
ANNet,1.0,20.0,J1,3,0.05040634796023369
ANNet,1.0,20.0,J2,3,0.023728974163532257
analytical,1.0,20.0,J1,3,0.026698896661400795
analytical,1.0,20.0,J2,3,0.012771031819283962
ANNet,1.0,50.0,J1,3,0.060662247240543365
ANNet,1.0,50.0,J2,3,0.02854725904762745
analytical,1.0,50.0,J1,3,0.043028611689805984
analytical,1.0,50.0,J2,3,0.020309874787926674
ANNet,1.0,100.0,J1,3,0.07535843551158905
ANNet,1.0,100.0,J2,3,0.035528361797332764
analytical,1.0,100.0,J1,3,0.06203522905707359
analytical,1.0,100.0,J2,3,0.029319530352950096
ANNet,1.0,200.0,J1,3,0.09791682660579681
ANNet,1.0,200.0,J2,3,0.046244557946920395
analytical,1.0,200.0,J1,3,0.08805279433727264
analytical,1.0,200.0,J2,3,0.041660916060209274
ANNet,1.0,500.0,J1,3,0.14404387772083282
ANNet,1.0,500.0,J2,3,0.06813233345746994
analytical,1.0,500.0,J1,3,0.13748911023139954
analytical,1.0,500.0,J2,3,0.06510388851165771
ANNet,1.0,1000.0,J1,3,0.19848106801509857
ANNet,1.0,1000.0,J2,3,0.09415990114212036
analytical,1.0,1000.0,J1,3,0.19372640550136566
analytical,1.0,1000.0,J2,3,0.09199360013008118
ANNet,2.5,1.0,J1,3,0.6254850029945374
ANNet,2.5,1.0,J2,3,1.0533207654953003
analytical,2.5,1.0,J1,3,0.6192525625228882
analytical,2.5,1.0,J2,3,1.060508131980896
ANNet,2.5,2.0,J1,3,0.3556121587753296
ANNet,2.5,2.0,J2,3,0.562079906463623
analytical,2.5,2.0,J1,3,0.3524252474308014
analytical,2.5,2.0,J2,3,0.5646641850471497
ANNet,2.5,5.0,J1,3,0.07247640937566757
ANNet,2.5,5.0,J2,3,0.07903537154197693
analytical,2.5,5.0,J1,3,0.0532882921397686
analytical,2.5,5.0,J2,3,0.07579606026411057
ANNet,2.5,10.0,J1,3,0.06495929509401321
ANNet,2.5,10.0,J2,3,0.031041380017995834
analytical,2.5,10.0,J1,3,0.0460851788520813
analytical,2.5,10.0,J2,3,0.02334749884903431
ANNet,2.5,20.0,J1,3,0.08073291927576065
ANNet,2.5,20.0,J2,3,0.03787091746926308
analytical,2.5,20.0,J1,3,0.06662336736917496
analytical,2.5,20.0,J2,3,0.031471189111471176
ANNet,2.5,50.0,J1,3,0.11688446253538132
ANNet,2.5,50.0,J2,3,0.054954539984464645
analytical,2.5,50.0,J1,3,0.10758519917726517
analytical,2.5,50.0,J2,3,0.050729937851428986
ANNet,2.5,100.0,J1,3,0.16172130405902863
ANNet,2.5,100.0,J2,3,0.0762842446565628
analytical,2.5,100.0,J1,3,0.15509045124053955
analytical,2.5,100.0,J2,3,0.07329408079385757
ANNet,2.5,200.0,J1,3,0.224908709526062
ANNet,2.5,200.0,J2,3,0.10628383606672287
analytical,2.5,200.0,J1,3,0.2201334834098816
analytical,2.5,200.0,J2,3,0.10414938628673553
ANNet,2.5,500.0,J1,3,0.3468952178955078
ANNet,2.5,500.0,J2,3,0.16414190828800201
analytical,2.5,500.0,J1,3,0.3437196910381317
analytical,2.5,500.0,J2,3,0.16275620460510254
ANNet,2.5,1000.0,J1,3,0.48669204115867615
ANNet,2.5,1000.0,J2,3,0.230958953499794
analytical,2.5,1000.0,J1,3,0.4843073785305023
analytical,2.5,1000.0,J2,3,0.2299787551164627
ANNet,5.0,1.0,J1,3,0.6299219131469727
ANNet,5.0,1.0,J2,3,1.0513619184494019
analytical,5.0,1.0,J1,3,0.6235988140106201
analytical,5.0,1.0,J2,3,1.058547019958496
ANNet,5.0,2.0,J1,3,0.3599129021167755
ANNet,5.0,2.0,J2,3,0.5622519850730896
analytical,5.0,2.0,J1,3,0.35633960366249084
analytical,5.0,2.0,J2,3,0.5648238062858582
ANNet,5.0,5.0,J1,3,0.09219343215227127
ANNet,5.0,5.0,J2,3,0.08337368816137314
analytical,5.0,5.0,J1,3,0.07543442398309708
analytical,5.0,5.0,J2,3,0.08006878942251205
ANNet,5.0,10.0,J1,3,0.10405953228473663
ANNet,5.0,10.0,J2,3,0.049039557576179504
analytical,5.0,10.0,J1,3,0.09120088070631027
analytical,5.0,10.0,J2,3,0.043858811259269714
ANNet,5.0,20.0,J1,3,0.14229096472263336
ANNet,5.0,20.0,J2,3,0.0668463334441185
analytical,5.0,20.0,J1,3,0.1332007795572281
analytical,5.0,20.0,J2,3,0.06286472082138062
ANNet,5.0,50.0,J1,3,0.2210143804550171
ANNet,5.0,50.0,J2,3,0.10396695882081985
analytical,5.0,50.0,J1,3,0.21519452333450317
analytical,5.0,50.0,J2,3,0.10144073516130447
ANNet,5.0,100.0,J1,3,0.3143378496170044
ANNet,5.0,100.0,J2,3,0.14835573732852936
analytical,5.0,100.0,J1,3,0.3101867139339447
analytical,5.0,100.0,J2,3,0.14658595621585846
ANNet,5.0,200.0,J1,3,0.44331464171409607
ANNet,5.0,200.0,J2,3,0.2095623016357422
analytical,5.0,200.0,J1,3,0.4402695298194885
analytical,5.0,200.0,J2,3,0.20829439163208008
ANNet,5.0,500.0,J1,3,0.6895791292190552
ANNet,5.0,500.0,J2,3,0.32633906602859497
analytical,5.0,500.0,J1,3,0.6874278783798218
analytical,5.0,500.0,J2,3,0.32550013065338135
ANNet,5.0,1000.0,J1,3,0.9703665971755981
ANNet,5.0,1000.0,J2,3,0.46053099632263184
analytical,5.0,1000.0,J1,3,0.9685835242271423
analytical,5.0,1000.0,J2,3,0.45993849635124207
ANNet,10.0,1.0,J1,3,0.6395559906959534
ANNet,10.0,1.0,J2,3,1.0475654602050781
analytical,10.0,1.0,J1,3,0.6330634355545044
analytical,10.0,1.0,J2,3,1.0547451972961426
ANNet,10.0,2.0,J1,3,0.37149542570114136
ANNet,10.0,2.0,J2,3,0.5630788207054138
analytical,10.0,2.0,J1,3,0.3672085106372833
analytical,10.0,2.0,J2,3,0.5656226873397827
ANNet,10.0,5.0,J1,3,0.1441376954317093
ANNet,10.0,5.0,J2,3,0.09836822748184204
analytical,10.0,5.0,J1,3,0.1310184746980667
analytical,10.0,5.0,J2,3,0.09518127143383026
ANNet,10.0,10.0,J1,3,0.19073131680488586
ANNet,10.0,10.0,J2,3,0.09011344611644745
analytical,10.0,10.0,J1,3,0.18171706795692444
analytical,10.0,10.0,J2,3,0.08668199926614761
ANNet,10.0,20.0,J1,3,0.2726621627807617
ANNet,10.0,20.0,J2,3,0.12833555042743683
analytical,10.0,20.0,J1,3,0.2663936913013458
analytical,10.0,20.0,J2,3,0.12573468685150146
ANNet,10.0,50.0,J1,3,0.43452879786491394
ANNet,10.0,50.0,J2,3,0.2044924646615982
analytical,10.0,50.0,J1,3,0.4304656982421875
analytical,10.0,50.0,J2,3,0.20287099480628967
ANNet,10.0,100.0,J1,3,0.6233950853347778
ANNet,10.0,100.0,J2,3,0.29431629180908203
analytical,10.0,100.0,J1,3,0.6203946471214294
analytical,10.0,100.0,J2,3,0.29317015409469604
ANNet,10.0,200.0,J1,3,0.8828864097595215
ANNet,10.0,200.0,J2,3,0.4174221456050873
analytical,10.0,200.0,J1,3,0.880545973777771
analytical,10.0,200.0,J2,3,0.4165739119052887
ANNet,10.0,500.0,J1,3,1.376702904701233
ANNet,10.0,500.0,J2,3,0.6515568494796753
analytical,10.0,500.0,J1,3,1.374802589416504
analytical,10.0,500.0,J2,3,0.650946855545044
ANNet,10.0,1000.0,J1,3,1.9389032125473022
ANNet,10.0,1000.0,J2,3,0.9202420115470886
analytical,10.0,1000.0,J1,3,1.9370262622833252
analytical,10.0,1000.0,J2,3,0.9197880029678345
ANNet,25.0,1.0,J1,3,0.6741259098052979
ANNet,25.0,1.0,J2,3,1.0371614694595337
analytical,25.0,1.0,J1,3,0.6672147512435913
analytical,25.0,1.0,J2,3,1.044316053390503
ANNet,25.0,2.0,J1,3,0.4265696704387665
ANNet,25.0,2.0,J2,3,0.5693831443786621
analytical,25.0,2.0,J1,3,0.4206668734550476
analytical,25.0,2.0,J2,3,0.5718215107917786
ANNet,25.0,5.0,J1,3,0.32225367426872253
ANNet,25.0,5.0,J2,3,0.168472021818161
analytical,25.0,5.0,J1,3,0.31268051266670227
analytical,25.0,5.0,J2,3,0.16595157980918884
ANNet,25.0,10.0,J1,3,0.4601729214191437
ANNet,25.0,10.0,J2,3,0.21892784535884857
analytical,25.0,10.0,J1,3,0.45357218384742737
analytical,25.0,10.0,J2,3,0.21667341887950897
ANNet,25.0,20.0,J1,3,0.6708356738090515
ANNet,25.0,20.0,J2,3,0.3161148428916931
analytical,25.0,20.0,J1,3,0.666198194026947
analytical,25.0,20.0,J2,3,0.3143867552280426
ANNet,25.0,50.0,J1,3,1.0799506902694702
ANNet,25.0,50.0,J2,3,0.508256196975708
analytical,25.0,50.0,J1,3,1.0766955614089966
analytical,25.0,50.0,J2,3,0.5072038769721985
ANNet,25.0,100.0,J1,3,1.5538523197174072
ANNet,25.0,100.0,J2,3,0.7337160110473633
analytical,25.0,100.0,J1,3,1.5511378049850464
analytical,25.0,100.0,J2,3,0.7329171299934387
ANNet,25.0,200.0,J1,3,2.2038698196411133
ANNet,25.0,200.0,J2,3,1.042022705078125
analytical,25.0,200.0,J1,3,2.2013745307922363
analytical,25.0,200.0,J2,3,1.0413087606430054
ANNet,25.0,500.0,J1,3,3.4391634464263916
ANNet,25.0,500.0,J2,3,1.6277055740356445
analytical,25.0,500.0,J1,3,3.4364728927612305
analytical,25.0,500.0,J2,3,1.626876711845398
ANNet,25.0,1000.0,J1,3,4.8446807861328125
ANNet,25.0,1000.0,J2,3,2.2996010780334473
analytical,25.0,1000.0,J1,3,4.841224670410156
analytical,25.0,1000.0,J2,3,2.2985408306121826
ANNet,0.0,1.0,J1,4,0.45922866463661194
ANNet,0.0,1.0,J2,4,0.7291828989982605
analytical,0.0,1.0,J1,4,0.45303845405578613
analytical,0.0,1.0,J2,4,0.7339003086090088
ANNet,0.0,2.0,J1,4,0.24942368268966675
ANNet,0.0,2.0,J2,4,0.3444424271583557
analytical,0.0,2.0,J1,4,0.24766254425048828
analytical,0.0,2.0,J2,4,0.34655117988586426
ANNet,0.0,5.0,J1,4,0.04116562381386757
ANNet,0.0,5.0,J2,4,0.03506825864315033
analytical,0.0,5.0,J1,4,0.02102256380021572
analytical,0.0,5.0,J2,4,0.032170869410037994
ANNet,0.0,10.0,J1,4,0.03493032231926918
ANNet,0.0,10.0,J2,4,0.021283455193042755
analytical,0.0,10.0,J1,4,0.002178996568545699
analytical,0.0,10.0,J2,4,0.0026946577709168196
ANNet,0.0,20.0,J1,4,0.034824490547180176
ANNet,0.0,20.0,J2,4,0.02164551429450512
analytical,0.0,20.0,J1,4,0.0005263114580884576
analytical,0.0,20.0,J2,4,0.00018049807113129646
ANNet,0.0,50.0,J1,4,0.03481883555650711
ANNet,0.0,50.0,J2,4,0.021679546684026718
analytical,0.0,50.0,J1,4,0.00013778054562862962
analytical,0.0,50.0,J2,4,7.659536095161457e-06
ANNet,0.0,100.0,J1,4,0.03481864184141159
ANNet,0.0,100.0,J2,4,0.0216803178191185
analytical,0.0,100.0,J1,4,5.0827609811676666e-05
analytical,0.0,100.0,J2,4,1.989572183447308e-06
ANNet,0.0,200.0,J1,4,0.03481864556670189
ANNet,0.0,200.0,J2,4,0.02168036811053753
analytical,0.0,200.0,J1,4,1.9198187146685086e-05
analytical,0.0,200.0,J2,4,1.2408161182975164e-06
ANNet,0.0,500.0,J1,4,0.03481864556670189
ANNet,0.0,500.0,J2,4,0.02168036624789238
analytical,0.0,500.0,J1,4,6.05085187999066e-06
analytical,0.0,500.0,J2,4,1.1026621677956427e-06
ANNet,0.0,1000.0,J1,4,0.034818634390830994
ANNet,0.0,1000.0,J2,4,0.02168036438524723
analytical,0.0,1000.0,J1,4,3.293363761258661e-06
analytical,0.0,1000.0,J2,4,1.0400352721262607e-06
ANNet,1.0,1.0,J1,4,0.45889371633529663
ANNet,1.0,1.0,J2,4,0.7290856242179871
analytical,1.0,1.0,J1,4,0.45269978046417236
analytical,1.0,1.0,J2,4,0.7337957620620728
ANNet,1.0,2.0,J1,4,0.24917861819267273
ANNet,1.0,2.0,J2,4,0.34422579407691956
analytical,1.0,2.0,J1,4,0.24737484753131866
analytical,1.0,2.0,J2,4,0.34632378816604614
ANNet,1.0,5.0,J1,4,0.04240211844444275
ANNet,1.0,5.0,J2,4,0.03569299727678299
analytical,1.0,5.0,J1,4,0.023319870233535767
analytical,1.0,5.0,J2,4,0.03275394067168236
ANNet,1.0,10.0,J1,4,0.03879407048225403
ANNet,1.0,10.0,J2,4,0.02287186309695244
analytical,1.0,10.0,J1,4,0.017070891335606575
analytical,1.0,10.0,J2,4,0.008412091061472893
ANNet,1.0,20.0,J1,4,0.04225367307662964
ANNet,1.0,20.0,J2,4,0.024567799642682076
analytical,1.0,20.0,J1,4,0.023977819830179214
analytical,1.0,20.0,J2,4,0.01134457066655159
ANNet,1.0,50.0,J1,4,0.05096222460269928
ANNet,1.0,50.0,J2,4,0.027974795550107956
analytical,1.0,50.0,J1,4,0.03723854199051857
analytical,1.0,50.0,J2,4,0.017493119463324547
ANNet,1.0,100.0,J1,4,0.06351546943187714
ANNet,1.0,100.0,J2,4,0.03313302993774414
analytical,1.0,100.0,J1,4,0.05313502624630928
analytical,1.0,100.0,J2,4,0.02491448074579239
ANNet,1.0,200.0,J1,4,0.0846385732293129
ANNet,1.0,200.0,J2,4,0.04225507006049156
analytical,1.0,200.0,J1,4,0.07714831829071045
analytical,1.0,200.0,J2,4,0.03615890443325043
ANNet,1.0,500.0,J1,4,0.12833836674690247
ANNet,1.0,500.0,J2,4,0.06166868656873703
analytical,1.0,500.0,J1,4,0.12351591885089874
analytical,1.0,500.0,J2,4,0.057638972997665405
ANNet,1.0,1000.0,J1,4,0.17726938426494598
ANNet,1.0,1000.0,J2,4,0.08401776105165482
analytical,1.0,1000.0,J1,4,0.17380014061927795
analytical,1.0,1000.0,J2,4,0.0810803696513176
ANNet,2.5,1.0,J1,4,0.45846015214920044
ANNet,2.5,1.0,J2,4,0.7289478778839111
analytical,2.5,1.0,J1,4,0.4522615969181061
analytical,2.5,1.0,J2,4,0.7336472272872925
ANNet,2.5,2.0,J1,4,0.2491588592529297
ANNet,2.5,2.0,J2,4,0.343949556350708
analytical,2.5,2.0,J1,4,0.2472936511039734
analytical,2.5,2.0,J2,4,0.3460310101509094
ANNet,2.5,5.0,J1,4,0.04990902543067932
ANNet,2.5,5.0,J2,4,0.03818422183394432
analytical,2.5,5.0,J1,4,0.035139113664627075
analytical,2.5,5.0,J2,4,0.035317517817020416
ANNet,2.5,10.0,J1,4,0.05492739379405975
ANNet,2.5,10.0,J2,4,0.029479382559657097
analytical,2.5,10.0,J1,4,0.04250071197748184
analytical,2.5,10.0,J2,4,0.02016346901655197
ANNet,2.5,20.0,J1,4,0.06927815824747086
ANNet,2.5,20.0,J2,4,0.03591218963265419
analytical,2.5,20.0,J1,4,0.05993081256747246
analytical,2.5,20.0,J2,4,0.02836664579808712
ANNet,2.5,50.0,J1,4,0.09936841577291489
ANNet,2.5,50.0,J2,4,0.04899737983942032
analytical,2.5,50.0,J1,4,0.09308864921331406
analytical,2.5,50.0,J2,4,0.04373246803879738
ANNet,2.5,100.0,J1,4,0.13732218742370605
ANNet,2.5,100.0,J2,4,0.0661126896739006
analytical,2.5,100.0,J1,4,0.13283759355545044
analytical,2.5,100.0,J2,4,0.06228699907660484
ANNet,2.5,200.0,J1,4,0.19600459933280945
ANNet,2.5,200.0,J2,4,0.09310821443796158
analytical,2.5,200.0,J1,4,0.19287388026714325
analytical,2.5,200.0,J2,4,0.09039873629808426
ANNet,2.5,500.0,J1,4,0.31078383326530457
ANNet,2.5,500.0,J2,4,0.14587095379829407
analytical,2.5,500.0,J1,4,0.30879196524620056
analytical,2.5,500.0,J2,4,0.14409787952899933
ANNet,2.5,1000.0,J1,4,0.4359416663646698
ANNet,2.5,1000.0,J2,4,0.2040283977985382
analytical,2.5,1000.0,J1,4,0.4344993531703949
analytical,2.5,1000.0,J2,4,0.20269988477230072
ANNet,5.0,1.0,J1,4,0.4579218029975891
ANNet,5.0,1.0,J2,4,0.7287406325340271
analytical,5.0,1.0,J1,4,0.4517180919647217
analytical,5.0,1.0,J2,4,0.7334216237068176
ANNet,5.0,2.0,J1,4,0.2500523328781128
ANNet,5.0,2.0,J2,4,0.3436192572116852
analytical,5.0,2.0,J1,4,0.24809247255325317
analytical,5.0,2.0,J2,4,0.34567245841026306
ANNet,5.0,5.0,J1,4,0.07127774506807327
ANNet,5.0,5.0,J2,4,0.045593250542879105
analytical,5.0,5.0,J1,4,0.0618177205324173
analytical,5.0,5.0,J2,4,0.0430360846221447
ANNet,5.0,10.0,J1,4,0.09181354939937592
ANNet,5.0,10.0,J2,4,0.04568824544548988
analytical,5.0,10.0,J1,4,0.08499495685100555
analytical,5.0,10.0,J2,4,0.04009595885872841
ANNet,5.0,20.0,J1,4,0.12478160113096237
ANNet,5.0,20.0,J2,4,0.06101309135556221
analytical,5.0,20.0,J1,4,0.11985886842012405
analytical,5.0,20.0,J2,4,0.05673767626285553
ANNet,5.0,50.0,J1,4,0.18939438462257385
ANNet,5.0,50.0,J2,4,0.09034660458564758
analytical,5.0,50.0,J1,4,0.1861773282289505
analytical,5.0,50.0,J2,4,0.08746535331010818
ANNet,5.0,100.0,J1,4,0.2679677903652191
ANNet,5.0,100.0,J2,4,0.12666387856006622
analytical,5.0,100.0,J1,4,0.26568102836608887
analytical,5.0,100.0,J2,4,0.12457672506570816
ANNet,5.0,200.0,J1,4,0.3873673677444458
ANNet,5.0,200.0,J2,4,0.1823124885559082
analytical,5.0,200.0,J1,4,0.38575810194015503
analytical,5.0,200.0,J2,4,0.18080224096775055
ANNet,5.0,500.0,J1,4,0.6186496019363403
ANNet,5.0,500.0,J2,4,0.28926312923431396
analytical,5.0,500.0,J1,4,0.6175893545150757
analytical,5.0,500.0,J2,4,0.2881966531276703
ANNet,5.0,1000.0,J1,4,0.8697942495346069
ANNet,5.0,1000.0,J2,4,0.4062834084033966
analytical,5.0,1000.0,J1,4,0.8689903616905212
analytical,5.0,1000.0,J2,4,0.4053948223590851
ANNet,10.0,1.0,J1,4,0.4575386345386505
ANNet,10.0,1.0,J2,4,0.7284093499183655
analytical,10.0,1.0,J1,4,0.4513342082500458
analytical,10.0,1.0,J2,4,0.7330533862113953
ANNet,10.0,2.0,J1,4,0.2552500069141388
ANNet,10.0,2.0,J2,4,0.3434481620788574
analytical,10.0,2.0,J1,4,0.25313326716423035
analytical,10.0,2.0,J2,4,0.345441997051239
ANNet,10.0,5.0,J1,4,0.12506043910980225
ANNet,10.0,5.0,J2,4,0.06706402450799942
analytical,10.0,5.0,J1,4,0.1199035495519638
analytical,10.0,5.0,J2,4,0.06510726362466812
ANNet,10.0,10.0,J1,4,0.1734997183084488
ANNet,10.0,10.0,J2,4,0.08325305581092834
analytical,10.0,10.0,J1,4,0.1700243204832077
analytical,10.0,10.0,J2,4,0.08009536564350128
ANNet,10.0,20.0,J1,4,0.24221579730510712
ANNet,10.0,20.0,J2,4,0.1158597394824028
analytical,10.0,20.0,J1,4,0.2397233545780182
analytical,10.0,20.0,J2,4,0.11347925662994385
ANNet,10.0,50.0,J1,4,0.37400490045547485
ANNet,10.0,50.0,J2,4,0.176578089594841
analytical,10.0,50.0,J1,4,0.3723730146884918
analytical,10.0,50.0,J2,4,0.17493334412574768
ANNet,10.0,100.0,J1,4,0.5325790047645569
ANNet,10.0,100.0,J2,4,0.25041788816452026
analytical,10.0,100.0,J1,4,0.5313887596130371
analytical,10.0,100.0,J2,4,0.24916420876979828
ANNet,10.0,200.0,J1,4,0.7724383473396301
ANNet,10.0,200.0,J2,4,0.36262086033821106
analytical,10.0,200.0,J1,4,0.7715545892715454
analytical,10.0,200.0,J2,4,0.36162254214286804
ANNet,10.0,500.0,J1,4,1.2358497381210327
ANNet,10.0,500.0,J2,4,0.5772539377212524
analytical,10.0,500.0,J1,4,1.235187292098999
analytical,10.0,500.0,J2,4,0.5763928294181824
ANNet,10.0,1000.0,J1,4,1.7384870052337646
ANNet,10.0,1000.0,J2,4,0.8116347193717957
analytical,10.0,1000.0,J1,4,1.7379093170166016
analytical,10.0,1000.0,J2,4,0.8107581734657288
ANNet,25.0,1.0,J1,4,0.4619271755218506
ANNet,25.0,1.0,J2,4,0.7280834317207336
analytical,25.0,1.0,J1,4,0.4557969570159912
analytical,25.0,1.0,J2,4,0.7326117753982544
ANNet,25.0,2.0,J1,4,0.2948054075241089
ANNet,25.0,2.0,J2,4,0.3468376398086548
analytical,25.0,2.0,J1,4,0.2924737334251404
analytical,25.0,2.0,J2,4,0.3486342430114746
ANNet,25.0,5.0,J1,4,0.3006165027618408
ANNet,25.0,5.0,J2,4,0.14551447331905365
analytical,25.0,5.0,J1,4,0.2985105514526367
analytical,25.0,5.0,J2,4,0.14428718388080597
ANNet,25.0,10.0,J1,4,0.42648282647132874
ANNet,25.0,10.0,J2,4,0.20178012549877167
analytical,25.0,10.0,J1,4,0.42513638734817505
analytical,25.0,10.0,J2,4,0.20019681751728058
ANNet,25.0,20.0,J1,4,0.6003889441490173
ANNet,25.0,20.0,J2,4,0.28496062755584717
analytical,25.0,20.0,J1,4,0.5993687510490417
analytical,25.0,20.0,J2,4,0.28369659185409546
ANNet,25.0,50.0,J1,4,0.931818425655365
ANNet,25.0,50.0,J2,4,0.4383990466594696
analytical,25.0,50.0,J1,4,0.9310989379882812
analytical,25.0,50.0,J2,4,0.4373531937599182
ANNet,25.0,100.0,J1,4,1.3292757272720337
ANNet,25.0,100.0,J2,4,0.6239588260650635
analytical,25.0,100.0,J1,4,1.3286569118499756
analytical,25.0,100.0,J2,4,0.6229852437973022
ANNet,25.0,200.0,J1,4,1.929712176322937
ANNet,25.0,200.0,J2,4,0.9051873087882996
analytical,25.0,200.0,J1,4,1.9291096925735474
analytical,25.0,200.0,J2,4,0.9041726589202881
ANNet,25.0,500.0,J1,4,3.0884687900543213
ANNet,25.0,500.0,J2,4,1.4421358108520508
analytical,25.0,500.0,J1,4,3.0877742767333984
analytical,25.0,500.0,J2,4,1.4408947229385376
ANNet,25.0,1000.0,J1,4,4.34434175491333
ANNet,25.0,1000.0,J2,4,2.0280299186706543
analytical,25.0,1000.0,J1,4,4.343484401702881
analytical,25.0,1000.0,J2,4,2.026428461074829
ANNet,0.0,1.0,J1,5,0.513866662979126
ANNet,0.0,1.0,J2,5,0.9736043214797974
analytical,0.0,1.0,J1,5,0.5075174570083618
analytical,0.0,1.0,J2,5,0.9789766669273376
ANNet,0.0,2.0,J1,5,0.296741783618927
ANNet,0.0,2.0,J2,5,0.485554039478302
analytical,0.0,2.0,J1,5,0.29347410798072815
analytical,0.0,2.0,J2,5,0.488778293132782
ANNet,0.0,5.0,J1,5,0.05289897695183754
ANNet,0.0,5.0,J2,5,0.05301086977124214
analytical,0.0,5.0,J1,5,0.03144772723317146
analytical,0.0,5.0,J2,5,0.053115442395210266
ANNet,0.0,10.0,J1,5,0.0400385782122612
ANNet,0.0,10.0,J2,5,0.01839584670960903
analytical,0.0,10.0,J1,5,0.0033309676218777895
analytical,0.0,10.0,J2,5,0.006088401656597853
ANNet,0.0,20.0,J1,5,0.0396709218621254
ANNet,0.0,20.0,J2,5,0.018338577821850777
analytical,0.0,20.0,J1,5,0.000743720680475235
analytical,0.0,20.0,J2,5,0.00149283476639539
ANNet,0.0,50.0,J1,5,0.03964690491557121
ANNet,0.0,50.0,J2,5,0.01834956929087639
analytical,0.0,50.0,J1,5,0.00019199683447368443
analytical,0.0,50.0,J2,5,0.00038646761095151305
ANNet,0.0,100.0,J1,5,0.03964591026306152
ANNet,0.0,100.0,J2,5,0.01834810897707939
analytical,0.0,100.0,J1,5,7.035091402940452e-05
analytical,0.0,100.0,J2,5,0.00014134185039438307
ANNet,0.0,200.0,J1,5,0.03964577615261078
ANNet,0.0,200.0,J2,5,0.018347876146435738
analytical,0.0,200.0,J1,5,2.644643245730549e-05
analytical,0.0,200.0,J2,5,5.2778526878682896e-05
ANNet,0.0,500.0,J1,5,0.03964574635028839
ANNet,0.0,500.0,J2,5,0.01834787428379059
analytical,0.0,500.0,J1,5,8.138077646435704e-06
analytical,0.0,500.0,J2,5,1.5426878235302866e-05
ANNet,0.0,1000.0,J1,5,0.0396457277238369
ANNet,0.0,1000.0,J2,5,0.018347887322306633
analytical,0.0,1000.0,J1,5,4.19719299316057e-06
analytical,0.0,1000.0,J2,5,6.6757861532096285e-06
ANNet,1.0,1.0,J1,5,0.5126219987869263
ANNet,1.0,1.0,J2,5,0.9743102192878723
analytical,1.0,1.0,J1,5,0.5064100027084351
analytical,1.0,1.0,J2,5,0.9796860814094543
ANNet,1.0,2.0,J1,5,0.29780325293540955
ANNet,1.0,2.0,J2,5,0.48489585518836975
analytical,1.0,2.0,J1,5,0.2947406470775604
analytical,1.0,2.0,J2,5,0.48812535405158997
ANNet,1.0,5.0,J1,5,0.055004674941301346
ANNet,1.0,5.0,J2,5,0.0527472086250782
analytical,1.0,5.0,J1,5,0.035867415368556976
analytical,1.0,5.0,J2,5,0.05266702175140381
ANNet,1.0,10.0,J1,5,0.04332107678055763
ANNet,1.0,10.0,J2,5,0.020692402496933937
analytical,1.0,10.0,J1,5,0.019049718976020813
analytical,1.0,10.0,J2,5,0.01031543780118227
ANNet,1.0,20.0,J1,5,0.04703676328063011
ANNet,1.0,20.0,J2,5,0.022596539929509163
analytical,1.0,20.0,J1,5,0.02683909609913826
analytical,1.0,20.0,J2,5,0.012449453584849834
ANNet,1.0,50.0,J1,5,0.05791011452674866
ANNet,1.0,50.0,J2,5,0.02766561694443226
analytical,1.0,50.0,J1,5,0.04315022751688957
analytical,1.0,50.0,J2,5,0.02016836404800415
ANNet,1.0,100.0,J1,5,0.07212566584348679
ANNet,1.0,100.0,J2,5,0.03430679067969322
analytical,1.0,100.0,J1,5,0.060902953147888184
analytical,1.0,100.0,J2,5,0.028597183525562286
ANNet,1.0,200.0,J1,5,0.09314568340778351
ANNet,1.0,200.0,J2,5,0.04397815465927124
analytical,1.0,200.0,J1,5,0.08474105596542358
analytical,1.0,200.0,J2,5,0.03967684879899025
ANNet,1.0,500.0,J1,5,0.13820789754390717
ANNet,1.0,500.0,J2,5,0.06523340940475464
analytical,1.0,500.0,J1,5,0.1326693445444107
analytical,1.0,500.0,J2,5,0.06239838898181915
ANNet,1.0,1000.0,J1,5,0.19154343008995056
ANNet,1.0,1000.0,J2,5,0.09046962857246399
analytical,1.0,1000.0,J1,5,0.18756087124347687
analytical,1.0,1000.0,J2,5,0.08842883259057999
ANNet,2.5,1.0,J1,5,0.5108845829963684
ANNet,2.5,1.0,J2,5,0.9753825068473816
analytical,2.5,1.0,J1,5,0.504880964756012
analytical,2.5,1.0,J2,5,0.9807634949684143
ANNet,2.5,2.0,J1,5,0.29981425404548645
ANNet,2.5,2.0,J2,5,0.4839673340320587
analytical,2.5,2.0,J1,5,0.29705971479415894
analytical,2.5,2.0,J2,5,0.4872041940689087
ANNet,2.5,5.0,J1,5,0.06350533664226532
ANNet,2.5,5.0,J2,5,0.0536625012755394
analytical,2.5,5.0,J1,5,0.04897964000701904
analytical,2.5,5.0,J2,5,0.05330782011151314
ANNet,2.5,10.0,J1,5,0.0598667748272419
ANNet,2.5,10.0,J2,5,0.02896094135940075
analytical,2.5,10.0,J1,5,0.04676901176571846
analytical,2.5,10.0,J2,5,0.022046692669391632
ANNet,2.5,20.0,J1,5,0.07658016681671143
ANNet,2.5,20.0,J2,5,0.0367688424885273
analytical,2.5,20.0,J1,5,0.06703748553991318
analytical,2.5,20.0,J2,5,0.031038863584399223
ANNet,2.5,50.0,J1,5,0.11405374109745026
ANNet,2.5,50.0,J2,5,0.054208602756261826
analytical,2.5,50.0,J1,5,0.10786040127277374
analytical,2.5,50.0,J2,5,0.05044761672616005
ANNet,2.5,100.0,J1,5,0.15672917664051056
ANNet,2.5,100.0,J2,5,0.07422026991844177
analytical,2.5,100.0,J1,5,0.15225620567798615
analytical,2.5,100.0,J2,5,0.07150031626224518
ANNet,2.5,200.0,J1,5,0.21512460708618164
ANNet,2.5,200.0,J2,5,0.10119280964136124
analytical,2.5,200.0,J1,5,0.21185706555843353
analytical,2.5,200.0,J2,5,0.09919450432062149
ANNet,2.5,500.0,J1,5,0.3338240683078766
ANNet,2.5,500.0,J2,5,0.15731574594974518
analytical,2.5,500.0,J1,5,0.33167845010757446
analytical,2.5,500.0,J2,5,0.1559974104166031
ANNet,2.5,1000.0,J1,5,0.47049060463905334
ANNet,2.5,1000.0,J2,5,0.22205419838428497
analytical,2.5,1000.0,J1,5,0.4689065217971802
analytical,2.5,1000.0,J2,5,0.22107553482055664
ANNet,5.0,1.0,J1,5,0.5083381533622742
ANNet,5.0,1.0,J2,5,0.9772052764892578
analytical,5.0,1.0,J1,5,0.5026888251304626
analytical,5.0,1.0,J2,5,0.9825945496559143
ANNet,5.0,2.0,J1,5,0.30425652861595154
ANNet,5.0,2.0,J2,5,0.4825776517391205
analytical,5.0,2.0,J1,5,0.30201297998428345
analytical,5.0,2.0,J2,5,0.4858253002166748
ANNet,5.0,5.0,J1,5,0.08654116839170456
ANNet,5.0,5.0,J2,5,0.058423206210136414
analytical,5.0,5.0,J1,5,0.07765168696641922
analytical,5.0,5.0,J2,5,0.05766942352056503
ANNet,5.0,10.0,J1,5,0.0994369238615036
ANNet,5.0,10.0,J2,5,0.047527361661195755
analytical,5.0,10.0,J1,5,0.09319821745157242
analytical,5.0,10.0,J2,5,0.04305734485387802
ANNet,5.0,20.0,J1,5,0.13833090662956238
ANNet,5.0,20.0,J2,5,0.0655803233385086
analytical,5.0,20.0,J1,5,0.1340429037809372
analytical,5.0,20.0,J2,5,0.062094494700431824
ANNet,5.0,50.0,J1,5,0.21844863891601562
ANNet,5.0,50.0,J2,5,0.10315733402967453
analytical,5.0,50.0,J1,5,0.2157144397497177
analytical,5.0,50.0,J2,5,0.10091818124055862
ANNet,5.0,100.0,J1,5,0.306510329246521
ANNet,5.0,100.0,J2,5,0.14463500678539276
analytical,5.0,100.0,J1,5,0.304518461227417
analytical,5.0,100.0,J2,5,0.1430099606513977
ANNet,5.0,200.0,J1,5,0.4252253770828247
ANNet,5.0,200.0,J2,5,0.19960962235927582
analytical,5.0,200.0,J1,5,0.42373010516166687
analytical,5.0,200.0,J2,5,0.198394775390625
ANNet,5.0,500.0,J1,5,0.6644275784492493
ANNet,5.0,500.0,J2,5,0.3128536641597748
analytical,5.0,500.0,J1,5,0.6633726358413696
analytical,5.0,500.0,J2,5,0.31199902296066284
ANNet,5.0,1000.0,J1,5,0.9387011528015137
ANNet,5.0,1000.0,J2,5,0.4428592622280121
analytical,5.0,1000.0,J1,5,0.937824547290802
analytical,5.0,1000.0,J2,5,0.44216084480285645
ANNet,10.0,1.0,J1,5,0.5045772194862366
ANNet,10.0,1.0,J2,5,0.9809838533401489
analytical,10.0,1.0,J1,5,0.49965980648994446
analytical,10.0,1.0,J2,5,0.9863886833190918
ANNet,10.0,2.0,J1,5,0.3170025050640106
ANNet,10.0,2.0,J2,5,0.4803957939147949
analytical,10.0,2.0,J1,5,0.31574758887290955
analytical,10.0,2.0,J2,5,0.48365944623947144
ANNet,10.0,5.0,J1,5,0.1451433151960373
ANNet,10.0,5.0,J2,5,0.07663528621196747
analytical,10.0,5.0,J1,5,0.14125292003154755
analytical,10.0,5.0,J2,5,0.07539724558591843
ANNet,10.0,10.0,J1,5,0.18831315636634827
ANNet,10.0,10.0,J2,5,0.08865174651145935
analytical,10.0,10.0,J1,5,0.1861412525177002
analytical,10.0,10.0,J2,5,0.0857148990035057
ANNet,10.0,20.0,J1,5,0.26947638392448425
ANNet,10.0,20.0,J2,5,0.12648895382881165
analytical,10.0,20.0,J1,5,0.2680562138557434
analytical,10.0,20.0,J2,5,0.12423842400312424
ANNet,10.0,50.0,J1,5,0.4324105978012085
ANNet,10.0,50.0,J2,5,0.2033553570508957
analytical,10.0,50.0,J1,5,0.43143513798713684
analytical,10.0,50.0,J2,5,0.20186851918697357
ANNet,10.0,100.0,J1,5,0.6098561882972717
ANNet,10.0,100.0,J2,5,0.2871673107147217
analytical,10.0,100.0,J1,5,0.6090678572654724
analytical,10.0,100.0,J2,5,0.28604432940483093
ANNet,10.0,200.0,J1,5,0.8482142090797424
ANNet,10.0,200.0,J2,5,0.39769893884658813
analytical,10.0,200.0,J1,5,0.8475231528282166
analytical,10.0,200.0,J2,5,0.39680951833724976
ANNet,10.0,500.0,J1,5,1.3274421691894531
ANNet,10.0,500.0,J2,5,0.6247398853302002
analytical,10.0,500.0,J1,5,1.3267991542816162
analytical,10.0,500.0,J2,5,0.6240097880363464
ANNet,10.0,1000.0,J1,5,1.8764011859893799
ANNet,10.0,1000.0,J2,5,0.8850652575492859
analytical,10.0,1000.0,J1,5,1.875672698020935
analytical,10.0,1000.0,J2,5,0.8843474388122559
ANNet,25.0,1.0,J1,5,0.504205048084259
ANNet,25.0,1.0,J2,5,0.993364691734314
analytical,25.0,1.0,J1,5,0.5016016364097595
analytical,25.0,1.0,J2,5,0.9988085627555847
ANNet,25.0,2.0,J1,5,0.380344957113266
ANNet,25.0,2.0,J2,5,0.4787067472934723
analytical,25.0,2.0,J1,5,0.3815140426158905
analytical,25.0,2.0,J2,5,0.48197221755981445
ANNet,25.0,5.0,J1,5,0.3392521142959595
ANNet,25.0,5.0,J2,5,0.156190425157547
analytical,25.0,5.0,J1,5,0.3390984535217285
analytical,25.0,5.0,J2,5,0.15457260608673096
ANNet,25.0,10.0,J1,5,0.46464353799819946
ANNet,25.0,10.0,J2,5,0.2162240594625473
analytical,25.0,10.0,J1,5,0.4650101065635681
analytical,25.0,10.0,J2,5,0.21423719823360443
ANNet,25.0,20.0,J1,5,0.6697628498077393
ANNet,25.0,20.0,J2,5,0.31229764223098755
analytical,25.0,20.0,J1,5,0.6700929999351501
analytical,25.0,20.0,J2,5,0.31073740124702454
ANNet,25.0,50.0,J1,5,1.0787149667739868
ANNet,25.0,50.0,J2,5,0.5059615969657898
analytical,25.0,50.0,J1,5,1.078692078590393
analytical,25.0,50.0,J2,5,0.5047828555107117
ANNet,25.0,100.0,J1,5,1.5231653451919556
ANNet,25.0,100.0,J2,5,0.7162730693817139
analytical,25.0,100.0,J1,5,1.5229060649871826
analytical,25.0,100.0,J2,5,0.7152588963508606
ANNet,25.0,200.0,J1,5,2.119760751724243
ANNet,25.0,200.0,J2,5,0.9930667281150818
analytical,25.0,200.0,J1,5,2.1192452907562256
analytical,25.0,200.0,J2,5,0.9921422004699707
ANNet,25.0,500.0,J1,5,3.3181281089782715
ANNet,25.0,500.0,J2,5,1.5610733032226562
analytical,25.0,500.0,J1,5,3.317222833633423
analytical,25.0,500.0,J2,5,1.5600122213363647
ANNet,25.0,1000.0,J1,5,4.690462112426758
ANNet,25.0,1000.0,J2,5,2.2122631072998047
analytical,25.0,1000.0,J1,5,4.68892240524292
analytical,25.0,1000.0,J2,5,2.2107934951782227
ANNet,0.0,1.0,J1,6,0.3283618986606598
ANNet,0.0,1.0,J2,6,0.2085307389497757
analytical,0.0,1.0,J1,6,0.32152310013771057
analytical,0.0,1.0,J2,6,0.20385587215423584
ANNet,0.0,2.0,J1,6,0.1154710128903389
ANNet,0.0,2.0,J2,6,0.04456610232591629
analytical,0.0,2.0,J1,6,0.11264675110578537
analytical,0.0,2.0,J2,6,0.03170629218220711
ANNet,0.0,5.0,J1,6,0.03239612281322479
ANNet,0.0,5.0,J2,6,0.03128485381603241
analytical,0.0,5.0,J1,6,0.024425743147730827
analytical,0.0,5.0,J2,6,0.007176634389907122
ANNet,0.0,10.0,J1,6,0.02291550673544407
ANNet,0.0,10.0,J2,6,0.030540108680725098
analytical,0.0,10.0,J1,6,0.008633960038423538
analytical,0.0,10.0,J2,6,0.0025522634387016296
ANNet,0.0,20.0,J1,6,0.02144787088036537
ANNet,0.0,20.0,J2,6,0.03044556826353073
analytical,0.0,20.0,J1,6,0.0030726937111467123
analytical,0.0,20.0,J2,6,0.0009087408543564379
ANNet,0.0,50.0,J1,6,0.021241724491119385
ANNet,0.0,50.0,J2,6,0.030432742089033127
analytical,0.0,50.0,J1,6,0.0007909254054538906
analytical,0.0,50.0,J2,6,0.0002337952610105276
ANNet,0.0,100.0,J1,6,0.021228959783911705
ANNet,0.0,100.0,J2,6,0.030431946739554405
analytical,0.0,100.0,J1,6,0.0002873293706215918
analytical,0.0,100.0,J2,6,8.490846084896475e-05
ANNet,0.0,200.0,J1,6,0.021227285265922546
ANNet,0.0,200.0,J2,6,0.030431846156716347
analytical,0.0,200.0,J1,6,0.00010699483391363174
analytical,0.0,200.0,J2,6,3.161677159368992e-05
ANNet,0.0,500.0,J1,6,0.021227028220891953
ANNet,0.0,500.0,J2,6,0.030431829392910004
analytical,0.0,500.0,J1,6,3.1188792490866035e-05
analytical,0.0,500.0,J2,6,9.226622751157265e-06
ANNet,0.0,1000.0,J1,6,0.021227004006505013
ANNet,0.0,1000.0,J2,6,0.030431831255555153
analytical,0.0,1000.0,J1,6,1.339715799986152e-05
analytical,0.0,1000.0,J2,6,3.981487679993734e-06
ANNet,1.0,1.0,J1,6,0.3287670910358429
ANNet,1.0,1.0,J2,6,0.2085491567850113
analytical,1.0,1.0,J1,6,0.32187533378601074
analytical,1.0,1.0,J2,6,0.2039179503917694
ANNet,1.0,2.0,J1,6,0.11555983126163483
ANNet,1.0,2.0,J2,6,0.044345445930957794
analytical,1.0,2.0,J1,6,0.11254946142435074
analytical,1.0,2.0,J2,6,0.03165416419506073
ANNet,1.0,5.0,J1,6,0.0330938845872879
ANNet,1.0,5.0,J2,6,0.031034396961331367
analytical,1.0,5.0,J1,6,0.024496009573340416
analytical,1.0,5.0,J2,6,0.007258976809680462
ANNet,1.0,10.0,J1,6,0.024485060945153236
ANNet,1.0,10.0,J2,6,0.03035893477499485
analytical,1.0,10.0,J1,6,0.010329748503863811
analytical,1.0,10.0,J2,6,0.003504869295284152
ANNet,1.0,20.0,J1,6,0.023745233193039894
ANNet,1.0,20.0,J2,6,0.030348582193255424
analytical,1.0,20.0,J1,6,0.008419808000326157
analytical,1.0,20.0,J2,6,0.0034219122026115656
ANNet,1.0,50.0,J1,6,0.025381093844771385
ANNet,1.0,50.0,J2,6,0.03059517592191696
analytical,1.0,50.0,J1,6,0.0122832041233778
analytical,1.0,50.0,J2,6,0.005162558518350124
ANNet,1.0,100.0,J1,6,0.028397774323821068
ANNet,1.0,100.0,J2,6,0.03106631524860859
analytical,1.0,100.0,J1,6,0.017677463591098785
analytical,1.0,100.0,J2,6,0.007454531732946634
ANNet,1.0,200.0,J1,6,0.03350188210606575
ANNet,1.0,200.0,J2,6,0.031963471323251724
analytical,1.0,200.0,J1,6,0.025044681504368782
analytical,1.0,200.0,J2,6,0.010576332919299603
ANNet,1.0,500.0,J1,6,0.045749008655548096
ANNet,1.0,500.0,J2,6,0.034574758261442184
analytical,1.0,500.0,J1,6,0.039929963648319244
analytical,1.0,500.0,J2,6,0.01687714457511902
ANNet,1.0,1000.0,J1,6,0.060653772205114365
ANNet,1.0,1000.0,J2,6,0.03843096271157265
analytical,1.0,1000.0,J1,6,0.05634523183107376
analytical,1.0,1000.0,J2,6,0.02377159148454666
ANNet,2.5,1.0,J1,6,0.3293958902359009
ANNet,2.5,1.0,J2,6,0.208583265542984
analytical,2.5,1.0,J1,6,0.3224252164363861
analytical,2.5,1.0,J2,6,0.2040175497531891
ANNet,2.5,2.0,J1,6,0.11579619348049164
ANNet,2.5,2.0,J2,6,0.044062770903110504
analytical,2.5,2.0,J1,6,0.11250922828912735
analytical,2.5,2.0,J2,6,0.03164590895175934
ANNet,2.5,5.0,J1,6,0.034964703023433685
ANNet,2.5,5.0,J2,6,0.030829647555947304
analytical,2.5,5.0,J1,6,0.025762952864170074
analytical,2.5,5.0,J2,6,0.008073844015598297
ANNet,2.5,10.0,J1,6,0.02882113680243492
ANNet,2.5,10.0,J2,6,0.030440226197242737
analytical,2.5,10.0,J1,6,0.016552548855543137
analytical,2.5,10.0,J2,6,0.006507673766463995
ANNet,2.5,20.0,J1,6,0.03077392652630806
ANNet,2.5,20.0,J2,6,0.03086673468351364
analytical,2.5,20.0,J1,6,0.019738376140594482
analytical,2.5,20.0,J2,6,0.008271302096545696
ANNet,2.5,50.0,J1,6,0.038731638342142105
ANNet,2.5,50.0,J2,6,0.032423198223114014
analytical,2.5,50.0,J1,6,0.03066563978791237
analytical,2.5,50.0,J2,6,0.012898795306682587
ANNet,2.5,100.0,J1,6,0.05016021057963371
ANNet,2.5,100.0,J2,6,0.035113971680402756
analytical,2.5,100.0,J1,6,0.04418640583753586
analytical,2.5,100.0,J2,6,0.01863466203212738
ANNet,2.5,200.0,J1,6,0.06701774150133133
ANNet,2.5,200.0,J2,6,0.039830997586250305
analytical,2.5,200.0,J1,6,0.06261208653450012
analytical,2.5,200.0,J2,6,0.026440901681780815
ANNet,2.5,500.0,J1,6,0.10275016725063324
ANNet,2.5,500.0,J2,6,0.05169573426246643
analytical,2.5,500.0,J1,6,0.09982528537511826
analytical,2.5,500.0,J2,6,0.042193084955215454
ANNet,2.5,1000.0,J1,6,0.14307178556919098
ANNet,2.5,1000.0,J2,6,0.06657274067401886
analytical,2.5,1000.0,J1,6,0.14086341857910156
analytical,2.5,1000.0,J2,6,0.05942940339446068
ANNet,5.0,1.0,J1,6,0.3304995000362396
ANNet,5.0,1.0,J2,6,0.2086571604013443
analytical,5.0,1.0,J1,6,0.3233988583087921
analytical,5.0,1.0,J2,6,0.2042008638381958
ANNet,5.0,2.0,J1,6,0.11646318435668945
ANNet,5.0,2.0,J2,6,0.04372318089008331
analytical,5.0,2.0,J1,6,0.11272413283586502
analytical,5.0,2.0,J2,6,0.03181841969490051
ANNet,5.0,5.0,J1,6,0.0398932546377182
ANNet,5.0,5.0,J2,6,0.03095173090696335
analytical,5.0,5.0,J1,6,0.03042864054441452
analytical,5.0,5.0,J2,6,0.01070396602153778
ANNet,5.0,10.0,J1,6,0.03917481377720833
ANNet,5.0,10.0,J2,6,0.03149856626987457
analytical,5.0,10.0,J1,6,0.02949991449713707
analytical,5.0,10.0,J2,6,0.0122293159365654
ANNet,5.0,20.0,J1,6,0.046821657568216324
ANNet,5.0,20.0,J2,6,0.0333733856678009
analytical,5.0,20.0,J1,6,0.039049599319696426
analytical,5.0,20.0,J2,6,0.016450082883238792
ANNet,5.0,50.0,J1,6,0.0666126161813736
ANNet,5.0,50.0,J2,6,0.038869090378284454
analytical,5.0,50.0,J1,6,0.06132346764206886
analytical,5.0,50.0,J2,6,0.0257968008518219
ANNet,5.0,100.0,J1,6,0.0922025740146637
ANNet,5.0,100.0,J2,6,0.04730459302663803
analytical,5.0,100.0,J1,6,0.08837008476257324
analytical,5.0,100.0,J2,6,0.037268541753292084
ANNet,5.0,200.0,J1,6,0.12807534635066986
ANNet,5.0,200.0,J2,6,0.06043069437146187
analytical,5.0,200.0,J1,6,0.1252250224351883
analytical,5.0,200.0,J2,6,0.05288175493478775
ANNet,5.0,500.0,J1,6,0.20166297256946564
ANNet,5.0,500.0,J2,6,0.08941855281591415
analytical,5.0,500.0,J1,6,0.19965098798274994
analytical,5.0,500.0,J2,6,0.08438672125339508
ANNet,5.0,1000.0,J1,6,0.2834000885486603
ANNet,5.0,1000.0,J2,6,0.12261199951171875
analytical,5.0,1000.0,J1,6,0.28172749280929565
analytical,5.0,1000.0,J2,6,0.11886016279459
ANNet,10.0,1.0,J1,6,0.3329126834869385
ANNet,10.0,1.0,J2,6,0.2088688760995865
analytical,10.0,1.0,J1,6,0.3255580961704254
analytical,10.0,1.0,J2,6,0.20463211834430695
ANNet,10.0,2.0,J1,6,0.11879672855138779
ANNet,10.0,2.0,J2,6,0.04354863241314888
analytical,10.0,2.0,J1,6,0.11419994384050369
analytical,10.0,2.0,J2,6,0.032842472195625305
ANNet,10.0,5.0,J1,6,0.05401008576154709
ANNet,10.0,5.0,J2,6,0.032871734350919724
analytical,10.0,5.0,J1,6,0.04511537030339241
analytical,10.0,5.0,J2,6,0.017901746556162834
ANNet,10.0,10.0,J1,6,0.0643276795744896
ANNet,10.0,10.0,J2,6,0.03658154606819153
analytical,10.0,10.0,J1,6,0.057036738842725754
analytical,10.0,10.0,J2,6,0.024043595418334007
ANNet,10.0,20.0,J1,6,0.08341048657894135
ANNet,10.0,20.0,J2,6,0.04291249066591263
analytical,10.0,20.0,J1,6,0.07785046100616455
analytical,10.0,20.0,J2,6,0.03284544497728348
ANNet,10.0,50.0,J1,6,0.12639576196670532
ANNet,10.0,50.0,J2,6,0.058593347668647766
analytical,10.0,50.0,J1,6,0.12264697998762131
analytical,10.0,50.0,J2,6,0.05159454420208931
ANNet,10.0,100.0,J1,6,0.17953144013881683
ANNet,10.0,100.0,J2,6,0.07962820678949356
analytical,10.0,100.0,J1,6,0.17673902213573456
analytical,10.0,100.0,J2,6,0.07453623414039612
ANNet,10.0,200.0,J1,6,0.2526668608188629
ANNet,10.0,200.0,J2,6,0.10953187942504883
analytical,10.0,200.0,J1,6,0.2504523694515228
analytical,10.0,200.0,J2,6,0.10576297342777252
ANNet,10.0,500.0,J1,6,0.4011189639568329
ANNet,10.0,500.0,J2,6,0.17138522863388062
analytical,10.0,500.0,J1,6,0.39930224418640137
analytical,10.0,500.0,J2,6,0.16877546906471252
ANNet,10.0,1000.0,J1,6,0.5652291774749756
ANNet,10.0,1000.0,J2,6,0.2398458868265152
analytical,10.0,1000.0,J1,6,0.5634552240371704
analytical,10.0,1000.0,J2,6,0.23772551119327545
ANNet,25.0,1.0,J1,6,0.3417428135871887
ANNet,25.0,1.0,J2,6,0.21001243591308594
analytical,25.0,1.0,J1,6,0.3336780369281769
analytical,25.0,1.0,J2,6,0.20643748342990875
ANNet,25.0,2.0,J1,6,0.13293790817260742
ANNet,25.0,2.0,J2,6,0.046967074275016785
analytical,25.0,2.0,J1,6,0.12629742920398712
analytical,25.0,2.0,J2,6,0.040396299213171005
ANNet,25.0,5.0,J1,6,0.10767970234155655
ANNet,25.0,5.0,J2,6,0.04804050922393799
analytical,25.0,5.0,J1,6,0.10022226721048355
analytical,25.0,5.0,J2,6,0.04237049072980881
ANNet,25.0,10.0,J1,6,0.14666418731212616
ANNet,25.0,10.0,J2,6,0.06400063633918762
analytical,25.0,10.0,J1,6,0.14115625619888306
analytical,25.0,10.0,J2,6,0.059807728976011276
ANNet,25.0,20.0,J1,6,0.19861482083797455
ANNet,25.0,20.0,J2,6,0.08526496589183807
analytical,25.0,20.0,J1,6,0.19439634680747986
analytical,25.0,20.0,J2,6,0.08206529915332794
ANNet,25.0,50.0,J1,6,0.30968567728996277
ANNet,25.0,50.0,J2,6,0.1312493085861206
analytical,25.0,50.0,J1,6,0.30662474036216736
analytical,25.0,50.0,J2,6,0.1289900243282318
ANNet,25.0,100.0,J1,6,0.44440752267837524
ANNet,25.0,100.0,J2,6,0.1881367713212967
analytical,25.0,100.0,J1,6,0.44185200333595276
analytical,25.0,100.0,J2,6,0.1863376498222351
ANNet,25.0,200.0,J1,6,0.6285326480865479
ANNet,25.0,200.0,J2,6,0.2659812271595001
analytical,25.0,200.0,J1,6,0.6261420249938965
analytical,25.0,200.0,J2,6,0.2644023895263672
ANNet,25.0,500.0,J1,6,1.000781536102295
ANNet,25.0,500.0,J2,6,0.42349737882614136
analytical,25.0,500.0,J1,6,0.9982391595840454
analytical,25.0,500.0,J2,6,0.42195233702659607
ANNet,25.0,1000.0,J1,6,1.4115744829177856
ANNet,25.0,1000.0,J2,6,0.5960863828659058
analytical,25.0,1000.0,J1,6,1.4085909128189087
analytical,25.0,1000.0,J2,6,0.5943483710289001
ANNet,0.0,1.0,J1,7,0.35593992471694946
ANNet,0.0,1.0,J2,7,0.4258936643600464
analytical,0.0,1.0,J1,7,0.35097789764404297
analytical,0.0,1.0,J2,7,0.42438068985939026
ANNet,0.0,2.0,J1,7,0.15355676412582397
ANNet,0.0,2.0,J2,7,0.11677458882331848
analytical,0.0,2.0,J1,7,0.15277403593063354
analytical,0.0,2.0,J2,7,0.11624956130981445
ANNet,0.0,5.0,J1,7,0.027806833386421204
ANNet,0.0,5.0,J2,7,0.02075747586786747
analytical,0.0,5.0,J1,7,0.01470380648970604
analytical,0.0,5.0,J2,7,0.008485385216772556
ANNet,0.0,10.0,J1,7,0.024285268038511276
ANNet,0.0,10.0,J2,7,0.019694268703460693
analytical,0.0,10.0,J1,7,0.004321010783314705
analytical,0.0,10.0,J2,7,0.0014854490291327238
ANNet,0.0,20.0,J1,7,0.0239554513245821
ANNet,0.0,20.0,J2,7,0.019687142223119736
analytical,0.0,20.0,J1,7,0.0015076138079166412
analytical,0.0,20.0,J2,7,0.0005365643301047385
ANNet,0.0,50.0,J1,7,0.023910151794552803
ANNet,0.0,50.0,J2,7,0.01968163251876831
analytical,0.0,50.0,J1,7,0.0003852939698845148
analytical,0.0,50.0,J2,7,0.00014385604299604893
ANNet,0.0,100.0,J1,7,0.02390722744166851
ANNet,0.0,100.0,J2,7,0.019681056961417198
analytical,0.0,100.0,J1,7,0.00013968138955533504
analytical,0.0,100.0,J2,7,5.293862341204658e-05
ANNet,0.0,200.0,J1,7,0.023906785994768143
ANNet,0.0,200.0,J2,7,0.01968095824122429
analytical,0.0,200.0,J1,7,5.198391590965912e-05
analytical,0.0,200.0,J2,7,1.9849796444759704e-05
ANNet,0.0,500.0,J1,7,0.02390669286251068
ANNet,0.0,500.0,J2,7,0.019680924713611603
analytical,0.0,500.0,J1,7,1.5215855455608107e-05
analytical,0.0,500.0,J2,7,5.850372417626204e-06
ANNet,0.0,1000.0,J1,7,0.023906683549284935
ANNet,0.0,1000.0,J2,7,0.019680919125676155
analytical,0.0,1000.0,J1,7,6.675110398646211e-06
analytical,0.0,1000.0,J2,7,2.59668422586401e-06
ANNet,1.0,1.0,J1,7,0.3561449646949768
ANNet,1.0,1.0,J2,7,0.42568668723106384
analytical,1.0,1.0,J1,7,0.35125669836997986
analytical,1.0,1.0,J2,7,0.4241439998149872
ANNet,1.0,2.0,J1,7,0.15277889370918274
ANNet,1.0,2.0,J2,7,0.11685610562562943
analytical,1.0,2.0,J1,7,0.15207788348197937
analytical,1.0,2.0,J2,7,0.11622598022222519
ANNet,1.0,5.0,J1,7,0.02903619222342968
ANNet,1.0,5.0,J2,7,0.021522877737879753
analytical,1.0,5.0,J1,7,0.017372025176882744
analytical,1.0,5.0,J2,7,0.008884763345122337
ANNet,1.0,10.0,J1,7,0.02717813104391098
ANNet,1.0,10.0,J2,7,0.02114240638911724
analytical,1.0,10.0,J1,7,0.013495671562850475
analytical,1.0,10.0,J2,7,0.005923704709857702
ANNet,1.0,20.0,J1,7,0.029782503843307495
ANNet,1.0,20.0,J2,7,0.021917570382356644
analytical,1.0,20.0,J1,7,0.0181514173746109
analytical,1.0,20.0,J2,7,0.00816536694765091
ANNet,1.0,50.0,J1,7,0.03711390122771263
ANNet,1.0,50.0,J2,7,0.024135446175932884
analytical,1.0,50.0,J1,7,0.028622400015592575
analytical,1.0,50.0,J2,7,0.012985834851861
ANNet,1.0,100.0,J1,7,0.04717951640486717
ANNet,1.0,100.0,J2,7,0.027513226494193077
analytical,1.0,100.0,J1,7,0.04082518815994263
analytical,1.0,100.0,J2,7,0.01851588860154152
ANNet,1.0,200.0,J1,7,0.0621146634221077
ANNet,1.0,200.0,J2,7,0.0330706350505352
analytical,1.0,200.0,J1,7,0.057418614625930786
analytical,1.0,200.0,J2,7,0.026057161390781403
ANNet,1.0,500.0,J1,7,0.09241000562906265
ANNet,1.0,500.0,J2,7,0.04547058790922165
analytical,1.0,500.0,J1,7,0.0892891064286232
analytical,1.0,500.0,J2,7,0.040639325976371765
ANNet,1.0,1000.0,J1,7,0.1275000125169754
ANNet,1.0,1000.0,J2,7,0.06059042364358902
analytical,1.0,1000.0,J1,7,0.12522059679031372
analytical,1.0,1000.0,J2,7,0.05703769251704216
ANNet,2.5,1.0,J1,7,0.35656023025512695
ANNet,2.5,1.0,J2,7,0.4253940284252167
analytical,2.5,1.0,J1,7,0.35178372263908386
analytical,2.5,1.0,J2,7,0.42380672693252563
ANNet,2.5,2.0,J1,7,0.15200480818748474
ANNet,2.5,2.0,J2,7,0.11708197742700577
analytical,2.5,2.0,J1,7,0.15142858028411865
analytical,2.5,2.0,J2,7,0.11629483848810196
ANNet,2.5,5.0,J1,7,0.035561319440603256
ANNet,2.5,5.0,J2,7,0.02397288754582405
analytical,2.5,5.0,J1,7,0.027319367974996567
analytical,2.5,5.0,J2,7,0.01233557891100645
ANNet,2.5,10.0,J1,7,0.03974176570773125
ANNet,2.5,10.0,J2,7,0.02575402706861496
analytical,2.5,10.0,J1,7,0.03230901435017586
analytical,2.5,10.0,J2,7,0.01455184817314148
ANNet,2.5,20.0,J1,7,0.0507553406059742
ANNet,2.5,20.0,J2,7,0.029509669169783592
analytical,2.5,20.0,J1,7,0.045143164694309235
analytical,2.5,20.0,J2,7,0.020422719419002533
ANNet,2.5,50.0,J1,7,0.07523446530103683
ANNet,2.5,50.0,J2,7,0.03884425014257431
analytical,2.5,50.0,J1,7,0.07153914123773575
analytical,2.5,50.0,J2,7,0.032468508929014206
ANNet,2.5,100.0,J1,7,0.10471782833337784
ANNet,2.5,100.0,J2,7,0.05098002031445503
analytical,2.5,100.0,J1,7,0.10206383466720581
analytical,2.5,100.0,J2,7,0.04628944769501686
ANNet,2.5,200.0,J1,7,0.14549218118190765
ANNet,2.5,200.0,J2,7,0.06857964396476746
analytical,2.5,200.0,J1,7,0.14354729652404785
analytical,2.5,200.0,J2,7,0.06514254212379456
ANNet,2.5,500.0,J1,7,0.2245561182498932
ANNet,2.5,500.0,J2,7,0.10387419909238815
analytical,2.5,500.0,J1,7,0.22322094440460205
analytical,2.5,500.0,J2,7,0.101597860455513
ANNet,2.5,1000.0,J1,7,0.3140941262245178
ANNet,2.5,1000.0,J2,7,0.14426632225513458
analytical,2.5,1000.0,J1,7,0.3130519986152649
analytical,2.5,1000.0,J2,7,0.142594575881958
ANNet,5.0,1.0,J1,7,0.3575381338596344
ANNet,5.0,1.0,J2,7,0.4249536097049713
analytical,5.0,1.0,J1,7,0.35295066237449646
analytical,5.0,1.0,J2,7,0.42329198122024536
ANNet,5.0,2.0,J1,7,0.15177713334560394
ANNet,5.0,2.0,J2,7,0.1177326887845993
analytical,5.0,2.0,J1,7,0.15141183137893677
analytical,5.0,2.0,J2,7,0.11668679863214493
ANNet,5.0,5.0,J1,7,0.05302511528134346
ANNet,5.0,5.0,J2,7,0.03046746738255024
analytical,5.0,5.0,J1,7,0.04827505722641945
analytical,5.0,5.0,J2,7,0.021017543971538544
ANNet,5.0,10.0,J1,7,0.06802396476268768
ANNet,5.0,10.0,J2,7,0.03693073242902756
analytical,5.0,10.0,J1,7,0.06422072649002075
analytical,5.0,10.0,J2,7,0.02908214181661606
ANNet,5.0,20.0,J1,7,0.09296833723783493
ANNet,5.0,20.0,J2,7,0.046813949942588806
analytical,5.0,20.0,J1,7,0.09017980843782425
analytical,5.0,20.0,J2,7,0.04086575657129288
ANNet,5.0,50.0,J1,7,0.1449006199836731
ANNet,5.0,50.0,J2,7,0.06886590272188187
analytical,5.0,50.0,J1,7,0.14306966960430145
analytical,5.0,50.0,J2,7,0.06494055688381195
ANNet,5.0,100.0,J1,7,0.20547865331172943
ANNet,5.0,100.0,J2,7,0.09540653228759766
analytical,5.0,100.0,J1,7,0.20412860810756683
analytical,5.0,100.0,J2,7,0.09257890284061432
ANNet,5.0,200.0,J1,7,0.28814834356307983
ANNet,5.0,200.0,J2,7,0.13235940039157867
analytical,5.0,200.0,J1,7,0.28709402680397034
analytical,5.0,200.0,J2,7,0.13028480112552643
ANNet,5.0,500.0,J1,7,0.44727277755737305
ANNet,5.0,500.0,J2,7,0.20460902154445648
analytical,5.0,500.0,J1,7,0.4464346170425415
analytical,5.0,500.0,J2,7,0.20319411158561707
ANNet,5.0,1000.0,J1,7,0.626878023147583
ANNet,5.0,1000.0,J2,7,0.28628209233283997
analytical,5.0,1000.0,J1,7,0.6261034607887268
analytical,5.0,1000.0,J2,7,0.285189688205719
ANNet,10.0,1.0,J1,7,0.3605543076992035
ANNet,10.0,1.0,J2,7,0.42425110936164856
analytical,10.0,1.0,J1,7,0.3563527762889862
analytical,10.0,1.0,J2,7,0.4224410057067871
ANNet,10.0,2.0,J1,7,0.15528377890586853
ANNet,10.0,2.0,J2,7,0.12003891915082932
analytical,10.0,2.0,J1,7,0.1553320735692978
analytical,10.0,2.0,J2,7,0.1184939444065094
ANNet,10.0,5.0,J1,7,0.09525276720523834
ANNet,10.0,5.0,J2,7,0.04758802428841591
analytical,10.0,5.0,J1,7,0.09306471794843674
analytical,10.0,5.0,J2,7,0.04060901701450348
ANNet,10.0,10.0,J1,7,0.12999314069747925
ANNet,10.0,10.0,J2,7,0.06356639415025711
analytical,10.0,10.0,J1,7,0.12826310098171234
analytical,10.0,10.0,J2,7,0.05819941684603691
ANNet,10.0,20.0,J1,7,0.18158216774463654
ANNet,10.0,20.0,J2,7,0.08570577204227448
analytical,10.0,20.0,J1,7,0.18027371168136597
analytical,10.0,20.0,J2,7,0.081757090985775
ANNet,10.0,50.0,J1,7,0.2870738208293915
ANNet,10.0,50.0,J2,7,0.13246296346187592
analytical,10.0,50.0,J1,7,0.28613343834877014
analytical,10.0,50.0,J2,7,0.12988592684268951
ANNet,10.0,100.0,J1,7,0.40904390811920166
ANNet,10.0,100.0,J2,7,0.1870424598455429
analytical,10.0,100.0,J1,7,0.4082583487033844
analytical,10.0,100.0,J2,7,0.18515820801258087
ANNet,10.0,200.0,J1,7,0.5749267935752869
ANNet,10.0,200.0,J2,7,0.26201215386390686
analytical,10.0,200.0,J1,7,0.5741821527481079
analytical,10.0,200.0,J2,7,0.26056888699531555
ANNet,10.0,500.0,J1,7,0.8936305642127991
ANNet,10.0,500.0,J2,7,0.40746358036994934
analytical,10.0,500.0,J1,7,0.8928335905075073
analytical,10.0,500.0,J2,7,0.40638044476509094
ANNet,10.0,1000.0,J1,7,1.2531039714813232
ANNet,10.0,1000.0,J2,7,0.5713135004043579
analytical,10.0,1000.0,J1,7,1.2521872520446777
analytical,10.0,1000.0,J2,7,0.5703775882720947
ANNet,25.0,1.0,J1,7,0.3776908218860626
ANNet,25.0,1.0,J2,7,0.4235791862010956
analytical,25.0,1.0,J1,7,0.3746643662452698
analytical,25.0,1.0,J2,7,0.421326607465744
ANNet,25.0,2.0,J1,7,0.1925201565027237
ANNet,25.0,2.0,J2,7,0.13415127992630005
analytical,25.0,2.0,J1,7,0.19348597526550293
analytical,25.0,2.0,J2,7,0.13135816156864166
ANNet,25.0,5.0,J1,7,0.23065611720085144
ANNet,25.0,5.0,J2,7,0.1063363179564476
analytical,25.0,5.0,J1,7,0.23012429475784302
analytical,25.0,5.0,J2,7,0.101473368704319
ANNet,25.0,10.0,J1,7,0.3211287558078766
ANNet,25.0,10.0,J2,7,0.1492495983839035
analytical,25.0,10.0,J1,7,0.3205825984477997
analytical,25.0,10.0,J2,7,0.14559520781040192
ANNet,25.0,20.0,J1,7,0.4511413276195526
ANNet,25.0,20.0,J2,7,0.20713989436626434
analytical,25.0,20.0,J1,7,0.4505842626094818
analytical,25.0,20.0,J2,7,0.204435333609581
ANNet,25.0,50.0,J1,7,0.7159722447395325
ANNet,25.0,50.0,J2,7,0.3265816867351532
analytical,25.0,50.0,J1,7,0.7153375744819641
analytical,25.0,50.0,J2,7,0.3247298002243042
ANNet,25.0,100.0,J1,7,1.021396517753601
ANNet,25.0,100.0,J2,7,0.4643666446208954
analytical,25.0,100.0,J1,7,1.0206378698349
analytical,25.0,100.0,J2,7,0.4628968834877014
ANNet,25.0,200.0,J1,7,1.436369776725769
ANNet,25.0,200.0,J2,7,0.6527044773101807
analytical,25.0,200.0,J1,7,1.435373306274414
analytical,25.0,200.0,J2,7,0.6514111757278442
ANNet,25.0,500.0,J1,7,2.2330987453460693
ANNet,25.0,500.0,J2,7,1.017069935798645
analytical,25.0,500.0,J1,7,2.231691837310791
analytical,25.0,500.0,J2,7,1.0158652067184448
ANNet,25.0,1000.0,J1,7,3.131763219833374
ANNet,25.0,1000.0,J2,7,1.4270884990692139
analytical,25.0,1000.0,J1,7,3.1299679279327393
analytical,25.0,1000.0,J2,7,1.4258525371551514
ANNet,0.0,1.0,J1,8,0.43121376633644104
ANNet,0.0,1.0,J2,8,0.3113049566745758
analytical,0.0,1.0,J1,8,0.4254598617553711
analytical,0.0,1.0,J2,8,0.30980396270751953
ANNet,0.0,2.0,J1,8,0.1510610431432724
ANNet,0.0,2.0,J2,8,0.06661922484636307
analytical,0.0,2.0,J1,8,0.14877772331237793
analytical,0.0,2.0,J2,8,0.0590803436934948
ANNet,0.0,5.0,J1,8,0.03360273689031601
ANNet,0.0,5.0,J2,8,0.03253406658768654
analytical,0.0,5.0,J1,8,0.02693629264831543
analytical,0.0,5.0,J2,8,0.012474387884140015
ANNet,0.0,10.0,J1,8,0.022025728598237038
ANNet,0.0,10.0,J2,8,0.030333200469613075
analytical,0.0,10.0,J1,8,0.009292218834161758
analytical,0.0,10.0,J2,8,0.004392682574689388
ANNet,0.0,20.0,J1,8,0.020244672894477844
ANNet,0.0,20.0,J2,8,0.03005002625286579
analytical,0.0,20.0,J1,8,0.0032899361103773117
analytical,0.0,20.0,J2,8,0.001562869525514543
ANNet,0.0,50.0,J1,8,0.019994191825389862
ANNet,0.0,50.0,J2,8,0.03001181036233902
analytical,0.0,50.0,J1,8,0.0008442900143563747
analytical,0.0,50.0,J2,8,0.0004022229986730963
ANNet,0.0,100.0,J1,8,0.019978290423750877
ANNet,0.0,100.0,J2,8,0.030009567737579346
analytical,0.0,100.0,J1,8,0.00030639590113423765
analytical,0.0,100.0,J2,8,0.00014610684593208134
ANNet,0.0,200.0,J1,8,0.019975949078798294
ANNet,0.0,200.0,J2,8,0.030009327456355095
analytical,0.0,200.0,J1,8,0.00011403720418456942
analytical,0.0,200.0,J2,8,5.4404310503741726e-05
ANNet,0.0,500.0,J1,8,0.019975468516349792
ANNet,0.0,500.0,J2,8,0.030009333044290543
analytical,0.0,500.0,J1,8,3.3224845537915826e-05
analytical,0.0,500.0,J2,8,1.584837445989251e-05
ANNet,0.0,1000.0,J1,8,0.019975366070866585
ANNet,0.0,1000.0,J2,8,0.030009344220161438
analytical,0.0,1000.0,J1,8,1.4285924407886341e-05
analytical,0.0,1000.0,J2,8,6.799567927373573e-06
ANNet,1.0,1.0,J1,8,0.4320775270462036
ANNet,1.0,1.0,J2,8,0.3112298548221588
analytical,1.0,1.0,J1,8,0.4263552129268646
analytical,1.0,1.0,J2,8,0.30971795320510864
ANNet,1.0,2.0,J1,8,0.15175402164459229
ANNet,1.0,2.0,J2,8,0.06689869612455368
analytical,1.0,2.0,J1,8,0.14950983226299286
analytical,1.0,2.0,J2,8,0.059324901551008224
ANNet,1.0,5.0,J1,8,0.03388084098696709
ANNet,1.0,5.0,J2,8,0.032775118947029114
analytical,1.0,5.0,J1,8,0.0274271909147501
analytical,1.0,5.0,J2,8,0.012735845521092415
ANNet,1.0,10.0,J1,8,0.023241715505719185
ANNet,1.0,10.0,J2,8,0.03068273514509201
analytical,1.0,10.0,J1,8,0.012218540534377098
analytical,1.0,10.0,J2,8,0.005604309495538473
ANNet,1.0,20.0,J1,8,0.023063872009515762
ANNet,1.0,20.0,J2,8,0.030606655403971672
analytical,1.0,20.0,J1,8,0.011858683079481125
analytical,1.0,20.0,J2,8,0.005190406925976276
ANNet,1.0,50.0,J1,8,0.027061792090535164
ANNet,1.0,50.0,J2,8,0.03120790235698223
analytical,1.0,50.0,J1,8,0.01844305731356144
analytical,1.0,50.0,J2,8,0.007997095584869385
ANNet,1.0,100.0,J1,8,0.03261015936732292
ANNet,1.0,100.0,J2,8,0.03219471871852875
analytical,1.0,100.0,J1,8,0.02588479034602642
analytical,1.0,100.0,J2,8,0.01123611070215702
ANNet,1.0,200.0,J1,8,0.04196624830365181
ANNet,1.0,200.0,J2,8,0.03418882563710213
analytical,1.0,200.0,J1,8,0.03694712370634079
analytical,1.0,200.0,J2,8,0.016062529757618904
ANNet,1.0,500.0,J1,8,0.06263646483421326
ANNet,1.0,500.0,J2,8,0.03968390077352524
analytical,1.0,500.0,J1,8,0.059321723878383636
analytical,1.0,500.0,J2,8,0.0257322508841753
ANNet,1.0,1000.0,J1,8,0.08636284619569778
ANNet,1.0,1000.0,J2,8,0.04732898995280266
analytical,1.0,1000.0,J1,8,0.08390621840953827
analytical,1.0,1000.0,J2,8,0.03639194369316101
ANNet,2.5,1.0,J1,8,0.4333992898464203
ANNet,2.5,1.0,J2,8,0.31112444400787354
analytical,2.5,1.0,J1,8,0.42772433161735535
analytical,2.5,1.0,J2,8,0.3095962107181549
ANNet,2.5,2.0,J1,8,0.15294800698757172
ANNet,2.5,2.0,J2,8,0.06738308072090149
analytical,2.5,2.0,J1,8,0.15076392889022827
analytical,2.5,2.0,J2,8,0.05976570025086403
ANNet,2.5,5.0,J1,8,0.03601977601647377
ANNet,2.5,5.0,J2,8,0.0334874726831913
analytical,2.5,5.0,J1,8,0.030220957472920418
analytical,2.5,5.0,J2,8,0.01398632861673832
ANNet,2.5,10.0,J1,8,0.02933516353368759
ANNet,2.5,10.0,J2,8,0.031920332461595535
analytical,2.5,10.0,J1,8,0.0219260361045599
analytical,2.5,10.0,J2,8,0.009741440415382385
ANNet,2.5,20.0,J1,8,0.03476596996188164
ANNet,2.5,20.0,J2,8,0.03287092223763466
analytical,2.5,20.0,J1,8,0.02876284532248974
analytical,2.5,20.0,J2,8,0.012507005594670773
ANNet,2.5,50.0,J1,8,0.05008203908801079
ANNet,2.5,50.0,J2,8,0.036383748054504395
analytical,2.5,50.0,J1,8,0.046060074120759964
analytical,2.5,50.0,J2,8,0.019966725260019302
ANNet,2.5,100.0,J1,8,0.06768710166215897
ANNet,2.5,100.0,J2,8,0.04142142832279205
analytical,2.5,100.0,J1,8,0.06470867246389389
analytical,2.5,100.0,J2,8,0.028088584542274475
ANNet,2.5,200.0,J1,8,0.09456784278154373
ANNet,2.5,200.0,J2,8,0.050430066883563995
analytical,2.5,200.0,J1,8,0.09236830472946167
analytical,2.5,200.0,J2,8,0.040156759321689606
ANNet,2.5,500.0,J1,8,0.14985541999340057
ANNet,2.5,500.0,J2,8,0.0712764710187912
analytical,2.5,500.0,J1,8,0.14830420911312103
analytical,2.5,500.0,J2,8,0.0643308088183403
ANNet,2.5,1000.0,J1,8,0.21107444167137146
ANNet,2.5,1000.0,J2,8,0.09611470252275467
analytical,2.5,1000.0,J1,8,0.20976591110229492
analytical,2.5,1000.0,J2,8,0.09098057448863983
ANNet,5.0,1.0,J1,8,0.4356708228588104
ANNet,5.0,1.0,J2,8,0.3109680712223053
analytical,5.0,1.0,J1,8,0.4300750494003296
analytical,5.0,1.0,J2,8,0.3094125986099243
ANNet,5.0,2.0,J1,8,0.15533947944641113
ANNet,5.0,2.0,J2,8,0.06835998594760895
analytical,5.0,2.0,J1,8,0.15325815975666046
analytical,5.0,2.0,J2,8,0.06069260463118553
ANNet,5.0,5.0,J1,8,0.043246928602457047
ANNet,5.0,5.0,J2,8,0.03553854674100876
analytical,5.0,5.0,J1,8,0.03878753259778023
analytical,5.0,5.0,J2,8,0.017721429467201233
ANNet,5.0,10.0,J1,8,0.04504109546542168
ANNet,5.0,10.0,J2,8,0.03562764823436737
analytical,5.0,10.0,J1,8,0.0408080592751503
analytical,5.0,10.0,J2,8,0.01793183572590351
ANNet,5.0,20.0,J1,8,0.060438189655542374
ANNet,5.0,20.0,J2,8,0.039601411670446396
analytical,5.0,20.0,J1,8,0.05730321258306503
analytical,5.0,20.0,J2,8,0.024890318512916565
ANNet,5.0,50.0,J1,8,0.09419857710599899
ANNet,5.0,50.0,J2,8,0.05046635493636131
analytical,5.0,50.0,J1,8,0.09210401028394699
analytical,5.0,50.0,J2,8,0.03992404416203499
ANNet,5.0,100.0,J1,8,0.1310337334871292
ANNet,5.0,100.0,J2,8,0.06415130198001862
analytical,5.0,100.0,J1,8,0.12941771745681763
analytical,5.0,100.0,J2,8,0.05617699772119522
ANNet,5.0,200.0,J1,8,0.18605509400367737
ANNet,5.0,200.0,J2,8,0.08617047220468521
analytical,5.0,200.0,J1,8,0.1847381591796875
analytical,5.0,200.0,J2,8,0.08031432330608368
ANNet,5.0,500.0,J1,8,0.29777514934539795
ANNet,5.0,500.0,J2,8,0.13256710767745972
analytical,5.0,500.0,J1,8,0.2966083288192749
analytical,5.0,500.0,J2,8,0.12866239249706268
ANNet,5.0,1000.0,J1,8,0.42077699303627014
ANNet,5.0,1000.0,J2,8,0.18494658172130585
analytical,5.0,1000.0,J1,8,0.41953200101852417
analytical,5.0,1000.0,J2,8,0.18196330964565277
ANNet,10.0,1.0,J1,8,0.4404667913913727
ANNet,10.0,1.0,J2,8,0.3107277452945709
analytical,10.0,1.0,J1,8,0.4350295662879944
analytical,10.0,1.0,J2,8,0.3091180920600891
ANNet,10.0,2.0,J1,8,0.16154178977012634
ANNet,10.0,2.0,J2,8,0.07091586291790009
analytical,10.0,2.0,J1,8,0.1596706360578537
analytical,10.0,2.0,J2,8,0.06322580575942993
ANNet,10.0,5.0,J1,8,0.06503727287054062
ANNet,10.0,5.0,J2,8,0.04221388325095177
analytical,10.0,5.0,J1,8,0.06242729723453522
analytical,10.0,5.0,J2,8,0.028038490563631058
ANNet,10.0,10.0,J1,8,0.08211728930473328
ANNet,10.0,10.0,J2,8,0.04716950282454491
analytical,10.0,10.0,J1,8,0.08003079146146774
analytical,10.0,10.0,J2,8,0.03504249081015587
ANNet,10.0,20.0,J1,8,0.11608915776014328
ANNet,10.0,20.0,J2,8,0.058945730328559875
analytical,10.0,20.0,J1,8,0.1145249754190445
analytical,10.0,20.0,J2,8,0.04972968250513077
ANNet,10.0,50.0,J1,8,0.18540212512016296
ANNet,10.0,50.0,J2,8,0.08598218113183975
analytical,10.0,50.0,J1,8,0.18419817090034485
analytical,10.0,50.0,J2,8,0.07984112203121185
ANNet,10.0,100.0,J1,8,0.25993430614471436
ANNet,10.0,100.0,J2,8,0.11691158264875412
analytical,10.0,100.0,J1,8,0.2588404417037964
analytical,10.0,100.0,J2,8,0.11235477030277252
ANNet,10.0,200.0,J1,8,0.3706115484237671
ANNet,10.0,200.0,J2,8,0.16403836011886597
analytical,10.0,200.0,J1,8,0.36948162317276
analytical,10.0,200.0,J2,8,0.16063109040260315
ANNet,10.0,500.0,J1,8,0.594606876373291
ANNet,10.0,500.0,J2,8,0.25981447100639343
analytical,10.0,500.0,J1,8,0.5932148098945618
analytical,10.0,500.0,J2,8,0.2573277950286865
ANNet,10.0,1000.0,J1,8,0.8408769369125366
ANNet,10.0,1000.0,J2,8,0.36610162258148193
analytical,10.0,1000.0,J1,8,0.8390592932701111
analytical,10.0,1000.0,J2,8,0.3639346957206726
ANNet,25.0,1.0,J1,8,0.45677751302719116
ANNet,25.0,1.0,J2,8,0.3105880916118622
analytical,25.0,1.0,J1,8,0.45181357860565186
analytical,25.0,1.0,J2,8,0.30881789326667786
ANNet,25.0,2.0,J1,8,0.18952277302742004
ANNet,25.0,2.0,J2,8,0.0826011672616005
analytical,25.0,2.0,J1,8,0.18824248015880585
analytical,25.0,2.0,J2,8,0.07525966316461563
ANNet,25.0,5.0,J1,8,0.1449841856956482
ANNet,25.0,5.0,J2,8,0.07228734344244003
analytical,25.0,5.0,J1,8,0.14408205449581146
analytical,25.0,5.0,J2,8,0.06390541046857834
ANNet,25.0,10.0,J1,8,0.1997862309217453
ANNet,25.0,10.0,J2,8,0.09343007951974869
analytical,25.0,10.0,J1,8,0.19897280633449554
analytical,25.0,10.0,J2,8,0.0870131179690361
ANNet,25.0,20.0,J1,8,0.2871101200580597
ANNet,25.0,20.0,J2,8,0.1289910525083542
analytical,25.0,20.0,J1,8,0.2863016426563263
analytical,25.0,20.0,J2,8,0.12430239468812943
ANNet,25.0,50.0,J1,8,0.4615606963634491
ANNet,25.0,50.0,J2,8,0.2028016597032547
analytical,25.0,50.0,J1,8,0.46048787236213684
analytical,25.0,50.0,J2,8,0.19959008693695068
ANNet,25.0,100.0,J1,8,0.6484878063201904
ANNet,25.0,100.0,J2,8,0.2834734320640564
analytical,25.0,100.0,J1,8,0.6471391320228577
analytical,25.0,100.0,J2,8,0.2808934450149536
ANNet,25.0,200.0,J1,8,0.9255701899528503
ANNet,25.0,200.0,J2,8,0.4038725197315216
analytical,25.0,200.0,J1,8,0.9237330555915833
analytical,25.0,200.0,J2,8,0.4015938639640808
ANNet,25.0,500.0,J1,8,1.4858025312423706
ANNet,25.0,500.0,J2,8,0.6456149816513062
analytical,25.0,500.0,J1,8,1.4829883575439453
analytical,25.0,500.0,J2,8,0.6433398127555847
ANNet,25.0,1000.0,J1,8,2.1014702320098877
ANNet,25.0,1000.0,J2,8,0.9124658703804016
analytical,25.0,1000.0,J1,8,2.097510576248169
analytical,25.0,1000.0,J2,8,0.9098897576332092
ANNet,0.0,1.0,J1,9,0.3084419071674347
ANNet,0.0,1.0,J2,9,0.37900301814079285
analytical,0.0,1.0,J1,9,0.3038545548915863
analytical,0.0,1.0,J2,9,0.3782905042171478
ANNet,0.0,2.0,J1,9,0.13028404116630554
ANNet,0.0,2.0,J2,9,0.08935283124446869
analytical,0.0,2.0,J1,9,0.12846453487873077
analytical,0.0,2.0,J2,9,0.08725792914628983
ANNet,0.0,5.0,J1,9,0.025978710502386093
ANNet,0.0,5.0,J2,9,0.020125236362218857
analytical,0.0,5.0,J1,9,0.01299238670617342
analytical,0.0,5.0,J2,9,0.00578255346044898
ANNet,0.0,10.0,J1,9,0.022835439071059227
ANNet,0.0,10.0,J2,9,0.019554881379008293
analytical,0.0,10.0,J1,9,0.003995839506387711
analytical,0.0,10.0,J2,9,0.0005410874146036804
ANNet,0.0,20.0,J1,9,0.02251906506717205
ANNet,0.0,20.0,J2,9,0.019564572721719742
analytical,0.0,20.0,J1,9,0.0013987518614158034
analytical,0.0,20.0,J2,9,0.0001557223149575293
ANNet,0.0,50.0,J1,9,0.02247645892202854
ANNet,0.0,50.0,J2,9,0.01956450752913952
analytical,0.0,50.0,J1,9,0.00035792822018265724
analytical,0.0,50.0,J2,9,4.1845632949844e-05
ANNet,0.0,100.0,J1,9,0.022473657503724098
ANNet,0.0,100.0,J2,9,0.0195644311606884
analytical,0.0,100.0,J1,9,0.00012980356405023485
analytical,0.0,100.0,J2,9,1.5431072824867442e-05
ANNet,0.0,200.0,J1,9,0.022473223507404327
ANNet,0.0,200.0,J2,9,0.01956440508365631
analytical,0.0,200.0,J1,9,4.831592013943009e-05
analytical,0.0,200.0,J2,9,5.830778718518559e-06
ANNet,0.0,500.0,J1,9,0.022473104298114777
ANNet,0.0,500.0,J2,9,0.019564401358366013
analytical,0.0,500.0,J1,9,1.4155754797684494e-05
analytical,0.0,500.0,J2,9,1.8566601056591026e-06
ANNet,0.0,1000.0,J1,9,0.022473081946372986
ANNet,0.0,1000.0,J2,9,0.019564401358366013
analytical,0.0,1000.0,J1,9,6.244001724553527e-06
analytical,0.0,1000.0,J2,9,1.0249251545246807e-06
ANNet,1.0,1.0,J1,9,0.30831238627433777
ANNet,1.0,1.0,J2,9,0.37884271144866943
analytical,1.0,1.0,J1,9,0.3036269545555115
analytical,1.0,1.0,J2,9,0.37818148732185364
ANNet,1.0,2.0,J1,9,0.13094095885753632
ANNet,1.0,2.0,J2,9,0.08940903842449188
analytical,1.0,2.0,J1,9,0.12883269786834717
analytical,1.0,2.0,J2,9,0.08748125284910202
ANNet,1.0,5.0,J1,9,0.028270689770579338
ANNet,1.0,5.0,J2,9,0.01971147209405899
analytical,1.0,5.0,J1,9,0.01473292801529169
analytical,1.0,5.0,J2,9,0.00691554881632328
ANNet,1.0,10.0,J1,9,0.026820333674550056
ANNet,1.0,10.0,J2,9,0.01937810331583023
analytical,1.0,10.0,J1,9,0.011715204454958439
analytical,1.0,10.0,J2,9,0.004958173260092735
ANNet,1.0,20.0,J1,9,0.029146768152713776
ANNet,1.0,20.0,J2,9,0.02013249695301056
analytical,1.0,20.0,J1,9,0.016350219026207924
analytical,1.0,20.0,J2,9,0.007330054882913828
ANNet,1.0,50.0,J1,9,0.035811662673950195
ANNet,1.0,50.0,J2,9,0.022248033434152603
analytical,1.0,50.0,J1,9,0.026454167440533638
analytical,1.0,50.0,J2,9,0.011967766098678112
ANNet,1.0,100.0,J1,9,0.044676363468170166
ANNet,1.0,100.0,J2,9,0.02535354532301426
analytical,1.0,100.0,J1,9,0.03758209943771362
analytical,1.0,100.0,J2,9,0.01705467328429222
ANNet,1.0,200.0,J1,9,0.05794655159115791
ANNet,1.0,200.0,J2,9,0.030382080003619194
analytical,1.0,200.0,J1,9,0.052655864506959915
analytical,1.0,200.0,J2,9,0.023891525343060493
ANNet,1.0,500.0,J1,9,0.08563720434904099
ANNet,1.0,500.0,J2,9,0.0417463444173336
analytical,1.0,500.0,J1,9,0.08212186396121979
analytical,1.0,500.0,J2,9,0.03727642446756363
ANNet,1.0,1000.0,J1,9,0.11866704374551773
ANNet,1.0,1000.0,J2,9,0.05598822236061096
analytical,1.0,1000.0,J1,9,0.1161227598786354
analytical,1.0,1000.0,J2,9,0.05272459611296654
ANNet,2.5,1.0,J1,9,0.3082166314125061
ANNet,2.5,1.0,J2,9,0.3786201477050781
analytical,2.5,1.0,J1,9,0.30338534712791443
analytical,2.5,1.0,J2,9,0.37803587317466736
ANNet,2.5,2.0,J1,9,0.1323121339082718
ANNet,2.5,2.0,J2,9,0.08962257206439972
analytical,2.5,2.0,J1,9,0.12978172302246094
analytical,2.5,2.0,J2,9,0.08794654905796051
ANNet,2.5,5.0,J1,9,0.03445882722735405
ANNet,2.5,5.0,J2,9,0.020184719935059547
analytical,2.5,5.0,J1,9,0.022153131663799286
analytical,2.5,5.0,J2,9,0.01062756311148405
ANNet,2.5,10.0,J1,9,0.0380890779197216
ANNet,2.5,10.0,J2,9,0.021350853145122528
analytical,2.5,10.0,J1,9,0.027445556595921516
analytical,2.5,10.0,J2,9,0.012311787344515324
ANNet,2.5,20.0,J1,9,0.04851790890097618
ANNet,2.5,20.0,J2,9,0.025317955762147903
analytical,2.5,20.0,J1,9,0.04068303480744362
analytical,2.5,20.0,J2,9,0.01832670159637928
ANNet,2.5,50.0,J1,9,0.07124730944633484
ANNet,2.5,50.0,J2,9,0.03465694561600685
analytical,2.5,50.0,J1,9,0.06613916903734207
analytical,2.5,50.0,J2,9,0.029918428510427475
ANNet,2.5,100.0,J1,9,0.09764702618122101
ANNet,2.5,100.0,J2,9,0.04609822854399681
analytical,2.5,100.0,J1,9,0.09395451098680496
analytical,2.5,100.0,J2,9,0.04263664409518242
ANNet,2.5,200.0,J1,9,0.13433802127838135
ANNet,2.5,200.0,J2,9,0.06226329132914543
analytical,2.5,200.0,J1,9,0.13163936138153076
analytical,2.5,200.0,J2,9,0.05972876772284508
ANNet,2.5,500.0,J1,9,0.20711368322372437
ANNet,2.5,500.0,J2,9,0.09486683458089828
analytical,2.5,500.0,J1,9,0.20530365407466888
analytical,2.5,500.0,J2,9,0.093190997838974
ANNet,2.5,1000.0,J1,9,0.2916699945926666
ANNet,2.5,1000.0,J2,9,0.13303832709789276
analytical,2.5,1000.0,J1,9,0.2903054356575012
analytical,2.5,1000.0,J2,9,0.13181129097938538
ANNet,5.0,1.0,J1,9,0.30832037329673767
ANNet,5.0,1.0,J2,9,0.37829697132110596
analytical,5.0,1.0,J1,9,0.30324944853782654
analytical,5.0,1.0,J2,9,0.37784114480018616
ANNet,5.0,2.0,J1,9,0.13558875024318695
ANNet,5.0,2.0,J2,9,0.09031977504491806
analytical,5.0,2.0,J1,9,0.13239306211471558
analytical,5.0,2.0,J2,9,0.08906298130750656
ANNet,5.0,5.0,J1,9,0.04870489239692688
ANNet,5.0,5.0,J2,9,0.023562150076031685
analytical,5.0,5.0,J1,9,0.03851984441280365
analytical,5.0,5.0,J2,9,0.018373500555753708
ANNet,5.0,10.0,J1,9,0.061878301203250885
ANNet,5.0,10.0,J2,9,0.028836961835622787
analytical,5.0,10.0,J1,9,0.054199282079935074
analytical,5.0,10.0,J2,9,0.02459152415394783
ANNet,5.0,20.0,J1,9,0.0866236463189125
ANNet,5.0,20.0,J2,9,0.03964989632368088
analytical,5.0,20.0,J1,9,0.08128593116998672
analytical,5.0,20.0,J2,9,0.036655738949775696
ANNet,5.0,50.0,J1,9,0.13567018508911133
ANNet,5.0,50.0,J2,9,0.061742790043354034
analytical,5.0,50.0,J1,9,0.1322825849056244
analytical,5.0,50.0,J2,9,0.05983606353402138
ANNet,5.0,100.0,J1,9,0.19036661088466644
ANNet,5.0,100.0,J2,9,0.08664873242378235
analytical,5.0,100.0,J1,9,0.18790653347969055
analytical,5.0,100.0,J2,9,0.08527327328920364
ANNet,5.0,200.0,J1,9,0.26511409878730774
ANNet,5.0,200.0,J2,9,0.12047705054283142
analytical,5.0,200.0,J1,9,0.263274610042572
analytical,5.0,200.0,J2,9,0.11945769935846329
ANNet,5.0,500.0,J1,9,0.4119240641593933
ANNet,5.0,500.0,J2,9,0.18710030615329742
analytical,5.0,500.0,J1,9,0.410602867603302
analytical,5.0,500.0,J2,9,0.18638163805007935
ANNet,5.0,1000.0,J1,9,0.5817022919654846
ANNet,5.0,1000.0,J2,9,0.2642044425010681
analytical,5.0,1000.0,J1,9,0.5806036591529846
analytical,5.0,1000.0,J2,9,0.2636214792728424
ANNet,10.0,1.0,J1,9,0.30951252579689026
ANNet,10.0,1.0,J2,9,0.377830445766449
analytical,10.0,1.0,J1,9,0.3039782643318176
analytical,10.0,1.0,J2,9,0.3776317238807678
ANNet,10.0,2.0,J1,9,0.14551852643489838
ANNet,10.0,2.0,J2,9,0.09295211732387543
analytical,10.0,2.0,J1,9,0.14117570221424103
analytical,10.0,2.0,J2,9,0.09251142293214798
ANNet,10.0,5.0,J1,9,0.08220955729484558
ANNet,10.0,5.0,J2,9,0.03587128967046738
analytical,10.0,5.0,J1,9,0.07404722273349762
analytical,10.0,5.0,J2,9,0.03496090695261955
ANNet,10.0,10.0,J1,9,0.11371874809265137
ANNet,10.0,10.0,J2,9,0.04989788681268692
analytical,10.0,10.0,J1,9,0.1079232320189476
analytical,10.0,10.0,J2,9,0.049160435795784
ANNet,10.0,20.0,J1,9,0.16646899282932281
ANNet,10.0,20.0,J2,9,0.07384457439184189
analytical,10.0,20.0,J1,9,0.16251125931739807
analytical,10.0,20.0,J2,9,0.0733141228556633
ANNet,10.0,50.0,J1,9,0.26710349321365356
ANNet,10.0,50.0,J2,9,0.12005176395177841
analytical,10.0,50.0,J1,9,0.2645692229270935
analytical,10.0,50.0,J2,9,0.1196705773472786
ANNet,10.0,100.0,J1,9,0.37771180272102356
ANNet,10.0,100.0,J2,9,0.1708688586950302
analytical,10.0,100.0,J1,9,0.3758021295070648
analytical,10.0,100.0,J2,9,0.17054647207260132
ANNet,10.0,200.0,J1,9,0.5280511975288391
ANNet,10.0,200.0,J2,9,0.2392142415046692
analytical,10.0,200.0,J1,9,0.52652907371521
analytical,10.0,200.0,J2,9,0.23891600966453552
ANNet,10.0,500.0,J1,9,0.8224366903305054
ANNet,10.0,500.0,J2,9,0.373079776763916
analytical,10.0,500.0,J1,9,0.8211823105812073
analytical,10.0,500.0,J2,9,0.37276071310043335
ANNet,10.0,1000.0,J1,9,1.162375569343567
ANNet,10.0,1000.0,J2,9,0.5276093482971191
analytical,10.0,1000.0,J1,9,1.1611639261245728
analytical,10.0,1000.0,J2,9,0.5272354483604431
ANNet,25.0,1.0,J1,9,0.3207436501979828
ANNet,25.0,1.0,J2,9,0.3778741955757141
analytical,25.0,1.0,J1,9,0.31399020552635193
analytical,25.0,1.0,J2,9,0.37844496965408325
ANNet,25.0,2.0,J1,9,0.19451206922531128
ANNet,25.0,2.0,J2,9,0.10926857590675354
analytical,25.0,2.0,J1,9,0.1881628930568695
analytical,25.0,2.0,J2,9,0.11083348840475082
ANNet,25.0,5.0,J1,9,0.18987223505973816
ANNet,25.0,5.0,J2,9,0.08348722755908966
analytical,25.0,5.0,J1,9,0.18326567113399506
analytical,25.0,5.0,J2,9,0.08578745275735855
ANNet,25.0,10.0,J1,9,0.27389654517173767
ANNet,25.0,10.0,J2,9,0.12132666260004044
analytical,25.0,10.0,J1,9,0.26927879452705383
analytical,25.0,10.0,J2,9,0.12287850677967072
ANNet,25.0,20.0,J1,9,0.40941160917282104
ANNet,25.0,20.0,J2,9,0.18233266472816467
analytical,25.0,20.0,J1,9,0.40621331334114075
analytical,25.0,20.0,J2,9,0.18328799307346344
ANNet,25.0,50.0,J1,9,0.6636031866073608
ANNet,25.0,50.0,J2,9,0.2987246811389923
analytical,25.0,50.0,J1,9,0.6614201068878174
analytical,25.0,50.0,J2,9,0.29916736483573914
ANNet,25.0,100.0,J1,9,0.9412545561790466
ANNet,25.0,100.0,J2,9,0.42619311809539795
analytical,25.0,100.0,J1,9,0.9394111037254333
analytical,25.0,100.0,J2,9,0.4263637363910675
ANNet,25.0,200.0,J1,9,1.3178448677062988
ANNet,25.0,200.0,J2,9,0.5973381400108337
analytical,25.0,200.0,J1,9,1.3161375522613525
analytical,25.0,200.0,J2,9,0.5972889065742493
ANNet,25.0,500.0,J1,9,2.0544400215148926
ANNet,25.0,500.0,J2,9,0.9322079420089722
analytical,25.0,500.0,J1,9,2.0526721477508545
analytical,25.0,500.0,J2,9,0.9318597912788391
ANNet,25.0,1000.0,J1,9,2.904298782348633
ANNet,25.0,1000.0,J2,9,1.3185676336288452
analytical,25.0,1000.0,J1,9,2.9022884368896484
analytical,25.0,1000.0,J2,9,1.3179682493209839
ANNet,0.0,1.0,J1,10,0.3386707007884979
ANNet,0.0,1.0,J2,10,0.68180251121521
analytical,0.0,1.0,J1,10,0.3302740156650543
analytical,0.0,1.0,J2,10,0.6850792169570923
ANNet,0.0,2.0,J1,10,0.190998375415802
ANNet,0.0,2.0,J2,10,0.3072890043258667
analytical,0.0,2.0,J1,10,0.18837064504623413
analytical,0.0,2.0,J2,10,0.3089948892593384
ANNet,0.0,5.0,J1,10,0.037335194647312164
ANNet,0.0,5.0,J2,10,0.032183337956666946
analytical,0.0,5.0,J1,10,0.01638815551996231
analytical,0.0,5.0,J2,10,0.027313176542520523
ANNet,0.0,10.0,J1,10,0.032909657806158066
ANNet,0.0,10.0,J2,10,0.022324591875076294
analytical,0.0,10.0,J1,10,0.0015143173513934016
analytical,0.0,10.0,J2,10,0.002593063749372959
ANNet,0.0,20.0,J1,10,0.032818879932165146
ANNet,0.0,20.0,J2,10,0.022572066634893417
analytical,0.0,20.0,J1,10,0.0003034695109818131
analytical,0.0,20.0,J2,10,0.0005296902381815016
ANNet,0.0,50.0,J1,10,0.03281347081065178
ANNet,0.0,50.0,J2,10,0.022590966895222664
analytical,0.0,50.0,J1,10,7.808174996171147e-05
analytical,0.0,50.0,J2,10,0.000134454618091695
ANNet,0.0,100.0,J1,10,0.032813262194395065
ANNet,0.0,100.0,J2,10,0.022591058164834976
analytical,0.0,100.0,J1,10,2.880913052649703e-05
analytical,0.0,100.0,J2,10,4.918700142297894e-05
ANNet,0.0,200.0,J1,10,0.03281322494149208
ANNet,0.0,200.0,J2,10,0.02259099669754505
analytical,0.0,200.0,J1,10,1.0998620382451918e-05
analytical,0.0,200.0,J2,10,1.8407028619549237e-05
ANNet,0.0,500.0,J1,10,0.032813217490911484
ANNet,0.0,500.0,J2,10,0.02259097620844841
analytical,0.0,500.0,J1,10,3.868000021611806e-06
analytical,0.0,500.0,J2,10,5.455357040773379e-06
ANNet,0.0,1000.0,J1,10,0.03281322494149208
ANNet,0.0,1000.0,J2,10,0.02259097248315811
analytical,0.0,1000.0,J1,10,2.527798869778053e-06
analytical,0.0,1000.0,J2,10,2.4886435312510002e-06
ANNet,1.0,1.0,J1,10,0.3392874598503113
ANNet,1.0,1.0,J2,10,0.6816037893295288
analytical,1.0,1.0,J1,10,0.3308483362197876
analytical,1.0,1.0,J2,10,0.6848739981651306
ANNet,1.0,2.0,J1,10,0.19169004261493683
ANNet,1.0,2.0,J2,10,0.3071397542953491
analytical,1.0,2.0,J1,10,0.18894170224666595
analytical,1.0,2.0,J2,10,0.3088243901729584
ANNet,1.0,5.0,J1,10,0.039448730647563934
ANNet,1.0,5.0,J2,10,0.03366067633032799
analytical,1.0,5.0,J1,10,0.019002921879291534
analytical,1.0,5.0,J2,10,0.028669383376836777
ANNet,1.0,10.0,J1,10,0.03793953359127045
ANNet,1.0,10.0,J2,10,0.024286968633532524
analytical,1.0,10.0,J1,10,0.016972322016954422
analytical,1.0,10.0,J2,10,0.008705570362508297
ANNet,1.0,20.0,J1,10,0.0412302203476429
ANNet,1.0,20.0,J2,10,0.025571277365088463
analytical,1.0,20.0,J1,10,0.023490194231271744
analytical,1.0,20.0,J2,10,0.011056710965931416
ANNet,1.0,50.0,J1,10,0.04962620884180069
ANNet,1.0,50.0,J2,10,0.028606224805116653
analytical,1.0,50.0,J1,10,0.03625871613621712
analytical,1.0,50.0,J2,10,0.016891099512577057
ANNet,1.0,100.0,J1,10,0.06175030767917633
ANNet,1.0,100.0,J2,10,0.03332802653312683
analytical,1.0,100.0,J1,10,0.051621969789266586
analytical,1.0,100.0,J2,10,0.024026548489928246
ANNet,1.0,200.0,J1,10,0.08090126514434814
ANNet,1.0,200.0,J2,10,0.04125802591443062
analytical,1.0,200.0,J1,10,0.07345797121524811
analytical,1.0,200.0,J2,10,0.034173861145973206
ANNet,1.0,500.0,J1,10,0.12246923893690109
ANNet,1.0,500.0,J2,10,0.059399817138910294
analytical,1.0,500.0,J1,10,0.11767586320638657
analytical,1.0,500.0,J2,10,0.054695017635822296
ANNet,1.0,1000.0,J1,10,0.1698252409696579
ANNet,1.0,1000.0,J2,10,0.08073004335165024
analytical,1.0,1000.0,J1,10,0.1663874387741089
analytical,1.0,1000.0,J2,10,0.07730492949485779
ANNet,2.5,1.0,J1,10,0.3403851091861725
ANNet,2.5,1.0,J2,10,0.6813266277313232
analytical,2.5,1.0,J1,10,0.33188682794570923
analytical,2.5,1.0,J2,10,0.6845868229866028
ANNet,2.5,2.0,J1,10,0.1932200938463211
ANNet,2.5,2.0,J2,10,0.3069903552532196
analytical,2.5,2.0,J1,10,0.1902996152639389
analytical,2.5,2.0,J2,10,0.30864256620407104
ANNet,2.5,5.0,J1,10,0.04828794673085213
ANNet,2.5,5.0,J2,10,0.037490904331207275
analytical,2.5,5.0,J1,10,0.03212575986981392
analytical,2.5,5.0,J2,10,0.0325920507311821
ANNet,2.5,10.0,J1,10,0.05535179004073143
ANNet,2.5,10.0,J2,10,0.03119317628443241
analytical,2.5,10.0,J1,10,0.04250599071383476
analytical,2.5,10.0,J2,10,0.02061673440039158
ANNet,2.5,20.0,J1,10,0.06858838349580765
ANNet,2.5,20.0,J2,10,0.036440424621105194
analytical,2.5,20.0,J1,10,0.05873200297355652
analytical,2.5,20.0,J2,10,0.027605939656496048
ANNet,2.5,50.0,J1,10,0.09733140468597412
ANNet,2.5,50.0,J2,10,0.04849204048514366
analytical,2.5,50.0,J1,10,0.09064982831478119
analytical,2.5,50.0,J2,10,0.04222430661320686
ANNet,2.5,100.0,J1,10,0.13383907079696655
ANNet,2.5,100.0,J2,10,0.06464995443820953
analytical,2.5,100.0,J1,10,0.12905582785606384
analytical,2.5,100.0,J2,10,0.06006729602813721
ANNet,2.5,200.0,J1,10,0.18704663217067719
ANNet,2.5,200.0,J2,10,0.08874854445457458
analytical,2.5,200.0,J1,10,0.18364317715168
analytical,2.5,200.0,J2,10,0.08543509989976883
ANNet,2.5,500.0,J1,10,0.2963505685329437
ANNet,2.5,500.0,J2,10,0.1388876736164093
analytical,2.5,500.0,J1,10,0.29419147968292236
analytical,2.5,500.0,J2,10,0.13673777878284454
ANNet,2.5,1000.0,J1,10,0.41753721237182617
ANNet,2.5,1000.0,J2,10,0.19486121833324432
analytical,2.5,1000.0,J1,10,0.4159720242023468
analytical,2.5,1000.0,J2,10,0.19326157867908478
ANNet,5.0,1.0,J1,10,0.3426697254180908
ANNet,5.0,1.0,J2,10,0.680920422077179
analytical,5.0,1.0,J1,10,0.33408454060554504
analytical,5.0,1.0,J2,10,0.684163510799408
ANNet,5.0,2.0,J1,10,0.19704636931419373
ANNet,5.0,2.0,J2,10,0.3069401979446411
analytical,5.0,2.0,J1,10,0.19386491179466248
analytical,5.0,2.0,J2,10,0.3085368275642395
ANNet,5.0,5.0,J1,10,0.07101564854383469
ANNet,5.0,5.0,J2,10,0.046876635402441025
analytical,5.0,5.0,J1,10,0.059744421392679214
analytical,5.0,5.0,J2,10,0.042424947023391724
ANNet,5.0,10.0,J1,10,0.09315459430217743
ANNet,5.0,10.0,J2,10,0.0476180724799633
analytical,5.0,10.0,J1,10,0.08511755615472794
analytical,5.0,10.0,J2,10,0.04077082499861717
ANNet,5.0,20.0,J1,10,0.12342175096273422
ANNet,5.0,20.0,J2,10,0.06058936566114426
analytical,5.0,20.0,J1,10,0.11747295409440994
analytical,5.0,20.0,J2,10,0.055198024958372116
ANNet,5.0,50.0,J1,10,0.1852298080921173
ANNet,5.0,50.0,J2,10,0.08811009675264359
analytical,5.0,50.0,J1,10,0.18130573630332947
analytical,5.0,50.0,J2,10,0.08444716781377792
ANNet,5.0,100.0,J1,10,0.2608985900878906
ANNet,5.0,100.0,J2,10,0.12278719991445541
analytical,5.0,100.0,J1,10,0.25811535120010376
analytical,5.0,100.0,J2,10,0.12013658881187439
ANNet,5.0,200.0,J1,10,0.3692642152309418
ANNet,5.0,200.0,J2,10,0.1728099286556244
analytical,5.0,200.0,J1,10,0.3672805428504944
analytical,5.0,200.0,J2,10,0.17087092995643616
ANNet,5.0,500.0,J1,10,0.5896727442741394
ANNet,5.0,500.0,J2,10,0.2748042643070221
analytical,5.0,500.0,J1,10,0.5883873701095581
analytical,5.0,500.0,J2,10,0.2734754979610443
ANNet,5.0,1000.0,J1,10,0.8329313397407532
ANNet,5.0,1000.0,J2,10,0.38760706782341003
analytical,5.0,1000.0,J1,10,0.8319504261016846
analytical,5.0,1000.0,J2,10,0.38651931285858154
ANNet,10.0,1.0,J1,10,0.34890180826187134
ANNet,10.0,1.0,J2,10,0.6803171634674072
analytical,10.0,1.0,J1,10,0.34018611907958984
analytical,10.0,1.0,J2,10,0.6835243105888367
ANNet,10.0,2.0,J1,10,0.20912352204322815
ANNet,10.0,2.0,J2,10,0.3075850307941437
analytical,10.0,2.0,J1,10,0.20552469789981842
analytical,10.0,2.0,J2,10,0.3090652525424957
ANNet,10.0,5.0,J1,10,0.1256483942270279
ANNet,10.0,5.0,J2,10,0.07104398310184479
analytical,10.0,5.0,J1,10,0.11817687749862671
analytical,10.0,5.0,J2,10,0.06737440824508667
ANNet,10.0,10.0,J1,10,0.1755201369524002
ANNet,10.0,10.0,J2,10,0.08553293347358704
analytical,10.0,10.0,J1,10,0.17036670446395874
analytical,10.0,10.0,J2,10,0.08119884133338928
ANNet,10.0,20.0,J1,10,0.23874512314796448
ANNet,10.0,20.0,J2,10,0.11371733248233795
analytical,10.0,20.0,J1,10,0.23496656119823456
analytical,10.0,20.0,J2,10,0.1103854849934578
ANNet,10.0,50.0,J1,10,0.36512184143066406
ANNet,10.0,50.0,J2,10,0.1711726039648056
analytical,10.0,50.0,J1,10,0.36263206601142883
analytical,10.0,50.0,J2,10,0.16889454424381256
ANNet,10.0,100.0,J1,10,0.5180217027664185
ANNet,10.0,100.0,J2,10,0.24198448657989502
analytical,10.0,100.0,J1,10,0.5162451863288879
analytical,10.0,100.0,J2,10,0.24027985334396362
ANNet,10.0,200.0,J1,10,0.7358296513557434
ANNet,10.0,200.0,J2,10,0.34307506680488586
analytical,10.0,200.0,J1,10,0.7345348596572876
analytical,10.0,200.0,J2,10,0.3417431712150574
ANNet,10.0,500.0,J1,10,1.1776779890060425
ANNet,10.0,500.0,J2,10,0.5480083227157593
analytical,10.0,500.0,J1,10,1.1767786741256714
analytical,10.0,500.0,J2,10,0.5469467639923096
ANNet,10.0,1000.0,J1,10,1.664671778678894
ANNet,10.0,1000.0,J2,10,0.7740592956542969
analytical,10.0,1000.0,J1,10,1.6638908386230469
analytical,10.0,1000.0,J2,10,0.773012638092041
ANNet,25.0,1.0,J1,10,0.37969908118247986
ANNet,25.0,1.0,J2,10,0.6801856756210327
analytical,25.0,1.0,J1,10,0.370893657207489
analytical,25.0,1.0,J2,10,0.6832714676856995
ANNet,25.0,2.0,J1,10,0.2716529071331024
ANNet,25.0,2.0,J2,10,0.31537312269210815
analytical,25.0,2.0,J1,10,0.26748061180114746
analytical,25.0,2.0,J2,10,0.31647351384162903
ANNet,25.0,5.0,J1,10,0.3009914755821228
ANNet,25.0,5.0,J2,10,0.15403001010417938
analytical,25.0,5.0,J1,10,0.296196311712265
analytical,25.0,5.0,J2,10,0.15122872591018677
ANNet,25.0,10.0,J1,10,0.4294740557670593
ANNet,25.0,10.0,J2,10,0.20527073740959167
analytical,25.0,10.0,J1,10,0.4261779189109802
analytical,25.0,10.0,J2,10,0.2025766521692276
ANNet,25.0,20.0,J1,10,0.589972972869873
ANNet,25.0,20.0,J2,10,0.2780393958091736
analytical,25.0,20.0,J1,10,0.5875364542007446
analytical,25.0,20.0,J2,10,0.2759462594985962
ANNet,25.0,50.0,J1,10,0.9083786010742188
ANNet,25.0,50.0,J2,10,0.4238168001174927
analytical,25.0,50.0,J1,10,0.9067224860191345
analytical,25.0,50.0,J2,10,0.4222470819950104
ANNet,25.0,100.0,J1,10,1.2919316291809082
ANNet,25.0,100.0,J2,10,0.6020913124084473
analytical,25.0,100.0,J1,10,1.2907025814056396
analytical,25.0,100.0,J2,10,0.600741446018219
ANNet,25.0,200.0,J1,10,1.8370590209960938
ANNet,25.0,200.0,J2,10,0.855626106262207
analytical,25.0,200.0,J1,10,1.8360739946365356
analytical,25.0,200.0,J2,10,0.854347288608551
ANNet,25.0,500.0,J1,10,2.942558526992798
ANNet,25.0,500.0,J2,10,1.3686436414718628
analytical,25.0,500.0,J1,10,2.941697359085083
analytical,25.0,500.0,J2,10,1.3672575950622559
ANNet,25.0,1000.0,J1,10,4.159950256347656
ANNet,25.0,1000.0,J2,10,1.9338748455047607
analytical,25.0,1000.0,J1,10,4.158940315246582
analytical,25.0,1000.0,J2,10,1.9321306943893433
ANNet,0.0,1.0,J1,11,0.6514070630073547
ANNet,0.0,1.0,J2,11,0.38247931003570557
analytical,0.0,1.0,J1,11,0.6503295302391052
analytical,0.0,1.0,J2,11,0.3834921717643738
ANNet,0.0,2.0,J1,11,0.289354145526886
ANNet,0.0,2.0,J2,11,0.10832452028989792
analytical,0.0,2.0,J1,11,0.28932714462280273
analytical,0.0,2.0,J2,11,0.10672038048505783
ANNet,0.0,5.0,J1,11,0.036717530339956284
ANNet,0.0,5.0,J2,11,0.023356087505817413
analytical,0.0,5.0,J1,11,0.029869018122553825
analytical,0.0,5.0,J2,11,0.01119951717555523
ANNet,0.0,10.0,J1,11,0.02381235919892788
ANNet,0.0,10.0,J2,11,0.021305127069354057
analytical,0.0,10.0,J1,11,0.008832840248942375
analytical,0.0,10.0,J2,11,0.0023812297731637955
ANNet,0.0,20.0,J1,11,0.022342313081026077
ANNet,0.0,20.0,J2,11,0.021235568448901176
analytical,0.0,20.0,J1,11,0.0030879583209753036
analytical,0.0,20.0,J2,11,0.0007956662448123097
ANNet,0.0,50.0,J1,11,0.022135773673653603
ANNet,0.0,50.0,J2,11,0.021224748343229294
analytical,0.0,50.0,J1,11,0.0007910377462394536
analytical,0.0,50.0,J2,11,0.0002027592563536018
ANNet,0.0,100.0,J1,11,0.022122526541352272
ANNet,0.0,100.0,J2,11,0.021224070340394974
analytical,0.0,100.0,J1,11,0.00028702447889372706
analytical,0.0,100.0,J2,11,7.353639375651255e-05
ANNet,0.0,200.0,J1,11,0.02212061546742916
ANNet,0.0,200.0,J2,11,0.021224020048975945
analytical,0.0,200.0,J1,11,0.00010682804713724181
analytical,0.0,200.0,J2,11,2.7378982849768363e-05
ANNet,0.0,500.0,J1,11,0.022120216861367226
ANNet,0.0,500.0,J2,11,0.02122403495013714
analytical,0.0,500.0,J1,11,3.116967491223477e-05
analytical,0.0,500.0,J2,11,8.016787433007266e-06
ANNet,0.0,1000.0,J1,11,0.022120149806141853
ANNet,0.0,1000.0,J2,11,0.02122405357658863
analytical,0.0,1000.0,J1,11,1.3443121133605018e-05
analytical,0.0,1000.0,J2,11,3.523663053783821e-06
ANNet,1.0,1.0,J1,11,0.6520540714263916
ANNet,1.0,1.0,J2,11,0.3823402523994446
analytical,1.0,1.0,J1,11,0.6509695053100586
analytical,1.0,1.0,J2,11,0.38336899876594543
ANNet,1.0,2.0,J1,11,0.29004141688346863
ANNet,1.0,2.0,J2,11,0.10849451273679733
analytical,1.0,2.0,J1,11,0.2899756133556366
analytical,1.0,2.0,J2,11,0.10691381990909576
ANNet,1.0,5.0,J1,11,0.0381661020219326
ANNet,1.0,5.0,J2,11,0.023692118003964424
analytical,1.0,5.0,J1,11,0.030932873487472534
analytical,1.0,5.0,J2,11,0.012080229818820953
ANNet,1.0,10.0,J1,11,0.02780526503920555
ANNet,1.0,10.0,J2,11,0.02193547785282135
analytical,1.0,10.0,J1,11,0.015446553006768227
analytical,1.0,10.0,J2,11,0.006163336336612701
ANNet,1.0,20.0,J1,11,0.02976754680275917
ANNet,1.0,20.0,J2,11,0.02266625687479973
analytical,1.0,20.0,J1,11,0.01871909759938717
analytical,1.0,20.0,J2,11,0.008294347673654556
ANNet,1.0,50.0,J1,11,0.03653176873922348
ANNet,1.0,50.0,J2,11,0.024631600826978683
analytical,1.0,50.0,J1,11,0.028262929990887642
analytical,1.0,50.0,J2,11,0.012711025774478912
ANNet,1.0,100.0,J1,11,0.047558970749378204
ANNet,1.0,100.0,J2,11,0.028205284848809242
analytical,1.0,100.0,J1,11,0.041533131152391434
analytical,1.0,100.0,J2,11,0.018712889403104782
ANNet,1.0,200.0,J1,11,0.06357969343662262
ANNet,1.0,200.0,J2,11,0.03400628641247749
analytical,1.0,200.0,J1,11,0.059191394597291946
analytical,1.0,200.0,J2,11,0.026658110320568085
ANNet,1.0,500.0,J1,11,0.09458591043949127
ANNet,1.0,500.0,J2,11,0.04646644741296768
analytical,1.0,500.0,J1,11,0.09166925400495529
analytical,1.0,500.0,J2,11,0.04138185456395149
ANNet,1.0,1000.0,J1,11,0.13138677179813385
ANNet,1.0,1000.0,J2,11,0.062036823481321335
analytical,1.0,1000.0,J1,11,0.12927356362342834
analytical,1.0,1000.0,J2,11,0.05831392481923103
ANNet,2.5,1.0,J1,11,0.6530408263206482
ANNet,2.5,1.0,J2,11,0.3821369707584381
analytical,2.5,1.0,J1,11,0.6519457101821899
analytical,2.5,1.0,J2,11,0.38318949937820435
ANNet,2.5,2.0,J1,11,0.291158527135849
ANNet,2.5,2.0,J2,11,0.10879850387573242
analytical,2.5,2.0,J1,11,0.291034996509552
analytical,2.5,2.0,J2,11,0.10725347697734833
ANNet,2.5,5.0,J1,11,0.04259340092539787
ANNet,2.5,5.0,J2,11,0.02500697411596775
analytical,2.5,5.0,J1,11,0.035336513072252274
analytical,2.5,5.0,J2,11,0.014729960821568966
ANNet,2.5,10.0,J1,11,0.040859006345272064
ANNet,2.5,10.0,J2,11,0.02529625967144966
analytical,2.5,10.0,J1,11,0.03265564888715744
analytical,2.5,10.0,J2,11,0.014290805906057358
ANNet,2.5,20.0,J1,11,0.05240296944975853
ANNet,2.5,20.0,J2,11,0.029392801225185394
analytical,2.5,20.0,J1,11,0.04626663774251938
analytical,2.5,20.0,J2,11,0.02065921202301979
ANNet,2.5,50.0,J1,11,0.07481128722429276
ANNet,2.5,50.0,J2,11,0.03804381191730499
analytical,2.5,50.0,J1,11,0.07063409686088562
analytical,2.5,50.0,J2,11,0.03177456185221672
ANNet,2.5,100.0,J1,11,0.1067504957318306
ANNet,2.5,100.0,J2,11,0.05126015096902847
analytical,2.5,100.0,J1,11,0.10383255779743195
analytical,2.5,100.0,J2,11,0.04678253456950188
ANNet,2.5,200.0,J1,11,0.15007805824279785
ANNet,2.5,200.0,J2,11,0.06987889856100082
analytical,2.5,200.0,J1,11,0.14797654747962952
analytical,2.5,200.0,J2,11,0.06664514541625977
ANNet,2.5,500.0,J1,11,0.2305947095155716
ANNet,2.5,500.0,J2,11,0.1055939719080925
analytical,2.5,500.0,J1,11,0.22917132079601288
analytical,2.5,500.0,J2,11,0.10345493257045746
ANNet,2.5,1000.0,J1,11,0.32426580786705017
ANNet,2.5,1000.0,J2,11,0.14733906090259552
analytical,2.5,1000.0,J1,11,0.3231809139251709
analytical,2.5,1000.0,J2,11,0.14578451216220856
ANNet,5.0,1.0,J1,11,0.6547282338142395
ANNet,5.0,1.0,J2,11,0.38181227445602417
analytical,5.0,1.0,J1,11,0.6536155939102173
analytical,5.0,1.0,J2,11,0.38290441036224365
ANNet,5.0,2.0,J1,11,0.293247789144516
ANNet,5.0,2.0,J2,11,0.10943443328142166
analytical,5.0,2.0,J1,11,0.29302895069122314
analytical,5.0,2.0,J2,11,0.10795016586780548
ANNet,5.0,5.0,J1,11,0.05412648618221283
ANNet,5.0,5.0,J2,11,0.0289754755795002
analytical,5.0,5.0,J1,11,0.04748164117336273
analytical,5.0,5.0,J2,11,0.021042611449956894
ANNet,5.0,10.0,J1,11,0.06876850128173828
ANNet,5.0,10.0,J2,11,0.034909915179014206
analytical,5.0,10.0,J1,11,0.0633339062333107
analytical,5.0,10.0,J2,11,0.028201356530189514
ANNet,5.0,20.0,J1,11,0.096219003200531
ANNet,5.0,20.0,J2,11,0.046152859926223755
analytical,5.0,20.0,J1,11,0.09238248318433762
analytical,5.0,20.0,J2,11,0.0412973128259182
ANNet,5.0,50.0,J1,11,0.1438310146331787
ANNet,5.0,50.0,J2,11,0.06682084500789642
analytical,5.0,50.0,J1,11,0.14125996828079224
analytical,5.0,50.0,J2,11,0.06354772299528122
ANNet,5.0,100.0,J1,11,0.20948605239391327
ANNet,5.0,100.0,J2,11,0.0958443135023117
analytical,5.0,100.0,J1,11,0.20766247808933258
analytical,5.0,100.0,J2,11,0.0935647264122963
ANNet,5.0,200.0,J1,11,0.29730919003486633
ANNet,5.0,200.0,J2,11,0.1349363923072815
analytical,5.0,200.0,J1,11,0.29594695568084717
analytical,5.0,200.0,J2,11,0.13328978419303894
ANNet,5.0,500.0,J1,11,0.4593382477760315
ANNet,5.0,500.0,J2,11,0.20802976191043854
analytical,5.0,500.0,J1,11,0.45833584666252136
analytical,5.0,500.0,J2,11,0.20691069960594177
ANNet,5.0,1000.0,J1,11,0.6472079157829285
ANNet,5.0,1000.0,J2,11,0.2924201786518097
analytical,5.0,1000.0,J1,11,0.6463485956192017
analytical,5.0,1000.0,J2,11,0.2915673851966858
ANNet,10.0,1.0,J1,11,0.6582622528076172
ANNet,10.0,1.0,J2,11,0.38121578097343445
analytical,10.0,1.0,J1,11,0.6571149230003357
analytical,10.0,1.0,J2,11,0.38238707184791565
ANNet,10.0,2.0,J1,11,0.2982557713985443
ANNet,10.0,2.0,J2,11,0.11118041723966599
analytical,10.0,2.0,J1,11,0.2978513538837433
analytical,10.0,2.0,J2,11,0.10982108861207962
ANNet,10.0,5.0,J1,11,0.08431468904018402
ANNet,10.0,5.0,J2,11,0.0408795103430748
analytical,10.0,5.0,J1,11,0.07882961630821228
analytical,10.0,5.0,J2,11,0.036016639322042465
ANNet,10.0,10.0,J1,11,0.1293059140443802
ANNet,10.0,10.0,J2,11,0.05962039530277252
analytical,10.0,10.0,J1,11,0.12557853758335114
analytical,10.0,10.0,J2,11,0.056168898940086365
ANNet,10.0,20.0,J1,11,0.18728764355182648
ANNet,10.0,20.0,J2,11,0.0849798321723938
analytical,10.0,20.0,J1,11,0.184689000248909
analytical,10.0,20.0,J2,11,0.082582987844944
ANNet,10.0,50.0,J1,11,0.2842831015586853
ANNet,10.0,50.0,J2,11,0.12869489192962646
analytical,10.0,50.0,J1,11,0.2825089395046234
analytical,10.0,50.0,J2,11,0.12709195911884308
ANNet,10.0,100.0,J1,11,0.4166519045829773
ANNet,10.0,100.0,J2,11,0.18827225267887115
analytical,10.0,100.0,J1,11,0.4153100252151489
analytical,10.0,100.0,J2,11,0.18712659180164337
ANNet,10.0,200.0,J1,11,0.5929695963859558
ANNet,10.0,200.0,J2,11,0.26745638251304626
analytical,10.0,200.0,J1,11,0.5918678641319275
analytical,10.0,200.0,J2,11,0.2665773034095764
ANNet,10.0,500.0,J1,11,0.9175899624824524
ANNet,10.0,500.0,J2,11,0.41449856758117676
analytical,10.0,500.0,J1,11,0.9166378974914551
analytical,10.0,500.0,J2,11,0.413823664188385
ANNet,10.0,1000.0,J1,11,1.293589472770691
ANNet,10.0,1000.0,J2,11,0.5837157368659973
analytical,10.0,1000.0,J1,11,1.2926247119903564
analytical,10.0,1000.0,J2,11,0.5831243991851807
ANNet,25.0,1.0,J1,11,0.6701065301895142
ANNet,25.0,1.0,J2,11,0.3798525631427765
analytical,25.0,1.0,J1,11,0.6688575744628906
analytical,25.0,1.0,J2,11,0.38126006722450256
ANNet,25.0,2.0,J1,11,0.3193832039833069
ANNet,25.0,2.0,J2,11,0.11990566551685333
analytical,25.0,2.0,J1,11,0.3184736371040344
analytical,25.0,2.0,J2,11,0.11892572790384293
ANNet,25.0,5.0,J1,11,0.18770289421081543
ANNet,25.0,5.0,J2,11,0.08596189320087433
analytical,25.0,5.0,J1,11,0.18350835144519806
analytical,25.0,5.0,J2,11,0.08415103703737259
ANNet,25.0,10.0,J1,11,0.31569617986679077
ANNet,25.0,10.0,J2,11,0.1413716822862625
analytical,25.0,10.0,J1,11,0.31304699182510376
analytical,25.0,10.0,J2,11,0.14018113911151886
ANNet,25.0,20.0,J1,11,0.46354246139526367
ANNet,25.0,20.0,J2,11,0.20727701485157013
analytical,25.0,20.0,J1,11,0.46164998412132263
analytical,25.0,20.0,J2,11,0.20643270015716553
ANNet,25.0,50.0,J1,11,0.7076206803321838
ANNet,25.0,50.0,J2,11,0.3183377683162689
analytical,25.0,50.0,J1,11,0.7062069773674011
analytical,25.0,50.0,J2,11,0.31770390272140503
ANNet,25.0,100.0,J1,11,1.039432168006897
ANNet,25.0,100.0,J2,11,0.4683530628681183
analytical,25.0,100.0,J1,11,1.0381399393081665
analytical,25.0,100.0,J2,11,0.4677900969982147
ANNet,25.0,200.0,J1,11,1.4807343482971191
ANNet,25.0,200.0,J2,11,0.6669965982437134
analytical,25.0,200.0,J1,11,1.4794389009475708
analytical,25.0,200.0,J2,11,0.6664201617240906
ANNet,25.0,500.0,J1,11,2.2925949096679688
ANNet,25.0,500.0,J2,11,1.0351717472076416
analytical,25.0,500.0,J1,11,2.2912073135375977
analytical,25.0,500.0,J2,11,1.034551739692688
ANNet,25.0,1000.0,J1,11,3.232229471206665
ANNet,25.0,1000.0,J2,11,1.4583320617675781
analytical,25.0,1000.0,J1,11,3.230635643005371
analytical,25.0,1000.0,J2,11,1.4576565027236938
ANNet,0.0,1.0,J1,12,0.9751355051994324
ANNet,0.0,1.0,J2,12,1.0471607446670532
analytical,0.0,1.0,J1,12,0.9721106886863708
analytical,0.0,1.0,J2,12,1.0528699159622192
ANNet,0.0,2.0,J1,12,0.4701388478279114
ANNet,0.0,2.0,J2,12,0.529253363609314
analytical,0.0,2.0,J1,12,0.4671849012374878
analytical,0.0,2.0,J2,12,0.5313133001327515
ANNet,0.0,5.0,J1,12,0.0629572942852974
ANNet,0.0,5.0,J2,12,0.06309490650892258
analytical,0.0,5.0,J1,12,0.044853854924440384
analytical,0.0,5.0,J2,12,0.06052114814519882
ANNet,0.0,10.0,J1,12,0.04318537563085556
ANNet,0.0,10.0,J2,12,0.021344533190131187
analytical,0.0,10.0,J1,12,0.0039163450710475445
analytical,0.0,10.0,J2,12,0.0070641255006194115
ANNet,0.0,20.0,J1,12,0.04285569116473198
ANNet,0.0,20.0,J2,12,0.020533081144094467
analytical,0.0,20.0,J1,12,0.00028965476667508483
analytical,0.0,20.0,J2,12,0.0015523236943408847
ANNet,0.0,50.0,J1,12,0.04284382611513138
ANNet,0.0,50.0,J2,12,0.02050868608057499
analytical,0.0,50.0,J1,12,1.4849529179628007e-05
analytical,0.0,50.0,J2,12,0.00038593518547713757
ANNet,0.0,100.0,J1,12,0.0428435280919075
ANNet,0.0,100.0,J2,12,0.02050662785768509
analytical,0.0,100.0,J1,12,3.867767190968152e-06
analytical,0.0,100.0,J2,12,0.00013979918730910867
ANNet,0.0,200.0,J1,12,0.042843516916036606
ANNet,0.0,200.0,J2,12,0.02050635777413845
analytical,0.0,200.0,J1,12,3.147266852465691e-06
analytical,0.0,200.0,J2,12,5.1985771278850734e-05
ANNet,0.0,500.0,J1,12,0.04284350201487541
ANNet,0.0,500.0,J2,12,0.020506350323557854
analytical,0.0,500.0,J1,12,3.02993521472672e-06
analytical,0.0,500.0,J2,12,1.5172395251283888e-05
ANNet,0.0,1000.0,J1,12,0.042843516916036606
ANNet,0.0,1000.0,J2,12,0.0205063559114933
analytical,0.0,1000.0,J1,12,2.8815434234275017e-06
analytical,0.0,1000.0,J2,12,6.58538283460075e-06
ANNet,1.0,1.0,J1,12,0.9754676222801208
ANNet,1.0,1.0,J2,12,1.0474052429199219
analytical,1.0,1.0,J1,12,0.9724609851837158
analytical,1.0,1.0,J2,12,1.0531258583068848
ANNet,1.0,2.0,J1,12,0.4715999662876129
ANNet,1.0,2.0,J2,12,0.5289633274078369
analytical,1.0,2.0,J1,12,0.46868255734443665
analytical,1.0,2.0,J2,12,0.5310109257698059
ANNet,1.0,5.0,J1,12,0.06497927010059357
ANNet,1.0,5.0,J2,12,0.06394176185131073
analytical,1.0,5.0,J1,12,0.047836750745773315
analytical,1.0,5.0,J2,12,0.061088237911462784
ANNet,1.0,10.0,J1,12,0.047817014157772064
ANNet,1.0,10.0,J2,12,0.024411717429757118
analytical,1.0,10.0,J1,12,0.021501554176211357
analytical,1.0,10.0,J2,12,0.012040895409882069
ANNet,1.0,20.0,J1,12,0.05133390426635742
ANNet,1.0,20.0,J2,12,0.025536680594086647
analytical,1.0,20.0,J1,12,0.028740111738443375
analytical,1.0,20.0,J2,12,0.013629382476210594
ANNet,1.0,50.0,J1,12,0.06128323823213577
ANNet,1.0,50.0,J2,12,0.030138155445456505
analytical,1.0,50.0,J1,12,0.04411395639181137
analytical,1.0,50.0,J2,12,0.02098494954407215
ANNet,1.0,100.0,J1,12,0.07526377588510513
ANNet,1.0,100.0,J2,12,0.03658317029476166
analytical,1.0,100.0,J1,12,0.0620746910572052
analytical,1.0,100.0,J2,12,0.0294931810349226
ANNet,1.0,200.0,J1,12,0.09795298427343369
ANNet,1.0,200.0,J2,12,0.04696140065789223
analytical,1.0,200.0,J1,12,0.08820538967847824
analytical,1.0,200.0,J2,12,0.04166502505540848
ANNet,1.0,500.0,J1,12,0.14639006555080414
ANNet,1.0,500.0,J2,12,0.06924933195114136
analytical,1.0,500.0,J1,12,0.1400189846754074
analytical,1.0,500.0,J2,12,0.06575096398591995
ANNet,1.0,1000.0,J1,12,0.20194758474826813
ANNet,1.0,1000.0,J2,12,0.09502330422401428
analytical,1.0,1000.0,J1,12,0.19733920693397522
analytical,1.0,1000.0,J2,12,0.09247680753469467
ANNet,2.5,1.0,J1,12,0.9760510325431824
ANNet,2.5,1.0,J2,12,1.0477867126464844
analytical,2.5,1.0,J1,12,0.9730718731880188
analytical,2.5,1.0,J2,12,1.053524374961853
ANNet,2.5,2.0,J1,12,0.47418153285980225
ANNet,2.5,2.0,J2,12,0.5285999774932861
analytical,2.5,2.0,J1,12,0.4713207483291626
analytical,2.5,2.0,J2,12,0.530628502368927
ANNet,2.5,5.0,J1,12,0.07444220036268234
ANNet,2.5,5.0,J2,12,0.06667520850896835
analytical,2.5,5.0,J1,12,0.060280248522758484
analytical,2.5,5.0,J2,12,0.06348570436239243
ANNet,2.5,10.0,J1,12,0.0677977204322815
ANNet,2.5,10.0,J2,12,0.034215621650218964
analytical,2.5,10.0,J1,12,0.05300433933734894
analytical,2.5,10.0,J2,12,0.025520259514451027
ANNet,2.5,20.0,J1,12,0.0832572802901268
ANNet,2.5,20.0,J2,12,0.0411297045648098
analytical,2.5,20.0,J1,12,0.07184900343418121
analytical,2.5,20.0,J2,12,0.03397209197282791
ANNet,2.5,50.0,J1,12,0.11805452406406403
ANNet,2.5,50.0,J2,12,0.057371288537979126
analytical,2.5,50.0,J1,12,0.11027772724628448
analytical,2.5,50.0,J2,12,0.05245216563344002
ANNet,2.5,100.0,J1,12,0.16083309054374695
ANNet,2.5,100.0,J2,12,0.07732745260000229
analytical,2.5,100.0,J1,12,0.15517839789390564
analytical,2.5,100.0,J2,12,0.07373019307851791
ANNet,2.5,200.0,J1,12,0.2245626598596573
ANNet,2.5,200.0,J2,12,0.1067633256316185
analytical,2.5,200.0,J1,12,0.22050179541110992
analytical,2.5,200.0,J2,12,0.10415960103273392
ANNet,2.5,500.0,J1,12,0.3526974022388458
ANNet,2.5,500.0,J2,12,0.16609176993370056
analytical,2.5,500.0,J1,12,0.3500339686870575
analytical,2.5,500.0,J2,12,0.16437503695487976
ANNet,2.5,1000.0,J1,12,0.49532538652420044
ANNet,2.5,1000.0,J2,12,0.23248158395290375
analytical,2.5,1000.0,J1,12,0.49333396553993225
analytical,2.5,1000.0,J2,12,0.23118793964385986
ANNet,5.0,1.0,J1,12,0.9772500395774841
ANNet,5.0,1.0,J2,12,1.0484623908996582
analytical,5.0,1.0,J1,12,0.9743174910545349
analytical,5.0,1.0,J2,12,1.0542281866073608
ANNet,5.0,2.0,J1,12,0.47950392961502075
ANNet,5.0,2.0,J2,12,0.5281858444213867
analytical,5.0,2.0,J1,12,0.4767419993877411
analytical,5.0,2.0,J2,12,0.5301816463470459
ANNet,5.0,5.0,J1,12,0.10110824555158615
ANNet,5.0,5.0,J2,12,0.07458104193210602
analytical,5.0,5.0,J1,12,0.0914139598608017
analytical,5.0,5.0,J2,12,0.07105410844087601
ANNet,5.0,10.0,J1,12,0.11366188526153564
ANNet,5.0,10.0,J2,12,0.055677127093076706
analytical,5.0,10.0,J1,12,0.10578583180904388
analytical,5.0,10.0,J2,12,0.04964715242385864
ANNet,5.0,20.0,J1,12,0.1495102345943451
ANNet,5.0,20.0,J2,12,0.0726233422756195
analytical,5.0,20.0,J1,12,0.14368836581707
analytical,5.0,20.0,J2,12,0.06794711947441101
ANNet,5.0,50.0,J1,12,0.22442731261253357
ANNet,5.0,50.0,J2,12,0.10801476985216141
analytical,5.0,50.0,J1,12,0.22053289413452148
analytical,5.0,50.0,J2,12,0.10489794611930847
ANNet,5.0,100.0,J1,12,0.31318074464797974
ANNet,5.0,100.0,J2,12,0.1497311294078827
analytical,5.0,100.0,J1,12,0.3103291094303131
analytical,5.0,100.0,J2,12,0.14745554327964783
ANNet,5.0,200.0,J1,12,0.4430682063102722
ANNet,5.0,200.0,J2,12,0.2099844366312027
analytical,5.0,200.0,J1,12,0.44096460938453674
analytical,5.0,200.0,J2,12,0.20831139385700226
ANNet,5.0,500.0,J1,12,0.7015342116355896
ANNet,5.0,500.0,J2,12,0.3299155831336975
analytical,5.0,500.0,J1,12,0.7000221014022827
analytical,5.0,500.0,J2,12,0.3287423551082611
ANNet,5.0,1000.0,J1,12,0.9878921508789062
ANNet,5.0,1000.0,J2,12,0.46333688497543335
analytical,5.0,1000.0,J1,12,0.9866193532943726
analytical,5.0,1000.0,J2,12,0.46236076951026917
ANNet,10.0,1.0,J1,12,0.9804939031600952
ANNet,10.0,1.0,J2,12,1.0499624013900757
analytical,10.0,1.0,J1,12,0.9776571989059448
analytical,10.0,1.0,J2,12,1.0557831525802612
ANNet,10.0,2.0,J1,12,0.4938085079193115
ANNet,10.0,2.0,J2,12,0.5280771255493164
analytical,10.0,2.0,J1,12,0.4912569522857666
analytical,10.0,2.0,J2,12,0.5300031304359436
ANNet,10.0,5.0,J1,12,0.16996045410633087
ANNet,10.0,5.0,J2,12,0.09874974936246872
analytical,10.0,5.0,J1,12,0.16461031138896942
analytical,10.0,5.0,J2,12,0.09505985677242279
ANNet,10.0,10.0,J1,12,0.21522758901119232
ANNet,10.0,10.0,J2,12,0.10295643657445908
analytical,10.0,10.0,J1,12,0.21142439544200897
analytical,10.0,10.0,J2,12,0.09862969070672989
ANNet,10.0,20.0,J1,12,0.29009366035461426
ANNet,10.0,20.0,J2,12,0.13919797539710999
analytical,10.0,20.0,J1,12,0.2873302400112152
analytical,10.0,20.0,J2,12,0.13592256605625153
ANNet,10.0,50.0,J1,12,0.44289934635162354
ANNet,10.0,50.0,J2,12,0.21196620166301727
analytical,10.0,50.0,J1,12,0.44097667932510376
analytical,10.0,50.0,J2,12,0.20978151261806488
ANNet,10.0,100.0,J1,12,0.6220608353614807
ANNet,10.0,100.0,J2,12,0.29653966426849365
analytical,10.0,100.0,J1,12,0.620547354221344
analytical,10.0,100.0,J2,12,0.29489389061927795
ANNet,10.0,200.0,J1,12,0.8830232620239258
ANNet,10.0,200.0,J2,12,0.4178762137889862
analytical,10.0,200.0,J1,12,0.881772518157959
analytical,10.0,200.0,J2,12,0.41659191250801086
ANNet,10.0,500.0,J1,12,1.4010206460952759
ANNet,10.0,500.0,J2,12,0.6584906578063965
analytical,10.0,500.0,J1,12,1.399856448173523
analytical,10.0,500.0,J2,12,0.6574497222900391
ANNet,10.0,1000.0,J1,12,1.9742722511291504
ANNet,10.0,1000.0,J2,12,0.9256819486618042
analytical,10.0,1000.0,J1,12,1.973032832145691
analytical,10.0,1000.0,J2,12,0.9246484041213989
ANNet,25.0,1.0,J1,12,0.9968616962432861
ANNet,25.0,1.0,J2,12,1.0556414127349854
analytical,25.0,1.0,J1,12,0.9943318367004395
analytical,25.0,1.0,J2,12,1.0616194009780884
ANNet,25.0,2.0,J1,12,0.5618915557861328
ANNet,25.0,2.0,J2,12,0.5334779620170593
analytical,25.0,2.0,J1,12,0.5599918365478516
analytical,25.0,2.0,J2,12,0.5351652503013611
ANNet,25.0,5.0,J1,12,0.3989177644252777
ANNet,25.0,5.0,J2,12,0.19481241703033447
analytical,25.0,5.0,J1,12,0.39688730239868164
analytical,25.0,5.0,J2,12,0.19130197167396545
ANNet,25.0,10.0,J1,12,0.5294864773750305
ANNet,25.0,10.0,J2,12,0.24943958222866058
analytical,25.0,10.0,J1,12,0.5281627774238586
analytical,25.0,10.0,J2,12,0.24615360796451569
ANNet,25.0,20.0,J1,12,0.7189140319824219
ANNet,25.0,20.0,J2,12,0.34229955077171326
analytical,25.0,20.0,J1,12,0.7179566025733948
analytical,25.0,20.0,J2,12,0.33986005187034607
ANNet,25.0,50.0,J1,12,1.1026911735534668
ANNet,25.0,50.0,J2,12,0.5260624885559082
analytical,25.0,50.0,J1,12,1.101767897605896
analytical,25.0,50.0,J2,12,0.5243586301803589
ANNet,25.0,100.0,J1,12,1.5515576601028442
ANNet,25.0,100.0,J2,12,0.7385609149932861
analytical,25.0,100.0,J1,12,1.5505305528640747
analytical,25.0,100.0,J2,12,0.7371033430099487
ANNet,25.0,200.0,J1,12,2.204441547393799
ANNet,25.0,200.0,J2,12,1.0426148176193237
analytical,25.0,200.0,J1,12,2.2032477855682373
analytical,25.0,200.0,J2,12,1.041230320930481
ANNet,25.0,500.0,J1,12,3.4999144077301025
ANNet,25.0,500.0,J2,12,1.644830584526062
analytical,25.0,500.0,J1,12,3.4981467723846436
analytical,25.0,500.0,J2,12,1.6432713270187378
ANNet,25.0,1000.0,J1,12,4.933277130126953
ANNet,25.0,1000.0,J2,12,2.3128862380981445
analytical,25.0,1000.0,J1,12,4.93083381652832
analytical,25.0,1000.0,J2,12,2.310817003250122
ANNet,0.0,1.0,J1,13,1.9082753658294678
ANNet,0.0,1.0,J2,13,0.8229773044586182
analytical,0.0,1.0,J1,13,1.9084922075271606
analytical,0.0,1.0,J2,13,0.8255409002304077
ANNet,0.0,2.0,J1,13,1.1596345901489258
ANNet,0.0,2.0,J2,13,0.3459610342979431
analytical,0.0,2.0,J1,13,1.166235089302063
analytical,0.0,2.0,J2,13,0.3436289131641388
ANNet,0.0,5.0,J1,13,0.10961755365133286
ANNet,0.0,5.0,J2,13,0.07678426802158356
analytical,0.0,5.0,J1,13,0.11593806743621826
analytical,0.0,5.0,J2,13,0.05350656434893608
ANNet,0.0,10.0,J1,13,0.04650943726301193
ANNet,0.0,10.0,J2,13,0.0605483204126358
analytical,0.0,10.0,J1,13,0.021847451105713844
analytical,0.0,10.0,J2,13,0.007090689614415169
ANNet,0.0,20.0,J1,13,0.044278331100940704
ANNet,0.0,20.0,J2,13,0.06173975020647049
analytical,0.0,20.0,J1,13,0.007197415456175804
analytical,0.0,20.0,J2,13,0.0014316162560135126
ANNet,0.0,50.0,J1,13,0.04390571638941765
ANNet,0.0,50.0,J2,13,0.06185905635356903
analytical,0.0,50.0,J1,13,0.0018680405337363482
analytical,0.0,50.0,J2,13,0.0003599562041927129
ANNet,0.0,100.0,J1,13,0.043877262622117996
ANNet,0.0,100.0,J2,13,0.061861757189035416
analytical,0.0,100.0,J1,13,0.0006813634536229074
analytical,0.0,100.0,J2,13,0.00013199426757637411
ANNet,0.0,200.0,J1,13,0.04387364909052849
ANNet,0.0,200.0,J2,13,0.06186193972826004
analytical,0.0,200.0,J1,13,0.00025423572515137494
analytical,0.0,200.0,J2,13,4.9422222218709067e-05
ANNet,0.0,500.0,J1,13,0.0438733734190464
ANNet,0.0,500.0,J2,13,0.061861976981163025
analytical,0.0,500.0,J1,13,7.413577986881137e-05
analytical,0.0,500.0,J2,13,1.4500385987048503e-05
ANNet,0.0,1000.0,J1,13,0.043873436748981476
ANNet,0.0,1000.0,J2,13,0.06186199188232422
analytical,0.0,1000.0,J1,13,3.1811603548703715e-05
analytical,0.0,1000.0,J2,13,6.342561846395256e-06
ANNet,1.0,1.0,J1,13,1.9082176685333252
ANNet,1.0,1.0,J2,13,0.8232542872428894
analytical,1.0,1.0,J1,13,1.9084361791610718
analytical,1.0,1.0,J2,13,0.8258477449417114
ANNet,1.0,2.0,J1,13,1.1602590084075928
ANNet,1.0,2.0,J2,13,0.34597229957580566
analytical,1.0,2.0,J1,13,1.1668652296066284
analytical,1.0,2.0,J2,13,0.34369486570358276
ANNet,1.0,5.0,J1,13,0.11021190136671066
ANNet,1.0,5.0,J2,13,0.07734550535678864
analytical,1.0,5.0,J1,13,0.1161658838391304
analytical,1.0,5.0,J2,13,0.05458509922027588
ANNet,1.0,10.0,J1,13,0.05007725954055786
ANNet,1.0,10.0,J2,13,0.06087101250886917
analytical,1.0,10.0,J1,13,0.02737843617796898
analytical,1.0,10.0,J2,13,0.011532364413142204
ANNet,1.0,20.0,J1,13,0.05150351673364639
ANNet,1.0,20.0,J2,13,0.06252002716064453
analytical,1.0,20.0,J1,13,0.02595161646604538
analytical,1.0,20.0,J2,13,0.011708732694387436
ANNet,1.0,50.0,J1,13,0.06140592694282532
ANNet,1.0,50.0,J2,13,0.06450953334569931
analytical,1.0,50.0,J1,13,0.04216761887073517
analytical,1.0,50.0,J2,13,0.019219059497117996
ANNet,1.0,100.0,J1,13,0.07430655509233475
ANNet,1.0,100.0,J2,13,0.06733869016170502
analytical,1.0,100.0,J1,13,0.05940696597099304
analytical,1.0,100.0,J2,13,0.027203809469938278
ANNet,1.0,200.0,J1,13,0.09620815515518188
ANNet,1.0,200.0,J2,13,0.07291994243860245
analytical,1.0,200.0,J1,13,0.0852295383810997
analytical,1.0,200.0,J2,13,0.038992054760456085
ANNet,1.0,500.0,J1,13,0.14324067533016205
ANNet,1.0,500.0,J2,13,0.08761928975582123
analytical,1.0,500.0,J1,13,0.1361149102449417
analytical,1.0,500.0,J2,13,0.062230248004198074
ANNet,1.0,1000.0,J1,13,0.19760961830615997
ANNet,1.0,1000.0,J2,13,0.10748060047626495
analytical,1.0,1000.0,J1,13,0.19251969456672668
analytical,1.0,1000.0,J2,13,0.08795972168445587
ANNet,2.5,1.0,J1,13,1.9081588983535767
ANNet,2.5,1.0,J2,13,0.8236832618713379
analytical,2.5,1.0,J1,13,1.9083796739578247
analytical,2.5,1.0,J2,13,0.826321542263031
ANNet,2.5,2.0,J1,13,1.1613261699676514
ANNet,2.5,2.0,J2,13,0.34608152508735657
analytical,2.5,2.0,J1,13,1.1679400205612183
analytical,2.5,2.0,J2,13,0.3438868224620819
ANNet,2.5,5.0,J1,13,0.11403584480285645
ANNet,2.5,5.0,J2,13,0.0790608674287796
analytical,2.5,5.0,J1,13,0.11931239813566208
analytical,2.5,5.0,J2,13,0.057404350489377975
ANNet,2.5,10.0,J1,13,0.06503856182098389
ANNet,2.5,10.0,J2,13,0.0634269043803215
analytical,2.5,10.0,J1,13,0.048618365079164505
analytical,2.5,10.0,J2,13,0.022788532078266144
ANNet,2.5,20.0,J1,13,0.07777941226959229
ANNet,2.5,20.0,J2,13,0.06749655306339264
analytical,2.5,20.0,J1,13,0.06297004222869873
analytical,2.5,20.0,J2,13,0.029062742367386818
ANNet,2.5,50.0,J1,13,0.1148354709148407
ANNet,2.5,50.0,J2,13,0.07776409387588501
analytical,2.5,50.0,J1,13,0.10532797873020172
analytical,2.5,50.0,J2,13,0.048044588416814804
ANNet,2.5,100.0,J1,13,0.15539325773715973
ANNet,2.5,100.0,J2,13,0.09152156859636307
analytical,2.5,100.0,J1,13,0.14852064847946167
analytical,2.5,100.0,J2,13,0.068011574447155
ANNet,2.5,200.0,J1,13,0.21791203320026398
ANNet,2.5,200.0,J2,13,0.1151886060833931
analytical,2.5,200.0,J1,13,0.21307238936424255
analytical,2.5,200.0,J2,13,0.09748027473688126
ANNet,2.5,500.0,J1,13,0.3433259427547455
ANNet,2.5,500.0,J2,13,0.16738349199295044
analytical,2.5,500.0,J1,13,0.34028780460357666
analytical,2.5,500.0,J2,13,0.15557530522346497
ANNet,2.5,1000.0,J1,13,0.4834200143814087
ANNet,2.5,1000.0,J2,13,0.2285485714673996
analytical,2.5,1000.0,J1,13,0.48129862546920776
analytical,2.5,1000.0,J2,13,0.21989575028419495
ANNet,5.0,1.0,J1,13,1.9081356525421143
ANNet,5.0,1.0,J2,13,0.8244341611862183
analytical,5.0,1.0,J1,13,1.9083598852157593
analytical,5.0,1.0,J2,13,0.8271469473838806
ANNet,5.0,2.0,J1,13,1.1634513139724731
ANNet,5.0,2.0,J2,13,0.34650918841362
analytical,5.0,2.0,J1,13,1.1700764894485474
analytical,5.0,2.0,J2,13,0.3444545269012451
ANNet,5.0,5.0,J1,13,0.1272687464952469
ANNet,5.0,5.0,J2,13,0.08406645059585571
analytical,5.0,5.0,J1,13,0.1312810331583023
analytical,5.0,5.0,J2,13,0.06478484719991684
ANNet,5.0,10.0,J1,13,0.10156039893627167
ANNet,5.0,10.0,J2,13,0.07240797579288483
analytical,5.0,10.0,J1,13,0.0909353643655777
analytical,5.0,10.0,J2,13,0.04315672442317009
ANNet,5.0,20.0,J1,13,0.13417001068592072
ANNet,5.0,20.0,J2,13,0.08349823951721191
analytical,5.0,20.0,J1,13,0.12546947598457336
analytical,5.0,20.0,J2,13,0.058056991547346115
ANNet,5.0,50.0,J1,13,0.2159152328968048
ANNet,5.0,50.0,J2,13,0.1134871244430542
analytical,5.0,50.0,J1,13,0.21062761545181274
analytical,5.0,50.0,J2,13,0.09608934819698334
ANNet,5.0,100.0,J1,13,0.30078214406967163
ANNet,5.0,100.0,J2,13,0.14897209405899048
analytical,5.0,100.0,J1,13,0.2970423698425293
analytical,5.0,100.0,J2,13,0.13602328300476074
ANNet,5.0,200.0,J1,13,0.4287380278110504
ANNet,5.0,200.0,J2,13,0.2043573558330536
analytical,5.0,200.0,J1,13,0.42613694071769714
analytical,5.0,200.0,J2,13,0.1949598491191864
ANNet,5.0,500.0,J1,13,0.6821786165237427
ANNet,5.0,500.0,J2,13,0.3174229562282562
analytical,5.0,500.0,J1,13,0.6805757880210876
analytical,5.0,500.0,J2,13,0.3111492395401001
ANNet,5.0,1000.0,J1,13,0.9636596441268921
ANNet,5.0,1000.0,J2,13,0.44454148411750793
analytical,5.0,1000.0,J1,13,0.9625908732414246
analytical,5.0,1000.0,J2,13,0.43977928161621094
ANNet,10.0,1.0,J1,13,1.9083666801452637
ANNet,10.0,1.0,J2,13,0.8260705471038818
analytical,10.0,1.0,J1,13,1.9085981845855713
analytical,10.0,1.0,J2,13,0.8289315700531006
ANNet,10.0,2.0,J1,13,1.168992280960083
ANNet,10.0,2.0,J2,13,0.3482808470726013
analytical,10.0,2.0,J1,13,1.175633430480957
analytical,10.0,2.0,J2,13,0.34651216864585876
ANNet,10.0,5.0,J1,13,0.17087474465370178
ANNet,10.0,5.0,J2,13,0.10042469203472137
analytical,10.0,5.0,J1,13,0.1727706789970398
analytical,10.0,5.0,J2,13,0.0860765129327774
ANNet,10.0,10.0,J1,13,0.18583498895168304
ANNet,10.0,10.0,J2,13,0.1013517826795578
analytical,10.0,10.0,J1,13,0.17926597595214844
analytical,10.0,10.0,J2,13,0.08468352258205414
ANNet,10.0,20.0,J1,13,0.2559148073196411
ANNet,10.0,20.0,J2,13,0.12970155477523804
analytical,10.0,20.0,J1,13,0.2507752776145935
analytical,10.0,20.0,J2,13,0.11607537418603897
ANNet,10.0,50.0,J1,13,0.42426005005836487
ANNet,10.0,50.0,J2,13,0.20094528794288635
analytical,10.0,50.0,J1,13,0.4212360382080078
analytical,10.0,50.0,J2,13,0.19217805564403534
ANNet,10.0,100.0,J1,13,0.5961503386497498
ANNet,10.0,100.0,J2,13,0.2786124050617218
analytical,10.0,100.0,J1,13,0.5940701365470886
analytical,10.0,100.0,J2,13,0.2720411419868469
ANNet,10.0,200.0,J1,13,0.8536592125892639
ANNet,10.0,200.0,J2,13,0.39485570788383484
analytical,10.0,200.0,J1,13,0.8522365689277649
analytical,10.0,200.0,J2,13,0.38991543650627136
ANNet,10.0,500.0,J1,13,1.3619630336761475
ANNet,10.0,500.0,J2,13,0.6260221004486084
analytical,10.0,500.0,J1,13,1.3611390590667725
analytical,10.0,500.0,J2,13,0.6222909092903137
ANNet,10.0,1000.0,J1,13,1.9255622625350952
ANNet,10.0,1000.0,J2,13,0.8827661871910095
analytical,10.0,1000.0,J1,13,1.9251173734664917
analytical,10.0,1000.0,J2,13,0.8795062303543091
ANNet,25.0,1.0,J1,13,1.9112821817398071
ANNet,25.0,1.0,J2,13,0.8320460915565491
analytical,25.0,1.0,J1,13,1.9115345478057861
analytical,25.0,1.0,J2,13,0.8353462815284729
ANNet,25.0,2.0,J1,13,1.195679783821106
ANNet,25.0,2.0,J2,13,0.36069345474243164
analytical,25.0,2.0,J1,13,1.2023210525512695
analytical,25.0,2.0,J2,13,0.35980305075645447
ANNet,25.0,5.0,J1,13,0.34801211953163147
ANNet,25.0,5.0,J2,13,0.17382082343101501
analytical,25.0,5.0,J1,13,0.3473171591758728
analytical,25.0,5.0,J2,13,0.16826026141643524
ANNet,25.0,10.0,J1,13,0.4511932134628296
ANNet,25.0,10.0,J2,13,0.21468016505241394
analytical,25.0,10.0,J1,13,0.44739818572998047
analytical,25.0,10.0,J2,13,0.20994465053081512
ANNet,25.0,20.0,J1,13,0.6297888159751892
ANNet,25.0,20.0,J2,13,0.29422348737716675
analytical,25.0,20.0,J1,13,0.6269247531890869
analytical,25.0,20.0,J2,13,0.2901794910430908
ANNet,25.0,50.0,J1,13,1.0545859336853027
ANNet,25.0,50.0,J2,13,0.4833492934703827
analytical,25.0,50.0,J1,13,1.0530365705490112
analytical,25.0,50.0,J2,13,0.48043006658554077
ANNet,25.0,100.0,J1,13,1.4859199523925781
ANNet,25.0,100.0,J2,13,0.6828671097755432
analytical,25.0,100.0,J1,13,1.4849969148635864
analytical,25.0,100.0,J2,13,0.6800479292869568
ANNet,25.0,200.0,J1,13,2.13083553314209
ANNet,25.0,200.0,J2,13,0.9777377247810364
analytical,25.0,200.0,J1,13,2.130246877670288
analytical,25.0,200.0,J2,13,0.9747465252876282
ANNet,25.0,500.0,J1,13,3.402702808380127
ANNet,25.0,500.0,J2,13,1.5595929622650146
analytical,25.0,500.0,J1,13,3.402496576309204
analytical,25.0,500.0,J2,13,1.5556347370147705
ANNet,25.0,1000.0,J1,13,4.8116068840026855
ANNet,25.0,1000.0,J2,13,2.2034966945648193
analytical,25.0,1000.0,J1,13,4.8115315437316895
analytical,25.0,1000.0,J2,13,2.1983070373535156
ANNet,0.0,1.0,J1,14,1.195554256439209
ANNet,0.0,1.0,J2,14,0.7239691019058228
analytical,0.0,1.0,J1,14,1.1967437267303467
analytical,0.0,1.0,J2,14,0.7245157957077026
ANNet,0.0,2.0,J1,14,0.5712453126907349
ANNet,0.0,2.0,J2,14,0.27293866872787476
analytical,0.0,2.0,J1,14,0.5759090781211853
analytical,0.0,2.0,J2,14,0.27649644017219543
ANNet,0.0,5.0,J1,14,0.05645088851451874
ANNet,0.0,5.0,J2,14,0.03473777696490288
analytical,0.0,5.0,J1,14,0.054295897483825684
analytical,0.0,5.0,J2,14,0.03045235574245453
ANNet,0.0,10.0,J1,14,0.029937300831079483
ANNet,0.0,10.0,J2,14,0.021085459738969803
analytical,0.0,10.0,J1,14,0.009893498383462429
analytical,0.0,10.0,J2,14,0.00685002189129591
ANNet,0.0,20.0,J1,14,0.029039256274700165
ANNet,0.0,20.0,J2,14,0.02018834464251995
analytical,0.0,20.0,J1,14,0.0028103694785386324
analytical,0.0,20.0,J2,14,0.002448704559355974
ANNet,0.0,50.0,J1,14,0.028943931683897972
ANNet,0.0,50.0,J2,14,0.02004989981651306
analytical,0.0,50.0,J1,14,0.0006638764753006399
analytical,0.0,50.0,J2,14,0.000639091245830059
ANNet,0.0,100.0,J1,14,0.02893781289458275
ANNet,0.0,100.0,J2,14,0.020040588453412056
analytical,0.0,100.0,J1,14,0.00023501752002630383
analytical,0.0,100.0,J2,14,0.00023295207938645035
ANNet,0.0,200.0,J1,14,0.02893710322678089
ANNet,0.0,200.0,J2,14,0.020039288327097893
analytical,0.0,200.0,J1,14,8.646830974612385e-05
analytical,0.0,200.0,J2,14,8.687112858751789e-05
ANNet,0.0,500.0,J1,14,0.028937045484781265
ANNet,0.0,500.0,J2,14,0.020039046183228493
analytical,0.0,500.0,J1,14,2.515913001843728e-05
analytical,0.0,500.0,J2,14,2.5335348254884593e-05
ANNet,0.0,1000.0,J1,14,0.028937069699168205
ANNet,0.0,1000.0,J2,14,0.020039012655615807
analytical,0.0,1000.0,J1,14,1.1018293662345968e-05
analytical,0.0,1000.0,J2,14,1.0876994565478526e-05
ANNet,1.0,1.0,J1,14,1.1940815448760986
ANNet,1.0,1.0,J2,14,0.7243068814277649
analytical,1.0,1.0,J1,14,1.195289969444275
analytical,1.0,1.0,J2,14,0.7248590588569641
ANNet,1.0,2.0,J1,14,0.5708534717559814
ANNet,1.0,2.0,J2,14,0.27256372570991516
analytical,1.0,2.0,J1,14,0.5756409764289856
analytical,1.0,2.0,J2,14,0.2761768698692322
ANNet,1.0,5.0,J1,14,0.05724256858229637
ANNet,1.0,5.0,J2,14,0.03486977517604828
analytical,1.0,5.0,J1,14,0.056137051433324814
analytical,1.0,5.0,J2,14,0.030950656160712242
ANNet,1.0,10.0,J1,14,0.033688515424728394
ANNet,1.0,10.0,J2,14,0.022142646834254265
analytical,1.0,10.0,J1,14,0.02095760405063629
analytical,1.0,10.0,J2,14,0.010526013560593128
ANNet,1.0,20.0,J1,14,0.03736356273293495
ANNet,1.0,20.0,J2,14,0.022727804258465767
analytical,1.0,20.0,J1,14,0.025689393281936646
analytical,1.0,20.0,J2,14,0.01153257954865694
ANNet,1.0,50.0,J1,14,0.04788282513618469
ANNet,1.0,50.0,J2,14,0.026452962309122086
analytical,1.0,50.0,J1,14,0.03942541405558586
analytical,1.0,50.0,J2,14,0.017783058807253838
ANNet,1.0,100.0,J1,14,0.06120633706450462
ANNet,1.0,100.0,J2,14,0.03167102485895157
analytical,1.0,100.0,J1,14,0.054843634366989136
analytical,1.0,100.0,J2,14,0.02489132061600685
ANNet,1.0,200.0,J1,14,0.08162271231412888
ANNet,1.0,200.0,J2,14,0.040041033178567886
analytical,1.0,200.0,J1,14,0.07696612179279327
analytical,1.0,200.0,J2,14,0.034925904124975204
ANNet,1.0,500.0,J1,14,0.12505485117435455
ANNet,1.0,500.0,J2,14,0.058700013905763626
analytical,1.0,500.0,J1,14,0.1220633015036583
analytical,1.0,500.0,J2,14,0.05533641204237938
ANNet,1.0,1000.0,J1,14,0.1735702008008957
ANNet,1.0,1000.0,J2,14,0.0801592767238617
analytical,1.0,1000.0,J1,14,0.1714247763156891
analytical,1.0,1000.0,J2,14,0.07772979140281677
ANNet,2.5,1.0,J1,14,1.1919218301773071
ANNet,2.5,1.0,J2,14,0.7248310446739197
analytical,2.5,1.0,J1,14,1.1931583881378174
analytical,2.5,1.0,J2,14,0.7253913879394531
ANNet,2.5,2.0,J1,14,0.5704702734947205
ANNet,2.5,2.0,J2,14,0.27208349108695984
analytical,2.5,2.0,J1,14,0.575441837310791
analytical,2.5,2.0,J2,14,0.27577874064445496
ANNet,2.5,5.0,J1,14,0.06295223534107208
ANNet,2.5,5.0,J2,14,0.03660076484084129
analytical,2.5,5.0,J1,14,0.06330603361129761
analytical,2.5,5.0,J2,14,0.03337320685386658
ANNet,2.5,10.0,J1,14,0.05198061093688011
ANNet,2.5,10.0,J2,14,0.028253093361854553
analytical,2.5,10.0,J1,14,0.046479932963848114
analytical,2.5,10.0,J2,14,0.021121684461832047
ANNet,2.5,20.0,J1,14,0.0682729184627533
ANNet,2.5,20.0,J2,14,0.034022241830825806
analytical,2.5,20.0,J1,14,0.06382720917463303
analytical,2.5,20.0,J2,14,0.028305871412158012
ANNet,2.5,50.0,J1,14,0.10149810463190079
ANNet,2.5,50.0,J2,14,0.04827532917261124
analytical,2.5,50.0,J1,14,0.09854421019554138
analytical,2.5,50.0,J2,14,0.0444331057369709
ANNet,2.5,100.0,J1,14,0.13924089074134827
ANNet,2.5,100.0,J2,14,0.06502149999141693
analytical,2.5,100.0,J1,14,0.13710318505764008
analytical,2.5,100.0,J2,14,0.06222376599907875
ANNet,2.5,200.0,J1,14,0.1939452737569809
ANNet,2.5,200.0,J2,14,0.0893293023109436
analytical,2.5,200.0,J1,14,0.19241516292095184
analytical,2.5,200.0,J2,14,0.08731404691934586
ANNet,2.5,500.0,J1,14,0.30613383650779724
ANNet,2.5,500.0,J2,14,0.13962359726428986
analytical,2.5,500.0,J1,14,0.30515825748443604
analytical,2.5,500.0,J2,14,0.1383407562971115
ANNet,2.5,1000.0,J1,14,0.42925703525543213
ANNet,2.5,1000.0,J2,14,0.19523932039737701
analytical,2.5,1000.0,J1,14,0.4285542666912079
analytical,2.5,1000.0,J2,14,0.19432386755943298
ANNet,5.0,1.0,J1,14,1.1884541511535645
ANNet,5.0,1.0,J2,14,0.7257508635520935
analytical,5.0,1.0,J1,14,1.1897380352020264
analytical,5.0,1.0,J2,14,0.7263249158859253
ANNet,5.0,2.0,J1,14,0.5703778266906738
ANNet,5.0,2.0,J2,14,0.2715035080909729
analytical,5.0,2.0,J1,14,0.5756515860557556
analytical,5.0,2.0,J2,14,0.2753327786922455
ANNet,5.0,5.0,J1,14,0.08109773695468903
ANNet,5.0,5.0,J2,14,0.04288313910365105
analytical,5.0,5.0,J1,14,0.08309600502252579
analytical,5.0,5.0,J2,14,0.04082450643181801
ANNet,5.0,10.0,J1,14,0.09240208566188812
ANNet,5.0,10.0,J2,14,0.044157061725854874
analytical,5.0,10.0,J1,14,0.09084931015968323
analytical,5.0,10.0,J2,14,0.04054279252886772
ANNet,5.0,20.0,J1,14,0.1288394033908844
ANNet,5.0,20.0,J2,14,0.05915294215083122
analytical,5.0,20.0,J1,14,0.12751458585262299
analytical,5.0,20.0,J2,14,0.056469716131687164
ANNet,5.0,50.0,J1,14,0.19795671105384827
ANNet,5.0,50.0,J2,14,0.09058688580989838
analytical,5.0,50.0,J1,14,0.19707739353179932
analytical,5.0,50.0,J2,14,0.08885880559682846
ANNet,5.0,100.0,J1,14,0.274831086397171
ANNet,5.0,100.0,J2,14,0.12568053603172302
analytical,5.0,100.0,J1,14,0.2741994857788086
analytical,5.0,100.0,J2,14,0.12444417178630829
ANNet,5.0,200.0,J1,14,0.38528186082839966
ANNet,5.0,200.0,J2,14,0.17550906538963318
analytical,5.0,200.0,J1,14,0.3848296105861664
analytical,5.0,200.0,J2,14,0.17462588846683502
ANNet,5.0,500.0,J1,14,0.6106187105178833
ANNet,5.0,500.0,J2,14,0.277243971824646
analytical,5.0,500.0,J1,14,0.6103159189224243
analytical,5.0,500.0,J2,14,0.2766812741756439
ANNet,5.0,1000.0,J1,14,0.8573106527328491
ANNet,5.0,1000.0,J2,14,0.38904669880867004
analytical,5.0,1000.0,J1,14,0.8570792078971863
analytical,5.0,1000.0,J2,14,0.3886451721191406
ANNet,10.0,1.0,J1,14,1.1820188760757446
ANNet,10.0,1.0,J2,14,0.7277638912200928
analytical,10.0,1.0,J1,14,1.1833977699279785
analytical,10.0,1.0,J2,14,0.728364884853363
ANNet,10.0,2.0,J1,14,0.5722387433052063
ANNet,10.0,2.0,J2,14,0.2711755931377411
analytical,10.0,2.0,J1,14,0.5780962705612183
analytical,10.0,2.0,J2,14,0.2752607464790344
ANNet,10.0,5.0,J1,14,0.1315957009792328
ANNet,10.0,5.0,J2,14,0.06274562329053879
analytical,10.0,5.0,J1,14,0.13495446741580963
analytical,10.0,5.0,J2,14,0.06222330406308174
ANNet,10.0,10.0,J1,14,0.17973102629184723
ANNet,10.0,10.0,J2,14,0.08152881264686584
analytical,10.0,10.0,J1,14,0.18037094175815582
analytical,10.0,10.0,J2,14,0.0802125409245491
ANNet,10.0,20.0,J1,14,0.2546382546424866
ANNet,10.0,20.0,J2,14,0.11382871866226196
analytical,10.0,20.0,J1,14,0.2549411952495575
analytical,10.0,20.0,J2,14,0.11287667602300644
ANNet,10.0,50.0,J1,14,0.39396876096725464
ANNet,10.0,50.0,J2,14,0.17831802368164062
analytical,10.0,50.0,J1,14,0.39413508772850037
analytical,10.0,50.0,J2,14,0.17771269381046295
ANNet,10.0,100.0,J1,14,0.5482571125030518
ANNet,10.0,100.0,J2,14,0.24930591881275177
analytical,10.0,100.0,J1,14,0.548378586769104
analytical,10.0,100.0,J2,14,0.2488805502653122
ANNet,10.0,200.0,J1,14,0.7695714831352234
ANNet,10.0,200.0,J2,14,0.34954604506492615
analytical,10.0,200.0,J1,14,0.7696533203125
analytical,10.0,200.0,J2,14,0.34924232959747314
ANNet,10.0,500.0,J1,14,1.2206023931503296
ANNet,10.0,500.0,J2,14,0.5535626411437988
analytical,10.0,500.0,J1,14,1.2206178903579712
analytical,10.0,500.0,J2,14,0.5533602237701416
ANNet,10.0,1000.0,J1,14,1.7140321731567383
ANNet,10.0,1000.0,J2,14,0.7774238586425781
analytical,10.0,1000.0,J1,14,1.7140090465545654
analytical,10.0,1000.0,J2,14,0.7772737145423889
ANNet,25.0,1.0,J1,14,1.166804552078247
ANNet,25.0,1.0,J2,14,0.7351712584495544
analytical,25.0,1.0,J1,14,1.1684694290161133
analytical,25.0,1.0,J2,14,0.7358500957489014
ANNet,25.0,2.0,J1,14,0.5937371253967285
ANNet,25.0,2.0,J2,14,0.2768089175224304
analytical,25.0,2.0,J1,14,0.6011217832565308
analytical,25.0,2.0,J2,14,0.2815401554107666
ANNet,25.0,5.0,J1,14,0.30601340532302856
ANNet,25.0,5.0,J2,14,0.13793642818927765
analytical,25.0,5.0,J1,14,0.31023165583610535
analytical,25.0,5.0,J2,14,0.13886113464832306
ANNet,25.0,10.0,J1,14,0.4476238191127777
ANNet,25.0,10.0,J2,14,0.19972223043441772
analytical,25.0,10.0,J1,14,0.44961076974868774
analytical,25.0,10.0,J2,14,0.19991488754749298
ANNet,25.0,20.0,J1,14,0.6360247135162354
ANNet,25.0,20.0,J2,14,0.28200763463974
analytical,25.0,20.0,J1,14,0.6373007297515869
analytical,25.0,20.0,J2,14,0.2821597754955292
ANNet,25.0,50.0,J1,14,0.9844591617584229
ANNet,25.0,50.0,J2,14,0.44416749477386475
analytical,25.0,50.0,J1,14,0.9852182865142822
analytical,25.0,50.0,J2,14,0.44426771998405457
ANNet,25.0,100.0,J1,14,1.3702325820922852
ANNet,25.0,100.0,J2,14,0.6220566630363464
analytical,25.0,100.0,J1,14,1.370779037475586
analytical,25.0,100.0,J2,14,0.6221472024917603
ANNet,25.0,200.0,J1,14,1.9236589670181274
ANNet,25.0,200.0,J2,14,0.8729666471481323
analytical,25.0,200.0,J1,14,1.9240278005599976
analytical,25.0,200.0,J2,14,0.8730228543281555
ANNet,25.0,500.0,J1,14,3.0510714054107666
ANNet,25.0,500.0,J2,14,1.383365273475647
analytical,25.0,500.0,J1,14,3.051196336746216
analytical,25.0,500.0,J2,14,1.3833411931991577
ANNet,25.0,1000.0,J1,14,4.283302307128906
ANNet,25.0,1000.0,J2,14,1.9430376291275024
analytical,25.0,1000.0,J1,14,4.283265113830566
analytical,25.0,1000.0,J2,14,1.9429290294647217
ANNet,0.0,1.0,J1,15,0.034806910902261734
ANNet,0.0,1.0,J2,15,0.03614122048020363
analytical,0.0,1.0,J1,15,0.0278413575142622
analytical,0.0,1.0,J2,15,0.023131683468818665
ANNet,0.0,2.0,J1,15,0.017671028152108192
ANNet,0.0,2.0,J2,15,0.02869599126279354
analytical,0.0,2.0,J1,15,0.007210347801446915
analytical,0.0,2.0,J2,15,0.004955139942467213
ANNet,0.0,5.0,J1,15,0.01585792936384678
ANNet,0.0,5.0,J2,15,0.028381863608956337
analytical,0.0,5.0,J1,15,0.001780420308932662
analytical,0.0,5.0,J2,15,0.0011386009864509106
ANNet,0.0,10.0,J1,15,0.015758896246552467
ANNet,0.0,10.0,J2,15,0.02836480177938938
analytical,0.0,10.0,J1,15,0.0006301355897448957
analytical,0.0,10.0,J2,15,0.0004006116942036897
ANNet,0.0,20.0,J1,15,0.01574685052037239
ANNet,0.0,20.0,J2,15,0.028362607583403587
analytical,0.0,20.0,J1,15,0.00022392785467673093
analytical,0.0,20.0,J2,15,0.0001421753695467487
ANNet,0.0,50.0,J1,15,0.015745222568511963
ANNet,0.0,50.0,J2,15,0.028362324461340904
analytical,0.0,50.0,J1,15,5.757685357821174e-05
analytical,0.0,50.0,J2,15,3.654334432212636e-05
ANNet,0.0,100.0,J1,15,0.015745095908641815
ANNet,0.0,100.0,J2,15,0.028362315148115158
analytical,0.0,100.0,J1,15,2.090906309604179e-05
analytical,0.0,100.0,J2,15,1.3270199815451633e-05
ANNet,0.0,200.0,J1,15,0.015745069831609726
ANNet,0.0,200.0,J2,15,0.028362317010760307
analytical,0.0,200.0,J1,15,7.786414244037587e-06
analytical,0.0,200.0,J2,15,4.94048481414211e-06
ANNet,0.0,500.0,J1,15,0.01574505865573883
ANNet,0.0,500.0,J2,15,0.028362322598695755
analytical,0.0,500.0,J1,15,2.2721019377058838e-06
analytical,0.0,500.0,J2,15,1.4396033520824858e-06
ANNet,0.0,1000.0,J1,15,0.015745054930448532
ANNet,0.0,1000.0,J2,15,0.028362322598695755
analytical,0.0,1000.0,J1,15,9.82637970992073e-07
analytical,0.0,1000.0,J2,15,6.183713594509754e-07
ANNet,1.0,1.0,J1,15,0.034805480390787125
ANNet,1.0,1.0,J2,15,0.036135535687208176
analytical,1.0,1.0,J1,15,0.02787569910287857
analytical,1.0,1.0,J2,15,0.023091956973075867
ANNet,1.0,2.0,J1,15,0.017596283927559853
ANNet,1.0,2.0,J2,15,0.028714682906866074
analytical,1.0,2.0,J1,15,0.007166830822825432
analytical,1.0,2.0,J2,15,0.004906059242784977
ANNet,1.0,5.0,J1,15,0.015803294256329536
ANNet,1.0,5.0,J2,15,0.028410470113158226
analytical,1.0,5.0,J1,15,0.0018562858458608389
analytical,1.0,5.0,J2,15,0.0011562524596229196
ANNet,1.0,10.0,J1,15,0.01571921445429325
ANNet,1.0,10.0,J2,15,0.028395354747772217
analytical,1.0,10.0,J1,15,0.0010755355469882488
analytical,1.0,10.0,J2,15,0.0005557515542022884
ANNet,1.0,20.0,J1,15,0.015729157254099846
ANNet,1.0,20.0,J2,15,0.02839546650648117
analytical,1.0,20.0,J1,15,0.001228239736519754
analytical,1.0,20.0,J2,15,0.0005480246036313474
ANNet,1.0,50.0,J1,15,0.015798721462488174
ANNet,1.0,50.0,J2,15,0.02840261347591877
analytical,1.0,50.0,J1,15,0.001931987702846527
analytical,1.0,50.0,J2,15,0.0008400772348977625
ANNet,1.0,100.0,J1,15,0.015915919095277786
ANNet,1.0,100.0,J2,15,0.028414947912096977
analytical,1.0,100.0,J1,15,0.002737312577664852
analytical,1.0,100.0,J2,15,0.001186991110444069
ANNet,1.0,200.0,J1,15,0.016149111092090607
ANNet,1.0,200.0,J2,15,0.028439609333872795
analytical,1.0,200.0,J1,15,0.003880040720105171
analytical,1.0,200.0,J2,15,0.0016788156935945153
ANNet,1.0,500.0,J1,15,0.016810208559036255
ANNet,1.0,500.0,J2,15,0.028511332347989082
analytical,1.0,500.0,J1,15,0.006089901551604271
analytical,1.0,500.0,J2,15,0.0026314393617212772
ANNet,1.0,1000.0,J1,15,0.017832349985837936
ANNet,1.0,1000.0,J2,15,0.02862730622291565
analytical,1.0,1000.0,J1,15,0.008537014946341515
analytical,1.0,1000.0,J2,15,0.0036866783630102873
ANNet,2.5,1.0,J1,15,0.03480607643723488
ANNet,2.5,1.0,J2,15,0.03612745553255081
analytical,2.5,1.0,J1,15,0.027930645272135735
analytical,2.5,1.0,J2,15,0.02303297445178032
ANNet,2.5,2.0,J1,15,0.017495999112725258
ANNet,2.5,2.0,J2,15,0.028744125738739967
analytical,2.5,2.0,J1,15,0.007132075726985931
analytical,2.5,2.0,J2,15,0.004840073641389608
ANNet,2.5,5.0,J1,15,0.015764400362968445
ANNet,2.5,5.0,J2,15,0.02845800295472145
analytical,2.5,5.0,J1,15,0.0022894039284437895
analytical,2.5,5.0,J2,15,0.0012901265872642398
ANNet,2.5,10.0,J1,15,0.015748005360364914
ANNet,2.5,10.0,J2,15,0.028450632467865944
analytical,2.5,10.0,J1,15,0.0022598591167479753
analytical,2.5,10.0,J2,15,0.0010369111550971866
ANNet,2.5,20.0,J1,15,0.01587282493710518
ANNet,2.5,20.0,J2,15,0.028462927788496017
analytical,2.5,20.0,J1,15,0.003022272838279605
analytical,2.5,20.0,J2,15,0.001327775651589036
ANNet,2.5,50.0,J1,15,0.01630830392241478
ANNet,2.5,50.0,J2,15,0.02850905805826187
analytical,2.5,50.0,J1,15,0.004827918950468302
analytical,2.5,50.0,J2,15,0.002098249504342675
ANNet,2.5,100.0,J1,15,0.017006652429699898
ANNet,2.5,100.0,J2,15,0.028585782274603844
analytical,2.5,100.0,J1,15,0.006843527313321829
analytical,2.5,100.0,J2,15,0.0029675550758838654
ANNet,2.5,200.0,J1,15,0.018329476937651634
ANNet,2.5,200.0,J2,15,0.028738610446453094
analytical,2.5,200.0,J1,15,0.00970031600445509
analytical,2.5,200.0,J2,15,0.004197161644697189
ANNet,2.5,500.0,J1,15,0.021729476749897003
ANNet,2.5,500.0,J2,15,0.029179194942116737
analytical,2.5,500.0,J1,15,0.015224799513816833
analytical,2.5,500.0,J2,15,0.006578625645488501
ANNet,2.5,1000.0,J1,15,0.026333793997764587
ANNet,2.5,1000.0,J2,15,0.029880568385124207
analytical,2.5,1000.0,J1,15,0.02134254388511181
analytical,2.5,1000.0,J2,15,0.009216699749231339
ANNet,5.0,1.0,J1,15,0.03481451794505119
ANNet,5.0,1.0,J2,15,0.03611521050333977
analytical,5.0,1.0,J1,15,0.028031304478645325
analytical,5.0,1.0,J2,15,0.022936301305890083
ANNet,5.0,2.0,J1,15,0.01736118271946907
ANNet,5.0,2.0,J2,15,0.02879696898162365
analytical,5.0,2.0,J1,15,0.0071565196849405766
analytical,5.0,2.0,J2,15,0.004751366563141346
ANNet,5.0,5.0,J1,15,0.015815027058124542
ANNet,5.0,5.0,J2,15,0.0285494364798069
analytical,5.0,5.0,J1,15,0.00345233385451138
analytical,5.0,5.0,J2,15,0.0017092656344175339
ANNet,5.0,10.0,J1,15,0.016028854995965958
ANNet,5.0,10.0,J2,15,0.028567809611558914
analytical,5.0,10.0,J1,15,0.004380139522254467
analytical,5.0,10.0,J2,15,0.0019499858608469367
ANNet,5.0,20.0,J1,15,0.016548749059438705
ANNet,5.0,20.0,J2,15,0.028623364865779877
analytical,5.0,20.0,J1,15,0.006028642877936363
analytical,5.0,20.0,J2,15,0.00264210207387805
ANNet,5.0,50.0,J1,15,0.01816895417869091
ANNet,5.0,50.0,J2,15,0.0288073793053627
analytical,5.0,50.0,J1,15,0.009655158035457134
analytical,5.0,50.0,J2,15,0.004195839166641235
ANNet,5.0,100.0,J1,15,0.020571820437908173
ANNet,5.0,100.0,J2,15,0.029109960421919823
analytical,5.0,100.0,J1,15,0.013687282800674438
analytical,5.0,100.0,J2,15,0.005935220513492823
ANNet,5.0,200.0,J1,15,0.024701997637748718
ANNet,5.0,200.0,J2,15,0.029705718159675598
analytical,5.0,200.0,J1,15,0.019400786608457565
analytical,5.0,200.0,J2,15,0.008394412696361542
ANNet,5.0,500.0,J1,15,0.03398538753390312
ANNet,5.0,500.0,J2,15,0.03137659281492233
analytical,5.0,500.0,J1,15,0.030449632555246353
analytical,5.0,500.0,J2,15,0.013157270848751068
ANNet,5.0,1000.0,J1,15,0.0451684445142746
ANNet,5.0,1000.0,J2,15,0.03391439467668533
analytical,5.0,1000.0,J1,15,0.042685091495513916
analytical,5.0,1000.0,J2,15,0.018433401361107826
ANNet,10.0,1.0,J1,15,0.03485922887921333
ANNet,10.0,1.0,J2,15,0.03609539195895195
analytical,10.0,1.0,J1,15,0.02826624922454357
analytical,10.0,1.0,J2,15,0.022749153897166252
ANNet,10.0,2.0,J1,15,0.017215583473443985
ANNet,10.0,2.0,J2,15,0.02891656942665577
analytical,10.0,2.0,J1,15,0.007505315821617842
analytical,10.0,2.0,J2,15,0.004658609163016081
ANNet,10.0,5.0,J1,15,0.016339553520083427
ANNet,10.0,5.0,J2,15,0.02877764403820038
analytical,10.0,5.0,J1,15,0.006252225488424301
analytical,10.0,5.0,J2,15,0.002846641233190894
ANNet,10.0,10.0,J1,15,0.017394673079252243
ANNet,10.0,10.0,J2,15,0.028894606977701187
analytical,10.0,10.0,J1,15,0.00868614949285984
analytical,10.0,10.0,J2,15,0.0038333625998347998
ANNet,10.0,20.0,J1,15,0.01927366480231285
ANNet,10.0,20.0,J2,15,0.029120316728949547
analytical,10.0,20.0,J1,15,0.01204759068787098
analytical,10.0,20.0,J2,15,0.0052764518186450005
ANNet,10.0,50.0,J1,15,0.02442767471075058
ANNet,10.0,50.0,J2,15,0.029838351532816887
analytical,10.0,50.0,J1,15,0.019309891387820244
analytical,10.0,50.0,J2,15,0.008391255512833595
ANNet,10.0,100.0,J1,15,0.03113054856657982
ANNet,10.0,100.0,J2,15,0.030990758910775185
analytical,10.0,100.0,J1,15,0.02737482078373432
analytical,10.0,100.0,J2,15,0.01187057327479124
ANNet,10.0,200.0,J1,15,0.0414377860724926
ANNet,10.0,200.0,J2,15,0.03317493200302124
analytical,10.0,200.0,J1,15,0.038801729679107666
analytical,10.0,200.0,J2,15,0.016788914799690247
ANNet,10.0,500.0,J1,15,0.06242112070322037
ANNet,10.0,500.0,J2,15,0.03884328901767731
analytical,10.0,500.0,J1,15,0.06089929863810539
analytical,10.0,500.0,J2,15,0.026314564049243927
ANNet,10.0,1000.0,J1,15,0.08623860776424408
ANNet,10.0,1000.0,J2,15,0.04660036414861679
analytical,10.0,1000.0,J1,15,0.08537017554044724
analytical,10.0,1000.0,J2,15,0.03686680644750595
ANNet,25.0,1.0,J1,15,0.03521387651562691
ANNet,25.0,1.0,J2,15,0.03607296198606491
analytical,25.0,1.0,J1,15,0.02922915294766426
analytical,25.0,1.0,J2,15,0.022239159792661667
ANNet,25.0,2.0,J1,15,0.017782164737582207
ANNet,25.0,2.0,J2,15,0.02938474901020527
analytical,25.0,2.0,J1,15,0.010343886911869049
analytical,25.0,2.0,J2,15,0.00507096154615283
ANNet,25.0,5.0,J1,15,0.020662367343902588
ANNet,25.0,5.0,J2,15,0.02981025166809559
analytical,25.0,5.0,J1,15,0.015203411690890789
analytical,25.0,5.0,J2,15,0.006707337684929371
ANNet,25.0,10.0,J1,15,0.02572832815349102
ANNet,25.0,10.0,J2,15,0.030570466071367264
analytical,25.0,10.0,J1,15,0.021658489480614662
analytical,25.0,10.0,J2,15,0.009532730095088482
ANNet,25.0,20.0,J1,15,0.03308495134115219
ANNet,25.0,20.0,J2,15,0.03189178556203842
analytical,25.0,20.0,J1,15,0.03010942041873932
analytical,25.0,20.0,J2,15,0.013184085488319397
ANNet,25.0,50.0,J1,15,0.050029315054416656
ANNet,25.0,50.0,J2,15,0.035802386701107025
analytical,25.0,50.0,J1,15,0.04827428609132767
analytical,25.0,50.0,J2,15,0.02097768522799015
ANNet,25.0,100.0,J1,15,0.06950224936008453
ANNet,25.0,100.0,J2,15,0.041472259908914566
analytical,25.0,100.0,J1,15,0.06843745708465576
analytical,25.0,100.0,J2,15,0.029676640406250954
ANNet,25.0,200.0,J1,15,0.09749636054039001
ANNet,25.0,200.0,J2,15,0.05094939470291138
analytical,25.0,200.0,J1,15,0.09700457751750946
analytical,25.0,200.0,J2,15,0.04197242110967636
ANNet,25.0,500.0,J1,15,0.15207360684871674
ANNet,25.0,500.0,J2,15,0.07174385339021683
analytical,25.0,500.0,J1,15,0.15224824845790863
analytical,25.0,500.0,J2,15,0.06578642874956131
ANNet,25.0,1000.0,J1,15,0.2127341330051422
ANNet,25.0,1000.0,J2,15,0.09638309478759766
analytical,25.0,1000.0,J1,15,0.21342523396015167
analytical,25.0,1000.0,J2,15,0.09216699749231339
ANNet,0.0,1.0,J1,16,0.20234227180480957
ANNet,0.0,1.0,J2,16,0.43967509269714355
analytical,0.0,1.0,J1,16,0.1960783749818802
analytical,0.0,1.0,J2,16,0.4362547695636749
ANNet,0.0,2.0,J1,16,0.0888146236538887
ANNet,0.0,2.0,J2,16,0.10839730501174927
analytical,0.0,2.0,J1,16,0.08715023100376129
analytical,0.0,2.0,J2,16,0.10666187107563019
ANNet,0.0,5.0,J1,16,0.023365721106529236
ANNet,0.0,5.0,J2,16,0.021852577105164528
analytical,0.0,5.0,J1,16,0.006131140980869532
analytical,0.0,5.0,J2,16,0.009613140486180782
ANNet,0.0,10.0,J1,16,0.022902464494109154
ANNet,0.0,10.0,J2,16,0.02036561630666256
analytical,0.0,10.0,J1,16,0.0008529001497663558
analytical,0.0,10.0,J2,16,0.0028690716717392206
ANNet,0.0,20.0,J1,16,0.022905105724930763
ANNet,0.0,20.0,J2,16,0.020240232348442078
analytical,0.0,20.0,J1,16,0.00023946883447933942
analytical,0.0,20.0,J2,16,0.0010296107502654195
ANNet,0.0,50.0,J1,16,0.022904671728610992
ANNet,0.0,50.0,J2,16,0.020220980048179626
analytical,0.0,50.0,J1,16,5.7256391301052645e-05
analytical,0.0,50.0,J2,16,0.00026687324861995876
ANNet,0.0,100.0,J1,16,0.022904617711901665
ANNet,0.0,100.0,J2,16,0.020219771191477776
analytical,0.0,100.0,J1,16,2.0453546312637627e-05
analytical,0.0,100.0,J2,16,9.712898463476449e-05
ANNet,0.0,200.0,J1,16,0.022904612123966217
ANNet,0.0,200.0,J2,16,0.020219633355736732
analytical,0.0,200.0,J1,16,7.718848792137578e-06
analytical,0.0,200.0,J2,16,3.620046845753677e-05
ANNet,0.0,500.0,J1,16,0.02290462702512741
ANNet,0.0,500.0,J2,16,0.020219625905156136
analytical,0.0,500.0,J1,16,2.7607691208686447e-06
analytical,0.0,500.0,J2,16,1.0560899681877345e-05
ANNet,0.0,1000.0,J1,16,0.022904619574546814
ANNet,0.0,1000.0,J2,16,0.02021963521838188
analytical,0.0,1000.0,J1,16,1.8692657022256753e-06
analytical,0.0,1000.0,J2,16,4.5557753765024245e-06
ANNet,1.0,1.0,J1,16,0.20373661816120148
ANNet,1.0,1.0,J2,16,0.4391718804836273
analytical,1.0,1.0,J1,16,0.19742906093597412
analytical,1.0,1.0,J2,16,0.43574127554893494
ANNet,1.0,2.0,J1,16,0.09052997827529907
ANNet,1.0,2.0,J2,16,0.10830946266651154
analytical,1.0,2.0,J1,16,0.08855611830949783
analytical,1.0,2.0,J2,16,0.10657167434692383
ANNet,1.0,5.0,J1,16,0.02607802301645279
ANNet,1.0,5.0,J2,16,0.022325169295072556
analytical,1.0,5.0,J1,16,0.010647774673998356
analytical,1.0,5.0,J2,16,0.010684155859053135
ANNet,1.0,10.0,J1,16,0.026916200295090675
ANNet,1.0,10.0,J2,16,0.021069210022687912
analytical,1.0,10.0,J1,16,0.011937003582715988
analytical,1.0,10.0,J2,16,0.0062265717424452305
ANNet,1.0,20.0,J1,16,0.029660901054739952
ANNet,1.0,20.0,J2,16,0.02167057991027832
analytical,1.0,20.0,J1,16,0.017223086208105087
analytical,1.0,20.0,J2,16,0.007900688797235489
ANNet,1.0,50.0,J1,16,0.036149974912405014
ANNet,1.0,50.0,J2,16,0.02358325384557247
analytical,1.0,50.0,J1,16,0.0268916804343462
analytical,1.0,50.0,J2,16,0.01219272892922163
ANNet,1.0,100.0,J1,16,0.044704969972372055
ANNet,1.0,100.0,J2,16,0.026449833065271378
analytical,1.0,100.0,J1,16,0.03760361671447754
analytical,1.0,100.0,J2,16,0.017084471881389618
ANNet,1.0,200.0,J1,16,0.05838237330317497
ANNet,1.0,200.0,J2,16,0.031470928341150284
analytical,1.0,200.0,J1,16,0.053127188235521317
analytical,1.0,200.0,J2,16,0.024129435420036316
ANNet,1.0,500.0,J1,16,0.08654048293828964
ANNet,1.0,500.0,J2,16,0.0428282655775547
analytical,1.0,500.0,J1,16,0.08305895328521729
analytical,1.0,500.0,J2,16,0.03774736449122429
ANNet,1.0,1000.0,J1,16,0.11932619661092758
ANNet,1.0,1000.0,J2,16,0.05686503276228905
analytical,1.0,1000.0,J1,16,0.11679409444332123
analytical,1.0,1000.0,J2,16,0.05312521755695343
ANNet,2.5,1.0,J1,16,0.205913245677948
ANNet,2.5,1.0,J2,16,0.438425749540329
analytical,2.5,1.0,J1,16,0.19954389333724976
analytical,2.5,1.0,J2,16,0.4349796772003174
ANNet,2.5,2.0,J1,16,0.09351355582475662
ANNet,2.5,2.0,J2,16,0.10826151818037033
analytical,2.5,2.0,J1,16,0.09110554307699203
analytical,2.5,2.0,J2,16,0.1065213531255722
ANNet,2.5,5.0,J1,16,0.033792462199926376
ANNet,2.5,5.0,J2,16,0.024203402921557426
analytical,2.5,5.0,J1,16,0.022077545523643494
analytical,2.5,5.0,J2,16,0.014238272793591022
ANNet,2.5,10.0,J1,16,0.03944145888090134
ANNet,2.5,10.0,J2,16,0.024466704577207565
analytical,2.5,10.0,J1,16,0.029762057587504387
analytical,2.5,10.0,J2,16,0.013978413306176662
ANNet,2.5,20.0,J1,16,0.050253480672836304
ANNet,2.5,20.0,J2,16,0.028089286759495735
analytical,2.5,20.0,J1,16,0.043050579726696014
analytical,2.5,20.0,J2,16,0.01958533748984337
ANNet,2.5,50.0,J1,16,0.07207413762807846
ANNet,2.5,50.0,J2,16,0.03653692826628685
analytical,2.5,50.0,J1,16,0.0672292411327362
analytical,2.5,50.0,J2,16,0.030473478138446808
ANNet,2.5,100.0,J1,16,0.097559355199337
ANNet,2.5,100.0,J2,16,0.04724029079079628
analytical,2.5,100.0,J1,16,0.09400902688503265
analytical,2.5,100.0,J2,16,0.04270912706851959
ANNet,2.5,200.0,J1,16,0.13538779318332672
ANNet,2.5,200.0,J2,16,0.06363531947135925
analytical,2.5,200.0,J1,16,0.13281698524951935
analytical,2.5,200.0,J2,16,0.06032349914312363
ANNet,2.5,500.0,J1,16,0.2093656063079834
ANNet,2.5,500.0,J2,16,0.09655797481536865
analytical,2.5,500.0,J1,16,0.20764616131782532
analytical,2.5,500.0,J2,16,0.09436804056167603
ANNet,2.5,1000.0,J1,16,0.2932867407798767
ANNet,2.5,1000.0,J2,16,0.13442252576351166
analytical,2.5,1000.0,J1,16,0.2919830083847046
analytical,2.5,1000.0,J2,16,0.132812038064003
ANNet,5.0,1.0,J1,16,0.20975984632968903
ANNet,5.0,1.0,J2,16,0.4372052550315857
analytical,5.0,1.0,J1,16,0.2032972276210785
analytical,5.0,1.0,J2,16,0.4337334930896759
ANNet,5.0,2.0,J1,16,0.09946704655885696
ANNet,5.0,2.0,J2,16,0.1084052175283432
analytical,5.0,2.0,J1,16,0.09642060846090317
analytical,5.0,2.0,J2,16,0.10666432231664658
ANNet,5.0,5.0,J1,16,0.05105803534388542
ANNet,5.0,5.0,J2,16,0.029681475833058357
analytical,5.0,5.0,J1,16,0.042486898601055145
analytical,5.0,5.0,J2,16,0.022352000698447227
ANNet,5.0,10.0,J1,16,0.06601063162088394
ANNet,5.0,10.0,J2,16,0.033947255462408066
analytical,5.0,10.0,J1,16,0.05949460342526436
analytical,5.0,10.0,J2,16,0.02742181159555912
ANNet,5.0,20.0,J1,16,0.09075240790843964
ANNet,5.0,20.0,J2,16,0.04396883770823479
analytical,5.0,20.0,J1,16,0.08609754592180252
analytical,5.0,20.0,J2,16,0.03911328315734863
ANNet,5.0,50.0,J1,16,0.1375255137681961
ANNet,5.0,50.0,J2,16,0.06419118493795395
analytical,5.0,50.0,J1,16,0.1344584971666336
analytical,5.0,50.0,J2,16,0.06094350665807724
ANNet,5.0,100.0,J1,16,0.19027860462665558
ANNet,5.0,100.0,J2,16,0.08779235184192657
analytical,5.0,100.0,J1,16,0.18801850080490112
analytical,5.0,100.0,J2,16,0.08541694283485413
ANNet,5.0,200.0,J1,16,0.2673051059246063
ANNet,5.0,200.0,J2,16,0.12238804250955582
analytical,5.0,200.0,J1,16,0.2656303346157074
analytical,5.0,200.0,J2,16,0.12064637243747711
ANNet,5.0,500.0,J1,16,0.4164920747280121
ANNet,5.0,500.0,J2,16,0.18993258476257324
analytical,5.0,500.0,J1,16,0.41528743505477905
analytical,5.0,500.0,J2,16,0.18873441219329834
ANNet,5.0,1000.0,J1,16,0.5849708318710327
ANNet,5.0,1000.0,J2,16,0.26656538248062134
analytical,5.0,1000.0,J1,16,0.5839565992355347
analytical,5.0,1000.0,J2,16,0.26562026143074036
ANNet,10.0,1.0,J1,16,0.21822047233581543
ANNet,10.0,1.0,J2,16,0.4348517060279846
analytical,10.0,1.0,J1,16,0.21160483360290527
analytical,10.0,1.0,J2,16,0.4313288927078247
ANNet,10.0,2.0,J1,16,0.11431565135717392
ANNet,10.0,2.0,J2,16,0.10952454060316086
analytical,10.0,2.0,J1,16,0.11029686778783798
analytical,10.0,2.0,J2,16,0.10779399424791336
ANNet,10.0,5.0,J1,16,0.09024395793676376
ANNet,10.0,5.0,J2,16,0.04507915675640106
analytical,10.0,5.0,J1,16,0.08393002301454544
analytical,10.0,5.0,J2,16,0.04065834358334541
ANNet,10.0,10.0,J1,16,0.12358283996582031
ANNet,10.0,10.0,J2,16,0.058050334453582764
analytical,10.0,10.0,J1,16,0.1189679428935051
analytical,10.0,10.0,J2,16,0.054527804255485535
ANNet,10.0,20.0,J1,16,0.1754603087902069
ANNet,10.0,20.0,J2,16,0.08072453737258911
analytical,10.0,20.0,J1,16,0.17219114303588867
analytical,10.0,20.0,J2,16,0.07818912714719772
ANNet,10.0,50.0,J1,16,0.27110105752944946
ANNet,10.0,50.0,J2,16,0.12357159703969955
analytical,10.0,50.0,J1,16,0.26891669631004333
analytical,10.0,50.0,J2,16,0.1218835636973381
ANNet,10.0,100.0,J1,16,0.3777140974998474
ANNet,10.0,100.0,J2,16,0.172099307179451
analytical,10.0,100.0,J1,16,0.37603870034217834
analytical,10.0,100.0,J2,16,0.17083197832107544
ANNet,10.0,200.0,J1,16,0.5325734615325928
ANNet,10.0,200.0,J2,16,0.2422870248556137
analytical,10.0,200.0,J1,16,0.5312448740005493
analytical,10.0,200.0,J2,16,0.24128977954387665
ANNet,10.0,500.0,J1,16,0.8316617608070374
ANNet,10.0,500.0,J2,16,0.3782602846622467
analytical,10.0,500.0,J1,16,0.830549955368042
analytical,10.0,500.0,J2,16,0.377460777759552
ANNet,10.0,1000.0,J1,16,1.1689645051956177
ANNet,10.0,1000.0,J2,16,0.5319761633872986
analytical,10.0,1000.0,J1,16,1.1678613424301147
analytical,10.0,1000.0,J2,16,0.5312221050262451
ANNet,25.0,1.0,J1,16,0.24873310327529907
ANNet,25.0,1.0,J2,16,0.4285072684288025
analytical,25.0,1.0,J1,16,0.2418675571680069
analytical,25.0,1.0,J2,16,0.42483434081077576
ANNet,25.0,2.0,J1,16,0.17205964028835297
ANNet,25.0,2.0,J2,16,0.11908317357301712
analytical,25.0,2.0,J1,16,0.16664931178092957
analytical,25.0,2.0,J2,16,0.11745995283126831
ANNet,25.0,5.0,J1,16,0.21356885135173798
ANNet,25.0,5.0,J2,16,0.09986069053411484
analytical,25.0,5.0,J1,16,0.20878466963768005
analytical,25.0,5.0,J2,16,0.09793725609779358
ANNet,25.0,10.0,J1,16,0.30084675550460815
ANNet,25.0,10.0,J2,16,0.13748160004615784
analytical,25.0,10.0,J1,16,0.29738783836364746
analytical,25.0,10.0,J2,16,0.13602668046951294
ANNet,25.0,20.0,J1,16,0.4329715967178345
ANNet,25.0,20.0,J2,16,0.196526899933815
analytical,25.0,20.0,J1,16,0.4304649829864502
analytical,25.0,20.0,J2,16,0.19543015956878662
ANNet,25.0,50.0,J1,16,0.6740900874137878
ANNet,25.0,50.0,J2,16,0.30551791191101074
analytical,25.0,50.0,J1,16,0.6722851991653442
analytical,25.0,50.0,J2,16,0.30469703674316406
ANNet,25.0,100.0,J1,16,0.9416674971580505
ANNet,25.0,100.0,J2,16,0.4278053045272827
analytical,25.0,100.0,J1,16,0.9401001334190369
analytical,25.0,100.0,J2,16,0.4270702600479126
ANNet,25.0,200.0,J1,16,1.3294310569763184
ANNet,25.0,200.0,J2,16,0.603966474533081
analytical,25.0,200.0,J1,16,1.327966570854187
analytical,25.0,200.0,J2,16,0.6031960248947144
ANNet,25.0,500.0,J1,16,2.0776515007019043
ANNet,25.0,500.0,J2,16,0.9444610476493835
analytical,25.0,500.0,J1,16,2.076080083847046
analytical,25.0,500.0,J2,16,0.9435689449310303
ANNet,25.0,1000.0,J1,16,2.9208438396453857
ANNet,25.0,1000.0,J2,16,1.328941822052002
analytical,25.0,1000.0,J1,16,2.9189791679382324
analytical,25.0,1000.0,J2,16,1.3278529644012451
ANNet,0.0,1.0,J1,17,0.33990728855133057
ANNet,0.0,1.0,J2,17,0.6753844022750854
analytical,0.0,1.0,J1,17,0.33124053478240967
analytical,0.0,1.0,J2,17,0.6780804991722107
ANNet,0.0,2.0,J1,17,0.18910793960094452
ANNet,0.0,2.0,J2,17,0.2990877032279968
analytical,0.0,2.0,J1,17,0.18667295575141907
analytical,0.0,2.0,J2,17,0.30081555247306824
ANNet,0.0,5.0,J1,17,0.0367254875600338
ANNet,0.0,5.0,J2,17,0.031836606562137604
analytical,0.0,5.0,J1,17,0.015678277239203453
analytical,0.0,5.0,J2,17,0.026576591655611992
ANNet,0.0,10.0,J1,17,0.03268861025571823
ANNet,0.0,10.0,J2,17,0.022485487163066864
analytical,0.0,10.0,J1,17,0.001271434361115098
analytical,0.0,10.0,J2,17,0.0029561661649495363
ANNet,0.0,20.0,J1,17,0.03261736407876015
ANNet,0.0,20.0,J2,17,0.02266533300280571
analytical,0.0,20.0,J1,17,0.00012326016440056264
analytical,0.0,20.0,J2,17,0.000777747540269047
ANNet,0.0,50.0,J1,17,0.032613977789878845
ANNet,0.0,50.0,J2,17,0.022675465792417526
analytical,0.0,50.0,J1,17,2.5035244107129984e-05
analytical,0.0,50.0,J2,17,0.00020033355394843966
ANNet,0.0,100.0,J1,17,0.03261386230587959
ANNet,0.0,100.0,J2,17,0.02267507091164589
analytical,0.0,100.0,J1,17,9.415161912329495e-06
analytical,0.0,100.0,J2,17,7.310132787097245e-05
ANNet,0.0,200.0,J1,17,0.0326138474047184
ANNet,0.0,200.0,J2,17,0.022674942389130592
analytical,0.0,200.0,J1,17,4.111983344046166e-06
analytical,0.0,200.0,J2,17,2.729479456320405e-05
ANNet,0.0,500.0,J1,17,0.0326138474047184
ANNet,0.0,500.0,J2,17,0.02267489768564701
analytical,0.0,500.0,J1,17,2.428859488645685e-06
analytical,0.0,500.0,J2,17,8.008295480976813e-06
ANNet,0.0,1000.0,J1,17,0.0326138511300087
ANNet,0.0,1000.0,J2,17,0.022674884647130966
analytical,0.0,1000.0,J1,17,2.1508328700292623e-06
analytical,0.0,1000.0,J2,17,3.5270684293209342e-06
ANNet,1.0,1.0,J1,17,0.3388257622718811
ANNet,1.0,1.0,J2,17,0.6759978532791138
analytical,1.0,1.0,J1,17,0.3302967846393585
analytical,1.0,1.0,J2,17,0.6786595582962036
ANNet,1.0,2.0,J1,17,0.18946050107479095
ANNet,1.0,2.0,J2,17,0.29900577664375305
analytical,1.0,2.0,J1,17,0.18741115927696228
analytical,1.0,2.0,J2,17,0.3006841540336609
ANNet,1.0,5.0,J1,17,0.036612577736377716
ANNet,1.0,5.0,J2,17,0.0326002761721611
analytical,1.0,5.0,J1,17,0.019718853756785393
analytical,1.0,5.0,J2,17,0.026884425431489944
ANNet,1.0,10.0,J1,17,0.034312691539525986
ANNet,1.0,10.0,J2,17,0.024298515170812607
analytical,1.0,10.0,J1,17,0.01617150753736496
analytical,1.0,10.0,J2,17,0.0077616679482162
ANNet,1.0,20.0,J1,17,0.037577565759420395
ANNet,1.0,20.0,J2,17,0.02555806003510952
analytical,1.0,20.0,J1,17,0.022337505593895912
analytical,1.0,20.0,J2,17,0.010308703407645226
ANNet,1.0,50.0,J1,17,0.046566180884838104
ANNet,1.0,50.0,J2,17,0.028552696108818054
analytical,1.0,50.0,J1,17,0.035431526601314545
analytical,1.0,50.0,J2,17,0.01634088344871998
ANNet,1.0,100.0,J1,17,0.058847036212682724
ANNet,1.0,100.0,J2,17,0.03307336941361427
analytical,1.0,100.0,J1,17,0.050493914633989334
analytical,1.0,100.0,J2,17,0.02334863878786564
ANNet,1.0,200.0,J1,17,0.07896384596824646
ANNet,1.0,200.0,J2,17,0.041108302772045135
analytical,1.0,200.0,J1,17,0.07294276356697083
analytical,1.0,200.0,J2,17,0.03376750648021698
ANNet,1.0,500.0,J1,17,0.12017521262168884
ANNet,1.0,500.0,J2,17,0.05875879526138306
analytical,1.0,500.0,J1,17,0.11629389971494675
analytical,1.0,500.0,J2,17,0.053853053599596024
ANNet,1.0,1000.0,J1,17,0.166166290640831
ANNet,1.0,1000.0,J2,17,0.07933429628610611
analytical,1.0,1000.0,J1,17,0.16336829960346222
analytical,1.0,1000.0,J2,17,0.07574322074651718
ANNet,2.5,1.0,J1,17,0.33734816312789917
ANNet,2.5,1.0,J2,17,0.6769365072250366
analytical,2.5,1.0,J1,17,0.329030841588974
analytical,2.5,1.0,J2,17,0.6795467138290405
ANNet,2.5,2.0,J1,17,0.19039912521839142
ANNet,2.5,2.0,J2,17,0.29895269870758057
analytical,2.5,2.0,J1,17,0.18892696499824524
analytical,2.5,2.0,J2,17,0.3005561828613281
ANNet,2.5,5.0,J1,17,0.041880395263433456
ANNet,2.5,5.0,J2,17,0.03515184670686722
analytical,2.5,5.0,J1,17,0.03207952156662941
analytical,2.5,5.0,J2,17,0.029091481119394302
ANNet,2.5,10.0,J1,17,0.047979243099689484
ANNet,2.5,10.0,J2,17,0.03045961819589138
analytical,2.5,10.0,J1,17,0.040155429393053055
analytical,2.5,10.0,J2,17,0.01863492652773857
ANNet,2.5,20.0,J1,17,0.06167842447757721
ANNet,2.5,20.0,J2,17,0.03554263710975647
analytical,2.5,20.0,J1,17,0.05582726374268532
analytical,2.5,20.0,J2,17,0.02578713744878769
ANNet,2.5,50.0,J1,17,0.09238231182098389
ANNet,2.5,50.0,J2,17,0.047634709626436234
analytical,2.5,50.0,J1,17,0.0885792002081871
analytical,2.5,50.0,J2,17,0.04084515571594238
ANNet,2.5,100.0,J1,17,0.12894095480442047
ANNet,2.5,100.0,J2,17,0.06333073228597641
analytical,2.5,100.0,J1,17,0.12623551487922668
analytical,2.5,100.0,J2,17,0.05837147310376167
ANNet,2.5,200.0,J1,17,0.1842639446258545
ANNet,2.5,200.0,J2,17,0.08795540034770966
analytical,2.5,200.0,J1,17,0.18235868215560913
analytical,2.5,200.0,J2,17,0.08441855758428574
ANNet,2.5,500.0,J1,17,0.29196467995643616
ANNet,2.5,500.0,J2,17,0.13694049417972565
analytical,2.5,500.0,J1,17,0.290731817483902
analytical,2.5,500.0,J2,17,0.1346314698457718
ANNet,2.5,1000.0,J1,17,0.4093235731124878
ANNet,2.5,1000.0,J2,17,0.1910766214132309
analytical,2.5,1000.0,J1,17,0.4084128141403198
analytical,2.5,1000.0,J2,17,0.18935605883598328
ANNet,5.0,1.0,J1,17,0.3352767825126648
ANNet,5.0,1.0,J2,17,0.678550124168396
analytical,5.0,1.0,J1,17,0.3273249864578247
analytical,5.0,1.0,J2,17,0.681074321269989
ANNet,5.0,2.0,J1,17,0.19303636252880096
ANNet,5.0,2.0,J2,17,0.2990504503250122
analytical,5.0,2.0,J1,17,0.1925119161605835
analytical,5.0,2.0,J2,17,0.3005273938179016
ANNet,5.0,5.0,J1,17,0.05982385203242302
ANNet,5.0,5.0,J2,17,0.04228408262133598
analytical,5.0,5.0,J1,17,0.05684615671634674
analytical,5.0,5.0,J2,17,0.036274462938308716
ANNet,5.0,10.0,J1,17,0.08209903538227081
ANNet,5.0,10.0,J2,17,0.045281872153282166
analytical,5.0,10.0,J1,17,0.08016838133335114
analytical,5.0,10.0,J2,17,0.03721548244357109
ANNet,5.0,20.0,J1,17,0.11303705722093582
ANNet,5.0,20.0,J2,17,0.05786992609500885
analytical,5.0,20.0,J1,17,0.1116432398557663
analytical,5.0,20.0,J2,17,0.05160831660032272
ANNet,5.0,50.0,J1,17,0.17805048823356628
ANNet,5.0,50.0,J2,17,0.08581695705652237
analytical,5.0,50.0,J1,17,0.17715905606746674
analytical,5.0,50.0,J2,17,0.08168652653694153
ANNet,5.0,100.0,J1,17,0.25311726331710815
ANNet,5.0,100.0,J2,17,0.11971545964479446
analytical,5.0,100.0,J1,17,0.2524736523628235
analytical,5.0,100.0,J2,17,0.11674197763204575
ANNet,5.0,200.0,J1,17,0.3652133345603943
ANNet,5.0,200.0,J2,17,0.17097720503807068
analytical,5.0,200.0,J1,17,0.3647230267524719
analytical,5.0,200.0,J2,17,0.16883593797683716
ANNet,5.0,500.0,J1,17,0.5818281173706055
ANNet,5.0,500.0,J2,17,0.2707345485687256
analytical,5.0,500.0,J1,17,0.5814522504806519
analytical,5.0,500.0,J2,17,0.2692587375640869
ANNet,5.0,1000.0,J1,17,0.817126989364624
ANNet,5.0,1000.0,J2,17,0.3798987865447998
analytical,5.0,1000.0,J1,17,0.8167946934700012
analytical,5.0,1000.0,J2,17,0.37870413064956665
ANNet,10.0,1.0,J1,17,0.33263206481933594
ANNet,10.0,1.0,J2,17,0.6819597482681274
analytical,10.0,1.0,J1,17,0.3254542648792267
analytical,10.0,1.0,J2,17,0.6843120455741882
ANNet,10.0,2.0,J1,17,0.20211222767829895
ANNet,10.0,2.0,J2,17,0.2999427318572998
analytical,10.0,2.0,J1,17,0.2033681720495224
analytical,10.0,2.0,J2,17,0.3011612594127655
ANNet,10.0,5.0,J1,17,0.10718204826116562
ANNet,10.0,5.0,J2,17,0.06231481954455376
analytical,10.0,5.0,J1,17,0.10905829071998596
analytical,10.0,5.0,J2,17,0.056951455771923065
ANNet,10.0,10.0,J1,17,0.1588437557220459
ANNet,10.0,10.0,J2,17,0.07998259365558624
analytical,10.0,10.0,J1,17,0.16021020710468292
analytical,10.0,10.0,J2,17,0.07455307245254517
ANNet,10.0,20.0,J1,17,0.22230860590934753
ANNet,10.0,20.0,J2,17,0.10737179964780807
analytical,10.0,20.0,J1,17,0.2232731431722641
analytical,10.0,20.0,J2,17,0.10326070338487625
ANNet,10.0,50.0,J1,17,0.35373371839523315
ANNet,10.0,50.0,J2,17,0.16606321930885315
analytical,10.0,50.0,J1,17,0.35431981086730957
analytical,10.0,50.0,J2,17,0.1633693277835846
ANNet,10.0,100.0,J1,17,0.5045809149742126
ANNet,10.0,100.0,J2,17,0.23546725511550903
analytical,10.0,100.0,J1,17,0.5049569606781006
analytical,10.0,100.0,J2,17,0.23347900807857513
ANNet,10.0,200.0,J1,17,0.7292942404747009
ANNet,10.0,200.0,J2,17,0.33918821811676025
analytical,10.0,200.0,J1,17,0.7294660806655884
analytical,10.0,200.0,J2,17,0.3376660645008087
ANNet,10.0,500.0,J1,17,1.162874698638916
ANNet,10.0,500.0,J2,17,0.539707601070404
analytical,10.0,500.0,J1,17,1.1628466844558716
analytical,10.0,500.0,J2,17,0.5384971499443054
ANNet,10.0,1000.0,J1,17,1.6335816383361816
ANNet,10.0,1000.0,J2,17,0.7585143446922302
analytical,10.0,1000.0,J1,17,1.633431077003479
analytical,10.0,1000.0,J2,17,0.757366418838501
ANNet,25.0,1.0,J1,17,0.3369083106517792
ANNet,25.0,1.0,J2,17,0.6936144232749939
analytical,25.0,1.0,J1,17,0.33227241039276123
analytical,25.0,1.0,J2,17,0.6954532861709595
ANNet,25.0,2.0,J1,17,0.25323110818862915
ANNet,25.0,2.0,J2,17,0.3080751299858093
analytical,25.0,2.0,J1,17,0.25838273763656616
analytical,25.0,2.0,J2,17,0.3084983825683594
ANNet,25.0,5.0,J1,17,0.26323217153549194
ANNet,25.0,5.0,J2,17,0.1345117837190628
analytical,25.0,5.0,J1,17,0.26822033524513245
analytical,25.0,5.0,J2,17,0.1301359236240387
ANNet,25.0,10.0,J1,17,0.39702141284942627
ANNet,25.0,10.0,J2,17,0.19039399921894073
analytical,25.0,10.0,J1,17,0.4003550112247467
analytical,25.0,10.0,J2,17,0.18670983612537384
ANNet,25.0,20.0,J1,17,0.5557986497879028
ANNet,25.0,20.0,J2,17,0.26103511452674866
analytical,25.0,20.0,J1,17,0.5581449270248413
analytical,25.0,20.0,J2,17,0.2582346796989441
ANNet,25.0,50.0,J1,17,0.8843808174133301
ANNet,25.0,50.0,J2,17,0.410340815782547
analytical,25.0,50.0,J1,17,0.8858045935630798
analytical,25.0,50.0,J2,17,0.408413827419281
ANNet,25.0,100.0,J1,17,1.2615379095077515
ANNet,25.0,100.0,J2,17,0.5852419137954712
analytical,25.0,100.0,J1,17,1.2624472379684448
analytical,25.0,100.0,J2,17,0.5836532115936279
ANNet,25.0,200.0,J1,17,1.8233462572097778
ANNet,25.0,200.0,J2,17,0.8455615043640137
analytical,25.0,200.0,J1,17,1.8237589597702026
analytical,25.0,200.0,J2,17,0.8441057801246643
ANNet,25.0,500.0,J1,17,2.9065158367156982
ANNet,25.0,500.0,J2,17,1.3475570678710938
analytical,25.0,500.0,J1,17,2.906437397003174
analytical,25.0,500.0,J2,17,1.3460191488265991
ANNet,25.0,1000.0,J1,17,4.082119464874268
ANNet,25.0,1000.0,J2,17,1.8947144746780396
analytical,25.0,1000.0,J1,17,4.081709861755371
analytical,25.0,1000.0,J2,17,1.8929046392440796
ANNet,0.0,1.0,J1,18,0.8778956532478333
ANNet,0.0,1.0,J2,18,0.6227947473526001
analytical,0.0,1.0,J1,18,0.8769585490226746
analytical,0.0,1.0,J2,18,0.6233901381492615
ANNet,0.0,2.0,J1,18,0.3946504592895508
ANNet,0.0,2.0,J2,18,0.26790621876716614
analytical,0.0,2.0,J1,18,0.39571040868759155
analytical,0.0,2.0,J2,18,0.2713031768798828
ANNet,0.0,5.0,J1,18,0.0436035618185997
ANNet,0.0,5.0,J2,18,0.029032930731773376
analytical,0.0,5.0,J1,18,0.030802279710769653
analytical,0.0,5.0,J2,18,0.025487177073955536
ANNet,0.0,10.0,J1,18,0.033791519701480865
ANNet,0.0,10.0,J2,18,0.019238702952861786
analytical,0.0,10.0,J1,18,0.006905486341565847
analytical,0.0,10.0,J2,18,0.002578465733677149
ANNet,0.0,20.0,J1,18,0.033321741968393326
ANNet,0.0,20.0,J2,18,0.019433870911598206
analytical,0.0,20.0,J1,18,0.0024230368435382843
analytical,0.0,20.0,J2,18,0.0005385117838159204
ANNet,0.0,50.0,J1,18,0.03325041010975838
ANNet,0.0,50.0,J2,18,0.019452184438705444
analytical,0.0,50.0,J1,18,0.0006300446693785489
analytical,0.0,50.0,J2,18,0.00012921620509587228
ANNet,0.0,100.0,J1,18,0.033245451748371124
ANNet,0.0,100.0,J2,18,0.019452475011348724
analytical,0.0,100.0,J1,18,0.0002295911981491372
analytical,0.0,100.0,J2,18,4.623608765541576e-05
ANNet,0.0,200.0,J1,18,0.03324473276734352
ANNet,0.0,200.0,J2,18,0.019452447071671486
analytical,0.0,200.0,J1,18,8.56407787068747e-05
analytical,0.0,200.0,J2,18,1.7117370589403436e-05
ANNet,0.0,500.0,J1,18,0.03324459120631218
ANNet,0.0,500.0,J2,18,0.019452428445219994
analytical,0.0,500.0,J1,18,2.5071913114516065e-05
analytical,0.0,500.0,J2,18,5.075368790130597e-06
ANNet,0.0,1000.0,J1,18,0.03324456512928009
ANNet,0.0,1000.0,J2,18,0.019452428445219994
analytical,0.0,1000.0,J1,18,1.0946126167254988e-05
analytical,0.0,1000.0,J2,18,2.3694351511949208e-06
ANNet,1.0,1.0,J1,18,0.8792274594306946
ANNet,1.0,1.0,J2,18,0.6211787462234497
analytical,1.0,1.0,J1,18,0.8782323598861694
analytical,1.0,1.0,J2,18,0.6218037605285645
ANNet,1.0,2.0,J1,18,0.3968312740325928
ANNet,1.0,2.0,J2,18,0.26791638135910034
analytical,1.0,2.0,J1,18,0.39781028032302856
analytical,1.0,2.0,J2,18,0.27134793996810913
ANNet,1.0,5.0,J1,18,0.04686911776661873
ANNet,1.0,5.0,J2,18,0.02957603521645069
analytical,1.0,5.0,J1,18,0.034690555185079575
analytical,1.0,5.0,J2,18,0.02657378278672695
ANNet,1.0,10.0,J1,18,0.038148097693920135
ANNet,1.0,10.0,J2,18,0.020309414714574814
analytical,1.0,10.0,J1,18,0.017929382622241974
analytical,1.0,10.0,J2,18,0.008641238324344158
ANNet,1.0,20.0,J1,18,0.041579749435186386
ANNet,1.0,20.0,J2,18,0.021988222375512123
analytical,1.0,20.0,J1,18,0.02418002299964428
analytical,1.0,20.0,J2,18,0.011487998999655247
ANNet,1.0,50.0,J1,18,0.05097580328583717
ANNet,1.0,50.0,J2,18,0.02603098191320896
analytical,1.0,50.0,J1,18,0.03812278062105179
analytical,1.0,50.0,J2,18,0.01803012378513813
ANNet,1.0,100.0,J1,18,0.06299825757741928
ANNet,1.0,100.0,J2,18,0.03114575520157814
analytical,1.0,100.0,J1,18,0.053137436509132385
analytical,1.0,100.0,J2,18,0.02484753541648388
ANNet,1.0,200.0,J1,18,0.0822388082742691
ANNet,1.0,200.0,J2,18,0.03952183946967125
analytical,1.0,200.0,J1,18,0.07495483011007309
analytical,1.0,200.0,J2,18,0.03477239981293678
ANNet,1.0,500.0,J1,18,0.12334857881069183
ANNet,1.0,500.0,J2,18,0.05811198055744171
analytical,1.0,500.0,J1,18,0.11861401796340942
analytical,1.0,500.0,J2,18,0.054983705282211304
ANNet,1.0,1000.0,J1,18,0.17007897794246674
ANNet,1.0,1000.0,J2,18,0.0794798731803894
analytical,1.0,1000.0,J1,18,0.1666720062494278
analytical,1.0,1000.0,J2,18,0.07720960676670074
ANNet,2.5,1.0,J1,18,0.8813208937644958
ANNet,2.5,1.0,J2,18,0.6187808513641357
analytical,2.5,1.0,J1,18,0.8802390694618225
analytical,2.5,1.0,J2,18,0.6194505095481873
ANNet,2.5,2.0,J1,18,0.4004867374897003
ANNet,2.5,2.0,J2,18,0.2680739462375641
analytical,2.5,2.0,J1,18,0.40134480595588684
analytical,2.5,2.0,J2,18,0.2715553343296051
ANNet,2.5,5.0,J1,18,0.05705957114696503
ANNet,2.5,5.0,J2,18,0.03257979452610016
analytical,2.5,5.0,J1,18,0.046914052218198776
analytical,2.5,5.0,J2,18,0.03049207665026188
ANNet,2.5,10.0,J1,18,0.05475804582238197
ANNet,2.5,10.0,J2,18,0.026729131117463112
analytical,2.5,10.0,J1,18,0.04248422756791115
analytical,2.5,10.0,J2,18,0.020369695499539375
ANNet,2.5,20.0,J1,18,0.06972473114728928
ANNet,2.5,20.0,J2,18,0.033645790070295334
analytical,2.5,20.0,J1,18,0.0604761578142643
analytical,2.5,20.0,J2,18,0.02861930802464485
ANNet,2.5,50.0,J1,18,0.10143911838531494
ANNet,2.5,50.0,J2,18,0.048431504517793655
analytical,2.5,50.0,J1,18,0.09530860185623169
analytical,2.5,50.0,J2,18,0.04507162421941757
ANNet,2.5,100.0,J1,18,0.13731488585472107
ANNet,2.5,100.0,J2,18,0.0646013393998146
analytical,2.5,100.0,J1,18,0.13285064697265625
analytical,2.5,100.0,J2,18,0.06211730092763901
ANNet,2.5,200.0,J1,18,0.1905750334262848
ANNet,2.5,200.0,J2,18,0.08872917294502258
analytical,2.5,200.0,J1,18,0.18738749623298645
analytical,2.5,200.0,J2,18,0.08693046867847443
ANNet,2.5,500.0,J1,18,0.29856857657432556
ANNet,2.5,500.0,J2,18,0.1386232227087021
analytical,2.5,500.0,J1,18,0.2965376079082489
analytical,2.5,500.0,J2,18,0.1374577432870865
ANNet,2.5,1000.0,J1,18,0.4181479513645172
ANNet,2.5,1000.0,J2,18,0.1938864290714264
analytical,2.5,1000.0,J1,18,0.4166869819164276
analytical,2.5,1000.0,J2,18,0.19302360713481903
ANNet,5.0,1.0,J1,18,0.8850627541542053
ANNet,5.0,1.0,J2,18,0.6148549318313599
analytical,5.0,1.0,J1,18,0.8838376998901367
analytical,5.0,1.0,J2,18,0.6155996322631836
ANNet,5.0,2.0,J1,18,0.4075721800327301
ANNet,5.0,2.0,J2,18,0.268714964389801
analytical,5.0,2.0,J1,18,0.40823107957839966
analytical,5.0,2.0,J2,18,0.2722738981246948
ANNet,5.0,5.0,J1,18,0.08162954449653625
ANNet,5.0,5.0,J2,18,0.04175110533833504
analytical,5.0,5.0,J1,18,0.0741938054561615
analytical,5.0,5.0,J2,18,0.040895167738199234
ANNet,5.0,10.0,J1,18,0.09182536602020264
ANNet,5.0,10.0,J2,18,0.043054141104221344
analytical,5.0,10.0,J1,18,0.08448710292577744
analytical,5.0,10.0,J2,18,0.04021555557847023
ANNet,5.0,20.0,J1,18,0.12634196877479553
ANNet,5.0,20.0,J2,18,0.05932321026921272
analytical,5.0,20.0,J1,18,0.12106639891862869
analytical,5.0,20.0,J2,18,0.05718138441443443
ANNet,5.0,50.0,J1,18,0.19403189420700073
ANNet,5.0,50.0,J2,18,0.0915241464972496
analytical,5.0,50.0,J1,18,0.1906246840953827
analytical,5.0,50.0,J2,18,0.09014078229665756
ANNet,5.0,100.0,J1,18,0.2681649327278137
ANNet,5.0,100.0,J2,18,0.12524966895580292
analytical,5.0,100.0,J1,18,0.2657106816768646
analytical,5.0,100.0,J2,18,0.12423310428857803
ANNet,5.0,200.0,J1,18,0.3765130639076233
ANNet,5.0,200.0,J2,18,0.17460069060325623
analytical,5.0,200.0,J1,18,0.37477588653564453
analytical,5.0,200.0,J2,18,0.17385920882225037
ANNet,5.0,500.0,J1,18,0.5941947102546692
ANNet,5.0,500.0,J2,18,0.275422066450119
analytical,5.0,500.0,J1,18,0.5930811762809753
analytical,5.0,500.0,J2,18,0.2749101221561432
ANNet,5.0,1000.0,J1,18,0.8342129588127136
ANNet,5.0,1000.0,J2,18,0.38647258281707764
analytical,5.0,1000.0,J1,18,0.8333922028541565
analytical,5.0,1000.0,J2,18,0.3860446810722351
ANNet,10.0,1.0,J1,18,0.8934804201126099
ANNet,10.0,1.0,J2,18,0.607274055480957
analytical,10.0,1.0,J1,18,0.891973078250885
analytical,10.0,1.0,J2,18,0.6081709265708923
ANNet,10.0,2.0,J1,18,0.4252297878265381
ANNet,10.0,2.0,J2,18,0.2714008092880249
analytical,10.0,2.0,J1,18,0.4255049228668213
analytical,10.0,2.0,J2,18,0.2750931978225708
ANNet,10.0,5.0,J1,18,0.14013364911079407
ANNet,10.0,5.0,J2,18,0.06705297529697418
analytical,10.0,5.0,J1,18,0.1351548433303833
analytical,10.0,5.0,J2,18,0.06741717457771301
ANNet,10.0,10.0,J1,18,0.17329147458076477
ANNet,10.0,10.0,J2,18,0.08072830736637115
analytical,10.0,10.0,J1,18,0.1689150184392929
analytical,10.0,10.0,J2,18,0.08002804964780807
ANNet,10.0,20.0,J1,18,0.24538221955299377
ANNet,10.0,20.0,J2,18,0.11485779285430908
analytical,10.0,20.0,J1,18,0.2422819882631302
analytical,10.0,20.0,J2,18,0.11430903524160385
ANNet,10.0,50.0,J1,18,0.3832690119743347
ANNet,10.0,50.0,J2,18,0.1806379109621048
analytical,10.0,50.0,J1,18,0.38126644492149353
analytical,10.0,50.0,J2,18,0.18027779459953308
ANNet,10.0,100.0,J1,18,0.5328841209411621
ANNet,10.0,100.0,J2,18,0.24874241650104523
analytical,10.0,100.0,J1,18,0.5314457416534424
analytical,10.0,100.0,J2,18,0.24846263229846954
ANNet,10.0,200.0,J1,18,0.7505601644515991
ANNet,10.0,200.0,J2,18,0.34793904423713684
analytical,10.0,200.0,J1,18,0.7495515942573547
analytical,10.0,200.0,J2,18,0.3477107286453247
ANNet,10.0,500.0,J1,18,1.186843752861023
ANNet,10.0,500.0,J2,18,0.5500277876853943
analytical,10.0,500.0,J1,18,1.1861729621887207
analytical,10.0,500.0,J2,18,0.5497960448265076
ANNet,10.0,1000.0,J1,18,1.667364239692688
ANNet,10.0,1000.0,J2,18,0.7723671197891235
analytical,10.0,1000.0,J1,18,1.6668232679367065
analytical,10.0,1000.0,J2,18,0.772070586681366
ANNet,25.0,1.0,J1,18,0.9258703589439392
ANNet,25.0,1.0,J2,18,0.586820125579834
analytical,25.0,1.0,J1,18,0.9235597252845764
analytical,25.0,1.0,J2,18,0.5881887674331665
ANNet,25.0,2.0,J1,18,0.5009647011756897
ANNet,25.0,2.0,J2,18,0.2900165319442749
analytical,25.0,2.0,J1,18,0.5002697110176086
analytical,25.0,2.0,J2,18,0.29393455386161804
ANNet,25.0,5.0,J1,18,0.3283689022064209
ANNet,25.0,5.0,J2,18,0.15450240671634674
analytical,25.0,5.0,J1,18,0.3252411484718323
analytical,25.0,5.0,J2,18,0.1557585746049881
ANNet,25.0,10.0,J1,18,0.4250645041465759
ANNet,25.0,10.0,J2,18,0.19897833466529846
analytical,25.0,10.0,J1,18,0.42253851890563965
analytical,25.0,10.0,J2,18,0.1995725929737091
ANNet,25.0,20.0,J1,18,0.607742428779602
ANNet,25.0,20.0,J2,18,0.2853120267391205
analytical,25.0,20.0,J1,18,0.6059468984603882
analytical,25.0,20.0,J2,18,0.2856923043727875
ANNet,25.0,50.0,J1,18,0.9544596076011658
ANNet,25.0,50.0,J2,18,0.4504600763320923
analytical,25.0,50.0,J1,18,0.9532501697540283
analytical,25.0,50.0,J2,18,0.4506753385066986
ANNet,25.0,100.0,J1,18,1.3296267986297607
ANNet,25.0,100.0,J2,18,0.6210223436355591
analytical,25.0,100.0,J1,18,1.3287469148635864
analytical,25.0,100.0,J2,18,0.6211287975311279
ANNet,25.0,200.0,J1,18,1.8744158744812012
ANNet,25.0,200.0,J2,18,0.8692076206207275
analytical,25.0,200.0,J1,18,1.8738024234771729
analytical,25.0,200.0,J2,18,0.8692008852958679
ANNet,25.0,500.0,J1,18,2.9657864570617676
ANNet,25.0,500.0,J2,18,1.3745085000991821
analytical,25.0,500.0,J1,18,2.965263605117798
analytical,25.0,500.0,J2,18,1.3742495775222778
ANNet,25.0,1000.0,J1,18,4.167284965515137
ANNet,25.0,1000.0,J2,18,1.9304500818252563
analytical,25.0,1000.0,J1,18,4.166665077209473
analytical,25.0,1000.0,J2,18,1.9298635721206665
ANNet,0.0,1.0,J1,19,0.5757432579994202
ANNet,0.0,1.0,J2,19,0.34067538380622864
analytical,0.0,1.0,J1,19,0.5735267400741577
analytical,0.0,1.0,J2,19,0.34245583415031433
ANNet,0.0,2.0,J1,19,0.2513803243637085
ANNet,0.0,2.0,J2,19,0.09383894503116608
analytical,0.0,2.0,J1,19,0.25072407722473145
analytical,0.0,2.0,J2,19,0.08972015231847763
ANNet,0.0,5.0,J1,19,0.03541692718863487
ANNet,0.0,5.0,J2,19,0.02753532864153385
analytical,0.0,5.0,J1,19,0.027756689116358757
analytical,0.0,5.0,J2,19,0.011712955310940742
ANNet,0.0,10.0,J1,19,0.02400398999452591
ANNet,0.0,10.0,J2,19,0.02517840266227722
analytical,0.0,10.0,J1,19,0.008690014481544495
analytical,0.0,10.0,J2,19,0.0035640334244817495
ANNet,0.0,20.0,J1,19,0.02262616902589798
ANNet,0.0,20.0,J2,19,0.024948889389634132
analytical,0.0,20.0,J1,19,0.003075789660215378
analytical,0.0,20.0,J2,19,0.0012623410439118743
ANNet,0.0,50.0,J1,19,0.022434452548623085
ANNet,0.0,50.0,J2,19,0.024917062371969223
analytical,0.0,50.0,J1,19,0.0007921159849502146
analytical,0.0,50.0,J2,19,0.0003258184005971998
ANNet,0.0,100.0,J1,19,0.022422483190894127
ANNet,0.0,100.0,J2,19,0.02491501346230507
analytical,0.0,100.0,J1,19,0.0002878630766645074
analytical,0.0,100.0,J2,19,0.00011850275768665597
ANNet,0.0,200.0,J1,19,0.022420896217226982
ANNet,0.0,200.0,J2,19,0.024914713576436043
analytical,0.0,200.0,J1,19,0.00010723880404839292
analytical,0.0,200.0,J2,19,4.41608062828891e-05
ANNet,0.0,500.0,J1,19,0.022420639172196388
ANNet,0.0,500.0,J2,19,0.024914640933275223
analytical,0.0,500.0,J1,19,3.128424577880651e-05
analytical,0.0,500.0,J2,19,1.288724070036551e-05
ANNet,0.0,1000.0,J1,19,0.022420614957809448
ANNet,0.0,1000.0,J2,19,0.024914631620049477
analytical,0.0,1000.0,J1,19,1.3488586773746647e-05
analytical,0.0,1000.0,J2,19,5.559996225201758e-06
ANNet,1.0,1.0,J1,19,0.5760427713394165
ANNet,1.0,1.0,J2,19,0.3407489061355591
analytical,1.0,1.0,J1,19,0.5738253593444824
analytical,1.0,1.0,J2,19,0.34251728653907776
ANNet,1.0,2.0,J1,19,0.2508334517478943
ANNet,1.0,2.0,J2,19,0.09359809011220932
analytical,1.0,2.0,J1,19,0.25023457407951355
analytical,1.0,2.0,J2,19,0.08948688954114914
ANNet,1.0,5.0,J1,19,0.03588378056883812
ANNet,1.0,5.0,J2,19,0.027646051719784737
analytical,1.0,5.0,J1,19,0.028893539682030678
analytical,1.0,5.0,J2,19,0.012594305910170078
ANNet,1.0,10.0,J1,19,0.02683844603598118
ANNet,1.0,10.0,J2,19,0.025523727759718895
analytical,1.0,10.0,J1,19,0.015782756730914116
analytical,1.0,10.0,J2,19,0.006819386035203934
ANNet,1.0,20.0,J1,19,0.028284357860684395
ANNet,1.0,20.0,J2,19,0.025838453322649002
analytical,1.0,20.0,J1,19,0.018071064725518227
analytical,1.0,20.0,J2,19,0.007937234826385975
ANNet,1.0,50.0,J1,19,0.03488748520612717
ANNet,1.0,50.0,J2,19,0.027403879910707474
analytical,1.0,50.0,J1,19,0.02725456841289997
analytical,1.0,50.0,J2,19,0.01209600456058979
ANNet,1.0,100.0,J1,19,0.04364599660038948
ANNet,1.0,100.0,J2,19,0.029808757826685905
analytical,1.0,100.0,J1,19,0.03780912607908249
analytical,1.0,100.0,J2,19,0.016843343153595924
ANNet,1.0,200.0,J1,19,0.0572638213634491
ANNet,1.0,200.0,J2,19,0.03412347659468651
analytical,1.0,200.0,J1,19,0.05292844772338867
analytical,1.0,200.0,J2,19,0.02364479750394821
ANNet,1.0,500.0,J1,19,0.08594737201929092
ANNet,1.0,500.0,J2,19,0.04458064213395119
analytical,1.0,500.0,J1,19,0.0830778032541275
analytical,1.0,500.0,J2,19,0.03715614601969719
ANNet,1.0,1000.0,J1,19,0.11961133778095245
ANNet,1.0,1000.0,J2,19,0.05808950960636139
analytical,1.0,1000.0,J1,19,0.11751452088356018
analytical,1.0,1000.0,J2,19,0.05258265882730484
ANNet,2.5,1.0,J1,19,0.5765599012374878
ANNet,2.5,1.0,J2,19,0.3408832848072052
analytical,2.5,1.0,J1,19,0.5743410587310791
analytical,2.5,1.0,J2,19,0.3426333963871002
ANNet,2.5,2.0,J1,19,0.2503248453140259
ANNet,2.5,2.0,J2,19,0.09339866042137146
analytical,2.5,2.0,J1,19,0.24981267750263214
analytical,2.5,2.0,J2,19,0.0893060639500618
ANNet,2.5,5.0,J1,19,0.041152045130729675
ANNet,2.5,5.0,J2,19,0.02903563715517521
analytical,2.5,5.0,J1,19,0.03587174043059349
analytical,2.5,5.0,J2,19,0.01613219454884529
ANNet,2.5,10.0,J1,19,0.039788100868463516
ANNet,2.5,10.0,J2,19,0.028323663398623466
analytical,2.5,10.0,J1,19,0.03398393094539642
analytical,2.5,10.0,J2,19,0.014883140102028847
ANNet,2.5,20.0,J1,19,0.04913947358727455
ANNet,2.5,20.0,J2,19,0.0310579352080822
analytical,2.5,20.0,J1,19,0.04452825337648392
analytical,2.5,20.0,J2,19,0.019594505429267883
ANNet,2.5,50.0,J1,19,0.07123078405857086
ANNet,2.5,50.0,J2,19,0.03866463527083397
analytical,2.5,50.0,J1,19,0.06809881329536438
analytical,2.5,50.0,J2,19,0.03022625856101513
ANNet,2.5,100.0,J1,19,0.09683175384998322
ANNet,2.5,100.0,J2,19,0.048533402383327484
analytical,2.5,100.0,J1,19,0.09451472759246826
analytical,2.5,100.0,J2,19,0.042105358093976974
ANNet,2.5,200.0,J1,19,0.13404010236263275
ANNet,2.5,200.0,J2,19,0.06387364864349365
analytical,2.5,200.0,J1,19,0.13232199847698212
analytical,2.5,200.0,J2,19,0.059112127870321274
ANNet,2.5,500.0,J1,19,0.20890431106090546
ANNet,2.5,500.0,J2,19,0.09604085236787796
analytical,2.5,500.0,J1,19,0.20769649744033813
analytical,2.5,500.0,J2,19,0.09289069473743439
ANNet,2.5,1000.0,J1,19,0.2947722375392914
ANNet,2.5,1000.0,J2,19,0.1337624490261078
analytical,2.5,1000.0,J1,19,0.2937878668308258
analytical,2.5,1000.0,J2,19,0.13145732879638672
ANNet,5.0,1.0,J1,19,0.577602207660675
ANNet,5.0,1.0,J2,19,0.3411714434623718
analytical,5.0,1.0,J1,19,0.575381338596344
analytical,5.0,1.0,J2,19,0.3428906202316284
ANNet,5.0,2.0,J1,19,0.25031277537345886
ANNet,5.0,2.0,J2,19,0.09350027143955231
analytical,5.0,2.0,J1,19,0.24994616210460663
analytical,5.0,2.0,J2,19,0.0894576907157898
ANNet,5.0,5.0,J1,19,0.05761084333062172
ANNet,5.0,5.0,J2,19,0.03405798599123955
analytical,5.0,5.0,J1,19,0.054658833891153336
analytical,5.0,5.0,J2,19,0.024798383936285973
ANNet,5.0,10.0,J1,19,0.06888671964406967
ANNet,5.0,10.0,J2,19,0.03722265735268593
analytical,5.0,10.0,J1,19,0.06622493267059326
analytical,5.0,10.0,J2,19,0.029062818735837936
ANNet,5.0,20.0,J1,19,0.09088131040334702
ANNet,5.0,20.0,J2,19,0.045505233108997345
analytical,5.0,20.0,J1,19,0.0888325572013855
analytical,5.0,20.0,J2,19,0.03910316154360771
ANNet,5.0,50.0,J1,19,0.1375894844532013
ANNet,5.0,50.0,J2,19,0.06479521095752716
analytical,5.0,50.0,J1,19,0.1361820548772812
analytical,5.0,50.0,J2,19,0.06044675037264824
ANNet,5.0,100.0,J1,19,0.1901157796382904
ANNet,5.0,100.0,J2,19,0.08741305768489838
analytical,5.0,100.0,J1,19,0.18902571499347687
analytical,5.0,100.0,J2,19,0.08420930802822113
ANNet,5.0,200.0,J1,19,0.2655341923236847
ANNet,5.0,200.0,J2,19,0.12057709693908691
analytical,5.0,200.0,J1,19,0.2646467685699463
analytical,5.0,200.0,J2,19,0.11822468787431717
ANNet,5.0,500.0,J1,19,0.41618257761001587
ANNet,5.0,500.0,J2,19,0.18739019334316254
analytical,5.0,500.0,J1,19,0.41539812088012695
analytical,5.0,500.0,J2,19,0.1857820600271225
ANNet,5.0,1000.0,J1,19,0.5883917212486267
ANNet,5.0,1000.0,J2,19,0.2641773223876953
analytical,5.0,1000.0,J1,19,0.5875787734985352
analytical,5.0,1000.0,J2,19,0.2629165053367615
ANNet,10.0,1.0,J1,19,0.5803583264350891
ANNet,10.0,1.0,J2,19,0.3419877588748932
analytical,10.0,1.0,J1,19,0.5781345963478088
analytical,10.0,1.0,J2,19,0.3436433672904968
ANNet,10.0,2.0,J1,19,0.25340700149536133
ANNet,10.0,2.0,J2,19,0.09531298279762268
analytical,10.0,2.0,J1,19,0.25332826375961304
analytical,10.0,2.0,J2,19,0.09143636375665665
ANNet,10.0,5.0,J1,19,0.10064390301704407
ANNet,10.0,5.0,J2,19,0.04989749193191528
analytical,10.0,5.0,J1,19,0.09971226006746292
analytical,10.0,5.0,J2,19,0.044937681406736374
ANNet,10.0,10.0,J1,19,0.13242296874523163
ANNet,10.0,10.0,J2,19,0.06162112578749657
analytical,10.0,10.0,J1,19,0.13153508305549622
analytical,10.0,10.0,J2,19,0.057739969342947006
ANNet,10.0,20.0,J1,19,0.1782541424036026
ANNet,10.0,20.0,J2,19,0.08108490705490112
analytical,10.0,20.0,J1,19,0.17752064764499664
analytical,10.0,20.0,J2,19,0.07814983278512955
ANNet,10.0,50.0,J1,19,0.27295610308647156
ANNet,10.0,50.0,J2,19,0.12285520136356354
analytical,10.0,50.0,J1,19,0.2723531126976013
analytical,10.0,50.0,J2,19,0.1208885908126831
ANNet,10.0,100.0,J1,19,0.37863340973854065
ANNet,10.0,100.0,J2,19,0.16989699006080627
analytical,10.0,100.0,J1,19,0.37805044651031494
analytical,10.0,100.0,J2,19,0.16841816902160645
ANNet,10.0,200.0,J1,19,0.5299357175827026
ANNet,10.0,200.0,J2,19,0.2376074194908142
analytical,10.0,200.0,J1,19,0.5293029546737671
analytical,10.0,200.0,J2,19,0.23645085096359253
ANNet,10.0,500.0,J1,19,0.8316487669944763
ANNet,10.0,500.0,J2,19,0.37250855565071106
analytical,10.0,500.0,J1,19,0.8308107852935791
analytical,10.0,500.0,J2,19,0.3715657591819763
ANNet,10.0,1000.0,J1,19,1.1762559413909912
ANNet,10.0,1000.0,J2,19,0.5267458558082581
analytical,10.0,1000.0,J1,19,1.175155520439148
analytical,10.0,1000.0,J2,19,0.5258381962776184
ANNet,25.0,1.0,J1,19,0.5938640832901001
ANNet,25.0,1.0,J2,19,0.34633129835128784
analytical,25.0,1.0,J1,19,0.5916411280632019
analytical,25.0,1.0,J2,19,0.3477843105792999
ANNet,25.0,2.0,J1,19,0.28540709614753723
ANNet,25.0,2.0,J2,19,0.11200828105211258
analytical,25.0,2.0,J1,19,0.286063551902771
analytical,25.0,2.0,J2,19,0.10892320424318314
ANNet,25.0,5.0,J1,19,0.2429656982421875
ANNet,25.0,5.0,J2,19,0.10976529121398926
analytical,25.0,5.0,J1,19,0.24337856471538544
analytical,25.0,5.0,J2,19,0.1085977628827095
ANNet,25.0,10.0,J1,19,0.32806843519210815
ANNet,25.0,10.0,J2,19,0.14488612115383148
analytical,25.0,10.0,J1,19,0.3281407356262207
analytical,25.0,10.0,J2,19,0.14403127133846283
ANNet,25.0,20.0,J1,19,0.443758487701416
ANNet,25.0,20.0,J2,19,0.19600452482700348
analytical,25.0,20.0,J1,19,0.4436468482017517
analytical,25.0,20.0,J2,19,0.19530509412288666
ANNet,25.0,50.0,J1,19,0.6812567114830017
ANNet,25.0,50.0,J2,19,0.302788108587265
analytical,25.0,50.0,J1,19,0.6808736324310303
analytical,25.0,50.0,J2,19,0.3022107481956482
ANNet,25.0,100.0,J1,19,0.9457806944847107
ANNet,25.0,100.0,J2,19,0.42162176966667175
analytical,25.0,100.0,J1,19,0.945133626461029
analytical,25.0,100.0,J2,19,0.42105019092559814
ANNet,25.0,200.0,J1,19,1.3242961168289185
ANNet,25.0,200.0,J2,19,0.5917965769767761
analytical,25.0,200.0,J1,19,1.3232967853546143
analytical,25.0,200.0,J2,19,0.591134250164032
ANNet,25.0,500.0,J1,19,2.0787105560302734
ANNet,25.0,500.0,J2,19,0.9298333525657654
analytical,25.0,500.0,J1,19,2.0770325660705566
analytical,25.0,500.0,J2,19,0.928910493850708
ANNet,25.0,1000.0,J1,19,2.9399075508117676
ANNet,25.0,1000.0,J2,19,1.3157877922058105
analytical,25.0,1000.0,J1,19,2.9375877380371094
analytical,25.0,1000.0,J2,19,1.3145899772644043
ANNet,0.0,1.0,J1,20,0.702985405921936
ANNet,0.0,1.0,J2,20,0.8288396596908569
analytical,0.0,1.0,J1,20,0.6987661123275757
analytical,0.0,1.0,J2,20,0.8344088196754456
ANNet,0.0,2.0,J1,20,0.3609161078929901
ANNet,0.0,2.0,J2,20,0.4038483798503876
analytical,0.0,2.0,J1,20,0.35976535081863403
analytical,0.0,2.0,J2,20,0.4065797030925751
ANNet,0.0,5.0,J1,20,0.0484435148537159
ANNet,0.0,5.0,J2,20,0.04293419048190117
analytical,0.0,5.0,J1,20,0.02952590584754944
analytical,0.0,5.0,J2,20,0.04150841757655144
ANNet,0.0,10.0,J1,20,0.03834949806332588
ANNet,0.0,10.0,J2,20,0.020244311541318893
analytical,0.0,10.0,J1,20,0.0029574506916105747
analytical,0.0,10.0,J2,20,0.003952853847295046
ANNet,0.0,20.0,J1,20,0.038226619362831116
ANNet,0.0,20.0,J2,20,0.020498812198638916
analytical,0.0,20.0,J1,20,0.0006195082096382976
analytical,0.0,20.0,J2,20,0.0006121632177382708
ANNet,0.0,50.0,J1,20,0.038223542273044586
ANNet,0.0,50.0,J2,20,0.020531976595520973
analytical,0.0,50.0,J1,20,0.0001580178359290585
analytical,0.0,50.0,J2,20,0.0001414878061041236
ANNet,0.0,100.0,J1,20,0.038223523646593094
ANNet,0.0,100.0,J2,20,0.020532522350549698
analytical,0.0,100.0,J1,20,5.8113833802053705e-05
analytical,0.0,100.0,J2,20,5.09038582094945e-05
ANNet,0.0,200.0,J1,20,0.038223572075366974
ANNet,0.0,200.0,J2,20,0.020532533526420593
analytical,0.0,200.0,J1,20,2.1934161850367673e-05
analytical,0.0,200.0,J2,20,1.8911132428911515e-05
ANNet,0.0,500.0,J1,20,0.03822357952594757
ANNet,0.0,500.0,J2,20,0.02053253911435604
analytical,0.0,500.0,J1,20,6.920772648300044e-06
analytical,0.0,500.0,J2,20,5.622539447358577e-06
ANNet,0.0,1000.0,J1,20,0.03822358697652817
ANNet,0.0,1000.0,J2,20,0.020532552152872086
analytical,0.0,1000.0,J1,20,3.748456947505474e-06
analytical,0.0,1000.0,J2,20,2.6220309337077197e-06
ANNet,1.0,1.0,J1,20,0.7032780051231384
ANNet,1.0,1.0,J2,20,0.8285871148109436
analytical,1.0,1.0,J1,20,0.6991060972213745
analytical,1.0,1.0,J2,20,0.8341354727745056
ANNet,1.0,2.0,J1,20,0.3595186173915863
ANNet,1.0,2.0,J2,20,0.40450721979141235
analytical,1.0,2.0,J1,20,0.35843756794929504
analytical,1.0,2.0,J2,20,0.40721216797828674
ANNet,1.0,5.0,J1,20,0.048198189586400986
ANNet,1.0,5.0,J2,20,0.04436448588967323
analytical,1.0,5.0,J1,20,0.029749343171715736
analytical,1.0,5.0,J2,20,0.04286540672183037
ANNet,1.0,10.0,J1,20,0.0416267067193985
ANNet,1.0,10.0,J2,20,0.02204752527177334
analytical,1.0,10.0,J1,20,0.017418548464775085
analytical,1.0,10.0,J2,20,0.009240766987204552
ANNet,1.0,20.0,J1,20,0.045537278056144714
ANNet,1.0,20.0,J2,20,0.023645756766200066
analytical,1.0,20.0,J1,20,0.025364644825458527
analytical,1.0,20.0,J2,20,0.011593060567975044
ANNet,1.0,50.0,J1,20,0.05585687980055809
ANNet,1.0,50.0,J2,20,0.02791127935051918
analytical,1.0,50.0,J1,20,0.04109850898385048
analytical,1.0,50.0,J2,20,0.018772253766655922
ANNet,1.0,100.0,J1,20,0.06915570050477982
ANNet,1.0,100.0,J2,20,0.03367653861641884
analytical,1.0,100.0,J1,20,0.0578877218067646
analytical,1.0,100.0,J2,20,0.02659071423113346
ANNet,1.0,200.0,J1,20,0.08963919430971146
ANNet,1.0,200.0,J2,20,0.043010275810956955
analytical,1.0,200.0,J1,20,0.0812545195221901
analytical,1.0,200.0,J2,20,0.03771045431494713
ANNet,1.0,500.0,J1,20,0.1338130682706833
ANNet,1.0,500.0,J2,20,0.06327290087938309
analytical,1.0,500.0,J1,20,0.12833446264266968
analytical,1.0,500.0,J2,20,0.059776220470666885
ANNet,1.0,1000.0,J1,20,0.18477654457092285
ANNet,1.0,1000.0,J2,20,0.08692946285009384
analytical,1.0,1000.0,J1,20,0.18083740770816803
analytical,1.0,1000.0,J2,20,0.08439750224351883
ANNet,2.5,1.0,J1,20,0.7037868499755859
ANNet,2.5,1.0,J2,20,0.828220546245575
analytical,2.5,1.0,J1,20,0.6996862292289734
analytical,2.5,1.0,J2,20,0.8337376117706299
ANNet,2.5,2.0,J1,20,0.35775619745254517
ANNet,2.5,2.0,J2,20,0.40555480122566223
analytical,2.5,2.0,J1,20,0.3567814230918884
analytical,2.5,2.0,J2,20,0.40821993350982666
ANNet,2.5,5.0,J1,20,0.05386526137590408
ANNet,2.5,5.0,J2,20,0.047761693596839905
analytical,2.5,5.0,J1,20,0.03897591680288315
analytical,2.5,5.0,J2,20,0.046203888952732086
ANNet,2.5,10.0,J1,20,0.05733660236001015
ANNet,2.5,10.0,J2,20,0.02900339849293232
analytical,2.5,10.0,J1,20,0.04367043823003769
analytical,2.5,10.0,J2,20,0.02075543813407421
ANNet,2.5,20.0,J1,20,0.07355984300374985
ANNet,2.5,20.0,J2,20,0.0356459841132164
analytical,2.5,20.0,J1,20,0.06345470249652863
analytical,2.5,20.0,J2,20,0.028954340144991875
ANNet,2.5,50.0,J1,20,0.10928661376237869
ANNet,2.5,50.0,J2,20,0.051363755017519
analytical,2.5,50.0,J1,20,0.10274601727724075
analytical,2.5,50.0,J2,20,0.04693003371357918
ANNet,2.5,100.0,J1,20,0.14944492280483246
ANNet,2.5,100.0,J2,20,0.06969340145587921
analytical,2.5,100.0,J1,20,0.14471715688705444
analytical,2.5,100.0,J2,20,0.06647584587335587
ANNet,2.5,200.0,J1,20,0.20655055344104767
ANNet,2.5,200.0,J2,20,0.09659634530544281
analytical,2.5,200.0,J1,20,0.2031347006559372
analytical,2.5,200.0,J2,20,0.09427595883607864
ANNet,2.5,500.0,J1,20,0.3230345845222473
ANNet,2.5,500.0,J2,20,0.15096575021743774
analytical,2.5,500.0,J1,20,0.320828914642334
analytical,2.5,500.0,J2,20,0.14944027364253998
ANNet,2.5,1000.0,J1,20,0.45368140935897827
ANNet,2.5,1000.0,J2,20,0.2121274769306183
analytical,2.5,1000.0,J1,20,0.4520856440067291
analytical,2.5,1000.0,J2,20,0.2109920084476471
ANNet,5.0,1.0,J1,20,0.7048210501670837
ANNet,5.0,1.0,J2,20,0.8276422023773193
analytical,5.0,1.0,J1,20,0.7008399963378906
analytical,5.0,1.0,J2,20,0.8331068158149719
ANNet,5.0,2.0,J1,20,0.35572272539138794
ANNet,5.0,2.0,J2,20,0.40745776891708374
analytical,5.0,2.0,J1,20,0.3549290597438812
analytical,5.0,2.0,J2,20,0.4100554883480072
ANNet,5.0,5.0,J1,20,0.07418232411146164
ANNet,5.0,5.0,J2,20,0.05601755529642105
analytical,5.0,5.0,J1,20,0.06491705775260925
analytical,5.0,5.0,J2,20,0.054455455392599106
ANNet,5.0,10.0,J1,20,0.09474433958530426
ANNet,5.0,10.0,J2,20,0.04555194079875946
analytical,5.0,10.0,J1,20,0.08762507885694504
analytical,5.0,10.0,J2,20,0.040601398795843124
ANNet,5.0,20.0,J1,20,0.13200122117996216
ANNet,5.0,20.0,J2,20,0.061630215495824814
analytical,5.0,20.0,J1,20,0.12694653868675232
analytical,5.0,20.0,J2,20,0.057903364300727844
ANNet,5.0,50.0,J1,20,0.2086682766675949
ANNet,5.0,50.0,J2,20,0.09625490009784698
analytical,5.0,50.0,J1,20,0.20548997819423676
analytical,5.0,50.0,J2,20,0.09386088699102402
ANNet,5.0,100.0,J1,20,0.291723370552063
ANNet,5.0,100.0,J2,20,0.1346866637468338
analytical,5.0,100.0,J1,20,0.2894308865070343
analytical,5.0,100.0,J2,20,0.13295142352581024
ANNet,5.0,200.0,J1,20,0.40794387459754944
ANNet,5.0,200.0,J2,20,0.18982909619808197
analytical,5.0,200.0,J1,20,0.4062644839286804
analytical,5.0,200.0,J2,20,0.18855136632919312
ANNet,5.0,500.0,J1,20,0.6427615880966187
ANNet,5.0,500.0,J2,20,0.29978957772254944
analytical,5.0,500.0,J1,20,0.6416321992874146
analytical,5.0,500.0,J2,20,0.29887905716896057
ANNet,5.0,1000.0,J1,20,0.9050000905990601
ANNet,5.0,1000.0,J2,20,0.4227280914783478
analytical,5.0,1000.0,J1,20,0.9041407108306885
analytical,5.0,1000.0,J2,20,0.4219764769077301
ANNet,10.0,1.0,J1,20,0.7075836062431335
ANNet,10.0,1.0,J2,20,0.8266079425811768
analytical,10.0,1.0,J1,20,0.7038434147834778
analytical,10.0,1.0,J2,20,0.831966757774353
ANNet,10.0,2.0,J1,20,0.35510292649269104
ANNet,10.0,2.0,J2,20,0.41184234619140625
analytical,10.0,2.0,J1,20,0.3546800911426544
analytical,10.0,2.0,J2,20,0.41430196166038513
ANNet,10.0,5.0,J1,20,0.1298038810491562
ANNet,10.0,5.0,J2,20,0.078157939016819
analytical,10.0,5.0,J1,20,0.12549957633018494
analytical,10.0,5.0,J2,20,0.07670116424560547
ANNet,10.0,10.0,J1,20,0.17881128191947937
ANNet,10.0,10.0,J2,20,0.0833672508597374
analytical,10.0,10.0,J1,20,0.17561481893062592
analytical,10.0,10.0,J2,20,0.08057084679603577
ANNet,10.0,20.0,J1,20,0.25621485710144043
ANNet,10.0,20.0,J2,20,0.11783832311630249
analytical,10.0,20.0,J1,20,0.25394126772880554
analytical,10.0,20.0,J2,20,0.11580860614776611
ANNet,10.0,50.0,J1,20,0.41241148114204407
ANNet,10.0,50.0,J2,20,0.18907687067985535
analytical,10.0,50.0,J1,20,0.4109697639942169
analytical,10.0,50.0,J2,20,0.18772560358047485
ANNet,10.0,100.0,J1,20,0.5799309611320496
ANNet,10.0,100.0,J2,20,0.2669295370578766
analytical,10.0,100.0,J1,20,0.5788499712944031
analytical,10.0,100.0,J2,20,0.2659035623073578
ANNet,10.0,200.0,J1,20,0.8133653998374939
ANNet,10.0,200.0,J2,20,0.37792494893074036
analytical,10.0,200.0,J1,20,0.812506914138794
analytical,10.0,200.0,J2,20,0.3770996332168579
ANNet,10.0,500.0,J1,20,1.2838267087936401
ANNet,10.0,500.0,J2,20,0.5984776020050049
analytical,10.0,500.0,J1,20,1.2831506729125977
analytical,10.0,500.0,J2,20,0.5977478623390198
ANNet,10.0,1000.0,J1,20,1.8087342977523804
ANNet,10.0,1000.0,J2,20,0.8446489572525024
analytical,10.0,1000.0,J1,20,1.8081278800964355
analytical,10.0,1000.0,J2,20,0.8439109325408936
ANNet,25.0,1.0,J1,20,0.7213095426559448
ANNet,25.0,1.0,J2,20,0.8244898319244385
analytical,25.0,1.0,J1,20,0.7182973623275757
analytical,25.0,1.0,J2,20,0.8295238018035889
ANNet,25.0,2.0,J1,20,0.3801023066043854
ANNet,25.0,2.0,J2,20,0.429390013217926
analytical,25.0,2.0,J1,20,0.38073819875717163
analytical,25.0,2.0,J2,20,0.4314182996749878
ANNet,25.0,5.0,J1,20,0.31634625792503357
ANNet,25.0,5.0,J2,20,0.15837416052818298
analytical,25.0,5.0,J1,20,0.315542995929718
analytical,25.0,5.0,J2,20,0.15713734924793243
ANNet,25.0,10.0,J1,20,0.4404070973396301
ANNet,25.0,10.0,J2,20,0.2020924836397171
analytical,25.0,10.0,J1,20,0.4396941065788269
analytical,25.0,10.0,J2,20,0.20071916282176971
ANNet,25.0,20.0,J1,20,0.6355745196342468
ANNet,25.0,20.0,J2,20,0.29054901003837585
analytical,25.0,20.0,J1,20,0.6349958777427673
analytical,25.0,20.0,J2,20,0.28954601287841797
ANNet,25.0,50.0,J1,20,1.0277783870697021
ANNet,25.0,50.0,J2,20,0.4701884388923645
analytical,25.0,50.0,J1,20,1.027335524559021
analytical,25.0,50.0,J2,20,0.469340056180954
ANNet,25.0,100.0,J1,20,1.447486162185669
ANNet,25.0,100.0,J2,20,0.6655430793762207
analytical,25.0,100.0,J1,20,1.4470174312591553
analytical,25.0,100.0,J2,20,0.664759635925293
ANNet,25.0,200.0,J1,20,2.0316219329833984
ANNet,25.0,200.0,J2,20,0.9435177445411682
analytical,25.0,200.0,J1,20,2.031049966812134
analytical,25.0,200.0,J2,20,0.9427046775817871
ANNet,25.0,500.0,J1,20,3.2075462341308594
ANNet,25.0,500.0,J2,20,1.4952870607376099
analytical,25.0,500.0,J1,20,3.206800937652588
analytical,25.0,500.0,J2,20,1.4942055940628052
ANNet,25.0,1000.0,J1,20,4.519545078277588
ANNet,25.0,1000.0,J2,20,2.1106772422790527
analytical,25.0,1000.0,J1,20,4.518540859222412
analytical,25.0,1000.0,J2,20,2.109222173690796
ANNet,0.0,1.0,J1,21,0.4048386514186859
ANNet,0.0,1.0,J2,21,0.6765788793563843
analytical,0.0,1.0,J1,21,0.39942029118537903
analytical,0.0,1.0,J2,21,0.6789110898971558
ANNet,0.0,2.0,J1,21,0.2145380973815918
ANNet,0.0,2.0,J2,21,0.2939232289791107
analytical,0.0,2.0,J1,21,0.2126695215702057
analytical,0.0,2.0,J2,21,0.29610389471054077
ANNet,0.0,5.0,J1,21,0.03676218539476395
ANNet,0.0,5.0,J2,21,0.03157036006450653
analytical,0.0,5.0,J1,21,0.016321197152137756
analytical,0.0,5.0,J2,21,0.026655592024326324
ANNet,0.0,10.0,J1,21,0.03236718848347664
ANNet,0.0,10.0,J2,21,0.022505057975649834
analytical,0.0,10.0,J1,21,0.0013860819162800908
analytical,0.0,10.0,J2,21,0.003665862139314413
ANNet,0.0,20.0,J1,21,0.032288067042827606
ANNet,0.0,20.0,J2,21,0.022630875930190086
analytical,0.0,20.0,J1,21,0.00020945041615050286
analytical,0.0,20.0,J2,21,0.0011185075854882598
ANNet,0.0,50.0,J1,21,0.03228417783975601
ANNet,0.0,50.0,J2,21,0.022632421925663948
analytical,0.0,50.0,J1,21,5.106360913487151e-05
analytical,0.0,50.0,J2,21,0.0002886992006096989
ANNet,0.0,100.0,J1,21,0.032284028828144073
ANNet,0.0,100.0,J2,21,0.02263164520263672
analytical,0.0,100.0,J1,21,1.892395448521711e-05
analytical,0.0,100.0,J2,21,0.00010510371066629887
ANNet,0.0,200.0,J1,21,0.032284002751111984
ANNet,0.0,200.0,J2,21,0.022631557658314705
analytical,0.0,200.0,J1,21,7.411347723973449e-06
analytical,0.0,200.0,J2,21,3.9176396967377514e-05
ANNet,0.0,500.0,J1,21,0.032284002751111984
ANNet,0.0,500.0,J2,21,0.022631574422121048
analytical,0.0,500.0,J1,21,3.0693670396431116e-06
analytical,0.0,500.0,J2,21,1.1452246326371096e-05
ANNet,0.0,1000.0,J1,21,0.032284002751111984
ANNet,0.0,1000.0,J2,21,0.022631580010056496
analytical,0.0,1000.0,J1,21,2.3425441213476006e-06
analytical,0.0,1000.0,J2,21,4.969886958861025e-06
ANNet,1.0,1.0,J1,21,0.4036026895046234
ANNet,1.0,1.0,J2,21,0.6774578094482422
analytical,1.0,1.0,J1,21,0.3983013331890106
analytical,1.0,1.0,J2,21,0.679794430732727
ANNet,1.0,2.0,J1,21,0.21280530095100403
ANNet,1.0,2.0,J2,21,0.2944403290748596
analytical,1.0,2.0,J1,21,0.2112557291984558
analytical,1.0,2.0,J2,21,0.2966444492340088
ANNet,1.0,5.0,J1,21,0.03593191131949425
ANNet,1.0,5.0,J2,21,0.03200085088610649
analytical,1.0,5.0,J1,21,0.018903302028775215
analytical,1.0,5.0,J2,21,0.027511905878782272
ANNet,1.0,10.0,J1,21,0.03405357897281647
ANNet,1.0,10.0,J2,21,0.023288002237677574
analytical,1.0,10.0,J1,21,0.01633692905306816
analytical,1.0,10.0,J2,21,0.008245812729001045
ANNet,1.0,20.0,J1,21,0.037257589399814606
ANNet,1.0,20.0,J2,21,0.02446667291224003
analytical,1.0,20.0,J1,21,0.022329382598400116
analytical,1.0,20.0,J2,21,0.010319962166249752
ANNet,1.0,50.0,J1,21,0.04687071219086647
ANNet,1.0,50.0,J2,21,0.027832666411995888
analytical,1.0,50.0,J1,21,0.03615380451083183
analytical,1.0,50.0,J2,21,0.016765698790550232
ANNet,1.0,100.0,J1,21,0.060039520263671875
ANNet,1.0,100.0,J2,21,0.03288845345377922
analytical,1.0,100.0,J1,21,0.052100952714681625
analytical,1.0,100.0,J2,21,0.024240955710411072
ANNet,1.0,200.0,J1,21,0.08072566241025925
ANNet,1.0,200.0,J2,21,0.041333965957164764
analytical,1.0,200.0,J1,21,0.07500512897968292
analytical,1.0,200.0,J2,21,0.03483794629573822
ANNet,1.0,500.0,J1,21,0.12107467651367188
ANNet,1.0,500.0,J2,21,0.05887150019407272
analytical,1.0,500.0,J1,21,0.11732804030179977
analytical,1.0,500.0,J2,21,0.05448415130376816
ANNet,1.0,1000.0,J1,21,0.1678393930196762
ANNet,1.0,1000.0,J2,21,0.0799320712685585
analytical,1.0,1000.0,J1,21,0.165144681930542
analytical,1.0,1000.0,J2,21,0.07673050463199615
ANNet,2.5,1.0,J1,21,0.4019874036312103
ANNet,2.5,1.0,J2,21,0.678804337978363
analytical,2.5,1.0,J1,21,0.3968657851219177
analytical,2.5,1.0,J2,21,0.6811475157737732
ANNet,2.5,2.0,J1,21,0.21084043383598328
ANNet,2.5,2.0,J2,21,0.2953110337257385
analytical,2.5,2.0,J1,21,0.20978161692619324
analytical,2.5,2.0,J2,21,0.2975492477416992
ANNet,2.5,5.0,J1,21,0.041205909103155136
ANNet,2.5,5.0,J2,21,0.034152332693338394
analytical,2.5,5.0,J1,21,0.03148060292005539
analytical,2.5,5.0,J2,21,0.030455652624368668
ANNet,2.5,10.0,J1,21,0.048260193318128586
ANNet,2.5,10.0,J2,21,0.028449688106775284
analytical,2.5,10.0,J1,21,0.04080851376056671
analytical,2.5,10.0,J2,21,0.01904609240591526
ANNet,2.5,20.0,J1,21,0.06148243322968483
ANNet,2.5,20.0,J2,21,0.03363744169473648
analytical,2.5,20.0,J1,21,0.05584922805428505
analytical,2.5,20.0,J2,21,0.02582511305809021
ANNet,2.5,50.0,J1,21,0.09398814290761948
ANNet,2.5,50.0,J2,21,0.047167371958494186
analytical,2.5,50.0,J1,21,0.09038741141557693
analytical,2.5,50.0,J2,21,0.04192012548446655
ANNet,2.5,100.0,J1,21,0.13278894126415253
ANNet,2.5,100.0,J2,21,0.064363993704319
analytical,2.5,100.0,J1,21,0.13025332987308502
analytical,2.5,100.0,J2,21,0.060601528733968735
ANNet,2.5,200.0,J1,21,0.18929582834243774
ANNet,2.5,200.0,J2,21,0.08978153020143509
analytical,2.5,200.0,J1,21,0.18751494586467743
analytical,2.5,200.0,J2,21,0.08709569275379181
ANNet,2.5,500.0,J1,21,0.29449060559272766
ANNet,2.5,500.0,J2,21,0.13800048828125
analytical,2.5,500.0,J1,21,0.29332414269447327
analytical,2.5,500.0,J2,21,0.13621078431606293
ANNet,2.5,1000.0,J1,21,0.4137221574783325
ANNet,2.5,1000.0,J2,21,0.19316956400871277
analytical,2.5,1000.0,J1,21,0.4128616154193878
analytical,2.5,1000.0,J2,21,0.19182632863521576
ANNet,5.0,1.0,J1,21,0.3999399244785309
ANNet,5.0,1.0,J2,21,0.6811230778694153
analytical,5.0,1.0,J1,21,0.3951282203197479
analytical,5.0,1.0,J2,21,0.6834766268730164
ANNet,5.0,2.0,J1,21,0.20930512249469757
ANNet,5.0,2.0,J2,21,0.2970132827758789
analytical,5.0,2.0,J1,21,0.20908433198928833
analytical,5.0,2.0,J2,21,0.29930537939071655
ANNet,5.0,5.0,J1,21,0.060846712440252304
ANNet,5.0,5.0,J2,21,0.04091072455048561
analytical,5.0,5.0,J1,21,0.058080147951841354
analytical,5.0,5.0,J2,21,0.03849007189273834
ANNet,5.0,10.0,J1,21,0.08335887640714645
ANNet,5.0,10.0,J2,21,0.042699769139289856
analytical,5.0,10.0,J1,21,0.08164333552122116
analytical,5.0,10.0,J2,21,0.03770808130502701
ANNet,5.0,20.0,J1,21,0.11297500133514404
ANNet,5.0,20.0,J2,21,0.05563085898756981
analytical,5.0,20.0,J1,21,0.11171869188547134
analytical,5.0,20.0,J2,21,0.05171642079949379
ANNet,5.0,50.0,J1,21,0.18159453570842743
ANNet,5.0,50.0,J2,21,0.08636583387851715
analytical,5.0,50.0,J1,21,0.18078027665615082
analytical,5.0,50.0,J2,21,0.08384768664836884
ANNet,5.0,100.0,J1,21,0.26110023260116577
ANNet,5.0,100.0,J2,21,0.12300415337085724
analytical,5.0,100.0,J1,21,0.26051056385040283
analytical,5.0,100.0,J2,21,0.12120471149682999
ANNet,5.0,200.0,J1,21,0.37546876072883606
ANNet,5.0,200.0,J2,21,0.17550639808177948
analytical,5.0,200.0,J1,21,0.37503665685653687
analytical,5.0,200.0,J2,21,0.17419400811195374
ANNet,5.0,500.0,J1,21,0.5869863629341125
ANNet,5.0,500.0,J2,21,0.27337828278541565
analytical,5.0,500.0,J1,21,0.5866602659225464
analytical,5.0,500.0,J2,21,0.2724224627017975
ANNet,5.0,1000.0,J1,21,0.8260126113891602
ANNet,5.0,1000.0,J2,21,0.3844679892063141
analytical,5.0,1000.0,J1,21,0.8257185220718384
analytical,5.0,1000.0,J2,21,0.38365158438682556
ANNet,10.0,1.0,J1,21,0.39830124378204346
ANNet,10.0,1.0,J2,21,0.6860365867614746
analytical,10.0,1.0,J1,21,0.3941425383090973
analytical,10.0,1.0,J2,21,0.6884093284606934
ANNet,10.0,2.0,J1,21,0.21284350752830505
ANNet,10.0,2.0,J2,21,0.30133873224258423
analytical,10.0,2.0,J1,21,0.21428042650222778
analytical,10.0,2.0,J2,21,0.3037276566028595
ANNet,10.0,5.0,J1,21,0.1126302182674408
ANNet,10.0,5.0,J2,21,0.060838840901851654
analytical,10.0,5.0,J1,21,0.11450514197349548
analytical,10.0,5.0,J2,21,0.06000279635190964
ANNet,10.0,10.0,J1,21,0.16187947988510132
ANNet,10.0,10.0,J2,21,0.0773596242070198
analytical,10.0,10.0,J1,21,0.16333743929862976
analytical,10.0,10.0,J2,21,0.0753009170293808
ANNet,10.0,20.0,J1,21,0.22242006659507751
ANNet,10.0,20.0,J2,21,0.10513867437839508
analytical,10.0,20.0,J1,21,0.2234664261341095
analytical,10.0,20.0,J2,21,0.10352085530757904
ANNet,10.0,50.0,J1,21,0.3610062599182129
ANNet,10.0,50.0,J2,21,0.168803870677948
analytical,10.0,50.0,J1,21,0.3615790903568268
analytical,10.0,50.0,J2,21,0.16770920157432556
ANNet,10.0,100.0,J1,21,0.5206880569458008
ANNet,10.0,100.0,J2,21,0.24326620995998383
analytical,10.0,100.0,J1,21,0.5210365653038025
analytical,10.0,100.0,J2,21,0.24241845309734344
ANNet,10.0,200.0,J1,21,0.7499014735221863
ANNet,10.0,200.0,J2,21,0.3490998446941376
analytical,10.0,200.0,J1,21,0.7500975131988525
analytical,10.0,200.0,J2,21,0.34839752316474915
ANNet,10.0,500.0,J1,21,1.1733311414718628
ANNet,10.0,500.0,J2,21,0.545524537563324
analytical,10.0,500.0,J1,21,1.173356056213379
analytical,10.0,500.0,J2,21,0.5448451638221741
ANNet,10.0,1000.0,J1,21,1.6514935493469238
ANNet,10.0,1000.0,J2,21,0.7680473327636719
analytical,10.0,1000.0,J1,21,1.6513832807540894
analytical,10.0,1000.0,J2,21,0.7672894597053528
ANNet,25.0,1.0,J1,21,0.4129544198513031
ANNet,25.0,1.0,J2,21,0.7029131650924683
analytical,25.0,1.0,J1,21,0.4108697175979614
analytical,25.0,1.0,J2,21,0.7053306102752686
ANNet,25.0,2.0,J1,21,0.268436074256897
ANNet,25.0,2.0,J2,21,0.3211587369441986
analytical,25.0,2.0,J1,21,0.2734801471233368
analytical,25.0,2.0,J2,21,0.3237515687942505
ANNet,25.0,5.0,J1,21,0.2818562984466553
ANNet,25.0,5.0,J2,21,0.1337645798921585
analytical,25.0,5.0,J1,21,0.2865770757198334
analytical,25.0,5.0,J2,21,0.1343459188938141
ANNet,25.0,10.0,J1,21,0.40515369176864624
ANNet,25.0,10.0,J2,21,0.1885356307029724
analytical,25.0,10.0,J1,21,0.40848782658576965
analytical,25.0,10.0,J2,21,0.1883220672607422
ANNet,25.0,20.0,J1,21,0.5564060807228088
ANNet,25.0,20.0,J2,21,0.25924351811408997
analytical,25.0,20.0,J1,21,0.5587776303291321
analytical,25.0,20.0,J2,21,0.25897789001464844
ANNet,25.0,50.0,J1,21,0.9027961492538452
ANNet,25.0,50.0,J2,21,0.4197254776954651
analytical,25.0,50.0,J1,21,0.9040764570236206
analytical,25.0,50.0,J2,21,0.4193371832370758
ANNet,25.0,100.0,J1,21,1.3019356727600098
ANNet,25.0,100.0,J2,21,0.606605589389801
analytical,25.0,100.0,J1,21,1.3026970624923706
analytical,25.0,100.0,J2,21,0.6061121821403503
ANNet,25.0,200.0,J1,21,1.8749685287475586
ANNet,25.0,200.0,J2,21,0.8716734051704407
analytical,25.0,200.0,J1,21,1.8753694295883179
analytical,25.0,200.0,J2,21,0.871046781539917
ANNet,25.0,500.0,J1,21,2.933426856994629
ANNet,25.0,500.0,J2,21,1.3630285263061523
analytical,25.0,500.0,J1,21,2.9334120750427246
analytical,25.0,500.0,J2,21,1.3620479106903076
ANNet,25.0,1000.0,J1,21,4.127756118774414
ANNet,25.0,1000.0,J2,21,1.919345498085022
analytical,25.0,1000.0,J1,21,4.127367973327637
analytical,25.0,1000.0,J2,21,1.9179327487945557
ANNet,0.0,1.0,J1,22,0.2212243229150772
ANNet,0.0,1.0,J2,22,0.2540401816368103
analytical,0.0,1.0,J1,22,0.2193564772605896
analytical,0.0,1.0,J2,22,0.2561474144458771
ANNet,0.0,2.0,J1,22,0.10264869779348373
ANNet,0.0,2.0,J2,22,0.04345884174108505
analytical,0.0,2.0,J1,22,0.10172601789236069
analytical,0.0,2.0,J2,22,0.034558575600385666
ANNet,0.0,5.0,J1,22,0.022865965962409973
ANNet,0.0,5.0,J2,22,0.026836073026061058
analytical,0.0,5.0,J1,22,0.01356929074972868
analytical,0.0,5.0,J2,22,0.003830382600426674
ANNet,0.0,10.0,J1,22,0.018908191472291946
ANNet,0.0,10.0,J2,22,0.026546886190772057
analytical,0.0,10.0,J1,22,0.004696226213127375
analytical,0.0,10.0,J2,22,0.001155512174591422
ANNet,0.0,20.0,J1,22,0.01837148703634739
ANNet,0.0,20.0,J2,22,0.02652057446539402
analytical,0.0,20.0,J1,22,0.0016823176993057132
analytical,0.0,20.0,J2,22,0.00040643580723553896
ANNet,0.0,50.0,J1,22,0.018295934423804283
ANNet,0.0,50.0,J2,22,0.02651725709438324
analytical,0.0,50.0,J1,22,0.00043523465865291655
analytical,0.0,50.0,J2,22,0.00010438697063364089
ANNet,0.0,100.0,J1,22,0.01829124242067337
ANNet,0.0,100.0,J2,22,0.026517078280448914
analytical,0.0,100.0,J1,22,0.00015840142441447824
analytical,0.0,100.0,J2,22,3.790992923313752e-05
ANNet,0.0,200.0,J1,22,0.018290627747774124
ANNet,0.0,200.0,J2,22,0.02651706337928772
analytical,0.0,200.0,J1,22,5.904498175368644e-05
analytical,0.0,200.0,J2,22,1.4124394510872662e-05
ANNet,0.0,500.0,J1,22,0.01829054206609726
ANNet,0.0,500.0,J2,22,0.026517067104578018
analytical,0.0,500.0,J1,22,1.7251557437703013e-05
analytical,0.0,500.0,J2,22,4.157676357863238e-06
ANNet,0.0,1000.0,J1,22,0.01829053834080696
ANNet,0.0,1000.0,J2,22,0.026517067104578018
analytical,0.0,1000.0,J1,22,7.486507456633262e-06
analytical,0.0,1000.0,J2,22,1.8618777630763361e-06
ANNet,1.0,1.0,J1,22,0.22129909694194794
ANNet,1.0,1.0,J2,22,0.2543814480304718
analytical,1.0,1.0,J1,22,0.21938467025756836
analytical,1.0,1.0,J2,22,0.25643953680992126
ANNet,1.0,2.0,J1,22,0.1025538370013237
ANNet,1.0,2.0,J2,22,0.043801721185445786
analytical,1.0,2.0,J1,22,0.10156391561031342
analytical,1.0,2.0,J2,22,0.034711357206106186
ANNet,1.0,5.0,J1,22,0.02366197295486927
ANNet,1.0,5.0,J2,22,0.02729649655520916
analytical,1.0,5.0,J1,22,0.014396881684660912
analytical,1.0,5.0,J2,22,0.004601337946951389
ANNet,1.0,10.0,J1,22,0.021028444170951843
ANNet,1.0,10.0,J2,22,0.02717246301472187
analytical,1.0,10.0,J1,22,0.009647541679441929
analytical,1.0,10.0,J2,22,0.00405292771756649
ANNet,1.0,20.0,J1,22,0.02248925156891346
ANNet,1.0,20.0,J2,22,0.027452362701296806
analytical,1.0,20.0,J1,22,0.012547952122986317
analytical,1.0,20.0,J2,22,0.00564765278249979
ANNet,1.0,50.0,J1,22,0.026746870949864388
ANNet,1.0,50.0,J2,22,0.028235813602805138
analytical,1.0,50.0,J1,22,0.019158851355314255
analytical,1.0,50.0,J2,22,0.00868674460798502
ANNet,1.0,100.0,J1,22,0.032743748277425766
ANNet,1.0,100.0,J2,22,0.029488617554306984
analytical,1.0,100.0,J1,22,0.02689972333610058
analytical,1.0,100.0,J2,22,0.012153035029768944
ANNet,1.0,200.0,J1,22,0.042355768382549286
ANNet,1.0,200.0,J2,22,0.03185175359249115
analytical,1.0,200.0,J1,22,0.03801412135362625
analytical,1.0,200.0,J2,22,0.01710263080894947
ANNet,1.0,500.0,J1,22,0.06289473921060562
ANNet,1.0,500.0,J2,22,0.03806493803858757
analytical,1.0,500.0,J1,22,0.06004844605922699
analytical,1.0,500.0,J2,22,0.02695184014737606
ANNet,1.0,1000.0,J1,22,0.08705545961856842
ANNet,1.0,1000.0,J2,22,0.04666905850172043
analytical,1.0,1000.0,J1,22,0.0850122943520546
analytical,1.0,1000.0,J2,22,0.03814051300287247
ANNet,2.5,1.0,J1,22,0.22145281732082367
ANNet,2.5,1.0,J2,22,0.25489962100982666
analytical,2.5,1.0,J1,22,0.21946890652179718
analytical,2.5,1.0,J2,22,0.25688403844833374
ANNet,2.5,2.0,J1,22,0.10262097418308258
ANNet,2.5,2.0,J2,22,0.04440272971987724
analytical,2.5,2.0,J1,22,0.10153185576200485
analytical,2.5,2.0,J2,22,0.03505517914891243
ANNet,2.5,5.0,J1,22,0.027297336608171463
ANNet,2.5,5.0,J2,22,0.028432432562112808
analytical,2.5,5.0,J1,22,0.019275499507784843
analytical,2.5,5.0,J2,22,0.0075338054448366165
ANNet,2.5,10.0,J1,22,0.029134247452020645
ANNet,2.5,10.0,J2,22,0.02909831888973713
analytical,2.5,10.0,J1,22,0.02188391238451004
analytical,2.5,10.0,J2,22,0.009842939674854279
ANNet,2.5,20.0,J1,22,0.03651580959558487
ANNet,2.5,20.0,J2,22,0.030785441398620605
analytical,2.5,20.0,J1,22,0.031050514429807663
analytical,2.5,20.0,J2,22,0.014070083387196064
ANNet,2.5,50.0,J1,22,0.051609106361866
ANNet,2.5,50.0,J2,22,0.034955039620399475
analytical,2.5,50.0,J1,22,0.04788777977228165
analytical,2.5,50.0,J2,22,0.021716490387916565
ANNet,2.5,100.0,J1,22,0.06995560228824615
ANNet,2.5,100.0,J2,22,0.04091237485408783
analytical,2.5,100.0,J1,22,0.06724608689546585
analytical,2.5,100.0,J2,22,0.030381975695490837
ANNet,2.5,200.0,J1,22,0.09698449075222015
ANNet,2.5,200.0,J2,22,0.05079207941889763
analytical,2.5,200.0,J1,22,0.09503591060638428
analytical,2.5,200.0,J2,22,0.04275668412446976
ANNet,2.5,500.0,J1,22,0.15138281881809235
ANNet,2.5,500.0,J2,22,0.07276574522256851
analytical,2.5,500.0,J1,22,0.15012119710445404
analytical,2.5,500.0,J2,22,0.06737976521253586
ANNet,2.5,1000.0,J1,22,0.2134471982717514
ANNet,2.5,1000.0,J2,22,0.0992545634508133
analytical,2.5,1000.0,J1,22,0.2125301957130432
analytical,2.5,1000.0,J2,22,0.09535126388072968
ANNet,5.0,1.0,J1,22,0.2218194454908371
ANNet,5.0,1.0,J2,22,0.255779504776001
analytical,5.0,1.0,J1,22,0.21972092986106873
analytical,5.0,1.0,J2,22,0.2576417028903961
ANNet,5.0,2.0,J1,22,0.10328884422779083
ANNet,5.0,2.0,J2,22,0.045624952763319016
analytical,5.0,2.0,J1,22,0.10204076766967773
analytical,5.0,2.0,J2,22,0.03592323884367943
ANNet,5.0,5.0,J1,22,0.037413712590932846
ANNet,5.0,5.0,J2,22,0.03135334327816963
analytical,5.0,5.0,J1,22,0.031477443873882294
analytical,5.0,5.0,J2,22,0.013600118458271027
ANNet,5.0,10.0,J1,22,0.0476665236055851
ANNet,5.0,10.0,J2,22,0.03437861055135727
analytical,5.0,10.0,J1,22,0.04320620745420456
analytical,5.0,10.0,J2,22,0.01962578482925892
ANNet,5.0,20.0,J1,22,0.06516800075769424
ANNet,5.0,20.0,J2,22,0.039846375584602356
analytical,5.0,20.0,J1,22,0.061978377401828766
analytical,5.0,20.0,J2,22,0.02811925671994686
ANNet,5.0,50.0,J1,22,0.09789112210273743
ANNet,5.0,50.0,J2,22,0.05182049050927162
analytical,5.0,50.0,J1,22,0.09577324986457825
analytical,5.0,50.0,J2,22,0.04343327507376671
ANNet,5.0,100.0,J1,22,0.1360291987657547
ANNet,5.0,100.0,J2,22,0.06703122705221176
analytical,5.0,100.0,J1,22,0.1344907283782959
analytical,5.0,100.0,J2,22,0.0607636421918869
ANNet,5.0,200.0,J1,22,0.1911899894475937
ANNet,5.0,200.0,J2,22,0.09009608626365662
analytical,5.0,200.0,J1,22,0.19007278978824615
analytical,5.0,200.0,J2,22,0.08551350980997086
ANNet,5.0,500.0,J1,22,0.3009917736053467
ANNet,5.0,500.0,J2,22,0.13775846362113953
analytical,5.0,500.0,J1,22,0.3002417981624603
analytical,5.0,500.0,J2,22,0.13475985825061798
ANNet,5.0,1000.0,J1,22,0.42563605308532715
ANNet,5.0,1000.0,J2,22,0.19288256764411926
analytical,5.0,1000.0,J1,22,0.4250577986240387
analytical,5.0,1000.0,J2,22,0.19070225954055786
ANNet,10.0,1.0,J1,22,0.22296413779258728
ANNet,10.0,1.0,J2,22,0.2576000392436981
analytical,10.0,1.0,J1,22,0.22064155340194702
analytical,10.0,1.0,J2,22,0.25921961665153503
ANNet,10.0,2.0,J1,22,0.1066456213593483
ANNet,10.0,2.0,J2,22,0.04881616309285164
analytical,10.0,2.0,J1,22,0.10511276125907898
analytical,10.0,2.0,J2,22,0.03866315633058548
ANNet,10.0,5.0,J1,22,0.06329403817653656
ANNet,10.0,5.0,J2,22,0.03989357873797417
analytical,10.0,5.0,J1,22,0.05937199294567108
analytical,10.0,5.0,J2,22,0.0264525655657053
ANNet,10.0,10.0,J1,22,0.08896541595458984
ANNet,10.0,10.0,J2,22,0.04931401461362839
analytical,10.0,10.0,J1,22,0.0862307921051979
analytical,10.0,10.0,J2,22,0.03924280405044556
ANNet,10.0,20.0,J1,22,0.12580454349517822
ANNet,10.0,20.0,J2,22,0.06367506086826324
analytical,10.0,20.0,J1,22,0.12386947125196457
analytical,10.0,20.0,J2,22,0.056222397834062576
ANNet,10.0,50.0,J1,22,0.19285261631011963
ANNet,10.0,50.0,J2,22,0.09190668165683746
analytical,10.0,50.0,J1,22,0.1915455311536789
analytical,10.0,50.0,J2,22,0.08686718344688416
ANNet,10.0,100.0,J1,22,0.2699584662914276
ANNet,10.0,100.0,J2,22,0.12521186470985413
analytical,10.0,100.0,J1,22,0.26898106932640076
analytical,10.0,100.0,J2,22,0.12152717262506485
ANNet,10.0,200.0,J1,22,0.3808920681476593
ANNet,10.0,200.0,J2,22,0.17370840907096863
analytical,10.0,200.0,J1,22,0.3801480531692505
analytical,10.0,200.0,J2,22,0.17102722823619843
ANNet,10.0,500.0,J1,22,0.6010338068008423
ANNet,10.0,500.0,J2,22,0.2713213562965393
analytical,10.0,500.0,J1,22,0.6004788279533386
analytical,10.0,500.0,J2,22,0.26952043175697327
ANNet,10.0,1000.0,J1,22,0.8505896329879761
ANNet,10.0,1000.0,J2,22,0.3827776610851288
analytical,10.0,1000.0,J1,22,0.8500995635986328
analytical,10.0,1000.0,J2,22,0.3814021944999695
ANNet,25.0,1.0,J1,22,0.22959357500076294
ANNet,25.0,1.0,J2,22,0.26353153586387634
analytical,25.0,1.0,J1,22,0.22665253281593323
analytical,25.0,1.0,J2,22,0.26443979144096375
ANNet,25.0,2.0,J1,22,0.13009367883205414
ANNet,25.0,2.0,J2,22,0.06275099515914917
analytical,25.0,2.0,J1,22,0.12802818417549133
analytical,25.0,2.0,J2,22,0.052507512271404266
ANNet,25.0,5.0,J1,22,0.14900389313697815
ANNet,25.0,5.0,J2,22,0.07409929484128952
analytical,25.0,5.0,J1,22,0.1466062366962433
analytical,25.0,5.0,J2,22,0.06565934419631958
ANNet,25.0,10.0,J1,22,0.2172899842262268
ANNet,25.0,10.0,J2,22,0.1040160283446312
analytical,25.0,10.0,J1,22,0.2156188189983368
analytical,25.0,10.0,J2,22,0.09813784062862396
ANNet,25.0,20.0,J1,22,0.3107979893684387
ANNet,25.0,20.0,J2,22,0.14474058151245117
analytical,25.0,20.0,J1,22,0.3095797598361969
analytical,25.0,20.0,J2,22,0.14053846895694733
ANNet,25.0,50.0,J1,22,0.4797770380973816
ANNet,25.0,50.0,J2,22,0.2200150042772293
analytical,25.0,50.0,J1,22,0.47886091470718384
analytical,25.0,50.0,J2,22,0.21716991066932678
ANNet,25.0,100.0,J1,22,0.6732230186462402
ANNet,25.0,100.0,J2,22,0.3059428930282593
analytical,25.0,100.0,J1,22,0.6724560260772705
analytical,25.0,100.0,J2,22,0.30381831526756287
ANNet,25.0,200.0,J1,22,0.9510532021522522
ANNet,25.0,200.0,J2,22,0.42919039726257324
analytical,25.0,200.0,J1,22,0.9503751993179321
analytical,25.0,200.0,J2,22,0.4275667071342468
ANNet,25.0,500.0,J1,22,1.5017706155776978
ANNet,25.0,500.0,J2,22,0.6750617027282715
analytical,25.0,500.0,J1,22,1.501120686531067
analytical,25.0,500.0,J2,22,0.6737974882125854
ANNet,25.0,1000.0,J1,22,2.1257503032684326
ANNet,25.0,1000.0,J2,22,0.954617977142334
analytical,25.0,1000.0,J1,22,2.12501859664917
analytical,25.0,1000.0,J2,22,0.9534627199172974
ANNet,0.0,1.0,J1,23,0.42876574397087097
ANNet,0.0,1.0,J2,23,0.38243022561073303
analytical,0.0,1.0,J1,23,0.4260627329349518
analytical,0.0,1.0,J2,23,0.3811314105987549
ANNet,0.0,2.0,J1,23,0.17983382940292358
ANNet,0.0,2.0,J2,23,0.06667460501194
analytical,0.0,2.0,J1,23,0.17903445661067963
analytical,0.0,2.0,J2,23,0.05850528925657272
ANNet,0.0,5.0,J1,23,0.04150012880563736
ANNet,0.0,5.0,J2,23,0.031774818897247314
analytical,0.0,5.0,J1,23,0.03512059524655342
analytical,0.0,5.0,J2,23,0.012345146387815475
ANNet,0.0,10.0,J1,23,0.02473795786499977
ANNet,0.0,10.0,J2,23,0.029451679438352585
analytical,0.0,10.0,J1,23,0.011921405792236328
analytical,0.0,10.0,J2,23,0.004339664708822966
ANNet,0.0,20.0,J1,23,0.02202817052602768
ANNet,0.0,20.0,J2,23,0.02916000410914421
analytical,0.0,20.0,J1,23,0.004212076310068369
analytical,0.0,20.0,J2,23,0.0015386425657197833
ANNet,0.0,50.0,J1,23,0.02164197899401188
ANNet,0.0,50.0,J2,23,0.02912120521068573
analytical,0.0,50.0,J1,23,0.0010812187101691961
analytical,0.0,50.0,J2,23,0.000395149749238044
ANNet,0.0,100.0,J1,23,0.021617943421006203
ANNet,0.0,100.0,J2,23,0.029118899255990982
analytical,0.0,100.0,J1,23,0.00039248456596396863
analytical,0.0,100.0,J2,23,0.00014343437214847654
ANNet,0.0,200.0,J1,23,0.021614711731672287
ANNet,0.0,200.0,J2,23,0.02911863476037979
analytical,0.0,200.0,J1,23,0.0001461001083953306
analytical,0.0,200.0,J2,23,5.339132985682227e-05
ANNet,0.0,500.0,J1,23,0.02161417156457901
ANNet,0.0,500.0,J2,23,0.029118621721863747
analytical,0.0,500.0,J1,23,4.2547224438749254e-05
analytical,0.0,500.0,J2,23,1.555143899167888e-05
ANNet,0.0,1000.0,J1,23,0.02161409705877304
ANNet,0.0,1000.0,J2,23,0.029118629172444344
analytical,0.0,1000.0,J1,23,1.8249394997837953e-05
analytical,0.0,1000.0,J2,23,6.678568752249703e-06
ANNet,1.0,1.0,J1,23,0.4285295307636261
ANNet,1.0,1.0,J2,23,0.38242724537849426
analytical,1.0,1.0,J1,23,0.4257640540599823
analytical,1.0,1.0,J2,23,0.38113877177238464
ANNet,1.0,2.0,J1,23,0.1793915182352066
ANNet,1.0,2.0,J2,23,0.06652379781007767
analytical,1.0,2.0,J1,23,0.1784304827451706
analytical,1.0,2.0,J2,23,0.058403488248586655
ANNet,1.0,5.0,J1,23,0.04227455332875252
ANNet,1.0,5.0,J2,23,0.03172524273395538
analytical,1.0,5.0,J1,23,0.03532661870121956
analytical,1.0,5.0,J2,23,0.012665298767387867
ANNet,1.0,10.0,J1,23,0.027550047263503075
ANNet,1.0,10.0,J2,23,0.02957902103662491
analytical,1.0,10.0,J1,23,0.015487320721149445
analytical,1.0,10.0,J2,23,0.006149790249764919
ANNet,1.0,20.0,J1,23,0.026706824079155922
ANNet,1.0,20.0,J2,23,0.02953934483230114
analytical,1.0,20.0,J1,23,0.014008527621626854
analytical,1.0,20.0,J2,23,0.006003819406032562
ANNet,1.0,50.0,J1,23,0.030340813100337982
ANNet,1.0,50.0,J2,23,0.030201179906725883
analytical,1.0,50.0,J1,23,0.020066317170858383
analytical,1.0,50.0,J2,23,0.00868311244994402
ANNet,1.0,100.0,J1,23,0.035969000309705734
ANNet,1.0,100.0,J2,23,0.03134976699948311
analytical,1.0,100.0,J1,23,0.027817409485578537
analytical,1.0,100.0,J2,23,0.012068641372025013
ANNet,1.0,200.0,J1,23,0.045441798865795135
ANNet,1.0,200.0,J2,23,0.033577822148799896
analytical,1.0,200.0,J1,23,0.03925161063671112
analytical,1.0,200.0,J2,23,0.017011340707540512
ANNet,1.0,500.0,J1,23,0.0656602531671524
ANNet,1.0,500.0,J2,23,0.03936119005084038
analytical,1.0,500.0,J1,23,0.06143863499164581
analytical,1.0,500.0,J2,23,0.0266210176050663
ANNet,1.0,1000.0,J1,23,0.08885502815246582
ANNet,1.0,1000.0,J2,23,0.047122105956077576
analytical,1.0,1000.0,J1,23,0.0856708213686943
analytical,1.0,1000.0,J2,23,0.03709449619054794
ANNet,2.5,1.0,J1,23,0.42821961641311646
ANNet,2.5,1.0,J2,23,0.38243335485458374
analytical,2.5,1.0,J1,23,0.42536047101020813
analytical,2.5,1.0,J2,23,0.3811604082584381
ANNet,2.5,2.0,J1,23,0.1789012849330902
ANNet,2.5,2.0,J2,23,0.06639398634433746
analytical,2.5,2.0,J1,23,0.1776963770389557
analytical,2.5,2.0,J2,23,0.05836060270667076
ANNet,2.5,5.0,J1,23,0.04540468379855156
ANNet,2.5,5.0,J2,23,0.03219137713313103
analytical,2.5,5.0,J1,23,0.03802887722849846
analytical,2.5,5.0,J2,23,0.014381698332726955
ANNet,2.5,10.0,J1,23,0.03639022260904312
ANNet,2.5,10.0,J2,23,0.030862871557474136
analytical,2.5,10.0,J1,23,0.027014663442969322
analytical,2.5,10.0,J2,23,0.011505468748509884
ANNet,2.5,20.0,J1,23,0.041277311742305756
ANNet,2.5,20.0,J2,23,0.03207344934344292
analytical,2.5,20.0,J1,23,0.033314935863018036
analytical,2.5,20.0,J2,23,0.014449171721935272
ANNet,2.5,50.0,J1,23,0.05571911856532097
ANNet,2.5,50.0,J2,23,0.03592734411358833
analytical,2.5,50.0,J1,23,0.050036776810884476
analytical,2.5,50.0,J2,23,0.021666131913661957
ANNet,2.5,100.0,J1,23,0.07380794733762741
ANNet,2.5,100.0,J2,23,0.04164230078458786
analytical,2.5,100.0,J1,23,0.0695250928401947
analytical,2.5,100.0,J2,23,0.030165735632181168
ANNet,2.5,200.0,J1,23,0.1013418510556221
ANNet,2.5,200.0,J2,23,0.05136694386601448
analytical,2.5,200.0,J1,23,0.09812945872545242
analytical,2.5,200.0,J2,23,0.04252859205007553
ANNet,2.5,500.0,J1,23,0.15591417253017426
ANNet,2.5,500.0,J2,23,0.07262897491455078
analytical,2.5,500.0,J1,23,0.1535957157611847
analytical,2.5,500.0,J2,23,0.06655216217041016
ANNet,2.5,1000.0,J1,23,0.21612170338630676
ANNet,2.5,1000.0,J2,23,0.09731313586235046
analytical,2.5,1000.0,J1,23,0.21417593955993652
analytical,2.5,1000.0,J2,23,0.09273559600114822
ANNet,5.0,1.0,J1,23,0.42782172560691833
ANNet,5.0,1.0,J2,23,0.3824720084667206
analytical,5.0,1.0,J1,23,0.42480653524398804
analytical,5.0,1.0,J2,23,0.38122496008872986
ANNet,5.0,2.0,J1,23,0.17854955792427063
ANNet,5.0,2.0,J2,23,0.06643592566251755
analytical,5.0,2.0,J1,23,0.17693693935871124
analytical,5.0,2.0,J2,23,0.05858207866549492
ANNet,5.0,5.0,J1,23,0.054693326354026794
ANNet,5.0,5.0,J2,23,0.03432158753275871
analytical,5.0,5.0,J1,23,0.04740364849567413
analytical,5.0,5.0,J2,23,0.01939000003039837
ANNet,5.0,10.0,J1,23,0.056439951062202454
ANNet,5.0,10.0,J2,23,0.035478342324495316
analytical,5.0,10.0,J1,23,0.04961730167269707
analytical,5.0,10.0,J2,23,0.02159091830253601
ANNet,5.0,20.0,J1,23,0.07130330055952072
ANNet,5.0,20.0,J2,23,0.040202148258686066
analytical,5.0,20.0,J1,23,0.06599246710538864
analytical,5.0,20.0,J2,23,0.028680438175797462
ANNet,5.0,50.0,J1,23,0.10373102873563766
ANNet,5.0,50.0,J2,23,0.051723942160606384
analytical,5.0,50.0,J1,23,0.10001072287559509
analytical,5.0,50.0,J2,23,0.043311428278684616
ANNet,5.0,100.0,J1,23,0.14192230999469757
ANNet,5.0,100.0,J2,23,0.06670790910720825
analytical,5.0,100.0,J1,23,0.13904038071632385
analytical,5.0,100.0,J2,23,0.06032770499587059
ANNet,5.0,200.0,J1,23,0.1985824704170227
ANNet,5.0,200.0,J2,23,0.08982359617948532
analytical,5.0,200.0,J1,23,0.196259543299675
analytical,5.0,200.0,J2,23,0.08505715429782867
ANNet,5.0,500.0,J1,23,0.3091760277748108
ANNet,5.0,500.0,J2,23,0.1364322006702423
analytical,5.0,500.0,J1,23,0.3071897029876709
analytical,5.0,500.0,J2,23,0.13310354948043823
ANNet,5.0,1000.0,J1,23,0.4303298592567444
ANNet,5.0,1000.0,J2,23,0.18812930583953857
analytical,5.0,1000.0,J1,23,0.42834773659706116
analytical,5.0,1000.0,J2,23,0.18546919524669647
ANNet,10.0,1.0,J1,23,0.42747190594673157
ANNet,10.0,1.0,J2,23,0.38265594840049744
analytical,10.0,1.0,J1,23,0.4241456389427185
analytical,10.0,1.0,J2,23,0.38146069645881653
ANNet,10.0,2.0,J1,23,0.17959673702716827
ANNet,10.0,2.0,J2,23,0.06748058646917343
analytical,10.0,2.0,J1,23,0.1771780103445053
analytical,10.0,2.0,J2,23,0.06010068207979202
ANNet,10.0,5.0,J1,23,0.08137648552656174
ANNet,10.0,5.0,J2,23,0.042502511292696
analytical,10.0,5.0,J1,23,0.07492223381996155
analytical,10.0,5.0,J2,23,0.03253259137272835
ANNet,10.0,10.0,J1,23,0.10175729542970657
ANNet,10.0,10.0,J2,23,0.050342123955488205
analytical,10.0,10.0,J1,23,0.0967426598072052
analytical,10.0,10.0,J2,23,0.04236140102148056
ANNet,10.0,20.0,J1,23,0.13538816571235657
ANNet,10.0,20.0,J2,23,0.06339164078235626
analytical,10.0,20.0,J1,23,0.1315445899963379
analytical,10.0,20.0,J2,23,0.057203471660614014
ANNet,10.0,50.0,J1,23,0.20280247926712036
ANNet,10.0,50.0,J2,23,0.09093944728374481
analytical,10.0,50.0,J1,23,0.1999671310186386
analytical,10.0,50.0,J2,23,0.08660384267568588
ANNet,10.0,100.0,J1,23,0.280487060546875
ANNet,10.0,100.0,J2,23,0.12397666275501251
analytical,10.0,100.0,J1,23,0.2780727446079254
analytical,10.0,100.0,J2,23,0.12064989656209946
ANNet,10.0,200.0,J1,23,0.39477741718292236
ANNet,10.0,200.0,J2,23,0.17275533080101013
analytical,10.0,200.0,J1,23,0.39251959323883057
analytical,10.0,200.0,J2,23,0.17011334002017975
ANNet,10.0,500.0,J1,23,0.6168100237846375
ANNet,10.0,500.0,J2,23,0.2683744430541992
analytical,10.0,500.0,J1,23,0.6143715381622314
analytical,10.0,500.0,J2,23,0.26620426774024963
ANNet,10.0,1000.0,J1,23,0.8595273494720459
ANNet,10.0,1000.0,J2,23,0.3730061948299408
analytical,10.0,1000.0,J1,23,0.8566737771034241
analytical,10.0,1000.0,J2,23,0.37093037366867065
ANNet,25.0,1.0,J1,23,0.42998987436294556
ANNet,25.0,1.0,J2,23,0.3840574026107788
analytical,25.0,1.0,J1,23,0.4257492125034332
analytical,25.0,1.0,J2,23,0.3830176293849945
ANNet,25.0,2.0,J1,23,0.19593770802021027
ANNet,25.0,2.0,J2,23,0.07748163491487503
analytical,25.0,2.0,J1,23,0.19141465425491333
analytical,25.0,2.0,J2,23,0.0719740241765976
ANNet,25.0,5.0,J1,23,0.17799541354179382
ANNet,25.0,5.0,J2,23,0.08032934367656708
analytical,25.0,5.0,J1,23,0.1727008819580078
analytical,25.0,5.0,J2,23,0.07654038816690445
ANNet,25.0,10.0,J1,23,0.24378789961338043
ANNet,25.0,10.0,J2,23,0.10801336914300919
analytical,25.0,10.0,J1,23,0.23981909453868866
analytical,25.0,10.0,J2,23,0.10519113391637802
ANNet,25.0,20.0,J1,23,0.33157873153686523
ANNet,25.0,20.0,J2,23,0.14506138861179352
analytical,25.0,20.0,J1,23,0.328355073928833
analytical,25.0,20.0,J2,23,0.14281876385211945
ANNet,25.0,50.0,J1,23,0.5026847720146179
ANNet,25.0,50.0,J2,23,0.21829846501350403
analytical,25.0,50.0,J1,23,0.4998406171798706
analytical,25.0,50.0,J2,23,0.2164761871099472
ANNet,25.0,100.0,J1,23,0.6981400847434998
ANNet,25.0,100.0,J2,23,0.3033626973628998
analytical,25.0,100.0,J1,23,0.695174515247345
analytical,25.0,100.0,J2,23,0.30160051584243774
ANNet,25.0,200.0,J1,23,0.9847352504730225
ANNet,25.0,200.0,J2,23,0.4271925687789917
analytical,25.0,200.0,J1,23,0.981287956237793
analytical,25.0,200.0,J2,23,0.42527368664741516
ANNet,25.0,500.0,J1,23,1.5404571294784546
ANNet,25.0,500.0,J2,23,0.6678849458694458
analytical,25.0,500.0,J1,23,1.5358338356018066
analytical,25.0,500.0,J2,23,0.6654887795448303
ANNet,25.0,1000.0,J1,23,2.1473283767700195
ANNet,25.0,1000.0,J2,23,0.9302114844322205
analytical,25.0,1000.0,J1,23,2.1414177417755127
analytical,25.0,1000.0,J2,23,0.9272632002830505
ANNet,0.0,1.0,J1,24,1.760266900062561
ANNet,0.0,1.0,J2,24,0.7043549418449402
analytical,0.0,1.0,J1,24,1.7626771926879883
analytical,0.0,1.0,J2,24,0.7048619985580444
ANNet,0.0,2.0,J1,24,0.9270787835121155
ANNet,0.0,2.0,J2,24,0.29169267416000366
analytical,0.0,2.0,J1,24,0.935278058052063
analytical,0.0,2.0,J2,24,0.29303982853889465
ANNet,0.0,5.0,J1,24,0.08406823873519897
ANNet,0.0,5.0,J2,24,0.04876165837049484
analytical,0.0,5.0,J1,24,0.0865299329161644
analytical,0.0,5.0,J2,24,0.04121021553874016
ANNet,0.0,10.0,J1,24,0.03852672129869461
ANNet,0.0,10.0,J2,24,0.030353786423802376
analytical,0.0,10.0,J1,24,0.018095294013619423
analytical,0.0,10.0,J2,24,0.004503872711211443
ANNet,0.0,20.0,J1,24,0.03563743829727173
ANNet,0.0,20.0,J2,24,0.030800849199295044
analytical,0.0,20.0,J1,24,0.006194669753313065
analytical,0.0,20.0,J2,24,0.000515832332894206
ANNet,0.0,50.0,J1,24,0.03519872575998306
ANNet,0.0,50.0,J2,24,0.030864117667078972
analytical,0.0,50.0,J1,24,0.0016090149292722344
analytical,0.0,50.0,J2,24,0.0001216793607454747
ANNet,0.0,100.0,J1,24,0.03516879677772522
ANNet,0.0,100.0,J2,24,0.030865879729390144
analytical,0.0,100.0,J1,24,0.0005862885736860335
analytical,0.0,100.0,J2,24,4.616015576175414e-05
ANNet,0.0,200.0,J1,24,0.03516480699181557
ANNet,0.0,200.0,J2,24,0.03086603246629238
analytical,0.0,200.0,J1,24,0.00021861887944396585
analytical,0.0,200.0,J2,24,1.7624179236008786e-05
ANNet,0.0,500.0,J1,24,0.035164233297109604
ANNet,0.0,500.0,J2,24,0.03086606040596962
analytical,0.0,500.0,J1,24,6.373929500114173e-05
analytical,0.0,500.0,J2,24,5.383260486269137e-06
ANNet,0.0,1000.0,J1,24,0.035164203494787216
ANNet,0.0,1000.0,J2,24,0.030866067856550217
analytical,0.0,1000.0,J1,24,2.737209615588654e-05
analytical,0.0,1000.0,J2,24,2.618202643134282e-06
ANNet,1.0,1.0,J1,24,1.7600854635238647
ANNet,1.0,1.0,J2,24,0.7045204043388367
analytical,1.0,1.0,J1,24,1.7625147104263306
analytical,1.0,1.0,J2,24,0.7050077319145203
ANNet,1.0,2.0,J1,24,0.9265823364257812
ANNet,1.0,2.0,J2,24,0.2915339171886444
analytical,1.0,2.0,J1,24,0.9348686337471008
analytical,1.0,2.0,J2,24,0.292844295501709
ANNet,1.0,5.0,J1,24,0.08403222262859344
ANNet,1.0,5.0,J2,24,0.04893171414732933
analytical,1.0,5.0,J1,24,0.08717067539691925
analytical,1.0,5.0,J2,24,0.04058012366294861
ANNet,1.0,10.0,J1,24,0.041821401566267014
ANNet,1.0,10.0,J2,24,0.03258344903588295
analytical,1.0,10.0,J1,24,0.025862589478492737
analytical,1.0,10.0,J2,24,0.008644718676805496
ANNet,1.0,20.0,J1,24,0.042627591639757156
ANNet,1.0,20.0,J2,24,0.03417911008000374
analytical,1.0,20.0,J1,24,0.025670301169157028
analytical,1.0,20.0,J2,24,0.011509045027196407
ANNet,1.0,50.0,J1,24,0.05348168686032295
ANNet,1.0,50.0,J2,24,0.037424881011247635
analytical,1.0,50.0,J1,24,0.04119694605469704
analytical,1.0,50.0,J2,24,0.018994610756635666
ANNet,1.0,100.0,J1,24,0.06758278608322144
ANNet,1.0,100.0,J2,24,0.041918061673641205
analytical,1.0,100.0,J1,24,0.05834382772445679
analytical,1.0,100.0,J2,24,0.026770353317260742
ANNet,1.0,200.0,J1,24,0.09009689837694168
ANNet,1.0,200.0,J2,24,0.04994939640164375
analytical,1.0,200.0,J1,24,0.08339113742113113
analytical,1.0,200.0,J2,24,0.03812567889690399
ANNet,1.0,500.0,J1,24,0.13506965339183807
ANNet,1.0,500.0,J2,24,0.06791529059410095
analytical,1.0,500.0,J1,24,0.13068343698978424
analytical,1.0,500.0,J2,24,0.0597330667078495
ANNet,1.0,1000.0,J1,24,0.18661418557167053
ANNet,1.0,1000.0,J2,24,0.08977503329515457
analytical,1.0,1000.0,J1,24,0.18345330655574799
analytical,1.0,1000.0,J2,24,0.08372405171394348
ANNet,2.5,1.0,J1,24,1.7598440647125244
ANNet,2.5,1.0,J2,24,0.7047820091247559
analytical,2.5,1.0,J1,24,1.7623019218444824
analytical,2.5,1.0,J2,24,0.7052397131919861
ANNet,2.5,2.0,J1,24,0.9259423017501831
ANNet,2.5,2.0,J2,24,0.29135778546333313
analytical,2.5,2.0,J1,24,0.9343582391738892
analytical,2.5,2.0,J2,24,0.2926124036312103
ANNet,2.5,5.0,J1,24,0.08718982338905334
ANNet,2.5,5.0,J2,24,0.050346653908491135
analytical,2.5,5.0,J1,24,0.09118732810020447
analytical,2.5,5.0,J2,24,0.04104595258831978
ANNet,2.5,10.0,J1,24,0.05771563574671745
ANNet,2.5,10.0,J2,24,0.03900101035833359
analytical,2.5,10.0,J1,24,0.04863043874502182
analytical,2.5,10.0,J2,24,0.020115455612540245
ANNet,2.5,20.0,J1,24,0.07052986323833466
ANNet,2.5,20.0,J2,24,0.044701751321554184
analytical,2.5,20.0,J1,24,0.06264981627464294
analytical,2.5,20.0,J2,24,0.028809376060962677
ANNet,2.5,50.0,J1,24,0.10788293182849884
ANNet,2.5,50.0,J2,24,0.05854978784918785
analytical,2.5,50.0,J1,24,0.1028728261590004
analytical,2.5,50.0,J2,24,0.04748314991593361
ANNet,2.5,100.0,J1,24,0.14943574368953705
ANNet,2.5,100.0,J2,24,0.07520518451929092
analytical,2.5,100.0,J1,24,0.1458553522825241
analytical,2.5,100.0,J2,24,0.06692591309547424
ANNet,2.5,200.0,J1,24,0.21100085973739624
ANNet,2.5,200.0,J2,24,0.10132737457752228
analytical,2.5,200.0,J1,24,0.20848144590854645
analytical,2.5,200.0,J2,24,0.09531522542238235
ANNet,2.5,500.0,J1,24,0.3283440172672272
ANNet,2.5,500.0,J2,24,0.15330545604228973
analytical,2.5,500.0,J1,24,0.3267088234424591
analytical,2.5,500.0,J2,24,0.14933496713638306
ANNet,2.5,1000.0,J1,24,0.4598231911659241
ANNet,2.5,1000.0,J2,24,0.2122417539358139
analytical,2.5,1000.0,J1,24,0.45862871408462524
analytical,2.5,1000.0,J2,24,0.20930993556976318
ANNet,5.0,1.0,J1,24,1.7595244646072388
ANNet,5.0,1.0,J2,24,0.7052537202835083
analytical,5.0,1.0,J1,24,1.7620295286178589
analytical,5.0,1.0,J2,24,0.7056620717048645
ANNet,5.0,2.0,J1,24,0.9251545667648315
ANNet,5.0,2.0,J2,24,0.29122984409332275
analytical,5.0,2.0,J1,24,0.9337843060493469
analytical,5.0,2.0,J2,24,0.2923901677131653
ANNet,5.0,5.0,J1,24,0.09984485805034637
ANNet,5.0,5.0,J2,24,0.055471133440732956
analytical,5.0,5.0,J1,24,0.10475833714008331
analytical,5.0,5.0,J2,24,0.045339349657297134
ANNet,5.0,10.0,J1,24,0.09553845226764679
ANNet,5.0,10.0,J2,24,0.05431808903813362
analytical,5.0,10.0,J1,24,0.09137003868818283
analytical,5.0,10.0,J2,24,0.040204089134931564
ANNet,5.0,20.0,J1,24,0.1283283233642578
ANNet,5.0,20.0,J2,24,0.06868016719818115
analytical,5.0,20.0,J1,24,0.12488215416669846
analytical,5.0,20.0,J2,24,0.057651687413454056
ANNet,5.0,50.0,J1,24,0.20783019065856934
ANNet,5.0,50.0,J2,24,0.10208746790885925
analytical,5.0,50.0,J1,24,0.20569072663784027
analytical,5.0,50.0,J2,24,0.09496442973613739
ANNet,5.0,100.0,J1,24,0.2932330071926117
ANNet,5.0,100.0,J2,24,0.13904261589050293
analytical,5.0,100.0,J1,24,0.29171139001846313
analytical,5.0,100.0,J2,24,0.13385139405727386
ANNet,5.0,200.0,J1,24,0.41803237795829773
ANNet,5.0,200.0,J2,24,0.19437019526958466
analytical,5.0,200.0,J1,24,0.41696789860725403
analytical,5.0,200.0,J2,24,0.1906331181526184
ANNet,5.0,500.0,J1,24,0.6541435122489929
ANNet,5.0,500.0,J2,24,0.3012077808380127
analytical,5.0,500.0,J1,24,0.6534186601638794
analytical,5.0,500.0,J2,24,0.2986775040626526
ANNet,5.0,1000.0,J1,24,0.9178128242492676
ANNet,5.0,1000.0,J2,24,0.42059317231178284
analytical,5.0,1000.0,J1,24,0.917238712310791
analytical,5.0,1000.0,J2,24,0.4186188280582428
ANNet,10.0,1.0,J1,24,1.7591944932937622
ANNet,10.0,1.0,J2,24,0.7063305974006653
analytical,10.0,1.0,J1,24,1.7617933750152588
analytical,10.0,1.0,J2,24,0.7066400051116943
ANNet,10.0,2.0,J1,24,0.9246288537979126
ANNet,10.0,2.0,J2,24,0.2915956676006317
analytical,10.0,2.0,J1,24,0.9336762428283691
analytical,10.0,2.0,J2,24,0.2925623953342438
ANNet,10.0,5.0,J1,24,0.14212416112422943
ANNet,10.0,5.0,J2,24,0.07291745394468307
analytical,10.0,5.0,J1,24,0.14760228991508484
analytical,10.0,5.0,J2,24,0.06285304576158524
ANNet,10.0,10.0,J1,24,0.1804661750793457
ANNet,10.0,10.0,J2,24,0.09109292924404144
analytical,10.0,10.0,J1,24,0.1793101578950882
analytical,10.0,10.0,J2,24,0.08075691759586334
ANNet,10.0,20.0,J1,24,0.2506476938724518
ANNet,10.0,20.0,J2,24,0.12313241511583328
analytical,10.0,20.0,J1,24,0.24957789480686188
analytical,10.0,20.0,J2,24,0.1153368353843689
ANNet,10.0,50.0,J1,24,0.4120287299156189
ANNet,10.0,50.0,J2,24,0.1948489546775818
analytical,10.0,50.0,J1,24,0.41133439540863037
analytical,10.0,50.0,J2,24,0.18992741405963898
ANNet,10.0,100.0,J1,24,0.5839385390281677
ANNet,10.0,100.0,J2,24,0.27131515741348267
analytical,10.0,100.0,J1,24,0.5834276080131531
analytical,10.0,100.0,J2,24,0.26770031452178955
ANNet,10.0,200.0,J1,24,0.8343033790588379
ANNet,10.0,200.0,J2,24,0.3839409649372101
analytical,10.0,200.0,J1,24,0.8339464068412781
analytical,10.0,200.0,J2,24,0.3812759518623352
ANNet,10.0,500.0,J1,24,1.3071537017822266
ANNet,10.0,500.0,J2,24,0.5993649363517761
analytical,10.0,500.0,J1,24,1.3068293333053589
analytical,10.0,500.0,J2,24,0.5973844528198242
ANNet,10.0,1000.0,J1,24,1.834716796875
ANNet,10.0,1000.0,J2,24,0.8389868140220642
analytical,10.0,1000.0,J1,24,1.834366798400879
analytical,10.0,1000.0,J2,24,0.8372301459312439
ANNet,25.0,1.0,J1,24,1.760680913925171
ANNet,25.0,1.0,J2,24,0.7106208801269531
analytical,25.0,1.0,J1,24,1.763555884361267
analytical,25.0,1.0,J2,24,0.7106333374977112
ANNet,25.0,2.0,J1,24,0.9314252734184265
ANNet,25.0,2.0,J2,24,0.29759839177131653
analytical,25.0,2.0,J1,24,0.9416316747665405
analytical,25.0,2.0,J2,24,0.29796159267425537
ANNet,25.0,5.0,J1,24,0.3079759180545807
ANNet,25.0,5.0,J2,24,0.14586804807186127
analytical,25.0,5.0,J1,24,0.31330612301826477
analytical,25.0,5.0,J2,24,0.1373225301504135
ANNet,25.0,10.0,J1,24,0.44456687569618225
ANNet,25.0,10.0,J2,24,0.21034647524356842
analytical,25.0,10.0,J1,24,0.4452235698699951
analytical,25.0,10.0,J2,24,0.202697291970253
ANNet,25.0,20.0,J1,24,0.6235835552215576
ANNet,25.0,20.0,J2,24,0.29418933391571045
analytical,25.0,20.0,J1,24,0.6238586902618408
analytical,25.0,20.0,J2,24,0.2883710563182831
ANNet,25.0,50.0,J1,24,1.0282047986984253
ANNet,25.0,50.0,J2,24,0.4786309599876404
analytical,25.0,50.0,J1,24,1.0282548666000366
analytical,25.0,50.0,J2,24,0.47481754422187805
ANNet,25.0,100.0,J1,24,1.4586215019226074
ANNet,25.0,100.0,J2,24,0.6722429990768433
analytical,25.0,100.0,J1,24,1.4585776329040527
analytical,25.0,100.0,J2,24,0.6692277193069458
ANNet,25.0,200.0,J1,24,2.084904193878174
ANNet,25.0,200.0,J2,24,0.9557053446769714
analytical,25.0,200.0,J1,24,2.084853172302246
analytical,25.0,200.0,J2,24,0.953253448009491
ANNet,25.0,500.0,J1,24,3.267066240310669
ANNet,25.0,500.0,J2,24,1.496025562286377
analytical,25.0,500.0,J1,24,3.2667503356933594
analytical,25.0,500.0,J2,24,1.4936591386795044
ANNet,25.0,1000.0,J1,24,4.584902763366699
ANNet,25.0,1000.0,J2,24,2.095581293106079
analytical,25.0,1000.0,J1,24,4.584352970123291
analytical,25.0,1000.0,J2,24,2.092949390411377
ANNet,0.0,1.0,J1,25,0.4825596213340759
ANNet,0.0,1.0,J2,25,0.33119773864746094
analytical,0.0,1.0,J1,25,0.47752395272254944
analytical,0.0,1.0,J2,25,0.3300265669822693
ANNet,0.0,2.0,J1,25,0.1807939112186432
ANNet,0.0,2.0,J2,25,0.07298838347196579
analytical,0.0,2.0,J1,25,0.17835842072963715
analytical,0.0,2.0,J2,25,0.06650059670209885
ANNet,0.0,5.0,J1,25,0.03490215167403221
ANNet,0.0,5.0,J2,25,0.03202499821782112
analytical,0.0,5.0,J1,25,0.02776152454316616
analytical,0.0,5.0,J2,25,0.013363957405090332
ANNet,0.0,10.0,J1,25,0.022964658215641975
ANNet,0.0,10.0,J2,25,0.02947881631553173
analytical,0.0,10.0,J1,25,0.009470917284488678
analytical,0.0,10.0,J2,25,0.004668565467000008
ANNet,0.0,20.0,J1,25,0.02118746191263199
ANNet,0.0,20.0,J2,25,0.029155155643820763
analytical,0.0,20.0,J1,25,0.0033579315058887005
analytical,0.0,20.0,J2,25,0.001660940470173955
ANNet,0.0,50.0,J1,25,0.020937709137797356
ANNet,0.0,50.0,J2,25,0.02911137044429779
analytical,0.0,50.0,J1,25,0.0008624352049082518
analytical,0.0,50.0,J2,25,0.00042759187635965645
ANNet,0.0,100.0,J1,25,0.020921796560287476
ANNet,0.0,100.0,J2,25,0.029108798131346703
analytical,0.0,100.0,J1,25,0.00031304251751862466
analytical,0.0,100.0,J2,25,0.00015534265548922122
ANNet,0.0,200.0,J1,25,0.020919466391205788
ANNet,0.0,200.0,J2,25,0.02910851687192917
analytical,0.0,200.0,J1,25,0.00011652488319668919
analytical,0.0,200.0,J2,25,5.784709719591774e-05
ANNet,0.0,500.0,J1,25,0.02091895043849945
ANNet,0.0,500.0,J2,25,0.02910851687192917
analytical,0.0,500.0,J1,25,3.3965690818149596e-05
analytical,0.0,500.0,J2,25,1.6858608432812616e-05
ANNet,0.0,1000.0,J1,25,0.02091885730624199
ANNet,0.0,1000.0,J2,25,0.029108526185154915
analytical,0.0,1000.0,J1,25,1.4614204701501876e-05
analytical,0.0,1000.0,J2,25,7.23632592780632e-06
ANNet,1.0,1.0,J1,25,0.4830675721168518
ANNet,1.0,1.0,J2,25,0.33100247383117676
analytical,1.0,1.0,J1,25,0.4779983460903168
analytical,1.0,1.0,J2,25,0.3298085331916809
ANNet,1.0,2.0,J1,25,0.1813865303993225
ANNet,1.0,2.0,J2,25,0.07295780628919601
analytical,1.0,2.0,J1,25,0.1788269728422165
analytical,1.0,2.0,J2,25,0.06627239286899567
ANNet,1.0,5.0,J1,25,0.03713037446141243
ANNet,1.0,5.0,J2,25,0.03270430117845535
analytical,1.0,5.0,J1,25,0.029710179194808006
analytical,1.0,5.0,J2,25,0.013840466737747192
ANNet,1.0,10.0,J1,25,0.025848442688584328
ANNet,1.0,10.0,J2,25,0.0302887000143528
analytical,1.0,10.0,J1,25,0.013484753668308258
analytical,1.0,10.0,J2,25,0.006233147345483303
ANNet,1.0,20.0,J1,25,0.026126660406589508
ANNet,1.0,20.0,J2,25,0.03028726764023304
analytical,1.0,20.0,J1,25,0.014001360163092613
analytical,1.0,20.0,J2,25,0.006214513443410397
ANNet,1.0,50.0,J1,25,0.031099770218133926
ANNet,1.0,50.0,J2,25,0.031177951022982597
analytical,1.0,50.0,J1,25,0.021900271996855736
analytical,1.0,50.0,J2,25,0.00965026207268238
ANNet,1.0,100.0,J1,25,0.03718964010477066
ANNet,1.0,100.0,J2,25,0.03243469446897507
analytical,1.0,100.0,J1,25,0.02989998646080494
analytical,1.0,100.0,J2,25,0.01314215362071991
ANNet,1.0,200.0,J1,25,0.04720144718885422
ANNet,1.0,200.0,J2,25,0.034847602248191833
analytical,1.0,200.0,J1,25,0.04166413098573685
analytical,1.0,200.0,J2,25,0.01828703097999096
ANNet,1.0,500.0,J1,25,0.06930023431777954
ANNet,1.0,500.0,J2,25,0.04133094474673271
analytical,1.0,500.0,J1,25,0.0655851811170578
analytical,1.0,500.0,J2,25,0.02874854952096939
ANNet,1.0,1000.0,J1,25,0.09518974274396896
ANNet,1.0,1000.0,J2,25,0.05025394260883331
analytical,1.0,1000.0,J1,25,0.09244142472743988
analytical,1.0,1000.0,J2,25,0.04050665721297264
ANNet,2.5,1.0,J1,25,0.4838676154613495
ANNet,2.5,1.0,J2,25,0.33072033524513245
analytical,2.5,1.0,J1,25,0.4787485897541046
analytical,2.5,1.0,J2,25,0.3294923007488251
ANNet,2.5,2.0,J1,25,0.18246279656887054
ANNet,2.5,2.0,J2,25,0.07300660759210587
analytical,2.5,2.0,J1,25,0.17972077429294586
analytical,2.5,2.0,J2,25,0.06603288650512695
ANNet,2.5,5.0,J1,25,0.042048100382089615
ANNet,2.5,5.0,J2,25,0.03412661701440811
analytical,2.5,5.0,J1,25,0.03462515026330948
analytical,2.5,5.0,J2,25,0.015491305850446224
ANNet,2.5,10.0,J1,25,0.03455423563718796
ANNet,2.5,10.0,J2,25,0.0324137844145298
analytical,2.5,10.0,J1,25,0.025175543501973152
analytical,2.5,10.0,J2,25,0.011172459460794926
ANNet,2.5,20.0,J1,25,0.041447460651397705
ANNet,2.5,20.0,J2,25,0.03393342345952988
analytical,2.5,20.0,J1,25,0.03399618715047836
analytical,2.5,20.0,J2,25,0.015003794804215431
ANNet,2.5,50.0,J1,25,0.05971192941069603
ANNet,2.5,50.0,J2,25,0.03885277733206749
analytical,2.5,50.0,J1,25,0.05474497005343437
analytical,2.5,50.0,J2,25,0.024121399968862534
ANNet,2.5,100.0,J1,25,0.0785268247127533
ANNet,2.5,100.0,J2,25,0.04482720047235489
analytical,2.5,100.0,J1,25,0.07475566118955612
analytical,2.5,100.0,J2,25,0.03285730630159378
ANNet,2.5,200.0,J1,25,0.10698708146810532
ANNet,2.5,200.0,J2,25,0.05499093607068062
analytical,2.5,200.0,J1,25,0.1041593849658966
analytical,2.5,200.0,J2,25,0.04571712389588356
ANNet,2.5,500.0,J1,25,0.16594310104846954
ANNet,2.5,500.0,J2,25,0.07817329466342926
analytical,2.5,500.0,J1,25,0.16396209597587585
analytical,2.5,500.0,J2,25,0.07187161594629288
ANNet,2.5,1000.0,J1,25,0.23270894587039948
ANNet,2.5,1000.0,J2,25,0.10591854155063629
analytical,2.5,1000.0,J1,25,0.23110337555408478
analytical,2.5,1000.0,J2,25,0.10126757621765137
ANNet,5.0,1.0,J1,25,0.48530247807502747
ANNet,5.0,1.0,J2,25,0.3302792012691498
analytical,5.0,1.0,J1,25,0.4801015853881836
analytical,5.0,1.0,J2,25,0.32899415493011475
ANNet,5.0,2.0,J1,25,0.18474623560905457
ANNet,5.0,2.0,J2,25,0.07333961874246597
analytical,5.0,2.0,J1,25,0.18171076476573944
analytical,5.0,2.0,J2,25,0.06591076403856277
ANNet,5.0,5.0,J1,25,0.053040944039821625
ANNet,5.0,5.0,J2,25,0.03742530196905136
analytical,5.0,5.0,J1,25,0.046056024730205536
analytical,5.0,5.0,J2,25,0.019948771223425865
ANNet,5.0,10.0,J1,25,0.05394110083580017
ANNet,5.0,10.0,J2,25,0.037873901426792145
analytical,5.0,10.0,J1,25,0.047157175838947296
analytical,5.0,10.0,J2,25,0.02071554958820343
ANNet,5.0,20.0,J1,25,0.07259031385183334
ANNet,5.0,20.0,J2,25,0.043553926050662994
analytical,5.0,20.0,J1,25,0.06764194369316101
analytical,5.0,20.0,J2,25,0.02982906997203827
ANNet,5.0,50.0,J1,25,0.11273735761642456
ANNet,5.0,50.0,J2,25,0.05779392272233963
analytical,5.0,50.0,J1,25,0.1095002070069313
analytical,5.0,50.0,J2,25,0.04824678227305412
ANNet,5.0,100.0,J1,25,0.15202999114990234
ANNet,5.0,100.0,J2,25,0.07307285815477371
analytical,5.0,100.0,J1,25,0.14951682090759277
analytical,5.0,100.0,J2,25,0.06571590155363083
ANNet,5.0,200.0,J1,25,0.21031035482883453
ANNet,5.0,200.0,J2,25,0.09694115817546844
analytical,5.0,200.0,J1,25,0.20831803977489471
analytical,5.0,200.0,J2,25,0.09143400937318802
ANNet,5.0,500.0,J1,25,0.32953447103500366
ANNet,5.0,500.0,J2,25,0.14746670424938202
analytical,5.0,500.0,J1,25,0.32792240381240845
analytical,5.0,500.0,J2,25,0.14374464750289917
ANNet,5.0,1000.0,J1,25,0.46374255418777466
ANNet,5.0,1000.0,J2,25,0.2053719460964203
analytical,5.0,1000.0,J1,25,0.46220508217811584
analytical,5.0,1000.0,J2,25,0.2025381624698639
ANNet,10.0,1.0,J1,25,0.48854827880859375
ANNet,10.0,1.0,J2,25,0.3295062780380249
analytical,10.0,1.0,J1,25,0.48318809270858765
analytical,10.0,1.0,J2,25,0.3281067907810211
ANNet,10.0,2.0,J1,25,0.191062331199646
ANNet,10.0,2.0,J2,25,0.07492939382791519
analytical,10.0,2.0,J1,25,0.18748760223388672
analytical,10.0,2.0,J2,25,0.06670546531677246
ANNet,10.0,5.0,J1,25,0.07993879914283752
ANNet,10.0,5.0,J2,25,0.046515483409166336
analytical,10.0,5.0,J1,25,0.07380976527929306
analytical,10.0,5.0,J2,25,0.031680360436439514
ANNet,10.0,10.0,J1,25,0.09740707278251648
ANNet,10.0,10.0,J2,25,0.05299342796206474
analytical,10.0,10.0,J1,25,0.09242045134305954
analytical,10.0,10.0,J2,25,0.040515948086977005
ANNet,10.0,20.0,J1,25,0.1386357992887497
ANNet,10.0,20.0,J2,25,0.06869971007108688
analytical,10.0,20.0,J1,25,0.13505829870700836
analytical,10.0,20.0,J2,25,0.05954626575112343
ANNet,10.0,50.0,J1,25,0.2214718759059906
ANNet,10.0,50.0,J2,25,0.1025003120303154
analytical,10.0,50.0,J1,25,0.21901749074459076
analytical,10.0,50.0,J2,25,0.09649752080440521
ANNet,10.0,100.0,J1,25,0.3010985553264618
ANNet,10.0,100.0,J2,25,0.13602623343467712
analytical,10.0,100.0,J1,25,0.29904091358184814
analytical,10.0,100.0,J2,25,0.13143061101436615
ANNet,10.0,200.0,J1,25,0.41847679018974304
ANNet,10.0,200.0,J2,25,0.1863732784986496
analytical,10.0,200.0,J1,25,0.4166339635848999
analytical,10.0,200.0,J2,25,0.18286770582199097
ANNet,10.0,500.0,J1,25,0.6576927304267883
ANNet,10.0,500.0,J2,25,0.2900574505329132
analytical,10.0,500.0,J1,25,0.655836284160614
analytical,10.0,500.0,J2,25,0.28749510645866394
ANNet,10.0,1000.0,J1,25,0.926491916179657
ANNet,10.0,1000.0,J2,25,0.40725982189178467
analytical,10.0,1000.0,J1,25,0.9243966341018677
analytical,10.0,1000.0,J2,25,0.4050876498222351
ANNet,25.0,1.0,J1,25,0.5011976957321167
ANNet,25.0,1.0,J2,25,0.32807064056396484
analytical,25.0,1.0,J1,25,0.4953979253768921
analytical,25.0,1.0,J2,25,0.3263259530067444
ANNet,25.0,2.0,J1,25,0.22180907428264618
ANNet,25.0,2.0,J2,25,0.08618210256099701
analytical,25.0,2.0,J1,25,0.2170356959104538
analytical,25.0,2.0,J2,25,0.0765945240855217
ANNet,25.0,5.0,J1,25,0.1703275591135025
ANNet,25.0,5.0,J2,25,0.08234257251024246
analytical,25.0,5.0,J1,25,0.16518551111221313
analytical,25.0,5.0,J2,25,0.07168237119913101
ANNet,25.0,10.0,J1,25,0.2332441359758377
ANNet,25.0,10.0,J2,25,0.10853245854377747
analytical,25.0,10.0,J1,25,0.22934462130069733
analytical,25.0,10.0,J2,25,0.10053879767656326
ANNet,25.0,20.0,J1,25,0.340374231338501
ANNet,25.0,20.0,J2,25,0.15439270436763763
analytical,25.0,20.0,J1,25,0.3374139368534088
analytical,25.0,20.0,J2,25,0.14873656630516052
ANNet,25.0,50.0,J1,25,0.5499903559684753
ANNet,25.0,50.0,J2,25,0.2450174242258072
analytical,25.0,50.0,J1,25,0.547585129737854
analytical,25.0,50.0,J2,25,0.24122914671897888
ANNet,25.0,100.0,J1,25,0.7500155568122864
ANNet,25.0,100.0,J2,25,0.3316655158996582
analytical,25.0,100.0,J1,25,0.7476193308830261
analytical,25.0,100.0,J2,25,0.3285526931285858
ANNet,25.0,200.0,J1,25,1.044174075126648
ANNet,25.0,200.0,J2,25,0.4598449468612671
analytical,25.0,200.0,J1,25,1.0415593385696411
analytical,25.0,200.0,J2,25,0.45716649293899536
ANNet,25.0,500.0,J1,25,1.642797827720642
ANNet,25.0,500.0,J2,25,0.7212625741958618
analytical,25.0,500.0,J1,25,1.6394792795181274
analytical,25.0,500.0,J2,25,0.7187777161598206
ANNet,25.0,1000.0,J1,25,2.314910650253296
ANNet,25.0,1000.0,J2,25,1.0153722763061523
analytical,25.0,1000.0,J1,25,2.3107526302337646
analytical,25.0,1000.0,J2,25,1.0127931833267212
ANNet,0.0,1.0,J1,26,2.3732848167419434
ANNet,0.0,1.0,J2,26,1.0056121349334717
analytical,0.0,1.0,J1,26,2.374311685562134
analytical,0.0,1.0,J2,26,1.0086793899536133
ANNet,0.0,2.0,J1,26,1.5075823068618774
ANNet,0.0,2.0,J2,26,0.475289523601532
analytical,0.0,2.0,J1,26,1.5224888324737549
analytical,0.0,2.0,J2,26,0.47520074248313904
ANNet,0.0,5.0,J1,26,0.16150957345962524
ANNet,0.0,5.0,J2,26,0.42834901809692383
analytical,0.0,5.0,J1,26,0.17688611149787903
analytical,0.0,5.0,J2,26,0.0881599560379982
ANNet,0.0,10.0,J1,26,0.17186786234378815
ANNet,0.0,10.0,J2,26,0.9467494487762451
analytical,0.0,10.0,J1,26,0.02792004868388176
analytical,0.0,10.0,J2,26,0.01456034928560257
ANNet,0.0,20.0,J1,26,0.18985183537006378
ANNet,0.0,20.0,J2,26,1.025571584701538
analytical,0.0,20.0,J1,26,0.00785104464739561
analytical,0.0,20.0,J2,26,0.0033268535044044256
ANNet,0.0,50.0,J1,26,0.1911306083202362
ANNet,0.0,50.0,J2,26,1.0311814546585083
analytical,0.0,50.0,J1,26,0.001959090121090412
analytical,0.0,50.0,J2,26,0.0008041760884225368
ANNet,0.0,100.0,J1,26,0.19115760922431946
ANNet,0.0,100.0,J2,26,1.0313196182250977
analytical,0.0,100.0,J1,26,0.0007079305360093713
analytical,0.0,100.0,J2,26,0.000289331772364676
ANNet,0.0,200.0,J1,26,0.19115883111953735
ANNet,0.0,200.0,J2,26,1.0313283205032349
analytical,0.0,200.0,J1,26,0.0002630400995258242
analytical,0.0,200.0,J2,26,0.00010726859181886539
ANNet,0.0,500.0,J1,26,0.19115889072418213
ANNet,0.0,500.0,J2,26,1.031328797340393
analytical,0.0,500.0,J1,26,7.651346095371991e-05
analytical,0.0,500.0,J2,26,3.1168267014436424e-05
ANNet,0.0,1000.0,J1,26,0.19115890562534332
ANNet,0.0,1000.0,J2,26,1.031328797340393
analytical,0.0,1000.0,J1,26,3.283620026195422e-05
analytical,0.0,1000.0,J2,26,1.3387066246650647e-05
ANNet,1.0,1.0,J1,26,2.3750858306884766
ANNet,1.0,1.0,J2,26,1.0053513050079346
analytical,1.0,1.0,J1,26,2.376115083694458
analytical,1.0,1.0,J2,26,1.0084524154663086
ANNet,1.0,2.0,J1,26,1.5102587938308716
ANNet,1.0,2.0,J2,26,0.47600504755973816
analytical,1.0,2.0,J1,26,1.5251750946044922
analytical,1.0,2.0,J2,26,0.47584792971611023
ANNet,1.0,5.0,J1,26,0.16518427431583405
ANNet,1.0,5.0,J2,26,0.4304022192955017
analytical,1.0,5.0,J1,26,0.1798880398273468
analytical,1.0,5.0,J2,26,0.08849851787090302
ANNet,1.0,10.0,J1,26,0.173930823802948
ANNet,1.0,10.0,J2,26,0.9502550363540649
analytical,1.0,10.0,J1,26,0.03712296485900879
analytical,1.0,10.0,J2,26,0.016805347055196762
ANNet,1.0,20.0,J1,26,0.1937221884727478
ANNet,1.0,20.0,J2,26,1.0313875675201416
analytical,1.0,20.0,J1,26,0.03142063692212105
analytical,1.0,20.0,J2,26,0.013646194711327553
ANNet,1.0,50.0,J1,26,0.2003977745771408
ANNet,1.0,50.0,J2,26,1.0402154922485352
analytical,1.0,50.0,J1,26,0.05000164732336998
analytical,1.0,50.0,J2,26,0.022474568337202072
ANNet,1.0,100.0,J1,26,0.20628824830055237
ANNet,1.0,100.0,J2,26,1.0407602787017822
analytical,1.0,100.0,J1,26,0.06975990533828735
analytical,1.0,100.0,J2,26,0.03173508122563362
ANNet,1.0,200.0,J1,26,0.21822938323020935
ANNet,1.0,200.0,J2,26,1.0413013696670532
analytical,1.0,200.0,J1,26,0.09959829598665237
analytical,1.0,200.0,J2,26,0.045399755239486694
ANNet,1.0,500.0,J1,26,0.25069764256477356
ANNet,1.0,500.0,J2,26,1.0431708097457886
analytical,1.0,500.0,J1,26,0.158333882689476
analytical,1.0,500.0,J2,26,0.07206682115793228
ANNet,1.0,1000.0,J1,26,0.2945352792739868
ANNet,1.0,1000.0,J2,26,1.045945644378662
analytical,1.0,1000.0,J1,26,0.2211294323205948
analytical,1.0,1000.0,J2,26,0.10070468485355377
ANNet,2.5,1.0,J1,26,2.3778111934661865
ANNet,2.5,1.0,J2,26,1.0049735307693481
analytical,2.5,1.0,J1,26,2.3788440227508545
analytical,2.5,1.0,J2,26,1.0081253051757812
ANNet,2.5,2.0,J1,26,1.5143625736236572
ANNet,2.5,2.0,J2,26,0.47714510560035706
analytical,2.5,2.0,J1,26,1.5292925834655762
analytical,2.5,2.0,J2,26,0.4768849313259125
ANNet,2.5,5.0,J1,26,0.17293433845043182
ANNet,2.5,5.0,J2,26,0.43370234966278076
analytical,2.5,5.0,J1,26,0.18652541935443878
analytical,2.5,5.0,J2,26,0.08990704268217087
ANNet,2.5,10.0,J1,26,0.18165656924247742
ANNet,2.5,10.0,J2,26,0.9557206630706787
analytical,2.5,10.0,J1,26,0.06282160431146622
analytical,2.5,10.0,J2,26,0.02669803611934185
ANNet,2.5,20.0,J1,26,0.2077672779560089
ANNet,2.5,20.0,J2,26,1.0404390096664429
analytical,2.5,20.0,J1,26,0.07612690329551697
analytical,2.5,20.0,J2,26,0.03337442874908447
ANNet,2.5,50.0,J1,26,0.23428118228912354
ANNet,2.5,50.0,J2,26,1.0545932054519653
analytical,2.5,50.0,J1,26,0.12484950572252274
analytical,2.5,50.0,J2,26,0.056127551943063736
ANNet,2.5,100.0,J1,26,0.26416948437690735
ANNet,2.5,100.0,J2,26,1.0566776990890503
analytical,2.5,100.0,J1,26,0.1743808388710022
analytical,2.5,100.0,J2,26,0.07933050394058228
ANNet,2.5,200.0,J1,26,0.31853020191192627
ANNet,2.5,200.0,J2,26,1.0598307847976685
analytical,2.5,200.0,J1,26,0.24898160994052887
analytical,2.5,200.0,J2,26,0.11349762231111526
ANNet,2.5,500.0,J1,26,0.4433777332305908
ANNet,2.5,500.0,J2,26,1.0709967613220215
analytical,2.5,500.0,J1,26,0.39582252502441406
analytical,2.5,500.0,J2,26,0.1801680028438568
ANNet,2.5,1000.0,J1,26,0.5881335735321045
ANNet,2.5,1000.0,J2,26,1.0875550508499146
analytical,2.5,1000.0,J1,26,0.5528032779693604
analytical,2.5,1000.0,J2,26,0.2517637610435486
ANNet,5.0,1.0,J1,26,2.382418155670166
ANNet,5.0,1.0,J2,26,1.0043795108795166
analytical,5.0,1.0,J1,26,2.3834574222564697
analytical,5.0,1.0,J2,26,1.0076156854629517
ANNet,5.0,2.0,J1,26,1.521437168121338
ANNet,5.0,2.0,J2,26,0.47922196984291077
analytical,5.0,2.0,J1,26,1.5363876819610596
analytical,5.0,2.0,J2,26,0.47878843545913696
ANNet,5.0,5.0,J1,26,0.1909436285495758
ANNet,5.0,5.0,J2,26,0.4397791624069214
analytical,5.0,5.0,J1,26,0.202599436044693
analytical,5.0,5.0,J2,26,0.09451422840356827
ANNet,5.0,10.0,J1,26,0.205060675740242
ANNet,5.0,10.0,J2,26,0.9653663635253906
analytical,5.0,10.0,J1,26,0.11261998862028122
analytical,5.0,10.0,J2,26,0.04791667312383652
ANNet,5.0,20.0,J1,26,0.2483079731464386
ANNet,5.0,20.0,J2,26,1.0563290119171143
analytical,5.0,20.0,J1,26,0.15142573416233063
analytical,5.0,20.0,J2,26,0.06658049672842026
ANNet,5.0,50.0,J1,26,0.3227356970310211
ANNet,5.0,50.0,J2,26,1.0804576873779297
analytical,5.0,50.0,J1,26,0.24962963163852692
analytical,5.0,50.0,J2,26,0.11222878098487854
ANNet,5.0,100.0,J1,26,0.4045548141002655
ANNet,5.0,100.0,J2,26,1.0873832702636719
analytical,5.0,100.0,J1,26,0.3487509489059448
analytical,5.0,100.0,J2,26,0.1586592197418213
ANNet,5.0,200.0,J1,26,0.53883296251297
ANNet,5.0,200.0,J2,26,1.0990139245986938
analytical,5.0,200.0,J1,26,0.4979306757450104
analytical,5.0,200.0,J2,26,0.2269948273897171
ANNet,5.0,500.0,J1,26,0.8187645077705383
ANNet,5.0,500.0,J2,26,1.1387975215911865
analytical,5.0,500.0,J1,26,0.7916027307510376
analytical,5.0,500.0,J2,26,0.3603392243385315
ANNet,5.0,1000.0,J1,26,1.1255556344985962
ANNet,5.0,1000.0,J2,26,1.1968567371368408
analytical,5.0,1000.0,J1,26,1.1055325269699097
analytical,5.0,1000.0,J2,26,0.5035337209701538
ANNet,10.0,1.0,J1,26,2.391871690750122
ANNet,10.0,1.0,J2,26,1.00332510471344
analytical,10.0,1.0,J1,26,2.392922878265381
analytical,10.0,1.0,J2,26,1.0067301988601685
ANNet,10.0,2.0,J1,26,1.5364525318145752
ANNet,10.0,2.0,J2,26,0.4840279519557953
analytical,10.0,2.0,J1,26,1.5514365434646606
analytical,10.0,2.0,J2,26,0.4832428991794586
ANNet,10.0,5.0,J1,26,0.24033871293067932
ANNet,10.0,5.0,J2,26,0.4540133774280548
analytical,10.0,5.0,J1,26,0.24862080812454224
analytical,10.0,5.0,J2,26,0.11067000031471252
ANNet,10.0,10.0,J1,26,0.27734294533729553
ANNet,10.0,10.0,J2,26,0.9865515232086182
analytical,10.0,10.0,J1,26,0.21650518476963043
analytical,10.0,10.0,J2,26,0.09332489967346191
ANNet,10.0,20.0,J1,26,0.36424344778060913
ANNet,10.0,20.0,J2,26,1.0906739234924316
analytical,10.0,20.0,J1,26,0.30235108733177185
analytical,10.0,20.0,J2,26,0.13311614096164703
ANNet,10.0,50.0,J1,26,0.5432760119438171
ANNet,10.0,50.0,J2,26,1.1374342441558838
analytical,10.0,50.0,J1,26,0.49921202659606934
analytical,10.0,50.0,J2,26,0.22444072365760803
ANNet,10.0,100.0,J1,26,0.7299575805664062
ANNet,10.0,100.0,J2,26,1.1612050533294678
analytical,10.0,100.0,J1,26,0.6974876523017883
analytical,10.0,100.0,J2,26,0.317324161529541
ANNet,10.0,200.0,J1,26,1.0194505453109741
ANNet,10.0,200.0,J2,26,1.2005243301391602
analytical,10.0,200.0,J1,26,0.9957377314567566
analytical,10.0,200.0,J2,26,0.4539911150932312
ANNet,10.0,500.0,J1,26,1.5985339879989624
ANNet,10.0,500.0,J2,26,1.325574278831482
analytical,10.0,500.0,J1,26,1.5830192565917969
analytical,10.0,500.0,J2,26,0.720689594745636
ANNet,10.0,1000.0,J1,26,2.2217788696289062
ANNet,10.0,1000.0,J2,26,1.4957627058029175
analytical,10.0,1000.0,J1,26,2.210721492767334
analytical,10.0,1000.0,J2,26,1.007085919380188
ANNet,25.0,1.0,J1,26,2.422116756439209
ANNet,25.0,1.0,J2,26,1.001238465309143
analytical,25.0,1.0,J1,26,2.423201084136963
analytical,25.0,1.0,J2,26,1.0051484107971191
ANNet,25.0,2.0,J1,26,1.5881150960922241
ANNet,25.0,2.0,J2,26,0.5034192204475403
analytical,25.0,2.0,J1,26,1.6031410694122314
analytical,25.0,2.0,J2,26,0.5015580058097839
ANNet,25.0,5.0,J1,26,0.43272289633750916
ANNet,25.0,5.0,J2,26,0.5115360617637634
analytical,25.0,5.0,J1,26,0.43608954548835754
analytical,25.0,5.0,J2,26,0.1873903125524521
ANNet,25.0,10.0,J1,26,0.5617424845695496
ANNet,25.0,10.0,J2,26,1.0628875494003296
analytical,25.0,10.0,J1,26,0.5323037505149841
analytical,25.0,10.0,J2,26,0.23221242427825928
ANNet,25.0,20.0,J1,26,0.785415768623352
ANNet,25.0,20.0,J2,26,1.2065092325210571
analytical,25.0,20.0,J1,26,0.7555702924728394
analytical,25.0,20.0,J2,26,0.3328152000904083
ANNet,25.0,50.0,J1,26,1.266336441040039
ANNet,25.0,50.0,J2,26,1.325812578201294
analytical,25.0,50.0,J1,26,1.2480440139770508
analytical,25.0,50.0,J2,26,0.5611190795898438
ANNet,25.0,100.0,J1,26,1.7565251588821411
ANNet,25.0,100.0,J2,26,1.437585473060608
analytical,25.0,100.0,J1,26,1.7436344623565674
analytical,25.0,100.0,J2,26,0.7933720350265503
ANNet,25.0,200.0,J1,26,2.499446392059326
ANNet,25.0,200.0,J2,26,1.6164220571517944
analytical,25.0,200.0,J1,26,2.4883604049682617
analytical,25.0,200.0,J2,26,1.1349848508834839
ANNet,25.0,500.0,J1,26,3.9636731147766113
ANNet,25.0,500.0,J2,26,2.1128506660461426
analytical,25.0,500.0,J1,26,3.9558095932006836
analytical,25.0,500.0,J2,26,1.801774263381958
ANNet,25.0,1000.0,J1,26,5.537817001342773
ANNet,25.0,1000.0,J2,26,2.808668375015259
analytical,25.0,1000.0,J1,26,5.523282051086426
analytical,25.0,1000.0,J2,26,2.5177323818206787
ANNet,0.0,1.0,J1,27,0.582944929599762
ANNet,0.0,1.0,J2,27,0.34705081582069397
analytical,0.0,1.0,J1,27,0.5805338025093079
analytical,0.0,1.0,J2,27,0.3487861454486847
ANNet,0.0,2.0,J1,27,0.2561667859554291
ANNet,0.0,2.0,J2,27,0.09637974202632904
analytical,0.0,2.0,J1,27,0.25558918714523315
analytical,0.0,2.0,J2,27,0.09258759766817093
ANNet,0.0,5.0,J1,27,0.03564264997839928
ANNet,0.0,5.0,J2,27,0.026947883889079094
analytical,0.0,5.0,J1,27,0.027748651802539825
analytical,0.0,5.0,J2,27,0.011246449314057827
ANNet,0.0,10.0,J1,27,0.02443484403192997
ANNet,0.0,10.0,J2,27,0.02479248121380806
analytical,0.0,10.0,J1,27,0.008573493920266628
analytical,0.0,10.0,J2,27,0.0032167911995202303
ANNet,0.0,20.0,J1,27,0.023135796189308167
ANNet,0.0,20.0,J2,27,0.024606989696621895
analytical,0.0,20.0,J1,27,0.0030260123312473297
analytical,0.0,20.0,J2,27,0.0011323323706164956
ANNet,0.0,50.0,J1,27,0.022956300526857376
ANNet,0.0,50.0,J2,27,0.024580974131822586
analytical,0.0,50.0,J1,27,0.0007784174522385001
analytical,0.0,50.0,J2,27,0.0002920287661254406
ANNet,0.0,100.0,J1,27,0.022945092990994453
ANNet,0.0,100.0,J2,27,0.024579288437962532
analytical,0.0,100.0,J1,27,0.00028282261337153614
analytical,0.0,100.0,J2,27,0.00010621380351949483
ANNet,0.0,200.0,J1,27,0.022943610325455666
ANNet,0.0,200.0,J2,27,0.024579044431447983
analytical,0.0,200.0,J1,27,0.0001053502710419707
analytical,0.0,200.0,J2,27,3.9590529922861606e-05
ANNet,0.0,500.0,J1,27,0.022943366318941116
ANNet,0.0,500.0,J2,27,0.024578992277383804
analytical,0.0,500.0,J1,27,3.072875915677287e-05
analytical,0.0,500.0,J2,27,1.1553822332643904e-05
ANNet,0.0,1000.0,J1,27,0.022943342104554176
ANNet,0.0,1000.0,J2,27,0.024578988552093506
analytical,0.0,1000.0,J1,27,1.3252240933070425e-05
analytical,0.0,1000.0,J2,27,4.999973953090375e-06
ANNet,1.0,1.0,J1,27,0.5833435654640198
ANNet,1.0,1.0,J2,27,0.3465442359447479
analytical,1.0,1.0,J1,27,0.5808578729629517
analytical,1.0,1.0,J2,27,0.3483694791793823
ANNet,1.0,2.0,J1,27,0.2557358741760254
ANNet,1.0,2.0,J2,27,0.09636005759239197
analytical,1.0,2.0,J1,27,0.25491634011268616
analytical,1.0,2.0,J2,27,0.09282249212265015
ANNet,1.0,5.0,J1,27,0.03843783587217331
ANNet,1.0,5.0,J2,27,0.026419619098305702
analytical,1.0,5.0,J1,27,0.029240062460303307
analytical,1.0,5.0,J2,27,0.012110384181141853
ANNet,1.0,10.0,J1,27,0.030488058924674988
ANNet,1.0,10.0,J2,27,0.024662649258971214
analytical,1.0,10.0,J1,27,0.016854744404554367
analytical,1.0,10.0,J2,27,0.007265202701091766
ANNet,1.0,20.0,J1,27,0.03158797323703766
ANNet,1.0,20.0,J2,27,0.025034667924046516
analytical,1.0,20.0,J1,27,0.018698276951909065
analytical,1.0,20.0,J2,27,0.008440209552645683
ANNet,1.0,50.0,J1,27,0.037587106227874756
ANNet,1.0,50.0,J2,27,0.02662438526749611
analytical,1.0,50.0,J1,27,0.027633752673864365
analytical,1.0,50.0,J2,27,0.012379487045109272
ANNet,1.0,100.0,J1,27,0.04605157673358917
ANNet,1.0,100.0,J2,27,0.029188627377152443
analytical,1.0,100.0,J1,27,0.0383460596203804
analytical,1.0,100.0,J2,27,0.0172088872641325
ANNet,1.0,200.0,J1,27,0.05969284847378731
ANNet,1.0,200.0,J2,27,0.033797990530729294
analytical,1.0,200.0,J1,27,0.05394938588142395
analytical,1.0,200.0,J2,27,0.024208903312683105
ANNet,1.0,500.0,J1,27,0.08920525759458542
ANNet,1.0,500.0,J2,27,0.04493183642625809
analytical,1.0,500.0,J1,27,0.08542764186859131
analytical,1.0,500.0,J2,27,0.038227226585149765
ANNet,1.0,1000.0,J1,27,0.12337031960487366
ANNet,1.0,1000.0,J2,27,0.05895523354411125
analytical,1.0,1000.0,J1,27,0.1206207126379013
analytical,1.0,1000.0,J2,27,0.05399943143129349
ANNet,2.5,1.0,J1,27,0.5840573906898499
ANNet,2.5,1.0,J2,27,0.3458258807659149
analytical,2.5,1.0,J1,27,0.5814603567123413
analytical,2.5,1.0,J2,27,0.34778618812561035
ANNet,2.5,2.0,J1,27,0.2554878890514374
ANNet,2.5,2.0,J2,27,0.09656934440135956
analytical,2.5,2.0,J1,27,0.25430458784103394
analytical,2.5,2.0,J2,27,0.09342027455568314
ANNet,2.5,5.0,J1,27,0.04657524824142456
ANNet,2.5,5.0,J2,27,0.027164820581674576
analytical,2.5,5.0,J1,27,0.03691685199737549
analytical,2.5,5.0,J2,27,0.016093207523226738
ANNet,2.5,10.0,J1,27,0.04611563682556152
ANNet,2.5,10.0,J2,27,0.027293751016259193
analytical,2.5,10.0,J1,27,0.036013927310705185
analytical,2.5,10.0,J2,27,0.0161993857473135
ANNet,2.5,20.0,J1,27,0.054340749979019165
ANNet,2.5,20.0,J2,27,0.030308494344353676
analytical,2.5,20.0,J1,27,0.04603588953614235
analytical,2.5,20.0,J2,27,0.02087155357003212
ANNet,2.5,50.0,J1,27,0.074866883456707
ANNet,2.5,50.0,J2,27,0.03795749694108963
analytical,2.5,50.0,J1,27,0.06904131919145584
analytical,2.5,50.0,J2,27,0.030932102352380753
ANNet,2.5,100.0,J1,27,0.1001819521188736
ANNet,2.5,100.0,J2,27,0.04833632707595825
analytical,2.5,100.0,J1,27,0.09586826711893082
analytical,2.5,100.0,J2,27,0.04302331432700157
ANNet,2.5,200.0,J1,27,0.13802872598171234
ANNet,2.5,200.0,J2,27,0.06442730128765106
analytical,2.5,200.0,J1,27,0.1348753422498703
analytical,2.5,200.0,J2,27,0.06052231043577194
ANNet,2.5,500.0,J1,27,0.21567721664905548
ANNet,2.5,500.0,J2,27,0.09812938421964645
analytical,2.5,500.0,J1,27,0.2135709971189499
analytical,2.5,500.0,J2,27,0.09556732326745987
ANNet,2.5,1000.0,J1,27,0.3031655251979828
ANNet,2.5,1000.0,J2,27,0.13687442243099213
analytical,2.5,1000.0,J1,27,0.30155426263809204
analytical,2.5,1000.0,J2,27,0.13499778509140015
ANNet,5.0,1.0,J1,27,0.5855550169944763
ANNet,5.0,1.0,J2,27,0.3447401225566864
analytical,5.0,1.0,J1,27,0.5827738046646118
analytical,5.0,1.0,J2,27,0.3469257950782776
ANNet,5.0,2.0,J1,27,0.2561391592025757
ANNet,5.0,2.0,J2,27,0.09754884988069534
analytical,5.0,2.0,J1,27,0.25435200333595276
analytical,5.0,2.0,J2,27,0.09505565464496613
ANNet,5.0,5.0,J1,27,0.06586932390928268
ANNet,5.0,5.0,J2,27,0.03199589252471924
analytical,5.0,5.0,J1,27,0.056777700781822205
analytical,5.0,5.0,J2,27,0.025788333266973495
ANNet,5.0,10.0,J1,27,0.0773598775267601
ANNet,5.0,10.0,J2,27,0.03691885992884636
analytical,5.0,10.0,J1,27,0.06960003823041916
analytical,5.0,10.0,J2,27,0.03164014220237732
ANNet,5.0,20.0,J1,27,0.09785249829292297
ANNet,5.0,20.0,J2,27,0.045808661729097366
analytical,5.0,20.0,J1,27,0.09179423004388809
analytical,5.0,20.0,J2,27,0.04165078327059746
ANNet,5.0,50.0,J1,27,0.14222614467144012
ANNet,5.0,50.0,J2,27,0.06475978344678879
analytical,5.0,50.0,J1,27,0.13806261122226715
analytical,5.0,50.0,J2,27,0.061855483800172806
ANNet,5.0,100.0,J1,27,0.19483596086502075
ANNet,5.0,100.0,J2,27,0.08819058537483215
analytical,5.0,100.0,J1,27,0.191740483045578
analytical,5.0,100.0,J2,27,0.08604746311903
ANNet,5.0,200.0,J1,27,0.2720736563205719
ANNet,5.0,200.0,J2,27,0.12261851131916046
analytical,5.0,200.0,J1,27,0.2697552740573883
analytical,5.0,200.0,J2,27,0.12104424834251404
ANNet,5.0,500.0,J1,27,0.42881709337234497
ANNet,5.0,500.0,J2,27,0.19222000241279602
analytical,5.0,500.0,J1,27,0.42714691162109375
analytical,5.0,500.0,J2,27,0.1911318153142929
ANNet,5.0,1000.0,J1,27,0.6045304536819458
ANNet,5.0,1000.0,J2,27,0.270866721868515
analytical,5.0,1000.0,J1,27,0.6031143665313721
analytical,5.0,1000.0,J2,27,0.2699923813343048
ANNet,10.0,1.0,J1,27,0.5896931886672974
ANNet,10.0,1.0,J2,27,0.3429911732673645
analytical,10.0,1.0,J1,27,0.5865499973297119
analytical,10.0,1.0,J2,27,0.34562787413597107
ANNet,10.0,2.0,J1,27,0.26137256622314453
ANNet,10.0,2.0,J2,27,0.10176800191402435
analytical,10.0,2.0,J1,27,0.25841978192329407
analytical,10.0,2.0,J2,27,0.10055885463953018
ANNet,10.0,5.0,J1,27,0.11175946891307831
ANNet,10.0,5.0,J2,27,0.04916878044605255
analytical,10.0,5.0,J1,27,0.10368112474679947
analytical,10.0,5.0,J2,27,0.047934774309396744
ANNet,10.0,10.0,J1,27,0.14382782578468323
ANNet,10.0,10.0,J2,27,0.06373704224824905
analytical,10.0,10.0,J1,27,0.13751588761806488
analytical,10.0,10.0,J2,27,0.06275533884763718
ANNet,10.0,20.0,J1,27,0.1882399320602417
ANNet,10.0,20.0,J2,27,0.08401301503181458
analytical,10.0,20.0,J1,27,0.18338829278945923
analytical,10.0,20.0,J2,27,0.08323154598474503
ANNet,10.0,50.0,J1,27,0.27948200702667236
ANNet,10.0,50.0,J2,27,0.12429491430521011
analytical,10.0,50.0,J1,27,0.27610814571380615
analytical,10.0,50.0,J2,27,0.12370181083679199
ANNet,10.0,100.0,J1,27,0.38607919216156006
ANNet,10.0,100.0,J2,27,0.17258836328983307
analytical,10.0,100.0,J1,27,0.38348880410194397
analytical,10.0,100.0,J2,27,0.1720951795578003
ANNet,10.0,200.0,J1,27,0.5415897965431213
ANNet,10.0,200.0,J2,27,0.24252143502235413
analytical,10.0,200.0,J1,27,0.5395260453224182
analytical,10.0,200.0,J2,27,0.242086261510849
ANNet,10.0,500.0,J1,27,0.8560142517089844
ANNet,10.0,500.0,J2,27,0.38270312547683716
analytical,10.0,500.0,J1,27,0.8543073534965515
analytical,10.0,500.0,J2,27,0.3822512626647949
ANNet,10.0,1000.0,J1,27,1.207903265953064
ANNet,10.0,1000.0,J2,27,0.5404937267303467
analytical,10.0,1000.0,J1,27,1.206236481666565
analytical,10.0,1000.0,J2,27,0.5399690866470337
ANNet,25.0,1.0,J1,27,0.6109094619750977
ANNet,25.0,1.0,J2,27,0.34118738770484924
analytical,25.0,1.0,J1,27,0.6067521572113037
analytical,25.0,1.0,J2,27,0.345158189535141
ANNet,25.0,2.0,J1,27,0.3045973479747772
ANNet,25.0,2.0,J2,27,0.12870529294013977
analytical,25.0,2.0,J1,27,0.29890188574790955
analytical,25.0,2.0,J2,27,0.1304682493209839
ANNet,25.0,5.0,J1,27,0.25971242785453796
ANNet,25.0,5.0,J2,27,0.11479038000106812
analytical,25.0,5.0,J1,27,0.2525266706943512
analytical,25.0,5.0,J2,27,0.11730574071407318
ANNet,25.0,10.0,J1,27,0.34742122888565063
ANNet,25.0,10.0,J2,27,0.15448817610740662
analytical,25.0,10.0,J1,27,0.34191691875457764
analytical,25.0,10.0,J2,27,0.1562916338443756
ANNet,25.0,20.0,J1,27,0.4625471532344818
ANNet,25.0,20.0,J2,27,0.20672889053821564
analytical,25.0,20.0,J1,27,0.4582538306713104
analytical,25.0,20.0,J2,27,0.2079872041940689
ANNet,25.0,50.0,J1,27,0.6934183835983276
ANNet,25.0,50.0,J2,27,0.3085525631904602
analytical,25.0,50.0,J1,27,0.6902408003807068
analytical,25.0,50.0,J2,27,0.3092297613620758
ANNet,25.0,100.0,J1,27,0.9614301323890686
ANNet,25.0,100.0,J2,27,0.42991507053375244
analytical,25.0,100.0,J1,27,0.9587540030479431
analytical,25.0,100.0,J2,27,0.4302319586277008
ANNet,25.0,200.0,J1,27,1.3513432741165161
ANNet,25.0,200.0,J2,27,0.6051803827285767
analytical,25.0,200.0,J1,27,1.3489018678665161
analytical,25.0,200.0,J2,27,0.605193555355072
ANNet,25.0,500.0,J1,27,2.1382534503936768
ANNet,25.0,500.0,J2,27,0.9559389352798462
analytical,25.0,500.0,J1,27,2.1357574462890625
analytical,25.0,500.0,J2,27,0.9555152654647827
ANNet,25.0,1000.0,J1,27,3.01812481880188
ANNet,25.0,1000.0,J2,27,1.3505197763442993
analytical,25.0,1000.0,J1,27,3.0153398513793945
analytical,25.0,1000.0,J2,27,1.3497467041015625
ANNet,0.0,1.0,J1,28,0.26298609375953674
ANNet,0.0,1.0,J2,28,0.5322121381759644
analytical,0.0,1.0,J1,28,0.25578731298446655
analytical,0.0,1.0,J2,28,0.5292986035346985
ANNet,0.0,2.0,J1,28,0.12542805075645447
ANNet,0.0,2.0,J2,28,0.17624785006046295
analytical,0.0,2.0,J1,28,0.12438267469406128
analytical,0.0,2.0,J2,28,0.17715810239315033
ANNet,0.0,5.0,J1,28,0.027627060189843178
ANNet,0.0,5.0,J2,28,0.028464581817388535
analytical,0.0,5.0,J1,28,0.008281417191028595
analytical,0.0,5.0,J2,28,0.020428048446774483
ANNet,0.0,10.0,J1,28,0.02665007673203945
ANNet,0.0,10.0,J2,28,0.02202899567782879
analytical,0.0,10.0,J1,28,0.0008000024827197194
analytical,0.0,10.0,J2,28,0.005231166258454323
ANNet,0.0,20.0,J1,28,0.026646697893738747
ANNet,0.0,20.0,J2,28,0.021595794707536697
analytical,0.0,20.0,J1,28,0.00018424233712721616
analytical,0.0,20.0,J2,28,0.001803338062018156
ANNet,0.0,50.0,J1,28,0.02664531022310257
ANNet,0.0,50.0,J2,28,0.02153344452381134
analytical,0.0,50.0,J1,28,5.039720417698845e-05
analytical,0.0,50.0,J2,28,0.0004650646878872067
ANNet,0.0,100.0,J1,28,0.026645133271813393
ANNet,0.0,100.0,J2,28,0.02152921073138714
analytical,0.0,100.0,J1,28,1.918021916935686e-05
analytical,0.0,100.0,J2,28,0.0001693309168331325
ANNet,0.0,200.0,J1,28,0.026645107194781303
ANNet,0.0,200.0,J2,28,0.021528610959649086
analytical,0.0,200.0,J1,28,7.529934009653516e-06
analytical,0.0,200.0,J2,28,6.314101483440027e-05
ANNet,0.0,500.0,J1,28,0.026645097881555557
ANNet,0.0,500.0,J2,28,0.02152850106358528
analytical,0.0,500.0,J1,28,2.8652336823142832e-06
analytical,0.0,500.0,J2,28,1.8407683455734514e-05
ANNet,0.0,1000.0,J1,28,0.026645097881555557
ANNet,0.0,1000.0,J2,28,0.021528488025069237
analytical,0.0,1000.0,J1,28,2.0341078652563738e-06
analytical,0.0,1000.0,J2,28,7.897187970229425e-06
ANNet,1.0,1.0,J1,28,0.262664794921875
ANNet,1.0,1.0,J2,28,0.5322103500366211
analytical,1.0,1.0,J1,28,0.2553197145462036
analytical,1.0,1.0,J2,28,0.529319167137146
ANNet,1.0,2.0,J1,28,0.125825434923172
ANNet,1.0,2.0,J2,28,0.17625349760055542
analytical,1.0,2.0,J1,28,0.1243114322423935
analytical,1.0,2.0,J2,28,0.17724794149398804
ANNet,1.0,5.0,J1,28,0.03228480741381645
ANNet,1.0,5.0,J2,28,0.0282386876642704
analytical,1.0,5.0,J1,28,0.014286069199442863
analytical,1.0,5.0,J2,28,0.020653020590543747
ANNet,1.0,10.0,J1,28,0.032617390155792236
ANNet,1.0,10.0,J2,28,0.022553857415914536
analytical,1.0,10.0,J1,28,0.014411860145628452
analytical,1.0,10.0,J2,28,0.008486746810376644
ANNet,1.0,20.0,J1,28,0.0354597233235836
ANNet,1.0,20.0,J2,28,0.023053690791130066
analytical,1.0,20.0,J1,28,0.019999604672193527
analytical,1.0,20.0,J2,28,0.009464926086366177
ANNet,1.0,50.0,J1,28,0.04308447241783142
ANNet,1.0,50.0,J2,28,0.025561733171343803
analytical,1.0,50.0,J1,28,0.031597379595041275
analytical,1.0,50.0,J2,28,0.01452611107379198
ANNet,1.0,100.0,J1,28,0.05344641953706741
ANNet,1.0,100.0,J2,28,0.029372500255703926
analytical,1.0,100.0,J1,28,0.04469655826687813
analytical,1.0,100.0,J2,28,0.02049342170357704
ANNet,1.0,200.0,J1,28,0.06950666010379791
ANNet,1.0,200.0,J2,28,0.035689711570739746
analytical,1.0,200.0,J1,28,0.06301207840442657
analytical,1.0,200.0,J2,28,0.028814498335123062
ANNet,1.0,500.0,J1,28,0.10315976291894913
ANNet,1.0,500.0,J2,28,0.04992697387933731
analytical,1.0,500.0,J1,28,0.09887257218360901
analytical,1.0,500.0,J2,28,0.04524717852473259
ANNet,1.0,1000.0,J1,28,0.14186257123947144
ANNet,1.0,1000.0,J2,28,0.06701941788196564
analytical,1.0,1000.0,J1,28,0.1387430876493454
analytical,1.0,1000.0,J2,28,0.06358347088098526
ANNet,2.5,1.0,J1,28,0.26230981945991516
ANNet,2.5,1.0,J2,28,0.5322195291519165
analytical,2.5,1.0,J1,28,0.25474813580513
analytical,2.5,1.0,J2,28,0.5293617844581604
ANNet,2.5,2.0,J1,28,0.12707798182964325
ANNet,2.5,2.0,J2,28,0.17635850608348846
analytical,2.5,2.0,J1,28,0.12487424910068512
analytical,2.5,2.0,J2,28,0.17747829854488373
ANNet,2.5,5.0,J1,28,0.043648529797792435
ANNet,2.5,5.0,J2,28,0.029576212167739868
analytical,2.5,5.0,J1,28,0.029171427711844444
analytical,2.5,5.0,J2,28,0.02316713146865368
ANNet,2.5,10.0,J1,28,0.04863373190164566
ANNet,2.5,10.0,J2,28,0.026665177196264267
analytical,2.5,10.0,J1,28,0.035891253501176834
analytical,2.5,10.0,J2,28,0.017490029335021973
ANNet,2.5,20.0,J1,28,0.059834182262420654
ANNet,2.5,20.0,J2,28,0.030815156176686287
analytical,2.5,20.0,J1,28,0.0500001423060894
analytical,2.5,20.0,J2,28,0.023215271532535553
ANNet,2.5,50.0,J1,28,0.08557578176259995
ANNet,2.5,50.0,J2,28,0.041582874953746796
analytical,2.5,50.0,J1,28,0.07899389415979385
analytical,2.5,50.0,J2,28,0.0362924225628376
ANNet,2.5,100.0,J1,28,0.11651081591844559
ANNet,2.5,100.0,J2,28,0.05512135103344917
analytical,2.5,100.0,J1,28,0.1117413192987442
analytical,2.5,100.0,J2,28,0.051226258277893066
ANNet,2.5,200.0,J1,28,0.160985067486763
ANNet,2.5,200.0,J2,28,0.074885793030262
analytical,2.5,200.0,J1,28,0.15752948820590973
analytical,2.5,200.0,J2,28,0.0720360279083252
ANNet,2.5,500.0,J1,28,0.24946630001068115
ANNet,2.5,500.0,J2,28,0.11500588804483414
analytical,2.5,500.0,J1,28,0.24718117713928223
analytical,2.5,500.0,J2,28,0.11311798542737961
ANNet,2.5,1000.0,J1,28,0.34857073426246643
ANNet,2.5,1000.0,J2,28,0.16037273406982422
analytical,2.5,1000.0,J1,28,0.3468562066555023
analytical,2.5,1000.0,J2,28,0.1589585691690445
ANNet,5.0,1.0,J1,28,0.2620582580566406
ANNet,5.0,1.0,J2,28,0.5322661399841309
analytical,5.0,1.0,J1,28,0.2541441023349762
analytical,5.0,1.0,J2,28,0.5294642448425293
ANNet,5.0,2.0,J1,28,0.1308518797159195
ANNet,5.0,2.0,J2,28,0.17679020762443542
analytical,5.0,2.0,J1,28,0.12756243348121643
analytical,5.0,2.0,J2,28,0.17811588943004608
ANNet,5.0,5.0,J1,28,0.0672917291522026
ANNet,5.0,5.0,J2,28,0.03551160544157028
analytical,5.0,5.0,J1,28,0.05578639730811119
analytical,5.0,5.0,J2,28,0.031259335577487946
ANNet,5.0,10.0,J1,28,0.08117734640836716
ANNet,5.0,10.0,J2,28,0.03865627944469452
analytical,5.0,10.0,J1,28,0.07170825451612473
analytical,5.0,10.0,J2,28,0.03377463296055794
ANNet,5.0,20.0,J1,28,0.10703212767839432
ANNet,5.0,20.0,J2,28,0.05000951886177063
analytical,5.0,20.0,J1,28,0.10000155866146088
analytical,5.0,20.0,J2,28,0.046269334852695465
ANNet,5.0,50.0,J1,28,0.16256622970104218
ANNet,5.0,50.0,J2,28,0.07504475116729736
analytical,5.0,50.0,J1,28,0.1579873114824295
analytical,5.0,50.0,J2,28,0.07257511466741562
ANNet,5.0,100.0,J1,28,0.22678905725479126
ANNet,5.0,100.0,J2,28,0.10425453633069992
analytical,5.0,100.0,J1,28,0.22348052263259888
analytical,5.0,100.0,J2,28,0.10244777798652649
ANNet,5.0,200.0,J1,28,0.3174874484539032
ANNet,5.0,200.0,J2,28,0.14542312920093536
analytical,5.0,200.0,J1,28,0.31505632400512695
analytical,5.0,200.0,J2,28,0.14407160878181458
ANNet,5.0,500.0,J1,28,0.49605104327201843
ANNet,5.0,500.0,J2,28,0.22720402479171753
analytical,5.0,500.0,J1,28,0.49436044692993164
analytical,5.0,500.0,J2,28,0.226235494017601
ANNet,5.0,1000.0,J1,28,0.6950745582580566
ANNet,5.0,1000.0,J2,28,0.3187367022037506
analytical,5.0,1000.0,J1,28,0.6937043070793152
analytical,5.0,1000.0,J2,28,0.3179159164428711
ANNet,10.0,1.0,J1,28,0.2628318965435028
ANNet,10.0,1.0,J2,28,0.5324766039848328
analytical,10.0,1.0,J1,28,0.25425148010253906
analytical,10.0,1.0,J2,28,0.529787003993988
ANNet,10.0,2.0,J1,28,0.14401152729988098
ANNet,10.0,2.0,J2,28,0.17860573530197144
analytical,10.0,2.0,J1,28,0.13891585171222687
analytical,10.0,2.0,J2,28,0.1803281009197235
ANNet,10.0,5.0,J1,28,0.11923733353614807
ANNet,10.0,5.0,J2,28,0.054764311760663986
analytical,10.0,5.0,J1,28,0.109868124127388
analytical,10.0,5.0,J2,28,0.05311385542154312
ANNet,10.0,10.0,J1,28,0.1508234590291977
ANNet,10.0,10.0,J2,28,0.06879987567663193
analytical,10.0,10.0,J1,28,0.1433502584695816
analytical,10.0,10.0,J2,28,0.06692714244127274
ANNet,10.0,20.0,J1,28,0.20548483729362488
ANNet,10.0,20.0,J2,28,0.09385182708501816
analytical,10.0,20.0,J1,28,0.2000039964914322
analytical,10.0,20.0,J2,28,0.09242936968803406
ANNet,10.0,50.0,J1,28,0.3195444643497467
ANNet,10.0,50.0,J2,28,0.1461086869239807
analytical,10.0,50.0,J1,28,0.3159710168838501
analytical,10.0,50.0,J2,28,0.14514100551605225
ANNet,10.0,100.0,J1,28,0.4495813846588135
ANNet,10.0,100.0,J2,28,0.20566216111183167
analytical,10.0,100.0,J1,28,0.4469504654407501
analytical,10.0,100.0,J2,28,0.20488928258419037
ANNet,10.0,200.0,J1,28,0.6321207880973816
ANNet,10.0,200.0,J2,28,0.28881415724754333
analytical,10.0,200.0,J1,28,0.6301001310348511
analytical,10.0,200.0,J2,28,0.2881409823894501
ANNet,10.0,500.0,J1,28,0.9902681708335876
ANNet,10.0,500.0,J2,28,0.45310643315315247
analytical,10.0,500.0,J1,28,0.9887058734893799
analytical,10.0,500.0,J2,28,0.45246702432632446
ANNet,10.0,1000.0,J1,28,1.3887913227081299
ANNet,10.0,1000.0,J2,28,0.6365355253219604
analytical,10.0,1000.0,J1,28,1.3873541355133057
analytical,10.0,1000.0,J2,28,0.6358213424682617
ANNet,25.0,1.0,J1,28,0.2750602662563324
ANNet,25.0,1.0,J2,28,0.5340442657470703
analytical,25.0,1.0,J1,28,0.2648821473121643
analytical,25.0,1.0,J2,28,0.5316940546035767
ANNet,25.0,2.0,J1,28,0.21202321350574493
ANNet,25.0,2.0,J2,28,0.1912022978067398
analytical,25.0,2.0,J1,28,0.20425616204738617
analytical,25.0,2.0,J2,28,0.19394131004810333
ANNet,25.0,5.0,J1,28,0.28078094124794006
ANNet,25.0,5.0,J2,28,0.12624092400074005
analytical,25.0,5.0,J1,28,0.27284759283065796
analytical,25.0,5.0,J2,28,0.12671926617622375
ANNet,25.0,10.0,J1,28,0.3645534813404083
ANNet,25.0,10.0,J2,28,0.16682705283164978
analytical,25.0,10.0,J1,28,0.3582926094532013
analytical,25.0,10.0,J2,28,0.16687048971652985
ANNet,25.0,20.0,J1,28,0.5046325922012329
ANNet,25.0,20.0,J2,28,0.2310055047273636
analytical,25.0,20.0,J1,28,0.5000050067901611
analytical,25.0,20.0,J2,28,0.23094770312309265
ANNet,25.0,50.0,J1,28,0.7930175065994263
ANNet,25.0,50.0,J2,28,0.3630039691925049
analytical,25.0,50.0,J1,28,0.789892315864563
analytical,25.0,50.0,J2,28,0.3628254532814026
ANNet,25.0,100.0,J1,28,1.119733452796936
ANNet,25.0,100.0,J2,28,0.5125398635864258
analytical,25.0,100.0,J1,28,1.117280125617981
analytical,25.0,100.0,J2,28,0.5121973752975464
ANNet,25.0,200.0,J1,28,1.5772292613983154
ANNet,25.0,200.0,J2,28,0.7208752632141113
analytical,25.0,200.0,J1,28,1.575115442276001
analytical,25.0,200.0,J2,28,0.7203264832496643
ANNet,25.0,500.0,J1,28,2.4734959602355957
ANNet,25.0,500.0,J2,28,1.131956696510315
analytical,25.0,500.0,J1,28,2.471498727798462
analytical,25.0,500.0,J2,28,1.1310977935791016
ANNet,25.0,1000.0,J1,28,3.4696762561798096
ANNet,25.0,1000.0,J2,28,1.5905704498291016
analytical,25.0,1000.0,J1,28,3.467529535293579
analytical,25.0,1000.0,J2,28,1.5893571376800537
ANNet,0.0,1.0,J1,29,0.2388831079006195
ANNet,0.0,1.0,J2,29,0.18368585407733917
analytical,0.0,1.0,J1,29,0.23289704322814941
analytical,0.0,1.0,J2,29,0.1831601858139038
ANNet,0.0,2.0,J1,29,0.08856038749217987
ANNet,0.0,2.0,J2,29,0.034205105155706406
analytical,0.0,2.0,J1,29,0.0861951932311058
analytical,0.0,2.0,J2,29,0.021086111664772034
ANNet,0.0,5.0,J1,29,0.02534078247845173
ANNet,0.0,5.0,J2,29,0.027588067576289177
analytical,0.0,5.0,J1,29,0.01565397158265114
analytical,0.0,5.0,J2,29,0.0030182714108377695
ANNet,0.0,10.0,J1,29,0.020596081390976906
ANNet,0.0,10.0,J2,29,0.02742006815969944
analytical,0.0,10.0,J1,29,0.005561666563153267
analytical,0.0,10.0,J2,29,0.0010385852074250579
ANNet,0.0,20.0,J1,29,0.019915778189897537
ANNet,0.0,20.0,J2,29,0.027398936450481415
analytical,0.0,20.0,J1,29,0.001988205360248685
analytical,0.0,20.0,J2,29,0.0003708986332640052
ANNet,0.0,50.0,J1,29,0.019820861518383026
ANNet,0.0,50.0,J2,29,0.027395959943532944
analytical,0.0,50.0,J1,29,0.0005130431964062154
analytical,0.0,50.0,J2,29,9.570971451466903e-05
ANNet,0.0,100.0,J1,29,0.0198149923235178
ANNet,0.0,100.0,J2,29,0.027395760640501976
analytical,0.0,100.0,J1,29,0.0001865243975771591
analytical,0.0,100.0,J2,29,3.4798693377524614e-05
ANNet,0.0,200.0,J1,29,0.01981423795223236
ANNet,0.0,200.0,J2,29,0.027395732700824738
analytical,0.0,200.0,J1,29,6.948947702767327e-05
analytical,0.0,200.0,J2,29,1.2977395272173453e-05
ANNet,0.0,500.0,J1,29,0.019814131781458855
ANNet,0.0,500.0,J2,29,0.02739572711288929
analytical,0.0,500.0,J1,29,2.0269166270736605e-05
analytical,0.0,500.0,J2,29,3.81272479899053e-06
ANNet,0.0,1000.0,J1,29,0.0198141410946846
ANNet,0.0,1000.0,J2,29,0.02739573083817959
analytical,0.0,1000.0,J1,29,8.737993084650952e-06
analytical,0.0,1000.0,J2,29,1.698394953564275e-06
ANNet,1.0,1.0,J1,29,0.23889334499835968
ANNet,1.0,1.0,J2,29,0.18361690640449524
analytical,1.0,1.0,J1,29,0.23291082680225372
analytical,1.0,1.0,J2,29,0.18305334448814392
ANNet,1.0,2.0,J1,29,0.08853195607662201
ANNet,1.0,2.0,J2,29,0.034320052713155746
analytical,1.0,2.0,J1,29,0.08613254129886627
analytical,1.0,2.0,J2,29,0.020953034982085228
ANNet,1.0,5.0,J1,29,0.02584303729236126
ANNet,1.0,5.0,J2,29,0.027884237468242645
analytical,1.0,5.0,J1,29,0.016210122033953667
analytical,1.0,5.0,J2,29,0.003562705824151635
ANNet,1.0,10.0,J1,29,0.02179630845785141
ANNet,1.0,10.0,J2,29,0.027812879532575607
analytical,1.0,10.0,J1,29,0.008590444922447205
analytical,1.0,10.0,J2,29,0.003145144786685705
ANNet,1.0,20.0,J1,29,0.022190220654010773
ANNet,1.0,20.0,J2,29,0.027950843796133995
analytical,1.0,20.0,J1,29,0.00957606453448534
analytical,1.0,20.0,J2,29,0.004215673077851534
ANNet,1.0,50.0,J1,29,0.024733740836381912
ANNet,1.0,50.0,J2,29,0.028380420058965683
analytical,1.0,50.0,J1,29,0.014530403539538383
analytical,1.0,50.0,J2,29,0.006479383911937475
ANNet,1.0,100.0,J1,29,0.02897784672677517
ANNet,1.0,100.0,J2,29,0.029155613854527473
analytical,1.0,100.0,J1,29,0.020954588428139687
analytical,1.0,100.0,J2,29,0.009302369318902493
ANNet,1.0,200.0,J1,29,0.03577934578061104
ANNet,1.0,200.0,J2,29,0.030606379732489586
analytical,1.0,200.0,J1,29,0.029656946659088135
analytical,1.0,200.0,J2,29,0.013158047571778297
ANNet,1.0,500.0,J1,29,0.05070669949054718
ANNet,1.0,500.0,J2,29,0.03448869287967682
analytical,1.0,500.0,J1,29,0.0465918630361557
analytical,1.0,500.0,J2,29,0.020630953833460808
ANNet,1.0,1000.0,J1,29,0.06868965178728104
ANNet,1.0,1000.0,J2,29,0.040121257305145264
analytical,1.0,1000.0,J1,29,0.0657138004899025
analytical,1.0,1000.0,J2,29,0.02907661721110344
ANNet,2.5,1.0,J1,29,0.2389441728591919
ANNet,2.5,1.0,J2,29,0.18352378904819489
analytical,2.5,1.0,J1,29,0.23296776413917542
analytical,2.5,1.0,J2,29,0.18290333449840546
ANNet,2.5,2.0,J1,29,0.08863802999258041
ANNet,2.5,2.0,J2,29,0.03457639738917351
analytical,2.5,2.0,J1,29,0.08619137853384018
analytical,2.5,2.0,J2,29,0.020892035216093063
ANNet,2.5,5.0,J1,29,0.027767930179834366
ANNet,2.5,5.0,J2,29,0.028560807928442955
analytical,2.5,5.0,J1,29,0.018815448507666588
analytical,2.5,5.0,J2,29,0.0056210290640592575
ANNet,2.5,10.0,J1,29,0.026684967800974846
ANNet,2.5,10.0,J2,29,0.02896428294479847
analytical,2.5,10.0,J1,29,0.01728587970137596
analytical,2.5,10.0,J2,29,0.007476696278899908
ANNet,2.5,20.0,J1,29,0.03102359175682068
ANNet,2.5,20.0,J2,29,0.02988305874168873
analytical,2.5,20.0,J1,29,0.02344578504562378
analytical,2.5,20.0,J2,29,0.010491106659173965
ANNet,2.5,50.0,J1,29,0.04158682003617287
ANNet,2.5,50.0,J2,29,0.03233064338564873
analytical,2.5,50.0,J1,29,0.03628780320286751
analytical,2.5,50.0,J2,29,0.016193166375160217
ANNet,2.5,100.0,J1,29,0.0561814084649086
ANNet,2.5,100.0,J2,29,0.036389101296663284
analytical,2.5,100.0,J1,29,0.0523802787065506
analytical,2.5,100.0,J2,29,0.0232549961656332
ANNet,2.5,200.0,J1,29,0.07687409222126007
ANNet,2.5,200.0,J2,29,0.043198518455028534
analytical,2.5,200.0,J1,29,0.07414112240076065
analytical,2.5,200.0,J2,29,0.032894931733608246
ANNet,2.5,500.0,J1,29,0.1182313933968544
ANNet,2.5,500.0,J2,29,0.058700233697891235
analytical,2.5,500.0,J1,29,0.11647967994213104
analytical,2.5,500.0,J2,29,0.05157735198736191
ANNet,2.5,1000.0,J1,29,0.16552364826202393
ANNet,2.5,1000.0,J2,29,0.07792496681213379
analytical,2.5,1000.0,J1,29,0.16428478062152863
analytical,2.5,1000.0,J2,29,0.07269163429737091
ANNet,5.0,1.0,J1,29,0.23912324011325836
ANNet,5.0,1.0,J2,29,0.1833963245153427
analytical,5.0,1.0,J1,29,0.2331594079732895
analytical,5.0,1.0,J2,29,0.18268080055713654
ANNet,5.0,2.0,J1,29,0.0892091616988182
ANNet,5.0,2.0,J2,29,0.03522152081131935
analytical,5.0,2.0,J1,29,0.08669532835483551
analytical,5.0,2.0,J2,29,0.02116112969815731
ANNet,5.0,5.0,J1,29,0.033397745341062546
ANNet,5.0,5.0,J2,29,0.030257003381848335
analytical,5.0,5.0,J1,29,0.026049330830574036
analytical,5.0,5.0,J2,29,0.009958803653717041
ANNet,5.0,10.0,J1,29,0.039186835289001465
ANNet,5.0,10.0,J2,29,0.03217817097902298
analytical,5.0,10.0,J1,29,0.03320201858878136
analytical,5.0,10.0,J2,29,0.014833079650998116
ANNet,5.0,20.0,J1,29,0.05114968121051788
ANNet,5.0,20.0,J2,29,0.035426557064056396
analytical,5.0,20.0,J1,29,0.04672674834728241
analytical,5.0,20.0,J2,29,0.020963212475180626
ANNet,5.0,50.0,J1,29,0.07548061013221741
ANNet,5.0,50.0,J2,29,0.04318415746092796
analytical,5.0,50.0,J1,29,0.07255736738443375
analytical,5.0,50.0,J2,29,0.03238348662853241
ANNet,5.0,100.0,J1,29,0.10680273175239563
ANNet,5.0,100.0,J2,29,0.05459488928318024
analytical,5.0,100.0,J1,29,0.10475727915763855
analytical,5.0,100.0,J2,29,0.04650963097810745
ANNet,5.0,200.0,J1,29,0.14973466098308563
ANNet,5.0,200.0,J2,29,0.07175277918577194
analytical,5.0,200.0,J1,29,0.14828166365623474
analytical,5.0,200.0,J2,29,0.06578981131315231
ANNet,5.0,500.0,J1,29,0.23387432098388672
ANNet,5.0,500.0,J2,29,0.107084259390831
analytical,5.0,500.0,J1,29,0.23295988142490387
analytical,5.0,500.0,J2,29,0.10315464437007904
ANNet,5.0,1000.0,J1,29,0.3292035758495331
ANNet,5.0,1000.0,J2,29,0.14823445677757263
analytical,5.0,1000.0,J1,29,0.32857009768486023
analytical,5.0,1000.0,J2,29,0.14538347721099854
ANNet,10.0,1.0,J1,29,0.23983429372310638
ANNet,10.0,1.0,J2,29,0.1832451969385147
analytical,10.0,1.0,J1,29,0.23390398919582367
analytical,10.0,1.0,J2,29,0.18233920633792877
ANNet,10.0,2.0,J1,29,0.09178689867258072
ANNet,10.0,2.0,J2,29,0.03727037459611893
analytical,10.0,2.0,J1,29,0.08918341249227524
analytical,10.0,2.0,J2,29,0.022995999082922935
ANNet,10.0,5.0,J1,29,0.049502141773700714
ANNet,10.0,5.0,J2,29,0.03536190092563629
analytical,10.0,5.0,J1,29,0.04443404823541641
analytical,10.0,5.0,J2,29,0.0192257110029459
ANNet,10.0,10.0,J1,29,0.06920640915632248
ANNet,10.0,10.0,J2,29,0.04191357642412186
analytical,10.0,10.0,J1,29,0.06570112705230713
analytical,10.0,10.0,J2,29,0.029599830508232117
ANNet,10.0,20.0,J1,29,0.09585359692573547
ANNet,10.0,20.0,J2,29,0.051365260034799576
analytical,10.0,20.0,J1,29,0.09335145354270935
analytical,10.0,20.0,J2,29,0.041912421584129333
ANNet,10.0,50.0,J1,29,0.1467203050851822
ANNet,10.0,50.0,J2,29,0.0712653324007988
analytical,10.0,50.0,J1,29,0.1450992077589035
analytical,10.0,50.0,J2,29,0.0647648423910141
ANNet,10.0,100.0,J1,29,0.21063798666000366
ANNet,10.0,100.0,J2,29,0.09768319129943848
analytical,10.0,100.0,J1,29,0.20951217412948608
analytical,10.0,100.0,J2,29,0.09301966428756714
ANNet,10.0,200.0,J1,29,0.29736220836639404
ANNet,10.0,200.0,J2,29,0.1349577009677887
analytical,10.0,200.0,J1,29,0.2965632677078247
analytical,10.0,200.0,J2,29,0.13157984614372253
ANNet,10.0,500.0,J1,29,0.46640545129776
ANNet,10.0,500.0,J2,29,0.20853814482688904
analytical,10.0,500.0,J1,29,0.46592116355895996
analytical,10.0,500.0,J2,29,0.20630890130996704
ANNet,10.0,1000.0,J1,29,0.6574524641036987
ANNet,10.0,1000.0,J2,29,0.29242777824401855
analytical,10.0,1000.0,J1,29,0.657139241695404
analytical,10.0,1000.0,J2,29,0.29076701402664185
ANNet,25.0,1.0,J1,29,0.24473778903484344
ANNet,25.0,1.0,J2,29,0.18362419307231903
analytical,25.0,1.0,J1,29,0.23897162079811096
analytical,25.0,1.0,J2,29,0.18214727938175201
ANNet,25.0,2.0,J1,29,0.10923370718955994
ANNet,25.0,2.0,J2,29,0.04798361659049988
analytical,25.0,2.0,J1,29,0.10664595663547516
analytical,25.0,2.0,J2,29,0.035199638456106186
ANNet,25.0,5.0,J1,29,0.10782603919506073
ANNet,25.0,5.0,J2,29,0.057783402502536774
analytical,25.0,5.0,J1,29,0.10505133122205734
analytical,25.0,5.0,J2,29,0.047573771327733994
ANNet,25.0,10.0,J1,29,0.16554832458496094
ANNet,25.0,10.0,J2,29,0.08091430366039276
analytical,25.0,10.0,J1,29,0.16375744342803955
analytical,25.0,10.0,J2,29,0.07394375652074814
ANNet,25.0,20.0,J1,29,0.2345489263534546
ANNet,25.0,20.0,J2,29,0.109829843044281
analytical,25.0,20.0,J1,29,0.23327341675758362
analytical,25.0,20.0,J2,29,0.10476460307836533
ANNet,25.0,50.0,J1,29,0.36354753375053406
ANNet,25.0,50.0,J2,29,0.16528436541557312
analytical,25.0,50.0,J1,29,0.36272621154785156
analytical,25.0,50.0,J2,29,0.16191282868385315
ANNet,25.0,100.0,J1,29,0.5243498682975769
ANNet,25.0,100.0,J2,29,0.2349824607372284
analytical,25.0,100.0,J1,29,0.5237804055213928
analytical,25.0,100.0,J2,29,0.2325553297996521
ANNet,25.0,200.0,J1,29,0.7418210506439209
ANNet,25.0,200.0,J2,29,0.3307777941226959
analytical,25.0,200.0,J1,29,0.7414068579673767
analytical,25.0,200.0,J2,29,0.32895103096961975
ANNet,25.0,500.0,J1,29,1.1650125980377197
ANNet,25.0,500.0,J2,29,0.5170868635177612
analytical,25.0,500.0,J1,29,1.1647928953170776
analytical,25.0,500.0,J2,29,0.5157650113105774
ANNet,25.0,1000.0,J1,29,1.6428824663162231
ANNet,25.0,1000.0,J2,29,0.7280338406562805
analytical,25.0,1000.0,J1,29,1.6427783966064453
analytical,25.0,1000.0,J2,29,0.7269031405448914
ANNet,0.0,1.0,J1,30,0.3924807012081146
ANNet,0.0,1.0,J2,30,0.32691800594329834
analytical,0.0,1.0,J1,30,0.389168918132782
analytical,0.0,1.0,J2,30,0.324726939201355
ANNet,0.0,2.0,J1,30,0.1535610556602478
ANNet,0.0,2.0,J2,30,0.05954737961292267
analytical,0.0,2.0,J1,30,0.15264439582824707
analytical,0.0,2.0,J2,30,0.05010839179158211
ANNet,0.0,5.0,J1,30,0.03754308074712753
ANNet,0.0,5.0,J2,30,0.03189363330602646
analytical,0.0,5.0,J1,30,0.03146151453256607
analytical,0.0,5.0,J2,30,0.010806920938193798
ANNet,0.0,10.0,J1,30,0.02290528081357479
ANNet,0.0,10.0,J2,30,0.030162516981363297
analytical,0.0,10.0,J1,30,0.010879043489694595
analytical,0.0,10.0,J2,30,0.0038135156501084566
ANNet,0.0,20.0,J1,30,0.020482107996940613
ANNet,0.0,20.0,J2,30,0.029945354908704758
analytical,0.0,20.0,J1,30,0.003855411894619465
analytical,0.0,20.0,J2,30,0.00135429750662297
ANNet,0.0,50.0,J1,30,0.02013459801673889
ANNet,0.0,50.0,J2,30,0.029916392639279366
analytical,0.0,50.0,J1,30,0.0009907589992508292
analytical,0.0,50.0,J2,30,0.00034806373878382146
ANNet,0.0,100.0,J1,30,0.020112797617912292
ANNet,0.0,100.0,J2,30,0.02991469018161297
analytical,0.0,100.0,J1,30,0.0003597461909521371
analytical,0.0,100.0,J2,30,0.00012636638712137938
ANNet,0.0,200.0,J1,30,0.020109795033931732
ANNet,0.0,200.0,J2,30,0.0299144946038723
analytical,0.0,200.0,J1,30,0.000133934139739722
analytical,0.0,200.0,J2,30,4.704188177129254e-05
ANNet,0.0,500.0,J1,30,0.0201092641800642
ANNet,0.0,500.0,J2,30,0.02991448901593685
analytical,0.0,500.0,J1,30,3.901343734469265e-05
analytical,0.0,500.0,J2,30,1.3705355740967207e-05
ANNet,0.0,1000.0,J1,30,0.020109189674258232
ANNet,0.0,1000.0,J2,30,0.0299144946038723
analytical,0.0,1000.0,J1,30,1.6731719370000064e-05
analytical,0.0,1000.0,J2,30,5.886523922526976e-06
ANNet,1.0,1.0,J1,30,0.39219266176223755
ANNet,1.0,1.0,J2,30,0.32657724618911743
analytical,1.0,1.0,J1,30,0.3889460861682892
analytical,1.0,1.0,J2,30,0.3243614733219147
ANNet,1.0,2.0,J1,30,0.1531294286251068
ANNet,1.0,2.0,J2,30,0.05946534872055054
analytical,1.0,2.0,J1,30,0.1523973047733307
analytical,1.0,2.0,J2,30,0.04985329136252403
ANNet,1.0,5.0,J1,30,0.037494417279958725
ANNet,1.0,5.0,J2,30,0.03231343626976013
analytical,1.0,5.0,J1,30,0.03229368478059769
analytical,1.0,5.0,J2,30,0.011275195516645908
ANNet,1.0,10.0,J1,30,0.023343337699770927
ANNet,1.0,10.0,J2,30,0.030671020969748497
analytical,1.0,10.0,J1,30,0.013963085599243641
analytical,1.0,10.0,J2,30,0.005369231570512056
ANNet,1.0,20.0,J1,30,0.022138074040412903
ANNet,1.0,20.0,J2,30,0.03060733899474144
analytical,1.0,20.0,J1,30,0.011888186447322369
analytical,1.0,20.0,J2,30,0.005021219607442617
ANNet,1.0,50.0,J1,30,0.025463661178946495
ANNet,1.0,50.0,J2,30,0.03107953444123268
analytical,1.0,50.0,J1,30,0.01729109324514866
analytical,1.0,50.0,J2,30,0.007361409720033407
ANNet,1.0,100.0,J1,30,0.03048192895948887
ANNet,1.0,100.0,J2,30,0.03189860284328461
analytical,1.0,100.0,J1,30,0.024046864360570908
analytical,1.0,100.0,J2,30,0.010268905200064182
ANNet,1.0,200.0,J1,30,0.038686368614435196
ANNet,1.0,200.0,J2,30,0.033497922122478485
analytical,1.0,200.0,J1,30,0.03380246460437775
analytical,1.0,200.0,J2,30,0.014470215886831284
ANNet,1.0,500.0,J1,30,0.05640806257724762
ANNet,1.0,500.0,J2,30,0.03783811256289482
analytical,1.0,500.0,J1,30,0.053095415234565735
analytical,1.0,500.0,J2,30,0.022742731496691704
ANNet,1.0,1000.0,J1,30,0.07770528644323349
ANNet,1.0,1000.0,J2,30,0.044227272272109985
analytical,1.0,1000.0,J1,30,0.07523784786462784
analytical,1.0,1000.0,J2,30,0.03222645819187164
ANNet,2.5,1.0,J1,30,0.3918163776397705
ANNet,2.5,1.0,J2,30,0.3260788321495056
analytical,2.5,1.0,J1,30,0.388668030500412
analytical,2.5,1.0,J2,30,0.3238259553909302
ANNet,2.5,2.0,J1,30,0.15271247923374176
ANNet,2.5,2.0,J2,30,0.05945766344666481
analytical,2.5,2.0,J1,30,0.15225771069526672
analytical,2.5,2.0,J2,30,0.04960576444864273
ANNet,2.5,5.0,J1,30,0.039292264729738235
ANNet,2.5,5.0,J2,30,0.033347196877002716
analytical,2.5,5.0,J1,30,0.03556552156805992
analytical,2.5,5.0,J2,30,0.01303256768733263
ANNet,2.5,10.0,J1,30,0.028722155839204788
ANNet,2.5,10.0,J2,30,0.03216016665101051
analytical,2.5,10.0,J1,30,0.023620564490556717
analytical,2.5,10.0,J2,30,0.009852155111730099
ANNet,2.5,20.0,J1,30,0.03272299841046333
ANNet,2.5,20.0,J2,30,0.032930925488471985
analytical,2.5,20.0,J1,30,0.028341831639409065
analytical,2.5,20.0,J2,30,0.012134035117924213
ANNet,2.5,50.0,J1,30,0.04627642408013344
ANNet,2.5,50.0,J2,30,0.03573575243353844
analytical,2.5,50.0,J1,30,0.04322931170463562
analytical,2.5,50.0,J2,30,0.018406445160508156
ANNet,2.5,100.0,J1,30,0.062429893761873245
ANNet,2.5,100.0,J2,30,0.03999413177371025
analytical,2.5,100.0,J1,30,0.060127198696136475
analytical,2.5,100.0,J2,30,0.02567662112414837
ANNet,2.5,200.0,J1,30,0.08627431094646454
ANNet,2.5,200.0,J2,30,0.04746557027101517
analytical,2.5,200.0,J1,30,0.08450646698474884
analytical,2.5,200.0,J2,30,0.03617556393146515
ANNet,2.5,500.0,J1,30,0.13407497107982635
ANNet,2.5,500.0,J2,30,0.06471537053585052
analytical,2.5,500.0,J1,30,0.13273833692073822
analytical,2.5,500.0,J2,30,0.05685665085911751
ANNet,2.5,1000.0,J1,30,0.18928276002407074
ANNet,2.5,1000.0,J2,30,0.08640104532241821
analytical,2.5,1000.0,J1,30,0.1880946010351181
analytical,2.5,1000.0,J2,30,0.08056595176458359
ANNet,5.0,1.0,J1,30,0.3913387954235077
ANNet,5.0,1.0,J2,30,0.32528239488601685
analytical,5.0,1.0,J1,30,0.38835492730140686
analytical,5.0,1.0,J2,30,0.32296743988990784
ANNet,5.0,2.0,J1,30,0.15263698995113373
ANNet,5.0,2.0,J2,30,0.05975200608372688
analytical,5.0,2.0,J1,30,0.15264222025871277
analytical,5.0,2.0,J2,30,0.049558546394109726
ANNet,5.0,5.0,J1,30,0.04644092917442322
ANNet,5.0,5.0,J2,30,0.03603256866335869
analytical,5.0,5.0,J1,30,0.0448865182697773
analytical,5.0,5.0,J2,30,0.017708605155348778
ANNet,5.0,10.0,J1,30,0.04424368217587471
ANNet,5.0,10.0,J2,30,0.03627660870552063
analytical,5.0,10.0,J1,30,0.042712271213531494
analytical,5.0,10.0,J2,30,0.01831960678100586
ANNet,5.0,20.0,J1,30,0.0574880875647068
ANNet,5.0,20.0,J2,30,0.039545703679323196
analytical,5.0,20.0,J1,30,0.056265391409397125
analytical,5.0,20.0,J2,30,0.0241344403475523
ANNet,5.0,50.0,J1,30,0.08740541338920593
ANNet,5.0,50.0,J2,30,0.048387449234724045
analytical,5.0,50.0,J1,30,0.08648253232240677
analytical,5.0,50.0,J2,30,0.03682088106870651
ANNet,5.0,100.0,J1,30,0.12108569592237473
ANNet,5.0,100.0,J2,30,0.06025758385658264
analytical,5.0,100.0,J1,30,0.12026294320821762
analytical,5.0,100.0,J2,30,0.05135612562298775
ANNet,5.0,200.0,J1,30,0.16983185708522797
ANNet,5.0,200.0,J2,30,0.07902134954929352
analytical,5.0,200.0,J1,30,0.16901281476020813
analytical,5.0,200.0,J2,30,0.0723503902554512
ANNet,5.0,500.0,J1,30,0.26640909910202026
ANNet,5.0,500.0,J2,30,0.11825716495513916
analytical,5.0,500.0,J1,30,0.2654755115509033
analytical,5.0,500.0,J2,30,0.1137126237154007
ANNet,5.0,1000.0,J1,30,0.377334326505661
ANNet,5.0,1000.0,J2,30,0.16459907591342926
analytical,5.0,1000.0,J1,30,0.3761884868144989
analytical,5.0,1000.0,J2,30,0.16113118827342987
ANNet,10.0,1.0,J1,30,0.39094677567481995
ANNet,10.0,1.0,J2,30,0.3238188326358795
analytical,10.0,1.0,J1,30,0.38829371333122253
analytical,10.0,1.0,J2,30,0.3213790953159332
ANNet,10.0,2.0,J1,30,0.15479780733585358
ANNet,10.0,2.0,J2,30,0.06146366894245148
analytical,10.0,2.0,J1,30,0.15569055080413818
analytical,10.0,2.0,J2,30,0.05082310363650322
ANNet,10.0,5.0,J1,30,0.06941209733486176
ANNet,10.0,5.0,J2,30,0.044106580317020416
analytical,10.0,5.0,J1,30,0.07027862966060638
analytical,10.0,5.0,J2,30,0.029548993334174156
ANNet,10.0,10.0,J1,30,0.08197210729122162
ANNet,10.0,10.0,J2,30,0.04848742112517357
analytical,10.0,10.0,J1,30,0.08269094675779343
analytical,10.0,10.0,J2,30,0.03578715771436691
ANNet,10.0,20.0,J1,30,0.11190029978752136
ANNet,10.0,20.0,J2,30,0.05828958749771118
analytical,10.0,20.0,J1,30,0.11230985075235367
analytical,10.0,20.0,J2,30,0.04819086566567421
ANNet,10.0,50.0,J1,30,0.1729813814163208
ANNet,10.0,50.0,J2,30,0.08072429895401001
analytical,10.0,50.0,J1,30,0.17299801111221313
analytical,10.0,50.0,J2,30,0.07365025579929352
ANNet,10.0,100.0,J1,30,0.2408391684293747
ANNet,10.0,100.0,J2,30,0.10804545134305954
analytical,10.0,100.0,J1,30,0.24053391814231873
analytical,10.0,100.0,J2,30,0.10271293669939041
ANNet,10.0,200.0,J1,30,0.3387070894241333
ANNet,10.0,200.0,J2,30,0.14874859154224396
analytical,10.0,200.0,J1,30,0.33802330493927
analytical,10.0,200.0,J2,30,0.14469699561595917
ANNet,10.0,500.0,J1,30,0.5322027206420898
ANNet,10.0,500.0,J2,30,0.2304067462682724
analytical,10.0,500.0,J1,30,0.5309450030326843
analytical,10.0,500.0,J2,30,0.22742249071598053
ANNet,10.0,1000.0,J1,30,0.7542256712913513
ANNet,10.0,1000.0,J2,30,0.32483428716659546
analytical,10.0,1000.0,J1,30,0.7523699402809143
analytical,10.0,1000.0,J2,30,0.32225939631462097
ANNet,25.0,1.0,J1,30,0.39427071809768677
ANNet,25.0,1.0,J2,30,0.3204823136329651
analytical,25.0,1.0,J1,30,0.3926088213920593
analytical,25.0,1.0,J2,30,0.31766507029533386
ANNet,25.0,2.0,J1,30,0.17787347733974457
ANNet,25.0,2.0,J2,30,0.07415126264095306
analytical,25.0,2.0,J1,30,0.18083825707435608
analytical,25.0,2.0,J2,30,0.06367139518260956
ANNet,25.0,5.0,J1,30,0.15584275126457214
ANNet,25.0,5.0,J2,30,0.07798504084348679
analytical,25.0,5.0,J1,30,0.15845832228660583
analytical,25.0,5.0,J2,30,0.06876065582036972
ANNet,25.0,10.0,J1,30,0.2024417221546173
ANNet,25.0,10.0,J2,30,0.0960645005106926
analytical,25.0,10.0,J1,30,0.20426960289478302
analytical,25.0,10.0,J2,30,0.0886545181274414
ANNet,25.0,20.0,J1,30,0.279580295085907
ANNet,25.0,20.0,J2,30,0.12608489394187927
analytical,25.0,20.0,J1,30,0.2806094288825989
analytical,25.0,20.0,J2,30,0.12039809674024582
ANNet,25.0,50.0,J1,30,0.4325103163719177
ANNet,25.0,50.0,J2,30,0.1881706863641739
analytical,25.0,50.0,J1,30,0.4325544536113739
analytical,25.0,50.0,J2,30,0.18412454426288605
ANNet,25.0,100.0,J1,30,0.6020940542221069
ANNet,25.0,100.0,J2,30,0.2600630223751068
analytical,25.0,100.0,J1,30,0.6013343334197998
analytical,25.0,100.0,J2,30,0.25676393508911133
ANNet,25.0,200.0,J1,30,0.8467288017272949
ANNet,25.0,200.0,J2,30,0.36461716890335083
analytical,25.0,200.0,J1,30,0.845029354095459
analytical,25.0,200.0,J2,30,0.36171284317970276
ANNet,25.0,500.0,J1,30,1.3303838968276978
ANNet,25.0,500.0,J2,30,0.5713438391685486
analytical,25.0,500.0,J1,30,1.3272876739501953
analytical,25.0,500.0,J2,30,0.5685364603996277
ANNet,25.0,1000.0,J1,30,1.8852869272232056
ANNet,25.0,1000.0,J2,30,0.8087236285209656
analytical,25.0,1000.0,J1,30,1.8807904720306396
analytical,25.0,1000.0,J2,30,0.8056264519691467
ANNet,0.0,1.0,J1,31,0.3037848472595215
ANNet,0.0,1.0,J2,31,0.2798934578895569
analytical,0.0,1.0,J1,31,0.3014823794364929
analytical,0.0,1.0,J2,31,0.2791014313697815
ANNet,0.0,2.0,J1,31,0.15084581077098846
ANNet,0.0,2.0,J2,31,0.049302928149700165
analytical,0.0,2.0,J1,31,0.15046314895153046
analytical,0.0,2.0,J2,31,0.04210752621293068
ANNet,0.0,5.0,J1,31,0.027012361213564873
ANNet,0.0,5.0,J2,31,0.024600688368082047
analytical,0.0,5.0,J1,31,0.018640555441379547
analytical,0.0,5.0,J2,31,0.0051925708539783955
ANNet,0.0,10.0,J1,31,0.02065443806350231
ANNet,0.0,10.0,J2,31,0.024000756442546844
analytical,0.0,10.0,J1,31,0.00637280847877264
analytical,0.0,10.0,J2,31,0.0015712823951616883
ANNet,0.0,20.0,J1,31,0.019780432805418968
ANNet,0.0,20.0,J2,31,0.023943480104207993
analytical,0.0,20.0,J1,31,0.00228327140212059
analytical,0.0,20.0,J2,31,0.0005533111398108304
ANNet,0.0,50.0,J1,31,0.019657133147120476
ANNet,0.0,50.0,J2,31,0.02393588237464428
analytical,0.0,50.0,J1,31,0.0005909684696234763
analytical,0.0,50.0,J2,31,0.00014222382742445916
ANNet,0.0,100.0,J1,31,0.01964966580271721
ANNet,0.0,100.0,J2,31,0.02393539436161518
analytical,0.0,100.0,J1,31,0.0002151009684894234
analytical,0.0,100.0,J2,31,5.166088885744102e-05
ANNet,0.0,200.0,J1,31,0.019648797810077667
ANNet,0.0,200.0,J2,31,0.023935316130518913
analytical,0.0,200.0,J1,31,8.018708467716351e-05
analytical,0.0,200.0,J2,31,1.9249353499617428e-05
ANNet,0.0,500.0,J1,31,0.019648734480142593
ANNet,0.0,500.0,J2,31,0.02393529936671257
analytical,0.0,500.0,J1,31,2.3424743631039746e-05
analytical,0.0,500.0,J2,31,5.650716502714204e-06
ANNet,0.0,1000.0,J1,31,0.019648751243948936
ANNet,0.0,1000.0,J2,31,0.023935293778777122
analytical,0.0,1000.0,J1,31,1.010906089504715e-05
analytical,0.0,1000.0,J2,31,2.4967387162178056e-06
ANNet,1.0,1.0,J1,31,0.3037475347518921
ANNet,1.0,1.0,J2,31,0.27974212169647217
analytical,1.0,1.0,J1,31,0.30145859718322754
analytical,1.0,1.0,J2,31,0.27899467945098877
ANNet,1.0,2.0,J1,31,0.15091179311275482
ANNet,1.0,2.0,J2,31,0.04897429421544075
analytical,1.0,2.0,J1,31,0.15060347318649292
analytical,1.0,2.0,J2,31,0.04198719561100006
ANNet,1.0,5.0,J1,31,0.027094747871160507
ANNet,1.0,5.0,J2,31,0.02422243170440197
analytical,1.0,5.0,J1,31,0.01945621147751808
analytical,1.0,5.0,J2,31,0.005559828132390976
ANNet,1.0,10.0,J1,31,0.021758515387773514
ANNet,1.0,10.0,J2,31,0.023833200335502625
analytical,1.0,10.0,J1,31,0.01065283827483654
analytical,1.0,10.0,J2,31,0.004159979987889528
ANNet,1.0,20.0,J1,31,0.022743823006749153
ANNet,1.0,20.0,J2,31,0.024106750264763832
analytical,1.0,20.0,J1,31,0.012533608824014664
analytical,1.0,20.0,J2,31,0.005570342298597097
ANNet,1.0,50.0,J1,31,0.02747988887131214
ANNet,1.0,50.0,J2,31,0.025119151920080185
analytical,1.0,50.0,J1,31,0.019861632958054543
analytical,1.0,50.0,J2,31,0.008993842639029026
ANNet,1.0,100.0,J1,31,0.034587156027555466
ANNet,1.0,100.0,J2,31,0.026831718161702156
analytical,1.0,100.0,J1,31,0.02889428846538067
analytical,1.0,100.0,J2,31,0.013026753440499306
ANNet,1.0,200.0,J1,31,0.046023670583963394
ANNet,1.0,200.0,J2,31,0.030052419751882553
analytical,1.0,200.0,J1,31,0.04189833626151085
analytical,1.0,200.0,J2,31,0.01877724565565586
ANNet,1.0,500.0,J1,31,0.06965905427932739
ANNet,1.0,500.0,J2,31,0.03803098946809769
analytical,1.0,500.0,J1,31,0.06697367131710052
analytical,1.0,500.0,J2,31,0.029913902282714844
ANNet,1.0,1000.0,J1,31,0.09581346809864044
ANNet,1.0,1000.0,J2,31,0.04807966947555542
analytical,1.0,1000.0,J1,31,0.09384184330701828
analytical,1.0,1000.0,J2,31,0.041936956346035004
ANNet,2.5,1.0,J1,31,0.3037295639514923
ANNet,2.5,1.0,J2,31,0.27952316403388977
analytical,2.5,1.0,J1,31,0.30146124958992004
analytical,2.5,1.0,J2,31,0.2788427174091339
ANNet,2.5,2.0,J1,31,0.15119004249572754
ANNet,2.5,2.0,J2,31,0.048580631613731384
analytical,2.5,2.0,J1,31,0.1509931981563568
analytical,2.5,2.0,J2,31,0.04192601144313812
ANNet,2.5,5.0,J1,31,0.029753001406788826
ANNet,2.5,5.0,J2,31,0.02423194982111454
analytical,2.5,5.0,J1,31,0.023863013833761215
analytical,2.5,5.0,J2,31,0.008061219938099384
ANNet,2.5,10.0,J1,31,0.028784627094864845
ANNet,2.5,10.0,J2,31,0.024770908057689667
analytical,2.5,10.0,J1,31,0.02252179943025112
analytical,2.5,10.0,J2,31,0.009854496456682682
ANNet,2.5,20.0,J1,31,0.03558412566781044
ANNet,2.5,20.0,J2,31,0.026592252776026726
analytical,2.5,20.0,J1,31,0.0307241752743721
analytical,2.5,20.0,J2,31,0.013828752562403679
ANNet,2.5,50.0,J1,31,0.052793584764003754
ANNet,2.5,50.0,J2,31,0.03196140006184578
analytical,2.5,50.0,J1,31,0.04961986467242241
analytical,2.5,50.0,J2,31,0.022477827966213226
ANNet,2.5,100.0,J1,31,0.074477918446064
ANNet,2.5,100.0,J2,31,0.03972157463431358
analytical,2.5,100.0,J1,31,0.07223173975944519
analytical,2.5,100.0,J2,31,0.032566215842962265
ANNet,2.5,200.0,J1,31,0.10634461045265198
ANNet,2.5,200.0,J2,31,0.05217989534139633
analytical,2.5,200.0,J1,31,0.10474422574043274
analytical,2.5,200.0,J2,31,0.046942561864852905
ANNet,2.5,500.0,J1,31,0.16851820051670074
ANNet,2.5,500.0,J2,31,0.07821483910083771
analytical,2.5,500.0,J1,31,0.1674337238073349
analytical,2.5,500.0,J2,31,0.0747842788696289
ANNet,2.5,1000.0,J1,31,0.23547205328941345
ANNet,2.5,1000.0,J2,31,0.1073569655418396
analytical,2.5,1000.0,J1,31,0.2346036583185196
analytical,2.5,1000.0,J2,31,0.10484199225902557
ANNet,5.0,1.0,J1,31,0.3038007616996765
ANNet,5.0,1.0,J2,31,0.2791798412799835
analytical,5.0,1.0,J1,31,0.30156761407852173
analytical,5.0,1.0,J2,31,0.27861127257347107
ANNet,5.0,2.0,J1,31,0.1521281599998474
ANNet,5.0,2.0,J2,31,0.048195980489254
analytical,5.0,2.0,J1,31,0.15211577713489532
analytical,5.0,2.0,J2,31,0.04214285686612129
ANNet,5.0,5.0,J1,31,0.039015911519527435
ANNet,5.0,5.0,J2,31,0.025749914348125458
analytical,5.0,5.0,J1,31,0.03567042946815491
analytical,5.0,5.0,J2,31,0.014029666781425476
ANNet,5.0,10.0,J1,31,0.04669148847460747
ANNet,5.0,10.0,J2,31,0.029037058353424072
analytical,5.0,10.0,J1,31,0.04384049028158188
analytical,5.0,10.0,J2,31,0.01958547532558441
ANNet,5.0,20.0,J1,31,0.06330578774213791
ANNet,5.0,20.0,J2,31,0.03495464846491814
analytical,5.0,20.0,J1,31,0.06120697781443596
analytical,5.0,20.0,J2,31,0.02761468105018139
ANNet,5.0,50.0,J1,31,0.10058639198541641
ANNet,5.0,50.0,J2,31,0.04981737211346626
analytical,5.0,50.0,J1,31,0.09922400861978531
analytical,5.0,50.0,J2,31,0.044952090829610825
ANNet,5.0,100.0,J1,31,0.1454625129699707
ANNet,5.0,100.0,J2,31,0.06860814243555069
analytical,5.0,100.0,J1,31,0.14446164667606354
analytical,5.0,100.0,J2,31,0.06513218581676483
ANNet,5.0,200.0,J1,31,0.2102581113576889
ANNet,5.0,200.0,J2,31,0.09636691957712173
analytical,5.0,200.0,J1,31,0.20948761701583862
analytical,5.0,200.0,J2,31,0.09388446807861328
ANNet,5.0,500.0,J1,31,0.3355080485343933
ANNet,5.0,500.0,J2,31,0.15121285617351532
analytical,5.0,500.0,J1,31,0.334867000579834
analytical,5.0,500.0,J2,31,0.14956723153591156
ANNet,5.0,1000.0,J1,31,0.46984753012657166
ANNet,5.0,1000.0,J2,31,0.21094226837158203
analytical,5.0,1000.0,J1,31,0.4692031741142273
analytical,5.0,1000.0,J2,31,0.2096824198961258
ANNet,10.0,1.0,J1,31,0.30432239174842834
ANNet,10.0,1.0,J2,31,0.2785743772983551
analytical,10.0,1.0,J1,31,0.3021622598171234
analytical,10.0,1.0,J2,31,0.2782306373119354
ANNet,10.0,2.0,J1,31,0.15573643147945404
ANNet,10.0,2.0,J2,31,0.04846467822790146
analytical,10.0,2.0,J1,31,0.1560807079076767
analytical,10.0,2.0,J2,31,0.04373703896999359
ANNet,10.0,5.0,J1,31,0.06511940062046051
ANNet,10.0,5.0,J2,31,0.0331125408411026
analytical,10.0,5.0,J1,31,0.0641961470246315
analytical,10.0,5.0,J2,31,0.027239974588155746
ANNet,10.0,10.0,J1,31,0.08793137967586517
ANNet,10.0,10.0,J2,31,0.043338824063539505
analytical,10.0,10.0,J1,31,0.08715429157018661
analytical,10.0,10.0,J2,31,0.0391416922211647
ANNet,10.0,20.0,J1,31,0.12284033745527267
ANNet,10.0,20.0,J2,31,0.058255262672901154
analytical,10.0,20.0,J1,31,0.12223587185144424
analytical,10.0,20.0,J2,31,0.055194929242134094
ANNet,10.0,50.0,J1,31,0.19891636073589325
ANNet,10.0,50.0,J2,31,0.09185423702001572
analytical,10.0,50.0,J1,31,0.19843509793281555
analytical,10.0,50.0,J2,31,0.0899011567234993
ANNet,10.0,100.0,J1,31,0.28937652707099915
ANNet,10.0,100.0,J2,31,0.13167695701122284
analytical,10.0,100.0,J1,31,0.2889220416545868
analytical,10.0,100.0,J2,31,0.13026447594165802
ANNet,10.0,200.0,J1,31,0.41944628953933716
ANNet,10.0,200.0,J2,31,0.18882717192173004
analytical,10.0,200.0,J1,31,0.4189743399620056
analytical,10.0,200.0,J2,31,0.18776698410511017
ANNet,10.0,500.0,J1,31,0.6703433394432068
ANNet,10.0,500.0,J2,31,0.2999458312988281
analytical,10.0,500.0,J1,31,0.6697301268577576
analytical,10.0,500.0,J2,31,0.2991288900375366
ANNet,10.0,1000.0,J1,31,0.9391907453536987
ANNet,10.0,1000.0,J2,31,0.4201052188873291
analytical,10.0,1000.0,J1,31,0.9383814334869385
analytical,10.0,1000.0,J2,31,0.41935697197914124
ANNet,25.0,1.0,J1,31,0.3088824152946472
ANNet,25.0,1.0,J2,31,0.2774132192134857
analytical,25.0,1.0,J1,31,0.30695995688438416
analytical,25.0,1.0,J2,31,0.277749627828598
ANNet,25.0,2.0,J1,31,0.1786624789237976
ANNet,25.0,2.0,J2,31,0.05683429166674614
analytical,25.0,2.0,J1,31,0.179884135723114
analytical,25.0,2.0,J2,31,0.05592189356684685
ANNet,25.0,5.0,J1,31,0.15475763380527496
ANNet,25.0,5.0,J2,31,0.06818951666355133
analytical,25.0,5.0,J1,31,0.15559794008731842
analytical,25.0,5.0,J2,31,0.0680408775806427
ANNet,25.0,10.0,J1,31,0.217202290892601
ANNet,25.0,10.0,J2,31,0.09793785959482193
analytical,25.0,10.0,J1,31,0.2176501750946045
analytical,25.0,10.0,J2,31,0.09788689762353897
ANNet,25.0,20.0,J1,31,0.30517393350601196
ANNet,25.0,20.0,J2,31,0.13802014291286469
analytical,25.0,20.0,J1,31,0.30537304282188416
analytical,25.0,20.0,J2,31,0.13794317841529846
ANNet,25.0,50.0,J1,31,0.4962154030799866
ANNet,25.0,50.0,J2,31,0.22490811347961426
analytical,25.0,50.0,J1,31,0.4960694909095764
analytical,25.0,50.0,J2,31,0.22474975883960724
ANNet,25.0,100.0,J1,31,0.72270667552948
ANNet,25.0,100.0,J2,31,0.3259141743183136
analytical,25.0,100.0,J1,31,0.7223003506660461
analytical,25.0,100.0,J2,31,0.3256630301475525
ANNet,25.0,200.0,J1,31,1.0480921268463135
ANNet,25.0,200.0,J2,31,0.4697667062282562
analytical,25.0,200.0,J1,31,1.0474183559417725
analytical,25.0,200.0,J2,31,0.46940159797668457
ANNet,25.0,500.0,J1,31,1.6754447221755981
ANNet,25.0,500.0,J2,31,0.7483710050582886
analytical,25.0,500.0,J1,31,1.6742358207702637
analytical,25.0,500.0,J2,31,0.7477693557739258
ANNet,25.0,1000.0,J1,31,2.3473570346832275
ANNet,25.0,1000.0,J2,31,1.0491259098052979
analytical,25.0,1000.0,J1,31,2.3456015586853027
analytical,25.0,1000.0,J2,31,1.0483005046844482
ANNet,0.0,1.0,J1,32,0.1333896666765213
ANNet,0.0,1.0,J2,32,0.2172975242137909
analytical,0.0,1.0,J1,32,0.12847957015037537
analytical,0.0,1.0,J2,32,0.22420673072338104
ANNet,0.0,2.0,J1,32,0.0385911650955677
ANNet,0.0,2.0,J2,32,0.03785247728228569
analytical,0.0,2.0,J1,32,0.03411848098039627
analytical,0.0,2.0,J2,32,0.03152012452483177
ANNet,0.0,5.0,J1,32,0.017358437180519104
ANNet,0.0,5.0,J2,32,0.023616967722773552
analytical,0.0,5.0,J1,32,0.0049234433099627495
analytical,0.0,5.0,J2,32,0.003394742263481021
ANNet,0.0,10.0,J1,32,0.016768429428339005
ANNet,0.0,10.0,J2,32,0.023397037759423256
analytical,0.0,10.0,J1,32,0.0016654495848342776
analytical,0.0,10.0,J2,32,0.0011140926508232951
ANNet,0.0,20.0,J1,32,0.016702886670827866
ANNet,0.0,20.0,J2,32,0.02337346225976944
analytical,0.0,20.0,J1,32,0.0005910537438467145
analytical,0.0,20.0,J2,32,0.0003983603965025395
ANNet,0.0,50.0,J1,32,0.01669415459036827
ANNet,0.0,50.0,J2,32,0.023370105773210526
analytical,0.0,50.0,J1,32,0.0001521637459518388
analytical,0.0,50.0,J2,32,0.00010296125401509926
ANNet,0.0,100.0,J1,32,0.016693638637661934
ANNet,0.0,100.0,J2,32,0.023369843140244484
analytical,0.0,100.0,J1,32,5.530354246729985e-05
analytical,0.0,100.0,J2,32,3.745622234418988e-05
ANNet,0.0,200.0,J1,32,0.016693569719791412
ANNet,0.0,200.0,J2,32,0.023369785398244858
analytical,0.0,200.0,J1,32,2.062269595626276e-05
analytical,0.0,200.0,J2,32,1.3963841411168687e-05
ANNet,0.0,500.0,J1,32,0.016693562269210815
ANNet,0.0,500.0,J2,32,0.023369764909148216
analytical,0.0,500.0,J1,32,6.102304269006709e-06
analytical,0.0,500.0,J2,32,4.092418748768978e-06
ANNet,0.0,1000.0,J1,32,0.016693556681275368
ANNet,0.0,1000.0,J2,32,0.02336975559592247
analytical,0.0,1000.0,J1,32,2.7616574698186014e-06
analytical,0.0,1000.0,J2,32,1.7897930320032174e-06
ANNet,1.0,1.0,J1,32,0.13387641310691833
ANNet,1.0,1.0,J2,32,0.2171628475189209
analytical,1.0,1.0,J1,32,0.12891754508018494
analytical,1.0,1.0,J2,32,0.22407406568527222
ANNet,1.0,2.0,J1,32,0.039034951478242874
ANNet,1.0,2.0,J2,32,0.03773130849003792
analytical,1.0,2.0,J1,32,0.03451867401599884
analytical,1.0,2.0,J2,32,0.031415171921253204
ANNet,1.0,5.0,J1,32,0.018036827445030212
ANNet,1.0,5.0,J2,32,0.02361016906797886
analytical,1.0,5.0,J1,32,0.006733464077115059
analytical,1.0,5.0,J2,32,0.0038653898518532515
ANNet,1.0,10.0,J1,32,0.01819121092557907
ANNet,1.0,10.0,J2,32,0.023521048948168755
analytical,1.0,10.0,J1,32,0.0070357597433030605
analytical,1.0,10.0,J2,32,0.0032895782496780157
ANNet,1.0,20.0,J1,32,0.019494274631142616
ANNet,1.0,20.0,J2,32,0.023728329688310623
analytical,1.0,20.0,J1,32,0.009921287186443806
analytical,1.0,20.0,J2,32,0.004542591515928507
ANNet,1.0,50.0,J1,32,0.023173410445451736
ANNet,1.0,50.0,J2,32,0.024385424330830574
analytical,1.0,50.0,J1,32,0.015995411202311516
analytical,1.0,50.0,J2,32,0.007230973336845636
ANNet,1.0,100.0,J1,32,0.028666222468018532
ANNet,1.0,100.0,J2,32,0.02555006556212902
analytical,1.0,100.0,J1,32,0.023268910124897957
analytical,1.0,100.0,J2,32,0.010512038134038448
ANNet,1.0,200.0,J1,32,0.03727114945650101
ANNet,1.0,200.0,J2,32,0.02773207612335682
analytical,1.0,200.0,J1,32,0.03332453966140747
analytical,1.0,200.0,J2,32,0.015063516795635223
ANNet,1.0,500.0,J1,32,0.055796027183532715
ANNet,1.0,500.0,J2,32,0.033482566475868225
analytical,1.0,500.0,J1,32,0.053289733827114105
analytical,1.0,500.0,J2,32,0.024069180712103844
ANNet,1.0,1000.0,J1,32,0.07732608914375305
ANNet,1.0,1000.0,J2,32,0.04128580167889595
analytical,1.0,1000.0,J1,32,0.07559459656476974
analytical,1.0,1000.0,J2,32,0.034109607338905334
ANNet,2.5,1.0,J1,32,0.13466468453407288
ANNet,2.5,1.0,J2,32,0.21696873009204865
analytical,2.5,1.0,J1,32,0.12963593006134033
analytical,2.5,1.0,J2,32,0.22388271987438202
ANNet,2.5,2.0,J1,32,0.040174953639507294
ANNet,2.5,2.0,J2,32,0.03765809163451195
analytical,2.5,2.0,J1,32,0.03565794974565506
analytical,2.5,2.0,J2,32,0.03138885274529457
ANNet,2.5,5.0,J1,32,0.021261611953377724
ANNet,2.5,5.0,J2,32,0.024004066362977028
analytical,2.5,5.0,J1,32,0.012960556894540787
analytical,2.5,5.0,J2,32,0.00627327524125576
ANNet,2.5,10.0,J1,32,0.024242548272013664
ANNet,2.5,10.0,J2,32,0.024501360952854156
analytical,2.5,10.0,J1,32,0.017387861385941505
analytical,2.5,10.0,J2,32,0.007976885885000229
ANNet,2.5,20.0,J1,32,0.029971741139888763
ANNet,2.5,20.0,J2,32,0.025782397016882896
analytical,2.5,20.0,J1,32,0.024767005816102028
analytical,2.5,20.0,J2,32,0.011318700388073921
ANNet,2.5,50.0,J1,32,0.04336722567677498
ANNet,2.5,50.0,J2,32,0.029378637671470642
analytical,2.5,50.0,J1,32,0.0399848148226738
analytical,2.5,50.0,J2,32,0.018074221909046173
ANNet,2.5,100.0,J1,32,0.060503702610731125
ANNet,2.5,100.0,J2,32,0.03502503037452698
analytical,2.5,100.0,J1,32,0.05817273631691933
analytical,2.5,100.0,J2,32,0.0262801144272089
ANNet,2.5,200.0,J1,32,0.08489330112934113
ANNet,2.5,200.0,J2,32,0.04419799521565437
analytical,2.5,200.0,J1,32,0.08331182599067688
analytical,2.5,200.0,J2,32,0.03765900060534477
ANNet,2.5,500.0,J1,32,0.13409781455993652
ANNet,2.5,500.0,J2,32,0.06444786489009857
analytical,2.5,500.0,J1,32,0.13322459161281586
analytical,2.5,500.0,J2,32,0.06017288938164711
ANNet,2.5,1000.0,J1,32,0.18946132063865662
ANNet,2.5,1000.0,J2,32,0.08831754326820374
analytical,2.5,1000.0,J1,32,0.1889866590499878
analytical,2.5,1000.0,J2,32,0.0852738618850708
ANNet,5.0,1.0,J1,32,0.13613051176071167
ANNet,5.0,1.0,J2,32,0.21666626632213593
analytical,5.0,1.0,J1,32,0.13099388778209686
analytical,5.0,1.0,J2,32,0.22358430922031403
ANNet,5.0,2.0,J1,32,0.04321496933698654
ANNet,5.0,2.0,J2,32,0.03782667592167854
analytical,5.0,2.0,J1,32,0.038833871483802795
analytical,5.0,2.0,J2,32,0.03169409930706024
ANNet,5.0,5.0,J1,32,0.03008595108985901
ANNet,5.0,5.0,J2,32,0.025666220113635063
analytical,5.0,5.0,J1,32,0.024799250066280365
analytical,5.0,5.0,J2,32,0.011466216295957565
ANNet,5.0,10.0,J1,32,0.03874857723712921
ANNet,5.0,10.0,J2,32,0.02794722281396389
analytical,5.0,10.0,J1,32,0.03480009362101555
analytical,5.0,10.0,J2,32,0.015942098572850227
ANNet,5.0,20.0,J1,32,0.05234505608677864
ANNet,5.0,20.0,J2,32,0.03222666680812836
analytical,5.0,20.0,J1,32,0.04952394962310791
analytical,5.0,20.0,J2,32,0.022626178339123726
ANNet,5.0,50.0,J1,32,0.08167138695716858
ANNet,5.0,50.0,J2,32,0.04280725121498108
analytical,5.0,50.0,J1,32,0.07996787130832672
analytical,5.0,50.0,J2,32,0.03614688664674759
ANNet,5.0,100.0,J1,32,0.11743327230215073
ANNet,5.0,100.0,J2,32,0.05733437091112137
analytical,5.0,100.0,J1,32,0.11634620279073715
analytical,5.0,100.0,J2,32,0.05256031081080437
ANNet,5.0,200.0,J1,32,0.16725808382034302
ANNet,5.0,200.0,J2,32,0.07870297878980637
analytical,5.0,200.0,J1,32,0.1666243076324463
analytical,5.0,200.0,J2,32,0.07531812787055969
ANNet,5.0,500.0,J1,32,0.2666027843952179
ANNet,5.0,500.0,J2,32,0.12245149165391922
analytical,5.0,500.0,J1,32,0.266449898481369
analytical,5.0,500.0,J2,32,0.12034554779529572
ANNet,5.0,1000.0,J1,32,0.37779751420021057
ANNet,5.0,1000.0,J2,32,0.17198897898197174
analytical,5.0,1000.0,J1,32,0.3779732882976532
analytical,5.0,1000.0,J2,32,0.17054709792137146
ANNet,10.0,1.0,J1,32,0.13960975408554077
ANNet,10.0,1.0,J2,32,0.21614079177379608
analytical,10.0,1.0,J1,32,0.13428929448127747
analytical,10.0,1.0,J2,32,0.2230648398399353
ANNet,10.0,2.0,J1,32,0.05254332348704338
ANNet,10.0,2.0,J2,32,0.039223961532115936
analytical,10.0,2.0,J1,32,0.04866935685276985
analytical,10.0,2.0,J2,32,0.03354951739311218
ANNet,10.0,5.0,J1,32,0.05213912948966026
ANNet,10.0,5.0,J2,32,0.03187856078147888
analytical,10.0,5.0,J1,32,0.049182552844285965
analytical,10.0,5.0,J2,32,0.02255174331367016
ANNet,10.0,10.0,J1,32,0.07176793366670609
ANNet,10.0,10.0,J2,32,0.03906414285302162
analytical,10.0,10.0,J1,32,0.06968430429697037
analytical,10.0,10.0,J2,32,0.031930841505527496
ANNet,10.0,20.0,J1,32,0.1004515290260315
ANNet,10.0,20.0,J2,32,0.050521690398454666
analytical,10.0,20.0,J1,32,0.09904304146766663
analytical,10.0,20.0,J2,32,0.04524635151028633
ANNet,10.0,50.0,J1,32,0.16066057980060577
ANNet,10.0,50.0,J2,32,0.0756862685084343
analytical,10.0,50.0,J1,32,0.1599346399307251
analytical,10.0,50.0,J2,32,0.07229240238666534
ANNet,10.0,100.0,J1,32,0.23301169276237488
ANNet,10.0,100.0,J2,32,0.10746075958013535
analytical,10.0,100.0,J1,32,0.2326943725347519
analytical,10.0,100.0,J2,32,0.1051207035779953
ANNet,10.0,200.0,J1,32,0.3332167863845825
ANNet,10.0,200.0,J2,32,0.1522357314825058
analytical,10.0,200.0,J1,32,0.33325016498565674
analytical,10.0,200.0,J2,32,0.15063625574111938
ANNet,10.0,500.0,J1,32,0.5323948860168457
ANNet,10.0,500.0,J2,32,0.24161241948604584
analytical,10.0,500.0,J1,32,0.5329012870788574
analytical,10.0,500.0,J2,32,0.24068985879421234
ANNet,10.0,1000.0,J1,32,0.7550265789031982
ANNet,10.0,1000.0,J2,32,0.34164342284202576
analytical,10.0,1000.0,J1,32,0.7559425830841064
analytical,10.0,1000.0,J2,32,0.34109073877334595
ANNet,25.0,1.0,J1,32,0.15392456948757172
ANNet,25.0,1.0,J2,32,0.21520593762397766
analytical,25.0,1.0,J1,32,0.1482805460691452
analytical,25.0,1.0,J2,32,0.22213061153888702
ANNet,25.0,2.0,J1,32,0.09236118942499161
ANNet,25.0,2.0,J2,32,0.050191495567560196
analytical,25.0,2.0,J1,32,0.08972329646348953
analytical,25.0,2.0,J2,32,0.046357978135347366
ANNet,25.0,5.0,J1,32,0.12415798753499985
ANNet,25.0,5.0,J2,32,0.0602293536067009
analytical,25.0,5.0,J1,32,0.12292076647281647
analytical,25.0,5.0,J2,32,0.05641592666506767
ANNet,25.0,10.0,J1,32,0.17513273656368256
ANNet,25.0,10.0,J2,32,0.0826365053653717
analytical,25.0,10.0,J1,32,0.17438456416130066
analytical,25.0,10.0,J2,32,0.07994323968887329
ANNet,25.0,20.0,J1,32,0.24794812500476837
ANNet,25.0,20.0,J2,32,0.11499466001987457
analytical,25.0,20.0,J1,32,0.24760393798351288
analytical,25.0,20.0,J2,32,0.11311075091362
ANNet,25.0,50.0,J1,32,0.3996747136116028
ANNet,25.0,50.0,J2,32,0.18186280131340027
analytical,25.0,50.0,J1,32,0.39983803033828735
analytical,25.0,50.0,J2,32,0.18072877824306488
ANNet,25.0,100.0,J1,32,0.5811796188354492
ANNet,25.0,100.0,J2,32,0.263528048992157
analytical,25.0,100.0,J1,32,0.5817462801933289
analytical,25.0,100.0,J2,32,0.26280149817466736
ANNet,25.0,200.0,J1,32,0.8321035504341125
ANNet,25.0,200.0,J2,32,0.37699273228645325
analytical,25.0,200.0,J1,32,0.8331289887428284
analytical,25.0,200.0,J2,32,0.3765884339809418
ANNet,25.0,500.0,J1,32,1.3304349184036255
ANNet,25.0,500.0,J2,32,0.6017780900001526
analytical,25.0,500.0,J1,32,1.3322370052337646
analytical,25.0,500.0,J2,32,0.6017094850540161
ANNet,25.0,1000.0,J1,32,1.8872190713882446
ANNet,25.0,1000.0,J2,32,0.8525339365005493
analytical,25.0,1000.0,J1,32,1.8897508382797241
analytical,25.0,1000.0,J2,32,0.8526841402053833
ANNet,0.0,1.0,J1,33,0.4963527023792267
ANNet,0.0,1.0,J2,33,0.9332399368286133
analytical,0.0,1.0,J1,33,0.4896916449069977
analytical,0.0,1.0,J2,33,0.9385597705841064
ANNet,0.0,2.0,J1,33,0.27740490436553955
ANNet,0.0,2.0,J2,33,0.4462643563747406
analytical,0.0,2.0,J1,33,0.2740168571472168
analytical,0.0,2.0,J2,33,0.4498312473297119
ANNet,0.0,5.0,J1,33,0.04973289370536804
ANNet,0.0,5.0,J2,33,0.04799659922719002
analytical,0.0,5.0,J1,33,0.028436725959181786
analytical,0.0,5.0,J2,33,0.04801090061664581
ANNet,0.0,10.0,J1,33,0.03890930861234665
ANNet,0.0,10.0,J2,33,0.018972031772136688
analytical,0.0,10.0,J1,33,0.002988638123497367
analytical,0.0,10.0,J2,33,0.0051678987219929695
ANNet,0.0,20.0,J1,33,0.038630250841379166
ANNet,0.0,20.0,J2,33,0.01916029304265976
analytical,0.0,20.0,J1,33,0.0006216074689291418
analytical,0.0,20.0,J2,33,0.0011027258588001132
ANNet,0.0,50.0,J1,33,0.03861476480960846
ANNet,0.0,50.0,J2,33,0.019190339371562004
analytical,0.0,50.0,J1,33,0.00015412134234793484
analytical,0.0,50.0,J2,33,0.00027534912806004286
ANNet,0.0,100.0,J1,33,0.03861421346664429
ANNet,0.0,100.0,J2,33,0.019190210849046707
analytical,0.0,100.0,J1,33,5.5904518376337364e-05
analytical,0.0,100.0,J2,33,9.994071297114715e-05
ANNet,0.0,200.0,J1,33,0.03861413151025772
ANNet,0.0,200.0,J2,33,0.01919015496969223
analytical,0.0,200.0,J1,33,2.0939916794304736e-05
analytical,0.0,200.0,J2,33,3.721725443028845e-05
ANNet,0.0,500.0,J1,33,0.03861413151025772
ANNet,0.0,500.0,J2,33,0.019190184772014618
analytical,0.0,500.0,J1,33,6.6085208345612045e-06
analytical,0.0,500.0,J2,33,1.0889961231441703e-05
ANNet,0.0,1000.0,J1,33,0.03861411288380623
ANNet,0.0,1000.0,J2,33,0.019190195947885513
analytical,0.0,1000.0,J1,33,3.646015329650254e-06
analytical,0.0,1000.0,J2,33,4.7615726543881465e-06
ANNet,1.0,1.0,J1,33,0.4968187212944031
ANNet,1.0,1.0,J2,33,0.9331792593002319
analytical,1.0,1.0,J1,33,0.49028608202934265
analytical,1.0,1.0,J2,33,0.9384748339653015
ANNet,1.0,2.0,J1,33,0.27762851119041443
ANNet,1.0,2.0,J2,33,0.44632118940353394
analytical,1.0,2.0,J1,33,0.2744768559932709
analytical,1.0,2.0,J2,33,0.44983649253845215
ANNet,1.0,5.0,J1,33,0.05078645423054695
ANNet,1.0,5.0,J2,33,0.04859776794910431
analytical,1.0,5.0,J1,33,0.032130129635334015
analytical,1.0,5.0,J2,33,0.048008210957050323
ANNet,1.0,10.0,J1,33,0.041418250650167465
ANNet,1.0,10.0,J2,33,0.02200539968907833
analytical,1.0,10.0,J1,33,0.018159369006752968
analytical,1.0,10.0,J2,33,0.00950183067470789
ANNet,1.0,20.0,J1,33,0.044945430010557175
ANNet,1.0,20.0,J2,33,0.023855287581682205
analytical,1.0,20.0,J1,33,0.025434156879782677
analytical,1.0,20.0,J2,33,0.011922098696231842
ANNet,1.0,50.0,J1,33,0.05456208065152168
ANNet,1.0,50.0,J2,33,0.028008196502923965
analytical,1.0,50.0,J1,33,0.04005126655101776
analytical,1.0,50.0,J2,33,0.018841316923499107
ANNet,1.0,100.0,J1,33,0.06759195029735565
ANNet,1.0,100.0,J2,33,0.03377493470907211
analytical,1.0,100.0,J1,33,0.05652357637882233
analytical,1.0,100.0,J2,33,0.026662617921829224
ANNet,1.0,200.0,J1,33,0.08868509531021118
ANNet,1.0,200.0,J2,33,0.043203528970479965
analytical,1.0,200.0,J1,33,0.08056001365184784
analytical,1.0,200.0,J2,33,0.037894874811172485
ANNet,1.0,500.0,J1,33,0.13435521721839905
ANNet,1.0,500.0,J2,33,0.06409882754087448
analytical,1.0,500.0,J1,33,0.1291174441576004
analytical,1.0,500.0,J2,33,0.06063089147210121
ANNet,1.0,1000.0,J1,33,0.1855589747428894
ANNet,1.0,1000.0,J2,33,0.08797459304332733
analytical,1.0,1000.0,J1,33,0.18178249895572662
analytical,1.0,1000.0,J2,33,0.08546075224876404
ANNet,2.5,1.0,J1,33,0.497653067111969
ANNet,2.5,1.0,J2,33,0.933104395866394
analytical,2.5,1.0,J1,33,0.49131426215171814
analytical,2.5,1.0,J2,33,0.9383633732795715
ANNet,2.5,2.0,J1,33,0.27838802337646484
ANNet,2.5,2.0,J2,33,0.44646528363227844
analytical,2.5,2.0,J1,33,0.275593638420105
analytical,2.5,2.0,J2,33,0.4499027132987976
ANNet,2.5,5.0,J1,33,0.057639800012111664
ANNet,2.5,5.0,J2,33,0.05076650157570839
analytical,2.5,5.0,J1,33,0.044177331030368805
analytical,2.5,5.0,J2,33,0.04932299256324768
ANNet,2.5,10.0,J1,33,0.0564962774515152
ANNet,2.5,10.0,J2,33,0.030436813831329346
analytical,2.5,10.0,J1,33,0.044547971338033676
analytical,2.5,10.0,J2,33,0.021007990464568138
ANNet,2.5,20.0,J1,33,0.07234995812177658
ANNet,2.5,20.0,J2,33,0.03744150325655937
analytical,2.5,20.0,J1,33,0.06355173140764236
analytical,2.5,20.0,J2,33,0.0297184269875288
ANNet,2.5,50.0,J1,33,0.10594870150089264
ANNet,2.5,50.0,J2,33,0.05233961343765259
analytical,2.5,50.0,J1,33,0.10013733059167862
analytical,2.5,50.0,J2,33,0.04708598926663399
ANNet,2.5,100.0,J1,33,0.14550742506980896
ANNet,2.5,100.0,J2,33,0.07047855854034424
analytical,2.5,100.0,J1,33,0.14131306111812592
analytical,2.5,100.0,J2,33,0.06665375828742981
ANNet,2.5,200.0,J1,33,0.20438697934150696
ANNet,2.5,200.0,J2,33,0.09748711436986923
analytical,2.5,200.0,J1,33,0.20140111446380615
analytical,2.5,200.0,J2,33,0.09473682940006256
ANNet,2.5,500.0,J1,33,0.3247179687023163
ANNet,2.5,500.0,J2,33,0.15335442125797272
analytical,2.5,500.0,J1,33,0.3227989077568054
analytical,2.5,500.0,J2,33,0.15157866477966309
ANNet,2.5,1000.0,J1,33,0.45587602257728577
ANNet,2.5,1000.0,J2,33,0.21496637165546417
analytical,2.5,1000.0,J1,33,0.4544605314731598
analytical,2.5,1000.0,J2,33,0.21365249156951904
ANNet,5.0,1.0,J1,33,0.49940264225006104
ANNet,5.0,1.0,J2,33,0.9330222606658936
analytical,5.0,1.0,J1,33,0.4933896064758301
analytical,5.0,1.0,J2,33,0.9382200241088867
ANNet,5.0,2.0,J1,33,0.2807725965976715
ANNet,5.0,2.0,J2,33,0.446862131357193
analytical,5.0,2.0,J1,33,0.2785762548446655
analytical,5.0,2.0,J2,33,0.4501686692237854
ANNet,5.0,5.0,J1,33,0.07822422683238983
ANNet,5.0,5.0,J2,33,0.05726047232747078
analytical,5.0,5.0,J1,33,0.07099784165620804
analytical,5.0,5.0,J2,33,0.05466552823781967
ANNet,5.0,10.0,J1,33,0.09372051805257797
ANNet,5.0,10.0,J2,33,0.04842778667807579
analytical,5.0,10.0,J1,33,0.08872494846582413
analytical,5.0,10.0,J2,33,0.04133112356066704
ANNet,5.0,20.0,J1,33,0.1305888295173645
ANNet,5.0,20.0,J2,33,0.06482915580272675
analytical,5.0,20.0,J1,33,0.12709085643291473
analytical,5.0,20.0,J2,33,0.0594201385974884
ANNet,5.0,50.0,J1,33,0.20255091786384583
ANNet,5.0,50.0,J2,33,0.09770417213439941
analytical,5.0,50.0,J1,33,0.20028996467590332
analytical,5.0,50.0,J2,33,0.09416130930185318
ANNet,5.0,100.0,J1,33,0.28428295254707336
ANNet,5.0,100.0,J2,33,0.13586141169071198
analytical,5.0,100.0,J1,33,0.28263774514198303
analytical,5.0,100.0,J2,33,0.13330402970314026
ANNet,5.0,200.0,J1,33,0.40400415658950806
ANNet,5.0,200.0,J2,33,0.191324383020401
analytical,5.0,200.0,J1,33,0.40280526876449585
analytical,5.0,200.0,J2,33,0.18947330117225647
ANNet,5.0,500.0,J1,33,0.6464596390724182
ANNet,5.0,500.0,J2,33,0.30440688133239746
analytical,5.0,500.0,J1,33,0.6456138491630554
analytical,5.0,500.0,J2,33,0.3031617999076843
ANNet,5.0,1000.0,J1,33,0.9096349477767944
ANNet,5.0,1000.0,J2,33,0.4282917380332947
analytical,5.0,1000.0,J1,33,0.9089310765266418
analytical,5.0,1000.0,J2,33,0.42730554938316345
ANNet,10.0,1.0,J1,33,0.5042293071746826
ANNet,10.0,1.0,J2,33,0.9330183267593384
analytical,10.0,1.0,J1,33,0.4988744258880615
analytical,10.0,1.0,J2,33,0.938092827796936
ANNet,10.0,2.0,J1,33,0.28958725929260254
ANNet,10.0,2.0,J2,33,0.44824114441871643
analytical,10.0,2.0,J1,33,0.2885642349720001
analytical,10.0,2.0,J2,33,0.4512821137905121
ANNet,10.0,5.0,J1,33,0.1325044333934784
ANNet,10.0,5.0,J2,33,0.07723759114742279
analytical,10.0,5.0,J1,33,0.1306096613407135
analytical,10.0,5.0,J2,33,0.07336875796318054
ANNet,10.0,10.0,J1,33,0.17807476222515106
ANNet,10.0,10.0,J2,33,0.08797832578420639
analytical,10.0,10.0,J1,33,0.17715947329998016
analytical,10.0,10.0,J2,33,0.08245676755905151
ANNet,10.0,20.0,J1,33,0.2548108398914337
ANNet,10.0,20.0,J2,33,0.12289666384458542
analytical,10.0,20.0,J1,33,0.25418519973754883
analytical,10.0,20.0,J2,33,0.11884009838104248
ANNet,10.0,50.0,J1,33,0.40107423067092896
ANNet,10.0,50.0,J2,33,0.19095765054225922
analytical,10.0,50.0,J1,33,0.4006286561489105
analytical,10.0,50.0,J2,33,0.18830950558185577
ANNet,10.0,100.0,J1,33,0.565714955329895
ANNet,10.0,100.0,J2,33,0.26853954792022705
analytical,10.0,100.0,J1,33,0.5653195977210999
analytical,10.0,100.0,J2,33,0.26659756898880005
ANNet,10.0,200.0,J1,33,0.8059850931167603
ANNet,10.0,200.0,J2,33,0.38039958477020264
analytical,10.0,200.0,J1,33,0.805620014667511
analytical,10.0,200.0,J2,33,0.378944456577301
ANNet,10.0,500.0,J1,33,1.2917097806930542
ANNet,10.0,500.0,J2,33,0.6074204444885254
analytical,10.0,500.0,J1,33,1.2912815809249878
analytical,10.0,500.0,J2,33,0.6063373684883118
ANNet,10.0,1000.0,J1,33,1.8183928728103638
ANNet,10.0,1000.0,J2,33,0.8555806279182434
analytical,10.0,1000.0,J1,33,1.8178703784942627
analytical,10.0,1000.0,J2,33,0.8546009063720703
ANNet,25.0,1.0,J1,33,0.5287909507751465
ANNet,25.0,1.0,J2,33,0.9342869520187378
analytical,25.0,1.0,J1,33,0.5253969430923462
analytical,25.0,1.0,J2,33,0.9389851093292236
ANNet,25.0,2.0,J1,33,0.3432643413543701
ANNet,25.0,2.0,J2,33,0.4569735527038574
analytical,25.0,2.0,J1,33,0.3451579511165619
analytical,25.0,2.0,J2,33,0.45920127630233765
ANNet,25.0,5.0,J1,33,0.3141131103038788
ANNet,25.0,5.0,J2,33,0.15587298572063446
analytical,25.0,5.0,J1,33,0.31601840257644653
analytical,25.0,5.0,J2,33,0.15111227333545685
ANNet,25.0,10.0,J1,33,0.4409995973110199
ANNet,25.0,10.0,J2,33,0.21067550778388977
analytical,25.0,10.0,J1,33,0.4425708055496216
analytical,25.0,10.0,J2,33,0.20622721314430237
ANNet,25.0,20.0,J1,33,0.634489893913269
ANNet,25.0,20.0,J2,33,0.30033397674560547
analytical,25.0,20.0,J1,33,0.6355783343315125
analytical,25.0,20.0,J2,33,0.29712098836898804
ANNet,25.0,50.0,J1,33,1.0013420581817627
ANNet,25.0,50.0,J2,33,0.4729078710079193
analytical,25.0,50.0,J1,33,1.0019066333770752
analytical,25.0,50.0,J2,33,0.4707269072532654
ANNet,25.0,100.0,J1,33,1.413427472114563
ANNet,25.0,100.0,J2,33,0.6681285500526428
analytical,25.0,100.0,J1,33,1.4136091470718384
analytical,25.0,100.0,J2,33,0.6664126515388489
ANNet,25.0,200.0,J1,33,2.014186143875122
ANNet,25.0,200.0,J2,33,0.9487479329109192
analytical,25.0,200.0,J1,33,2.014068841934204
analytical,25.0,200.0,J2,33,0.9473193883895874
ANNet,25.0,500.0,J1,33,3.2290680408477783
ANNet,25.0,500.0,J2,33,1.5172380208969116
analytical,25.0,500.0,J1,33,3.228400468826294
analytical,25.0,500.0,J2,33,1.5158554315567017
ANNet,25.0,1000.0,J1,33,4.545324325561523
ANNet,25.0,1000.0,J2,33,2.137829542160034
analytical,25.0,1000.0,J1,33,4.544120788574219
analytical,25.0,1000.0,J2,33,2.1361780166625977
ANNet,0.0,1.0,J1,34,0.6674745082855225
ANNet,0.0,1.0,J2,34,0.6845952868461609
analytical,0.0,1.0,J1,34,0.6647604703903198
analytical,0.0,1.0,J2,34,0.6852403879165649
ANNet,0.0,2.0,J1,34,0.32034194469451904
ANNet,0.0,2.0,J2,34,0.2706102430820465
analytical,0.0,2.0,J1,34,0.3195655643939972
analytical,0.0,2.0,J2,34,0.2720998525619507
ANNet,0.0,5.0,J1,34,0.03777236118912697
ANNet,0.0,5.0,J2,34,0.0350387841463089
analytical,0.0,5.0,J1,34,0.020687833428382874
analytical,0.0,5.0,J2,34,0.029901402071118355
ANNet,0.0,10.0,J1,34,0.030944710597395897
ANNet,0.0,10.0,J2,34,0.02304345741868019
analytical,0.0,10.0,J1,34,0.0024411852937191725
analytical,0.0,10.0,J2,34,0.007061229553073645
ANNet,0.0,20.0,J1,34,0.030787428840994835
ANNet,0.0,20.0,J2,34,0.02232261560857296
analytical,0.0,20.0,J1,34,0.0007521440857090056
analytical,0.0,20.0,J2,34,0.002356975805014372
ANNet,0.0,50.0,J1,34,0.03077343851327896
ANNet,0.0,50.0,J2,34,0.02221992239356041
analytical,0.0,50.0,J1,34,0.00020224445324856788
analytical,0.0,50.0,J2,34,0.0005911800544708967
ANNet,0.0,100.0,J1,34,0.030772661790251732
ANNet,0.0,100.0,J2,34,0.02221311442553997
analytical,0.0,100.0,J1,34,7.459711196133867e-05
analytical,0.0,100.0,J2,34,0.00021288327116053551
ANNet,0.0,200.0,J1,34,0.030772563070058823
ANNet,0.0,200.0,J2,34,0.022212157025933266
analytical,0.0,200.0,J1,34,2.8066899176337756e-05
analytical,0.0,200.0,J2,34,7.891939458204433e-05
ANNet,0.0,500.0,J1,34,0.03077252209186554
ANNet,0.0,500.0,J2,34,0.022211987525224686
analytical,0.0,500.0,J1,34,8.558463377994485e-06
analytical,0.0,500.0,J2,34,2.2932739739189856e-05
ANNet,0.0,1000.0,J1,34,0.03077252022922039
ANNet,0.0,1000.0,J2,34,0.022211965173482895
analytical,0.0,1000.0,J1,34,4.2310680328228045e-06
analytical,0.0,1000.0,J2,34,9.836991921474691e-06
ANNet,1.0,1.0,J1,34,0.6672966480255127
ANNet,1.0,1.0,J2,34,0.6852169036865234
analytical,1.0,1.0,J1,34,0.6646342277526855
analytical,1.0,1.0,J2,34,0.685888409614563
ANNet,1.0,2.0,J1,34,0.3208274841308594
ANNet,1.0,2.0,J2,34,0.2712150812149048
analytical,1.0,2.0,J1,34,0.3201950490474701
analytical,1.0,2.0,J2,34,0.2727777659893036
ANNet,1.0,5.0,J1,34,0.03870663791894913
ANNet,1.0,5.0,J2,34,0.03519386425614357
analytical,1.0,5.0,J1,34,0.02424059435725212
analytical,1.0,5.0,J2,34,0.030854109674692154
ANNet,1.0,10.0,J1,34,0.034087881445884705
ANNet,1.0,10.0,J2,34,0.02335311844944954
analytical,1.0,10.0,J1,34,0.017234250903129578
analytical,1.0,10.0,J2,34,0.010479269549250603
ANNet,1.0,20.0,J1,34,0.03793489187955856
ANNet,1.0,20.0,J2,34,0.02398775890469551
analytical,1.0,20.0,J1,34,0.024042684584856033
analytical,1.0,20.0,J2,34,0.01129825133830309
ANNet,1.0,50.0,J1,34,0.048474811017513275
ANNet,1.0,50.0,J2,34,0.027579346671700478
analytical,1.0,50.0,J1,34,0.03858574479818344
analytical,1.0,50.0,J2,34,0.017662648111581802
ANNet,1.0,100.0,J1,34,0.06121809408068657
ANNet,1.0,100.0,J2,34,0.032529037445783615
analytical,1.0,100.0,J1,34,0.053725939244031906
analytical,1.0,100.0,J2,34,0.024681424722075462
ANNet,1.0,200.0,J1,34,0.08059606701135635
ANNet,1.0,200.0,J2,34,0.04045993462204933
analytical,1.0,200.0,J1,34,0.07506264001131058
analytical,1.0,200.0,J2,34,0.034461941570043564
ANNet,1.0,500.0,J1,34,0.12219339609146118
ANNet,1.0,500.0,J2,34,0.058398209512233734
analytical,1.0,500.0,J1,34,0.11861225962638855
analytical,1.0,500.0,J2,34,0.054399777203798294
ANNet,1.0,1000.0,J1,34,0.16898638010025024
ANNet,1.0,1000.0,J2,34,0.07928194850683212
analytical,1.0,1000.0,J1,34,0.16641002893447876
analytical,1.0,1000.0,J2,34,0.0763641819357872
ANNet,2.5,1.0,J1,34,0.6670819520950317
ANNet,2.5,1.0,J2,34,0.6861594319343567
analytical,2.5,1.0,J1,34,0.6644972562789917
analytical,2.5,1.0,J2,34,0.686870276927948
ANNet,2.5,2.0,J1,34,0.32183441519737244
ANNet,2.5,2.0,J2,34,0.27218836545944214
analytical,2.5,2.0,J1,34,0.32141727209091187
analytical,2.5,2.0,J2,34,0.27385950088500977
ANNet,2.5,5.0,J1,34,0.04579086974263191
ANNet,2.5,5.0,J2,34,0.036802489310503006
analytical,2.5,5.0,J1,34,0.03631165996193886
analytical,2.5,5.0,J2,34,0.03373786807060242
ANNet,2.5,10.0,J1,34,0.05048011615872383
ANNet,2.5,10.0,J2,34,0.028129497542977333
analytical,2.5,10.0,J1,34,0.04258433356881142
analytical,2.5,10.0,J2,34,0.02059069648385048
ANNet,2.5,20.0,J1,34,0.06587756425142288
ANNet,2.5,20.0,J2,34,0.033892933279275894
analytical,2.5,20.0,J1,34,0.06007001921534538
analytical,2.5,20.0,J2,34,0.027716754004359245
ANNet,2.5,50.0,J1,34,0.10018214583396912
ANNet,2.5,50.0,J2,34,0.04825758934020996
analytical,2.5,50.0,J1,34,0.09645529836416245
analytical,2.5,50.0,J2,34,0.04411851614713669
ANNet,2.5,100.0,J1,34,0.13702046871185303
ANNet,2.5,100.0,J2,34,0.06473588943481445
analytical,2.5,100.0,J1,34,0.13431166112422943
analytical,2.5,100.0,J2,34,0.061697568744421005
ANNet,2.5,200.0,J1,34,0.18960420787334442
ANNet,2.5,200.0,J2,34,0.0883692055940628
analytical,2.5,200.0,J1,34,0.18765239417552948
analytical,2.5,200.0,J2,34,0.08615371584892273
ANNet,2.5,500.0,J1,34,0.29777368903160095
ANNet,2.5,500.0,J2,34,0.13744884729385376
analytical,2.5,500.0,J1,34,0.2965240478515625
analytical,2.5,500.0,J2,34,0.13599734008312225
ANNet,2.5,1000.0,J1,34,0.41692107915878296
ANNet,2.5,1000.0,J2,34,0.1919950544834137
analytical,2.5,1000.0,J1,34,0.416016548871994
analytical,2.5,1000.0,J2,34,0.19090726971626282
ANNet,5.0,1.0,J1,34,0.6668630242347717
ANNet,5.0,1.0,J2,34,0.6877565979957581
analytical,5.0,1.0,J1,34,0.664408266544342
analytical,5.0,1.0,J2,34,0.688532829284668
ANNet,5.0,2.0,J1,34,0.3242473006248474
ANNet,5.0,2.0,J2,34,0.27398428320884705
analytical,5.0,2.0,J1,34,0.3241857886314392
analytical,5.0,2.0,J2,34,0.2758331000804901
ANNet,5.0,5.0,J1,34,0.0663682371377945
ANNet,5.0,5.0,J2,34,0.04257606342434883
analytical,5.0,5.0,J1,34,0.06202620267868042
analytical,5.0,5.0,J2,34,0.04139889404177666
ANNet,5.0,10.0,J1,34,0.08796165138483047
ANNet,5.0,10.0,J2,34,0.042418934404850006
analytical,5.0,10.0,J1,34,0.08496947586536407
analytical,5.0,10.0,J2,34,0.03931308537721634
ANNet,5.0,20.0,J1,34,0.12224706262350082
ANNet,5.0,20.0,J2,34,0.05765989050269127
analytical,5.0,20.0,J1,34,0.1201213151216507
analytical,5.0,20.0,J2,34,0.05527777969837189
ANNet,5.0,50.0,J1,34,0.19424758851528168
ANNet,5.0,50.0,J2,34,0.08975774049758911
analytical,5.0,50.0,J1,34,0.19289980828762054
analytical,5.0,50.0,J2,34,0.08821845054626465
ANNet,5.0,100.0,J1,34,0.26960310339927673
ANNet,5.0,100.0,J2,34,0.12452305108308792
analytical,5.0,100.0,J1,34,0.26861587166786194
analytical,5.0,100.0,J2,34,0.12338997423648834
ANNet,5.0,200.0,J1,34,0.3760053813457489
ANNet,5.0,200.0,J2,34,0.17314547300338745
analytical,5.0,200.0,J1,34,0.3752900958061218
analytical,5.0,200.0,J2,34,0.17230352759361267
ANNet,5.0,500.0,J1,34,0.5934993624687195
ANNet,5.0,500.0,J2,34,0.2725975811481476
analytical,5.0,500.0,J1,34,0.5930246710777283
analytical,5.0,500.0,J2,34,0.2719877362251282
ANNet,5.0,1000.0,J1,34,0.8323654532432556
ANNet,5.0,1000.0,J2,34,0.38234075903892517
analytical,5.0,1000.0,J1,34,0.832000732421875
analytical,5.0,1000.0,J2,34,0.3818030059337616
ANNet,10.0,1.0,J1,34,0.6669470071792603
ANNet,10.0,1.0,J2,34,0.6910495162010193
analytical,10.0,1.0,J1,34,0.6647534370422363
analytical,10.0,1.0,J2,34,0.691955029964447
ANNet,10.0,2.0,J1,34,0.331745982170105
ANNet,10.0,2.0,J2,34,0.2782121002674103
analytical,10.0,2.0,J1,34,0.33237385749816895
analytical,10.0,2.0,J2,34,0.28040367364883423
ANNet,10.0,5.0,J1,34,0.11803803592920303
ANNet,10.0,5.0,J2,34,0.06102485954761505
analytical,10.0,5.0,J1,34,0.11754923313856125
analytical,10.0,5.0,J2,34,0.06212471425533295
ANNet,10.0,10.0,J1,34,0.17001983523368835
ANNet,10.0,10.0,J2,34,0.07783954590559006
analytical,10.0,10.0,J1,34,0.16978153586387634
analytical,10.0,10.0,J2,34,0.0776582732796669
ANNet,10.0,20.0,J1,34,0.24038375914096832
ANNet,10.0,20.0,J2,34,0.11069352924823761
analytical,10.0,20.0,J1,34,0.24021360278129578
analytical,10.0,20.0,J2,34,0.11047492921352386
ANNet,10.0,50.0,J1,34,0.3859104812145233
ANNet,10.0,50.0,J2,34,0.176601380109787
analytical,10.0,50.0,J1,34,0.3857690989971161
analytical,10.0,50.0,J2,34,0.17641714215278625
ANNet,10.0,100.0,J1,34,0.5373423099517822
ANNet,10.0,100.0,J2,34,0.24695514142513275
analytical,10.0,100.0,J1,34,0.5372031927108765
analytical,10.0,100.0,J2,34,0.2467675805091858
ANNet,10.0,200.0,J1,34,0.750636100769043
ANNet,10.0,200.0,J2,34,0.3447825610637665
analytical,10.0,200.0,J1,34,0.7505186200141907
analytical,10.0,200.0,J2,34,0.3445903956890106
ANNet,10.0,500.0,J1,34,1.1860651969909668
ANNet,10.0,500.0,J2,34,0.5442203879356384
analytical,10.0,500.0,J1,34,1.1859444379806519
analytical,10.0,500.0,J2,34,0.5439451932907104
ANNet,10.0,1000.0,J1,34,1.6639842987060547
ANNet,10.0,1000.0,J2,34,0.7639573216438293
analytical,10.0,1000.0,J1,34,1.663840651512146
analytical,10.0,1000.0,J2,34,0.7635520100593567
ANNet,25.0,1.0,J1,34,0.6713600754737854
ANNet,25.0,1.0,J2,34,0.7016984820365906
analytical,25.0,1.0,J1,34,0.6699521541595459
analytical,25.0,1.0,J2,34,0.7029811143875122
ANNet,25.0,2.0,J1,34,0.373119980096817
ANNet,25.0,2.0,J2,34,0.29561540484428406
analytical,25.0,2.0,J1,34,0.3755075931549072
analytical,25.0,2.0,J2,34,0.29872018098831177
ANNet,25.0,5.0,J1,34,0.28599438071250916
ANNet,25.0,5.0,J2,34,0.13196519017219543
analytical,25.0,5.0,J1,34,0.28811609745025635
analytical,25.0,5.0,J2,34,0.1350928395986557
ANNet,25.0,10.0,J1,34,0.422710657119751
ANNet,25.0,10.0,J2,34,0.19179275631904602
analytical,25.0,10.0,J1,34,0.4241759777069092
analytical,25.0,10.0,J2,34,0.1934501677751541
ANNet,25.0,20.0,J1,34,0.5993630886077881
ANNet,25.0,20.0,J2,34,0.27504751086235046
analytical,25.0,20.0,J1,34,0.6003824472427368
analytical,25.0,20.0,J2,34,0.27612626552581787
ANNet,25.0,50.0,J1,34,0.9636672139167786
ANNet,25.0,50.0,J2,34,0.4404153525829315
analytical,25.0,50.0,J1,34,0.9642109870910645
analytical,25.0,50.0,J2,34,0.44098082184791565
ANNet,25.0,100.0,J1,34,1.34248948097229
ANNet,25.0,100.0,J2,34,0.616575300693512
analytical,25.0,100.0,J1,34,1.3427772521972656
analytical,25.0,100.0,J2,34,0.6168366074562073
ANNet,25.0,200.0,J1,34,1.8756285905838013
ANNet,25.0,200.0,J2,34,0.8612977266311646
analytical,25.0,200.0,J1,34,1.8757781982421875
analytical,25.0,200.0,J2,34,0.8613346219062805
ANNet,25.0,500.0,J1,34,2.9639015197753906
ANNet,25.0,500.0,J2,34,1.3599586486816406
analytical,25.0,500.0,J1,34,2.96384596824646
analytical,25.0,500.0,J2,34,1.3595770597457886
ANNet,25.0,1000.0,J1,34,4.1580305099487305
ANNet,25.0,1000.0,J2,34,1.9091447591781616
analytical,25.0,1000.0,J1,34,4.1577839851379395
analytical,25.0,1000.0,J2,34,1.9083133935928345
ANNet,0.0,1.0,J1,35,0.6079214215278625
ANNet,0.0,1.0,J2,35,0.5468240976333618
analytical,0.0,1.0,J1,35,0.6071802377700806
analytical,0.0,1.0,J2,35,0.5460932850837708
ANNet,0.0,2.0,J1,35,0.3400859832763672
ANNet,0.0,2.0,J2,35,0.1479758769273758
analytical,0.0,2.0,J1,35,0.3406503200531006
analytical,0.0,2.0,J2,35,0.14825741946697235
ANNet,0.0,5.0,J1,35,0.036669909954071045
ANNet,0.0,5.0,J2,35,0.024906067177653313
analytical,0.0,5.0,J1,35,0.03014965169131756
analytical,0.0,5.0,J2,35,0.016256820410490036
ANNet,0.0,10.0,J1,35,0.02421930991113186
ANNet,0.0,10.0,J2,35,0.02100604586303234
analytical,0.0,10.0,J1,35,0.006624361965805292
analytical,0.0,10.0,J2,35,0.004252912942320108
ANNet,0.0,20.0,J1,35,0.023571135476231575
ANNet,0.0,20.0,J2,35,0.0207615215331316
analytical,0.0,20.0,J1,35,0.0021994372364133596
analytical,0.0,20.0,J2,35,0.001457610516808927
ANNet,0.0,50.0,J1,35,0.023487184196710587
ANNet,0.0,50.0,J2,35,0.020724104717373848
analytical,0.0,50.0,J1,35,0.000554097758140415
analytical,0.0,50.0,J2,35,0.0003715597267728299
ANNet,0.0,100.0,J1,35,0.023482130840420723
ANNet,0.0,100.0,J2,35,0.020721569657325745
analytical,0.0,100.0,J1,35,0.00020016080816276371
analytical,0.0,100.0,J2,35,0.00013455325097311288
ANNet,0.0,200.0,J1,35,0.023481592535972595
ANNet,0.0,200.0,J2,35,0.020721236243844032
analytical,0.0,200.0,J1,35,7.436636951752007e-05
analytical,0.0,200.0,J2,35,5.0025108066620305e-05
ANNet,0.0,500.0,J1,35,0.023481590673327446
ANNet,0.0,500.0,J2,35,0.0207211896777153
analytical,0.0,500.0,J1,35,2.173522807424888e-05
analytical,0.0,500.0,J2,35,1.4580053175450303e-05
ANNet,0.0,1000.0,J1,35,0.023481614887714386
ANNet,0.0,1000.0,J2,35,0.020721184089779854
analytical,0.0,1000.0,J1,35,9.496388884144835e-06
analytical,0.0,1000.0,J2,35,6.282619324338157e-06
ANNet,1.0,1.0,J1,35,0.6079997420310974
ANNet,1.0,1.0,J2,35,0.5463829040527344
analytical,1.0,1.0,J1,35,0.6072141528129578
analytical,1.0,1.0,J2,35,0.5456746816635132
ANNet,1.0,2.0,J1,35,0.34057822823524475
ANNet,1.0,2.0,J2,35,0.14817096292972565
analytical,1.0,2.0,J1,35,0.34105971455574036
analytical,1.0,2.0,J2,35,0.148508220911026
ANNet,1.0,5.0,J1,35,0.03857722505927086
ANNet,1.0,5.0,J2,35,0.02484746463596821
analytical,1.0,5.0,J1,35,0.03164064139127731
analytical,1.0,5.0,J2,35,0.016780337318778038
ANNet,1.0,10.0,J1,35,0.028556203469634056
ANNet,1.0,10.0,J2,35,0.02135937660932541
analytical,1.0,10.0,J1,35,0.014857647009193897
analytical,1.0,10.0,J2,35,0.007229283452033997
ANNet,1.0,20.0,J1,35,0.03135975822806358
ANNet,1.0,20.0,J2,35,0.022054443135857582
analytical,1.0,20.0,J1,35,0.019506098702549934
analytical,1.0,20.0,J2,35,0.008741063065826893
ANNet,1.0,50.0,J1,35,0.040612850338220596
ANNet,1.0,50.0,J2,35,0.024943159893155098
analytical,1.0,50.0,J1,35,0.032332584261894226
analytical,1.0,50.0,J2,35,0.014546837657690048
ANNet,1.0,100.0,J1,35,0.052155762910842896
ANNet,1.0,100.0,J2,35,0.028922943398356438
analytical,1.0,100.0,J1,35,0.04599659517407417
analytical,1.0,100.0,J2,35,0.02063518762588501
ANNet,1.0,200.0,J1,35,0.06967496871948242
ANNet,1.0,200.0,J2,35,0.035667967051267624
analytical,1.0,200.0,J1,35,0.06518551707267761
analytical,1.0,200.0,J2,35,0.029348213225603104
ANNet,1.0,500.0,J1,35,0.10451925545930862
ANNet,1.0,500.0,J2,35,0.05010015517473221
analytical,1.0,500.0,J1,35,0.10157103091478348
analytical,1.0,500.0,J2,35,0.045812975615262985
ANNet,1.0,1000.0,J1,35,0.14440718293190002
ANNet,1.0,1000.0,J2,35,0.06742850691080093
analytical,1.0,1000.0,J1,35,0.14227204024791718
analytical,1.0,1000.0,J2,35,0.06430141627788544
ANNet,2.5,1.0,J1,35,0.6081763505935669
ANNet,2.5,1.0,J2,35,0.5457332730293274
analytical,2.5,1.0,J1,35,0.6073241829872131
analytical,2.5,1.0,J2,35,0.5450590252876282
ANNet,2.5,2.0,J1,35,0.3415136933326721
ANNet,2.5,2.0,J2,35,0.14854784309864044
analytical,2.5,2.0,J1,35,0.3418710231781006
analytical,2.5,2.0,J2,35,0.1489679217338562
ANNet,2.5,5.0,J1,35,0.0451476164162159
ANNet,2.5,5.0,J2,35,0.026048630475997925
analytical,2.5,5.0,J1,35,0.03839407488703728
analytical,2.5,5.0,J2,35,0.019312771037220955
ANNet,2.5,10.0,J1,35,0.04270050302147865
ANNet,2.5,10.0,J2,35,0.024673014879226685
analytical,2.5,10.0,J1,35,0.033917348831892014
analytical,2.5,10.0,J2,35,0.015283068642020226
ANNet,2.5,20.0,J1,35,0.055082082748413086
ANNet,2.5,20.0,J2,35,0.029123496264219284
analytical,2.5,20.0,J1,35,0.04849797487258911
analytical,2.5,20.0,J2,35,0.021598225459456444
ANNet,2.5,50.0,J1,35,0.08496353030204773
ANNet,2.5,50.0,J2,35,0.04129023104906082
analytical,2.5,50.0,J1,35,0.08082907646894455
analytical,2.5,50.0,J2,35,0.03635896369814873
ANNet,2.5,100.0,J1,35,0.11794742941856384
ANNet,2.5,100.0,J2,35,0.05518239364027977
analytical,2.5,100.0,J1,35,0.11499109119176865
analytical,2.5,100.0,J2,35,0.05158640816807747
ANNet,2.5,200.0,J1,35,0.16508157551288605
ANNet,2.5,200.0,J2,35,0.07594862580299377
analytical,2.5,200.0,J1,35,0.16296476125717163
analytical,2.5,200.0,J2,35,0.07337068766355515
ANNet,2.5,500.0,J1,35,0.25531914830207825
ANNet,2.5,500.0,J2,35,0.11620983481407166
analytical,2.5,500.0,J1,35,0.2539290189743042
analytical,2.5,500.0,J2,35,0.11453317105770111
ANNet,2.5,1000.0,J1,35,0.3567119836807251
ANNet,2.5,1000.0,J2,35,0.1619672179222107
analytical,2.5,1000.0,J1,35,0.35567864775657654
analytical,2.5,1000.0,J2,35,0.1607542783021927
ANNet,5.0,1.0,J1,35,0.6086280345916748
ANNet,5.0,1.0,J2,35,0.5446832776069641
analytical,5.0,1.0,J1,35,0.6076653003692627
analytical,5.0,1.0,J2,35,0.5440657734870911
ANNet,5.0,2.0,J1,35,0.34359288215637207
ANNet,5.0,2.0,J2,35,0.14939871430397034
analytical,5.0,2.0,J1,35,0.3437446057796478
analytical,5.0,2.0,J2,35,0.14995445311069489
ANNet,5.0,5.0,J1,35,0.062032315880060196
ANNet,5.0,5.0,J2,35,0.030904756858944893
analytical,5.0,5.0,J1,35,0.056170638650655746
analytical,5.0,5.0,J2,35,0.026455240324139595
ANNet,5.0,10.0,J1,35,0.07263078540563583
ANNet,5.0,10.0,J2,35,0.0347832627594471
analytical,5.0,10.0,J1,35,0.06686768680810928
analytical,5.0,10.0,J2,35,0.02970772050321102
ANNet,5.0,20.0,J1,35,0.1010374203324318
ANNet,5.0,20.0,J2,35,0.046845246106386185
analytical,5.0,20.0,J1,35,0.09691665321588516
analytical,5.0,20.0,J2,35,0.0431242510676384
ANNet,5.0,50.0,J1,35,0.16420228779315948
ANNet,5.0,50.0,J2,35,0.07500671595335007
analytical,5.0,50.0,J1,35,0.16166193783283234
analytical,5.0,50.0,J2,35,0.07271629571914673
ANNet,5.0,100.0,J1,35,0.23180624842643738
ANNet,5.0,100.0,J2,35,0.10481898486614227
analytical,5.0,100.0,J1,35,0.22998636960983276
analytical,5.0,100.0,J2,35,0.10317260026931763
ANNet,5.0,200.0,J1,35,0.3272554874420166
ANNet,5.0,200.0,J2,35,0.1479179561138153
analytical,5.0,200.0,J1,35,0.32593342661857605
analytical,5.0,200.0,J2,35,0.1467423439025879
ANNet,5.0,500.0,J1,35,0.5087640285491943
ANNet,5.0,500.0,J2,35,0.2298404425382614
analytical,5.0,500.0,J1,35,0.5078615546226501
analytical,5.0,500.0,J2,35,0.22906850278377533
ANNet,5.0,1000.0,J1,35,0.7120729684829712
ANNet,5.0,1000.0,J2,35,0.3220891058444977
analytical,5.0,1000.0,J1,35,0.7113494277000427
analytical,5.0,1000.0,J2,35,0.32151034474372864
ANNet,10.0,1.0,J1,35,0.6101201772689819
ANNet,10.0,1.0,J2,35,0.5427067279815674
analytical,10.0,1.0,J1,35,0.6089378595352173
analytical,10.0,1.0,J2,35,0.5422031879425049
ANNet,10.0,2.0,J1,35,0.3496554493904114
ANNet,10.0,2.0,J2,35,0.1519167423248291
analytical,10.0,2.0,J1,35,0.34940481185913086
analytical,10.0,2.0,J2,35,0.152732715010643
ANNet,10.0,5.0,J1,35,0.10399802774190903
ANNet,10.0,5.0,J2,35,0.046511221677064896
analytical,10.0,5.0,J1,35,0.09932269155979156
analytical,10.0,5.0,J2,35,0.04481351748108864
ANNet,10.0,10.0,J1,35,0.13720057904720306
ANNet,10.0,10.0,J2,35,0.06093418970704079
analytical,10.0,10.0,J1,35,0.13325095176696777
analytical,10.0,10.0,J2,35,0.05899999290704727
ANNet,10.0,20.0,J1,35,0.19658459722995758
ANNet,10.0,20.0,J2,35,0.08760524541139603
analytical,10.0,20.0,J1,35,0.19379015266895294
analytical,10.0,20.0,J2,35,0.08621364831924438
ANNet,10.0,50.0,J1,35,0.32508888840675354
ANNet,10.0,50.0,J2,35,0.14630642533302307
analytical,10.0,50.0,J1,35,0.3233349919319153
analytical,10.0,50.0,J2,35,0.14543236792087555
ANNet,10.0,100.0,J1,35,0.46128055453300476
ANNet,10.0,100.0,J2,35,0.20700298249721527
analytical,10.0,100.0,J1,35,0.4599917531013489
analytical,10.0,100.0,J2,35,0.20634673535823822
ANNet,10.0,200.0,J1,35,0.6528616547584534
ANNet,10.0,200.0,J2,35,0.2939770817756653
analytical,10.0,200.0,J1,35,0.6518809795379639
analytical,10.0,200.0,J2,35,0.29348841309547424
ANNet,10.0,500.0,J1,35,1.0164637565612793
ANNet,10.0,500.0,J2,35,0.4584920406341553
analytical,10.0,500.0,J1,35,1.0157296657562256
analytical,10.0,500.0,J2,35,0.4581438899040222
ANNet,10.0,1000.0,J1,35,1.423324465751648
ANNet,10.0,1000.0,J2,35,0.6433274149894714
analytical,10.0,1000.0,J1,35,1.4226456880569458
analytical,10.0,1000.0,J2,35,0.6430230736732483
ANNet,25.0,1.0,J1,35,0.619236946105957
ANNet,25.0,1.0,J2,35,0.53778076171875
analytical,25.0,1.0,J1,35,0.6174161434173584
analytical,25.0,1.0,J2,35,0.5376216769218445
ANNet,25.0,2.0,J1,35,0.3817063868045807
ANNet,25.0,2.0,J2,35,0.16543465852737427
analytical,25.0,2.0,J1,35,0.38037899136543274
analytical,25.0,2.0,J2,35,0.1669112890958786
ANNet,25.0,5.0,J1,35,0.24187509715557098
ANNet,25.0,5.0,J2,35,0.10501427948474884
analytical,25.0,5.0,J1,35,0.23827803134918213
analytical,25.0,5.0,J2,35,0.10568689554929733
ANNet,25.0,10.0,J1,35,0.33559226989746094
ANNet,25.0,10.0,J2,35,0.14707031846046448
analytical,25.0,10.0,J1,35,0.3327804505825043
analytical,25.0,10.0,J2,35,0.14724376797676086
ANNet,25.0,20.0,J1,35,0.48646795749664307
ANNet,25.0,20.0,J2,35,0.21544848382472992
analytical,25.0,20.0,J1,35,0.4844299852848053
analytical,25.0,20.0,J2,35,0.21551483869552612
ANNet,25.0,50.0,J1,35,0.8097986578941345
ANNet,25.0,50.0,J2,35,0.3636539876461029
analytical,25.0,50.0,J1,35,0.808398962020874
analytical,25.0,50.0,J2,35,0.36358118057250977
ANNet,25.0,100.0,J1,35,1.1512304544448853
ANNet,25.0,100.0,J2,35,0.5160287022590637
analytical,25.0,100.0,J1,35,1.1501147747039795
analytical,25.0,100.0,J2,35,0.5158799290657043
ANNet,25.0,200.0,J1,35,1.6307284832000732
ANNet,25.0,200.0,J2,35,0.7339115142822266
analytical,25.0,200.0,J1,35,1.62977135181427
analytical,25.0,200.0,J2,35,0.7337409853935242
ANNet,25.0,500.0,J1,35,2.5400614738464355
ANNet,25.0,500.0,J2,35,1.1455742120742798
analytical,25.0,500.0,J1,35,2.5392138957977295
analytical,25.0,500.0,J2,35,1.1453771591186523
ANNet,25.0,1000.0,J1,35,3.5567069053649902
ANNet,25.0,1000.0,J2,35,1.6077473163604736
analytical,25.0,1000.0,J1,35,3.5557782649993896
analytical,25.0,1000.0,J2,35,1.6074793338775635
ANNet,0.0,1.0,J1,36,0.3795281648635864
ANNet,0.0,1.0,J2,36,0.2865443527698517
analytical,0.0,1.0,J1,36,0.37491607666015625
analytical,0.0,1.0,J2,36,0.2844585180282593
ANNet,0.0,2.0,J1,36,0.1283724308013916
ANNet,0.0,2.0,J2,36,0.05911950394511223
analytical,0.0,2.0,J1,36,0.12587757408618927
analytical,0.0,2.0,J2,36,0.05059949681162834
ANNet,0.0,5.0,J1,36,0.03329566493630409
ANNet,0.0,5.0,J2,36,0.03225142881274223
analytical,0.0,5.0,J1,36,0.026802705600857735
analytical,0.0,5.0,J2,36,0.01111221220344305
ANNet,0.0,10.0,J1,36,0.021651891991496086
ANNet,0.0,10.0,J2,36,0.030524063855409622
analytical,0.0,10.0,J1,36,0.009313120506703854
analytical,0.0,10.0,J2,36,0.003935847897082567
ANNet,0.0,20.0,J1,36,0.019810205325484276
ANNet,0.0,20.0,J2,36,0.030300922691822052
analytical,0.0,20.0,J1,36,0.003296866547316313
analytical,0.0,20.0,J2,36,0.001399905770085752
ANNet,0.0,50.0,J1,36,0.01955145038664341
ANNet,0.0,50.0,J2,36,0.03027060255408287
analytical,0.0,50.0,J1,36,0.0008461771067231894
analytical,0.0,50.0,J2,36,0.00036009258474223316
ANNet,0.0,100.0,J1,36,0.019535493105649948
ANNet,0.0,100.0,J2,36,0.030268732458353043
analytical,0.0,100.0,J1,36,0.00030711732688359916
analytical,0.0,100.0,J2,36,0.0001307773927692324
ANNet,0.0,200.0,J1,36,0.01953338459134102
ANNet,0.0,200.0,J2,36,0.030268479138612747
analytical,0.0,200.0,J1,36,0.00011431235907366499
analytical,0.0,200.0,J2,36,4.869165422860533e-05
ANNet,0.0,500.0,J1,36,0.019533071666955948
ANNet,0.0,500.0,J2,36,0.03026844561100006
analytical,0.0,500.0,J1,36,3.33040879922919e-05
analytical,0.0,500.0,J2,36,1.4186149201123044e-05
ANNet,0.0,1000.0,J1,36,0.01953303813934326
ANNet,0.0,1000.0,J2,36,0.030268441885709763
analytical,0.0,1000.0,J1,36,1.4316085071186535e-05
analytical,0.0,1000.0,J2,36,6.09144490226754e-06
ANNet,1.0,1.0,J1,36,0.38025540113449097
ANNet,1.0,1.0,J2,36,0.28688573837280273
analytical,1.0,1.0,J1,36,0.37564322352409363
analytical,1.0,1.0,J2,36,0.284776508808136
ANNet,1.0,2.0,J1,36,0.12861306965351105
ANNet,1.0,2.0,J2,36,0.059531062841415405
analytical,1.0,2.0,J1,36,0.12611956894397736
analytical,1.0,2.0,J2,36,0.050949547439813614
ANNet,1.0,5.0,J1,36,0.03368821740150452
ANNet,1.0,5.0,J2,36,0.032543789595365524
analytical,1.0,5.0,J1,36,0.027300696820020676
analytical,1.0,5.0,J2,36,0.01137615367770195
ANNet,1.0,10.0,J1,36,0.022741006687283516
ANNet,1.0,10.0,J2,36,0.030885465443134308
analytical,1.0,10.0,J1,36,0.011642584577202797
analytical,1.0,10.0,J2,36,0.004967827815562487
ANNet,1.0,20.0,J1,36,0.02217465080320835
ANNet,1.0,20.0,J2,36,0.03081606514751911
analytical,1.0,20.0,J1,36,0.010504557751119137
analytical,1.0,20.0,J2,36,0.004515356849879026
ANNet,1.0,50.0,J1,36,0.02548232115805149
ANNet,1.0,50.0,J2,36,0.03127790614962578
analytical,1.0,50.0,J1,36,0.01634986139833927
analytical,1.0,50.0,J2,36,0.006995523814111948
ANNet,1.0,100.0,J1,36,0.030439792200922966
ANNet,1.0,100.0,J2,36,0.03207142651081085
analytical,1.0,100.0,J1,36,0.023312434554100037
analytical,1.0,100.0,J2,36,0.009949125349521637
ANNet,1.0,200.0,J1,36,0.03835711255669594
ANNet,1.0,200.0,J2,36,0.033586349338293076
analytical,1.0,200.0,J1,36,0.032948244363069534
analytical,1.0,200.0,J2,36,0.014068693853914738
ANNet,1.0,500.0,J1,36,0.054947320371866226
ANNet,1.0,500.0,J2,36,0.037572573870420456
analytical,1.0,500.0,J1,36,0.05124872922897339
analytical,1.0,500.0,J2,36,0.021911747753620148
ANNet,1.0,1000.0,J1,36,0.0744001716375351
ANNet,1.0,1000.0,J2,36,0.04327351972460747
analytical,1.0,1000.0,J1,36,0.0716346874833107
analytical,1.0,1000.0,J2,36,0.030638298019766808
ANNet,2.5,1.0,J1,36,0.38138121366500854
ANNet,2.5,1.0,J2,36,0.2874065339565277
analytical,2.5,1.0,J1,36,0.37676915526390076
analytical,2.5,1.0,J2,36,0.2852623462677002
ANNet,2.5,2.0,J1,36,0.12916447222232819
ANNet,2.5,2.0,J2,36,0.06022273004055023
analytical,2.5,2.0,J1,36,0.12667615711688995
analytical,2.5,2.0,J2,36,0.051562778651714325
ANNet,2.5,5.0,J1,36,0.03577660396695137
ANNet,2.5,5.0,J2,36,0.03328617289662361
analytical,2.5,5.0,J1,36,0.029848793521523476
analytical,2.5,5.0,J2,36,0.012596520595252514
ANNet,2.5,10.0,J1,36,0.0278889462351799
ANNet,2.5,10.0,J2,36,0.03198482096195221
analytical,2.5,10.0,J1,36,0.019902624189853668
analytical,2.5,10.0,J2,36,0.008608574979007244
ANNet,2.5,20.0,J1,36,0.03202173113822937
ANNet,2.5,20.0,J2,36,0.0326862670481205
analytical,2.5,20.0,J1,36,0.02535126730799675
analytical,2.5,20.0,J2,36,0.010918278247117996
ANNet,2.5,50.0,J1,36,0.04537082836031914
ANNet,2.5,50.0,J2,36,0.03544158115983009
analytical,2.5,50.0,J1,36,0.04088438302278519
analytical,2.5,50.0,J2,36,0.017494922503829002
ANNet,2.5,100.0,J1,36,0.06157101318240166
ANNet,2.5,100.0,J2,36,0.03962589427828789
analytical,2.5,100.0,J1,36,0.0582861565053463
analytical,2.5,100.0,J2,36,0.02487521432340145
ANNet,2.5,200.0,J1,36,0.08482017368078232
ANNet,2.5,200.0,J2,36,0.04681604355573654
analytical,2.5,200.0,J1,36,0.0823693722486496
analytical,2.5,200.0,J2,36,0.035171028226614
ANNet,2.5,500.0,J1,36,0.1298811137676239
ANNet,2.5,500.0,J2,36,0.06296572834253311
analytical,2.5,500.0,J1,36,0.128121480345726
analytical,2.5,500.0,J2,36,0.054779086261987686
ANNet,2.5,1000.0,J1,36,0.18054139614105225
ANNet,2.5,1000.0,J2,36,0.08273707330226898
analytical,2.5,1000.0,J1,36,0.17908671498298645
analytical,2.5,1000.0,J2,36,0.07659595459699631
ANNet,5.0,1.0,J1,36,0.383349746465683
ANNet,5.0,1.0,J2,36,0.2882976233959198
analytical,5.0,1.0,J1,36,0.3787387013435364
analytical,5.0,1.0,J2,36,0.2860954999923706
ANNet,5.0,2.0,J1,36,0.13058353960514069
ANNet,5.0,2.0,J2,36,0.06156615540385246
analytical,5.0,2.0,J1,36,0.1281118094921112
analytical,5.0,2.0,J2,36,0.05281038209795952
ANNet,5.0,5.0,J1,36,0.04246659576892853
ANNet,5.0,5.0,J2,36,0.035269901156425476
analytical,5.0,5.0,J1,36,0.0376058854162693
analytical,5.0,5.0,J2,36,0.016177160665392876
ANNet,5.0,10.0,J1,36,0.04139832407236099
ANNet,5.0,10.0,J2,36,0.03512483835220337
analytical,5.0,10.0,J1,36,0.03646858409047127
analytical,5.0,10.0,J2,36,0.015860021114349365
ANNet,5.0,20.0,J1,36,0.05422988906502724
ANNet,5.0,20.0,J2,36,0.03817172348499298
analytical,5.0,20.0,J1,36,0.0505131259560585
analytical,5.0,20.0,J2,36,0.02176487073302269
ANNet,5.0,50.0,J1,36,0.0842408835887909
ANNet,5.0,50.0,J2,36,0.047030769288539886
analytical,5.0,50.0,J1,36,0.08179251849651337
analytical,5.0,50.0,J2,36,0.035001106560230255
ANNet,5.0,100.0,J1,36,0.11842121183872223
ANNet,5.0,100.0,J2,36,0.058887649327516556
analytical,5.0,100.0,J1,36,0.11657696962356567
analytical,5.0,100.0,J2,36,0.04975225776433945
ANNet,5.0,200.0,J1,36,0.16624164581298828
ANNet,5.0,200.0,J2,36,0.07715961337089539
analytical,5.0,200.0,J1,36,0.1647385209798813
analytical,5.0,200.0,J2,36,0.07034124433994293
ANNet,5.0,500.0,J1,36,0.2575545608997345
ANNet,5.0,500.0,J2,36,0.11421658098697662
analytical,5.0,500.0,J1,36,0.25624242424964905
analytical,5.0,500.0,J2,36,0.10955759882926941
ANNet,5.0,1000.0,J1,36,0.35949671268463135
ANNet,5.0,1000.0,J2,36,0.15674404799938202
analytical,5.0,1000.0,J1,36,0.35817280411720276
analytical,5.0,1000.0,J2,36,0.15319253504276276
ANNet,10.0,1.0,J1,36,0.38762587308883667
ANNet,10.0,1.0,J2,36,0.2901654541492462
analytical,10.0,1.0,J1,36,0.3830200731754303
analytical,10.0,1.0,J2,36,0.2878488302230835
ANNet,10.0,2.0,J1,36,0.1352149248123169
ANNet,10.0,2.0,J2,36,0.06491115689277649
analytical,10.0,2.0,J1,36,0.13280248641967773
analytical,10.0,2.0,J2,36,0.05607832968235016
ANNet,10.0,5.0,J1,36,0.0625021755695343
ANNet,10.0,5.0,J2,36,0.041478779166936874
analytical,10.0,5.0,J1,36,0.059268396347761154
analytical,10.0,5.0,J2,36,0.025908412411808968
ANNet,10.0,10.0,J1,36,0.07393895834684372
ANNet,10.0,10.0,J2,36,0.044871337711811066
analytical,10.0,10.0,J1,36,0.07121073454618454
analytical,10.0,10.0,J2,36,0.03102955035865307
ANNet,10.0,20.0,J1,36,0.10305044054985046
ANNet,10.0,20.0,J2,36,0.05431163311004639
analytical,10.0,20.0,J1,36,0.10099714249372482
analytical,10.0,20.0,J2,36,0.04352494329214096
ANNet,10.0,50.0,J1,36,0.16509872674942017
ANNet,10.0,50.0,J2,36,0.0772743970155716
analytical,10.0,50.0,J1,36,0.16361427307128906
analytical,10.0,50.0,J2,36,0.07001539319753647
ANNet,10.0,100.0,J1,36,0.2344309687614441
ANNet,10.0,100.0,J2,36,0.10484788566827774
analytical,10.0,100.0,J1,36,0.23315785825252533
analytical,10.0,100.0,J2,36,0.09950491786003113
ANNet,10.0,200.0,J1,36,0.3307678997516632
ANNet,10.0,200.0,J2,36,0.14469212293624878
analytical,10.0,200.0,J1,36,0.3294782340526581
analytical,10.0,200.0,J2,36,0.14068013429641724
ANNet,10.0,500.0,J1,36,0.5139974355697632
ANNet,10.0,500.0,J2,36,0.22204196453094482
analytical,10.0,500.0,J1,36,0.512481689453125
analytical,10.0,500.0,J2,36,0.21911299228668213
ANNet,10.0,1000.0,J1,36,0.7181881666183472
ANNet,10.0,1000.0,J2,36,0.30886369943618774
analytical,10.0,1000.0,J1,36,0.7163395285606384
analytical,10.0,1000.0,J2,36,0.3063870966434479
ANNet,25.0,1.0,J1,36,0.40302926301956177
ANNet,25.0,1.0,J2,36,0.2964342534542084
analytical,25.0,1.0,J1,36,0.3984605669975281
analytical,25.0,1.0,J2,36,0.2937852442264557
ANNet,25.0,2.0,J1,36,0.1610175222158432
ANNet,25.0,2.0,J2,36,0.07905221730470657
analytical,25.0,2.0,J1,36,0.1588905304670334
analytical,25.0,2.0,J2,36,0.0705367848277092
ANNet,25.0,5.0,J1,36,0.13662080466747284
ANNet,25.0,5.0,J2,36,0.06918031722307205
analytical,25.0,5.0,J1,36,0.13499678671360016
analytical,25.0,5.0,J2,36,0.059391751885414124
ANNet,25.0,10.0,J1,36,0.17825356125831604
ANNet,25.0,10.0,J2,36,0.08495893329381943
analytical,25.0,10.0,J1,36,0.17685990035533905
analytical,25.0,10.0,J2,36,0.07712171226739883
ANNet,25.0,20.0,J1,36,0.25383707880973816
ANNet,25.0,20.0,J2,36,0.11467067897319794
analytical,25.0,20.0,J1,36,0.25257256627082825
analytical,25.0,20.0,J2,36,0.10885500907897949
ANNet,25.0,50.0,J1,36,0.4103844165802002
ANNet,25.0,50.0,J2,36,0.17897024750709534
analytical,25.0,50.0,J1,36,0.4090758264064789
analytical,25.0,50.0,J2,36,0.17505334317684174
ANNet,25.0,100.0,J1,36,0.5843790769577026
ANNet,25.0,100.0,J2,36,0.25180256366729736
analytical,25.0,100.0,J1,36,0.5828877091407776
analytical,25.0,100.0,J2,36,0.24874919652938843
ANNet,25.0,200.0,J1,36,0.8257209062576294
ANNet,25.0,200.0,J2,36,0.3543168008327484
analytical,25.0,200.0,J1,36,0.8237016201019287
analytical,25.0,200.0,J2,36,0.3516838848590851
ANNet,25.0,500.0,J1,36,1.2841355800628662
ANNet,25.0,500.0,J2,36,0.5502817034721375
analytical,25.0,500.0,J1,36,1.2811552286148071
analytical,25.0,500.0,J2,36,0.5477641224861145
ANNet,25.0,1000.0,J1,36,1.7946923971176147
ANNet,25.0,1000.0,J2,36,0.7686866521835327
analytical,25.0,1000.0,J1,36,1.7907313108444214
analytical,25.0,1000.0,J2,36,0.7659750580787659
ANNet,0.0,1.0,J1,37,0.9673938155174255
ANNet,0.0,1.0,J2,37,0.5325144529342651
analytical,0.0,1.0,J1,37,0.9654690623283386
analytical,0.0,1.0,J2,37,0.5331437587738037
ANNet,0.0,2.0,J1,37,0.5006449222564697
ANNet,0.0,2.0,J2,37,0.13838517665863037
analytical,0.0,2.0,J1,37,0.5005229115486145
analytical,0.0,2.0,J2,37,0.13671593368053436
ANNet,0.0,5.0,J1,37,0.05708412081003189
ANNet,0.0,5.0,J2,37,0.0330185703933239
analytical,0.0,5.0,J1,37,0.053581804037094116
analytical,0.0,5.0,J2,37,0.021814962849020958
ANNet,0.0,10.0,J1,37,0.02853538654744625
ANNet,0.0,10.0,J2,37,0.02627517841756344
analytical,0.0,10.0,J1,37,0.015071270056068897
analytical,0.0,10.0,J2,37,0.006561268586665392
ANNet,0.0,20.0,J1,37,0.02510831691324711
ANNet,0.0,20.0,J2,37,0.025614673271775246
analytical,0.0,20.0,J1,37,0.005288648419082165
analytical,0.0,20.0,J2,37,0.0023073614574968815
ANNet,0.0,50.0,J1,37,0.02460164576768875
ANNet,0.0,50.0,J2,37,0.02552255056798458
analytical,0.0,50.0,J1,37,0.001358885201625526
analytical,0.0,50.0,J2,37,0.0005938814720138907
ANNet,0.0,100.0,J1,37,0.02456953562796116
ANNet,0.0,100.0,J2,37,0.02551676705479622
analytical,0.0,100.0,J1,37,0.0004933810560032725
analytical,0.0,100.0,J2,37,0.00021577731240540743
ANNet,0.0,200.0,J1,37,0.02456539310514927
ANNet,0.0,200.0,J2,37,0.025516025722026825
analytical,0.0,200.0,J1,37,0.00018367708253208548
analytical,0.0,200.0,J2,37,8.03584189270623e-05
ANNet,0.0,500.0,J1,37,0.02456481382250786
ANNet,0.0,500.0,J2,37,0.025515934452414513
analytical,0.0,500.0,J1,37,5.3511106671066955e-05
analytical,0.0,500.0,J2,37,2.3415805117110722e-05
ANNet,0.0,1000.0,J1,37,0.024564780294895172
ANNet,0.0,1000.0,J2,37,0.025515932589769363
analytical,0.0,1000.0,J1,37,2.297394530614838e-05
analytical,0.0,1000.0,J2,37,1.0049355296359863e-05
ANNet,1.0,1.0,J1,37,0.9678021669387817
ANNet,1.0,1.0,J2,37,0.533473789691925
analytical,1.0,1.0,J1,37,0.9658724665641785
analytical,1.0,1.0,J2,37,0.5340926051139832
ANNet,1.0,2.0,J1,37,0.5008958578109741
ANNet,1.0,2.0,J2,37,0.13867904245853424
analytical,1.0,2.0,J1,37,0.5008324384689331
analytical,1.0,2.0,J2,37,0.1369861215353012
ANNet,1.0,5.0,J1,37,0.05804998427629471
ANNet,1.0,5.0,J2,37,0.03391924127936363
analytical,1.0,5.0,J1,37,0.05496634170413017
analytical,1.0,5.0,J2,37,0.022949280217289925
ANNet,1.0,10.0,J1,37,0.032238882035017014
ANNet,1.0,10.0,J2,37,0.027451712638139725
analytical,1.0,10.0,J1,37,0.022044118493795395
analytical,1.0,10.0,J2,37,0.009957242757081985
ANNet,1.0,20.0,J1,37,0.03212223947048187
ANNet,1.0,20.0,J2,37,0.027383163571357727
analytical,1.0,20.0,J1,37,0.0215019378811121
analytical,1.0,20.0,J2,37,0.009597201831638813
ANNet,1.0,50.0,J1,37,0.039254993200302124
ANNet,1.0,50.0,J2,37,0.029184624552726746
analytical,1.0,50.0,J1,37,0.031134583055973053
analytical,1.0,50.0,J2,37,0.013909619301557541
ANNet,1.0,100.0,J1,37,0.05032990127801895
ANNet,1.0,100.0,J2,37,0.032419294118881226
analytical,1.0,100.0,J1,37,0.04426660016179085
analytical,1.0,100.0,J2,37,0.019804926589131355
ANNet,1.0,200.0,J1,37,0.06623002886772156
ANNet,1.0,200.0,J2,37,0.03772057592868805
analytical,1.0,200.0,J1,37,0.0617150217294693
analytical,1.0,200.0,J2,37,0.02762567065656185
ANNet,1.0,500.0,J1,37,0.09980937838554382
ANNet,1.0,500.0,J2,37,0.05026780813932419
analytical,1.0,500.0,J1,37,0.0968109667301178
analytical,1.0,500.0,J2,37,0.043180886656045914
ANNet,1.0,1000.0,J1,37,0.13793717324733734
ANNet,1.0,1000.0,J2,37,0.06568622589111328
analytical,1.0,1000.0,J1,37,0.13571441173553467
analytical,1.0,1000.0,J2,37,0.06039775162935257
ANNet,2.5,1.0,J1,37,0.9684655666351318
ANNet,2.5,1.0,J2,37,0.5349276661872864
analytical,2.5,1.0,J1,37,0.9665283560752869
analytical,2.5,1.0,J2,37,0.5355305671691895
ANNet,2.5,2.0,J1,37,0.5014575123786926
ANNet,2.5,2.0,J2,37,0.13924919068813324
analytical,2.5,2.0,J1,37,0.5014811158180237
analytical,2.5,2.0,J2,37,0.13752180337905884
ANNet,2.5,5.0,J1,37,0.06316651403903961
ANNet,2.5,5.0,J2,37,0.036441825330257416
analytical,2.5,5.0,J1,37,0.060820337384939194
analytical,2.5,5.0,J2,37,0.02625904232263565
ANNet,2.5,10.0,J1,37,0.047696273773908615
ANNet,2.5,10.0,J2,37,0.032023049890995026
analytical,2.5,10.0,J1,37,0.04207569733262062
analytical,2.5,10.0,J2,37,0.01896977610886097
ANNet,2.5,20.0,J1,37,0.05708177015185356
ANNet,2.5,20.0,J2,37,0.034842003136873245
analytical,2.5,20.0,J1,37,0.0522940419614315
analytical,2.5,20.0,J2,37,0.02334328554570675
ANNet,2.5,50.0,J1,37,0.08115128427743912
ANNet,2.5,50.0,J2,37,0.04335303232073784
analytical,2.5,50.0,J1,37,0.07780571281909943
analytical,2.5,50.0,J2,37,0.03476246818900108
ANNet,2.5,100.0,J1,37,0.11309365928173065
ANNet,2.5,100.0,J2,37,0.05590716749429703
analytical,2.5,100.0,J1,37,0.11066240817308426
analytical,2.5,100.0,J2,37,0.04951182007789612
ANNet,2.5,200.0,J1,37,0.15611806511878967
ANNet,2.5,200.0,J2,37,0.07382038980722427
analytical,2.5,200.0,J1,37,0.1542828381061554
analytical,2.5,200.0,J2,37,0.0690629780292511
ANNet,2.5,500.0,J1,37,0.2433498054742813
ANNet,2.5,500.0,J2,37,0.11112885922193527
analytical,2.5,500.0,J1,37,0.2420244663953781
analytical,2.5,500.0,J2,37,0.10795142501592636
ANNet,2.5,1000.0,J1,37,0.3404000401496887
ANNet,2.5,1000.0,J2,37,0.15337222814559937
analytical,2.5,1000.0,J1,37,0.339282363653183
analytical,2.5,1000.0,J2,37,0.15099209547042847
ANNet,5.0,1.0,J1,37,0.9697062969207764
ANNet,5.0,1.0,J2,37,0.5373899340629578
analytical,5.0,1.0,J1,37,0.9677562117576599
analytical,5.0,1.0,J2,37,0.5379663109779358
ANNet,5.0,2.0,J1,37,0.5028853416442871
ANNet,5.0,2.0,J2,37,0.14053939282894135
analytical,5.0,2.0,J1,37,0.5030514597892761
analytical,5.0,2.0,J2,37,0.13875752687454224
ANNet,5.0,5.0,J1,37,0.07894725352525711
ANNet,5.0,5.0,J2,37,0.04308101907372475
analytical,5.0,5.0,J1,37,0.07768576592206955
analytical,5.0,5.0,J2,37,0.03452810272574425
ANNet,5.0,10.0,J1,37,0.08202887326478958
ANNet,5.0,10.0,J2,37,0.04416714236140251
analytical,5.0,10.0,J1,37,0.07937820255756378
analytical,5.0,10.0,J2,37,0.035569190979003906
ANNet,5.0,20.0,J1,37,0.10630488395690918
ANNet,5.0,20.0,J2,37,0.053387150168418884
analytical,5.0,20.0,J1,37,0.1041342243552208
analytical,5.0,20.0,J2,37,0.046474162489175797
ANNet,5.0,50.0,J1,37,0.15716998279094696
ANNet,5.0,50.0,J2,37,0.07437529414892197
analytical,5.0,50.0,J1,37,0.15561434626579285
analytical,5.0,50.0,J2,37,0.06952742487192154
ANNet,5.0,100.0,J1,37,0.2225286066532135
ANNet,5.0,100.0,J2,37,0.10254773497581482
analytical,5.0,100.0,J1,37,0.22132256627082825
analytical,5.0,100.0,J2,37,0.09902489185333252
ANNet,5.0,200.0,J1,37,0.30958980321884155
ANNet,5.0,200.0,J2,37,0.14075128734111786
analytical,5.0,200.0,J1,37,0.30855831503868103
analytical,5.0,200.0,J2,37,0.1381254643201828
ANNet,5.0,500.0,J1,37,0.4849981367588043
ANNet,5.0,500.0,J2,37,0.21773937344551086
analytical,5.0,500.0,J1,37,0.4840377867221832
analytical,5.0,500.0,J2,37,0.2158999890089035
ANNet,5.0,1000.0,J1,37,0.6795756816864014
ANNet,5.0,1000.0,J2,37,0.30347996950149536
analytical,5.0,1000.0,J1,37,0.678550124168396
analytical,5.0,1000.0,J2,37,0.3019765317440033
ANNet,10.0,1.0,J1,37,0.9726923108100891
ANNet,10.0,1.0,J2,37,0.5424590110778809
analytical,10.0,1.0,J1,37,0.9707147479057312
analytical,10.0,1.0,J2,37,0.5429819822311401
ANNet,10.0,2.0,J1,37,0.5075637102127075
ANNet,10.0,2.0,J2,37,0.14434882998466492
analytical,10.0,2.0,J1,37,0.5080034136772156
analytical,10.0,2.0,J2,37,0.14246992766857147
ANNet,10.0,5.0,J1,37,0.12349574267864227
ANNet,10.0,5.0,J2,37,0.0615016333758831
analytical,10.0,5.0,J1,37,0.12341028451919556
analytical,10.0,5.0,J2,37,0.055357981473207474
ANNet,10.0,10.0,J1,37,0.15689131617546082
ANNet,10.0,10.0,J2,37,0.07464282214641571
analytical,10.0,10.0,J1,37,0.1559590995311737
analytical,10.0,10.0,J2,37,0.0695783793926239
ANNet,10.0,20.0,J1,37,0.20887413620948792
ANNet,10.0,20.0,J2,37,0.09673218429088593
analytical,10.0,20.0,J1,37,0.20801381766796112
analytical,10.0,20.0,J2,37,0.09281820058822632
ANNet,10.0,50.0,J1,37,0.312001496553421
ANNet,10.0,50.0,J2,37,0.14180421829223633
analytical,10.0,50.0,J1,37,0.31123921275138855
analytical,10.0,50.0,J2,37,0.13906151056289673
ANNet,10.0,100.0,J1,37,0.44339239597320557
ANNet,10.0,100.0,J2,37,0.20011331140995026
analytical,10.0,100.0,J1,37,0.44263675808906555
analytical,10.0,100.0,J2,37,0.19805379211902618
ANNet,10.0,200.0,J1,37,0.6179622411727905
ANNet,10.0,200.0,J2,37,0.27788975834846497
analytical,10.0,200.0,J1,37,0.6170910000801086
analytical,10.0,200.0,J2,37,0.27625125646591187
ANNet,10.0,500.0,J1,37,0.9691768884658813
ANNet,10.0,500.0,J2,37,0.43313702940940857
analytical,10.0,500.0,J1,37,0.9680243134498596
analytical,10.0,500.0,J2,37,0.43178853392601013
ANNet,10.0,1000.0,J1,37,1.3585115671157837
ANNet,10.0,1000.0,J2,37,0.6052514314651489
analytical,10.0,1000.0,J1,37,1.3570252656936646
analytical,10.0,1000.0,J2,37,0.6039221882820129
ANNet,25.0,1.0,J1,37,0.9856212139129639
ANNet,25.0,1.0,J2,37,0.5587737560272217
analytical,25.0,1.0,J1,37,0.9835500121116638
analytical,25.0,1.0,J2,37,0.5591349005699158
ANNet,25.0,2.0,J1,37,0.5354153513908386
ANNet,25.0,2.0,J2,37,0.16431157290935516
analytical,25.0,2.0,J1,37,0.536558985710144
analytical,25.0,2.0,J2,37,0.162231907248497
ANNet,25.0,5.0,J1,37,0.2802894115447998
ANNet,25.0,5.0,J2,37,0.12855195999145508
analytical,25.0,5.0,J1,37,0.2810530364513397
analytical,25.0,5.0,J2,37,0.1249692514538765
ANNet,25.0,10.0,J1,37,0.38741040229797363
ANNet,25.0,10.0,J2,37,0.17490702867507935
analytical,25.0,10.0,J1,37,0.387385755777359
analytical,25.0,10.0,J2,37,0.17230398952960968
ANNet,25.0,20.0,J1,37,0.5201358199119568
ANNet,25.0,20.0,J2,37,0.23397083580493927
analytical,25.0,20.0,J1,37,0.5198042988777161
analytical,25.0,20.0,J2,37,0.23189443349838257
ANNet,25.0,50.0,J1,37,0.7787918448448181
ANNet,25.0,50.0,J2,37,0.34931033849716187
analytical,25.0,50.0,J1,37,0.7781065106391907
analytical,25.0,50.0,J2,37,0.34766989946365356
ANNet,25.0,100.0,J1,37,1.1075351238250732
ANNet,25.0,100.0,J2,37,0.49661901593208313
analytical,25.0,100.0,J1,37,1.1065140962600708
analytical,25.0,100.0,J2,37,0.4951596260070801
ANNet,25.0,200.0,J1,37,1.5440385341644287
ANNet,25.0,200.0,J2,37,0.6920629143714905
analytical,25.0,200.0,J1,37,1.5425125360488892
analytical,25.0,200.0,J2,37,0.6906353235244751
ANNet,25.0,500.0,J1,37,2.4218950271606445
ANNet,25.0,500.0,J2,37,1.0809944868087769
analytical,25.0,500.0,J1,37,2.4195451736450195
analytical,25.0,500.0,J2,37,1.0793876647949219
ANNet,25.0,1000.0,J1,37,3.3947441577911377
ANNet,25.0,1000.0,J2,37,1.5115166902542114
analytical,25.0,1000.0,J1,37,3.3916664123535156
analytical,25.0,1000.0,J2,37,1.5095720291137695
ANNet,0.0,1.0,J1,38,0.6450568437576294
ANNet,0.0,1.0,J2,38,0.6855012774467468
analytical,0.0,1.0,J1,38,0.6427949666976929
analytical,0.0,1.0,J2,38,0.6881479620933533
ANNet,0.0,2.0,J1,38,0.3175649046897888
ANNet,0.0,2.0,J2,38,0.3139647841453552
analytical,0.0,2.0,J1,38,0.31602099537849426
analytical,0.0,2.0,J2,38,0.31674161553382874
ANNet,0.0,5.0,J1,38,0.04222884029150009
ANNet,0.0,5.0,J2,38,0.032231319695711136
analytical,0.0,5.0,J1,38,0.02445591241121292
analytical,0.0,5.0,J2,38,0.02901933714747429
ANNet,0.0,10.0,J1,38,0.03382307291030884
ANNet,0.0,10.0,J2,38,0.021335236728191376
analytical,0.0,10.0,J1,38,0.004016508348286152
analytical,0.0,10.0,J2,38,0.002441294025629759
ANNet,0.0,20.0,J1,38,0.03354610875248909
ANNet,0.0,20.0,J2,38,0.021717259660363197
analytical,0.0,20.0,J1,38,0.0013359482400119305
analytical,0.0,20.0,J2,38,0.00022353553504217416
ANNet,0.0,50.0,J1,38,0.03351866081357002
ANNet,0.0,50.0,J2,38,0.021751385182142258
analytical,0.0,50.0,J1,38,0.0003510391397867352
analytical,0.0,50.0,J2,38,4.230671765981242e-05
ANNet,0.0,100.0,J1,38,0.03351721167564392
ANNet,0.0,100.0,J2,38,0.0217522531747818
analytical,0.0,100.0,J1,38,0.00012859571143053472
analytical,0.0,100.0,J2,38,1.5424395314767025e-05
ANNet,0.0,200.0,J1,38,0.03351706638932228
ANNet,0.0,200.0,J2,38,0.021752309054136276
analytical,0.0,200.0,J1,38,4.812767656403594e-05
analytical,0.0,200.0,J2,38,5.859270459040999e-06
ANNet,0.0,500.0,J1,38,0.033517058938741684
ANNet,0.0,500.0,J2,38,0.021752309054136276
analytical,0.0,500.0,J1,38,1.4235394701245241e-05
analytical,0.0,500.0,J2,38,2.0041700281581143e-06
ANNet,0.0,1000.0,J1,38,0.03351706638932228
ANNet,0.0,1000.0,J2,38,0.021752312779426575
analytical,0.0,1000.0,J1,38,6.415010375349084e-06
analytical,0.0,1000.0,J2,38,1.2618437494893442e-06
ANNet,1.0,1.0,J1,38,0.6449562311172485
ANNet,1.0,1.0,J2,38,0.6853750348091125
analytical,1.0,1.0,J1,38,0.6427107453346252
analytical,1.0,1.0,J2,38,0.6879962682723999
ANNet,1.0,2.0,J1,38,0.31626421213150024
ANNet,1.0,2.0,J2,38,0.31457802653312683
analytical,1.0,2.0,J1,38,0.3147965371608734
analytical,1.0,2.0,J2,38,0.3173055350780487
ANNet,1.0,5.0,J1,38,0.04172775521874428
ANNet,1.0,5.0,J2,38,0.03347356244921684
analytical,1.0,5.0,J1,38,0.025653503835201263
analytical,1.0,5.0,J2,38,0.030085468664765358
ANNet,1.0,10.0,J1,38,0.03676066920161247
ANNet,1.0,10.0,J2,38,0.023248715326189995
analytical,1.0,10.0,J1,38,0.01806626096367836
analytical,1.0,10.0,J2,38,0.008433559909462929
ANNet,1.0,20.0,J1,38,0.0400584377348423
ANNet,1.0,20.0,J2,38,0.02484487183392048
analytical,1.0,20.0,J1,38,0.024145089089870453
analytical,1.0,20.0,J2,38,0.011180841363966465
ANNet,1.0,50.0,J1,38,0.04987114667892456
ANNet,1.0,50.0,J2,38,0.02853107452392578
analytical,1.0,50.0,J1,38,0.03828147426247597
analytical,1.0,50.0,J2,38,0.017888538539409637
ANNet,1.0,100.0,J1,38,0.06410914659500122
ANNet,1.0,100.0,J2,38,0.034068770706653595
analytical,1.0,100.0,J1,38,0.05557094141840935
analytical,1.0,100.0,J2,38,0.025811392813920975
ANNet,1.0,200.0,J1,38,0.0846099779009819
ANNet,1.0,200.0,J2,38,0.042743582278490067
analytical,1.0,200.0,J1,38,0.07833662629127502
analytical,1.0,200.0,J2,38,0.036494266241788864
ANNet,1.0,500.0,J1,38,0.12630431354045868
ANNet,1.0,500.0,J2,38,0.061189502477645874
analytical,1.0,500.0,J1,38,0.12218471616506577
analytical,1.0,500.0,J2,38,0.05698125436902046
ANNet,1.0,1000.0,J1,38,0.1744653582572937
ANNet,1.0,1000.0,J2,38,0.08289110660552979
analytical,1.0,1000.0,J1,38,0.17149865627288818
analytical,1.0,1000.0,J2,38,0.07981469482183456
ANNet,2.5,1.0,J1,38,0.6448493003845215
ANNet,2.5,1.0,J2,38,0.6851944327354431
analytical,2.5,1.0,J1,38,0.6426286697387695
analytical,2.5,1.0,J2,38,0.6877774000167847
ANNet,2.5,2.0,J1,38,0.314517080783844
ANNet,2.5,2.0,J2,38,0.31554073095321655
analytical,2.5,2.0,J1,38,0.3131660223007202
analytical,2.5,2.0,J2,38,0.31819427013397217
ANNet,2.5,5.0,J1,38,0.046939052641391754
ANNet,2.5,5.0,J2,38,0.03680199384689331
analytical,2.5,5.0,J1,38,0.03568284586071968
analytical,2.5,5.0,J2,38,0.033332839608192444
ANNet,2.5,10.0,J1,38,0.05280562862753868
ANNet,2.5,10.0,J2,38,0.0301973819732666
analytical,2.5,10.0,J1,38,0.0437912680208683
analytical,2.5,10.0,J2,38,0.02029866725206375
ANNet,2.5,20.0,J1,38,0.0670621246099472
ANNet,2.5,20.0,J2,38,0.036124683916568756
analytical,2.5,20.0,J1,38,0.060233283787965775
analytical,2.5,20.0,J2,38,0.027950424700975418
ANNet,2.5,50.0,J1,38,0.10014122724533081
ANNet,2.5,50.0,J2,38,0.05026649683713913
analytical,2.5,50.0,J1,38,0.09569893777370453
analytical,2.5,50.0,J2,38,0.0447215810418129
ANNet,2.5,100.0,J1,38,0.14203017950057983
ANNet,2.5,100.0,J2,38,0.06850598007440567
analytical,2.5,100.0,J1,38,0.1389303058385849
analytical,2.5,100.0,J2,38,0.06452813744544983
ANNet,2.5,200.0,J1,38,0.19806256890296936
ANNet,2.5,200.0,J2,38,0.09411519020795822
analytical,2.5,200.0,J1,38,0.19584541022777557
analytical,2.5,200.0,J2,38,0.09123575687408447
ANNet,2.5,500.0,J1,38,0.3069096505641937
ANNet,2.5,500.0,J2,38,0.14435850083827972
analytical,2.5,500.0,J1,38,0.3054672181606293
analytical,2.5,500.0,J2,38,0.14245207607746124
ANNet,2.5,1000.0,J1,38,0.42980295419692993
ANNet,2.5,1000.0,J2,38,0.20094972848892212
analytical,2.5,1000.0,J1,38,0.4287533164024353
analytical,2.5,1000.0,J2,38,0.19953390955924988
ANNet,5.0,1.0,J1,38,0.6447884440422058
ANNet,5.0,1.0,J2,38,0.6849165558815002
analytical,5.0,1.0,J1,38,0.6426095962524414
analytical,5.0,1.0,J2,38,0.6874356269836426
ANNet,5.0,2.0,J1,38,0.31215912103652954
ANNet,5.0,2.0,J2,38,0.31725841760635376
analytical,5.0,2.0,J1,38,0.31100767850875854
analytical,5.0,2.0,J2,38,0.31978872418403625
ANNet,5.0,5.0,J1,38,0.06613580137491226
ANNet,5.0,5.0,J2,38,0.04518299549818039
analytical,5.0,5.0,J1,38,0.06081973761320114
analytical,5.0,5.0,J2,38,0.04185037687420845
ANNet,5.0,10.0,J1,38,0.09047990292310715
ANNet,5.0,10.0,J2,38,0.04668981209397316
analytical,5.0,10.0,J1,38,0.08701949566602707
analytical,5.0,10.0,J2,38,0.040356457233428955
ANNet,5.0,20.0,J1,38,0.1229444295167923
ANNet,5.0,20.0,J2,38,0.060849178582429886
analytical,5.0,20.0,J1,38,0.1204119324684143
analytical,5.0,20.0,J2,38,0.05590145289897919
ANNet,5.0,50.0,J1,38,0.19301164150238037
ANNet,5.0,50.0,J2,38,0.09265407919883728
analytical,5.0,50.0,J1,38,0.19140000641345978
analytical,5.0,50.0,J2,38,0.08944312483072281
ANNet,5.0,100.0,J1,38,0.27898651361465454
ANNet,5.0,100.0,J2,38,0.131338432431221
analytical,5.0,100.0,J1,38,0.27786725759506226
analytical,5.0,100.0,J2,38,0.12905509769916534
ANNet,5.0,200.0,J1,38,0.3925136625766754
ANNet,5.0,200.0,J2,38,0.1841423511505127
analytical,5.0,200.0,J1,38,0.3917059898376465
analytical,5.0,200.0,J2,38,0.18247124552726746
ANNet,5.0,500.0,J1,38,0.6115037798881531
ANNet,5.0,500.0,J2,38,0.2860643267631531
analytical,5.0,500.0,J1,38,0.6109514832496643
analytical,5.0,500.0,J2,38,0.2848999798297882
ANNet,5.0,1000.0,J1,38,0.8579614162445068
ANNet,5.0,1000.0,J2,38,0.3999898135662079
analytical,5.0,1000.0,J1,38,0.8575246334075928
analytical,5.0,1000.0,J2,38,0.39905688166618347
ANNet,10.0,1.0,J1,38,0.6451070308685303
ANNet,10.0,1.0,J2,38,0.6844483017921448
analytical,10.0,1.0,J1,38,0.6430134773254395
analytical,10.0,1.0,J2,38,0.68683922290802
ANNet,10.0,2.0,J1,38,0.30957114696502686
ANNet,10.0,2.0,J2,38,0.3211096525192261
analytical,10.0,2.0,J1,38,0.30883464217185974
analytical,10.0,2.0,J2,38,0.3233944773674011
ANNet,10.0,5.0,J1,38,0.11818680912256241
ANNet,10.0,5.0,J2,38,0.06730949133634567
analytical,10.0,5.0,J1,38,0.11748702079057693
analytical,10.0,5.0,J2,38,0.0643935576081276
ANNet,10.0,10.0,J1,38,0.17391273379325867
ANNet,10.0,10.0,J2,38,0.08455801755189896
analytical,10.0,10.0,J1,38,0.1736164540052414
analytical,10.0,10.0,J2,38,0.08058139681816101
ANNet,10.0,20.0,J1,38,0.24102535843849182
ANNet,10.0,20.0,J2,38,0.11485061794519424
analytical,10.0,20.0,J1,38,0.24078814685344696
analytical,10.0,20.0,J2,38,0.11180388927459717
ANNet,10.0,50.0,J1,38,0.3829837143421173
ANNet,10.0,50.0,J2,38,0.18087002635002136
analytical,10.0,50.0,J1,38,0.3828170597553253
analytical,10.0,50.0,J2,38,0.17888520658016205
ANNet,10.0,100.0,J1,38,0.5558858513832092
ANNet,10.0,100.0,J2,38,0.2595606744289398
analytical,10.0,100.0,J1,38,0.5557575225830078
analytical,10.0,100.0,J2,38,0.25810515880584717
ANNet,10.0,200.0,J1,38,0.7835902571678162
ANNet,10.0,200.0,J2,38,0.36607053875923157
analytical,10.0,200.0,J1,38,0.7834711670875549
analytical,10.0,200.0,J2,38,0.36493998765945435
ANNet,10.0,500.0,J1,38,1.2221095561981201
ANNet,10.0,500.0,J2,38,0.5706871747970581
analytical,10.0,500.0,J1,38,1.2219595909118652
analytical,10.0,500.0,J2,38,0.5697793960571289
ANNet,10.0,1000.0,J1,38,1.7152866125106812
ANNet,10.0,1000.0,J2,38,0.7989100217819214
analytical,10.0,1000.0,J1,38,1.7150864601135254
analytical,10.0,1000.0,J2,38,0.7980592846870422
ANNet,25.0,1.0,J1,38,0.6495689749717712
ANNet,25.0,1.0,J2,38,0.6837446689605713
analytical,25.0,1.0,J1,38,0.647741973400116
analytical,25.0,1.0,J2,38,0.6857480406761169
ANNet,25.0,2.0,J1,38,0.3190310001373291
ANNet,25.0,2.0,J2,38,0.33580443263053894
analytical,25.0,2.0,J1,38,0.31956183910369873
analytical,25.0,2.0,J2,38,0.3373720347881317
ANNet,25.0,5.0,J1,38,0.29118460416793823
ANNet,25.0,5.0,J2,38,0.14462877810001373
analytical,25.0,5.0,J1,38,0.293514609336853
analytical,25.0,5.0,J2,38,0.14229388535022736
ANNet,25.0,10.0,J1,38,0.4319130778312683
ANNet,25.0,10.0,J2,38,0.2037907987833023
analytical,25.0,10.0,J1,38,0.43354761600494385
analytical,25.0,10.0,J2,38,0.20134007930755615
ANNet,25.0,20.0,J1,38,0.6008568406105042
ANNet,25.0,20.0,J2,38,0.28141751885414124
analytical,25.0,20.0,J1,38,0.601985514163971
analytical,25.0,20.0,J2,38,0.2795087695121765
ANNet,25.0,50.0,J1,38,0.9565098881721497
ANNet,25.0,50.0,J2,38,0.44855156540870667
analytical,25.0,50.0,J1,38,0.9571750164031982
analytical,25.0,50.0,J2,38,0.4472010135650635
ANNet,25.0,100.0,J1,38,1.3891198635101318
ANNet,25.0,100.0,J2,38,0.6463462114334106
analytical,25.0,100.0,J1,38,1.3895390033721924
analytical,25.0,100.0,J2,38,0.6452169418334961
ANNet,25.0,200.0,J1,38,1.9588500261306763
ANNet,25.0,200.0,J2,38,0.913366973400116
analytical,25.0,200.0,J1,38,1.9590568542480469
analytical,25.0,200.0,J2,38,0.9123092889785767
ANNet,25.0,500.0,J1,38,3.0551671981811523
ANNet,25.0,500.0,J2,38,1.4253650903701782
analytical,25.0,500.0,J1,38,3.055063009262085
analytical,25.0,500.0,J2,38,1.424217939376831
ANNet,25.0,1000.0,J1,38,4.287698268890381
ANNet,25.0,1000.0,J2,38,1.995877981185913
analytical,25.0,1000.0,J1,38,4.287303924560547
analytical,25.0,1000.0,J2,38,1.9945251941680908
ANNet,0.0,1.0,J1,39,0.24933156371116638
ANNet,0.0,1.0,J2,39,0.12796759605407715
analytical,0.0,1.0,J1,39,0.2382659912109375
analytical,0.0,1.0,J2,39,0.11959230899810791
ANNet,0.0,2.0,J1,39,0.07983781397342682
ANNet,0.0,2.0,J2,39,0.04091750457882881
analytical,0.0,2.0,J1,39,0.07393218576908112
analytical,0.0,2.0,J2,39,0.022385193035006523
ANNet,0.0,5.0,J1,39,0.030541513115167618
ANNet,0.0,5.0,J2,39,0.03382902964949608
analytical,0.0,5.0,J1,39,0.017526570707559586
analytical,0.0,5.0,J2,39,0.005472373683005571
ANNet,0.0,10.0,J1,39,0.025599787011742592
ANNet,0.0,10.0,J2,39,0.033414311707019806
analytical,0.0,10.0,J1,39,0.006203548517078161
analytical,0.0,10.0,J2,39,0.001947501441463828
ANNet,0.0,20.0,J1,39,0.024919647723436356
ANNet,0.0,20.0,J2,39,0.033362459391355515
analytical,0.0,20.0,J1,39,0.002205726457759738
analytical,0.0,20.0,J2,39,0.0006929519004188478
ANNet,0.0,50.0,J1,39,0.024826083332300186
ANNet,0.0,50.0,J2,39,0.03335557505488396
analytical,0.0,50.0,J1,39,0.0005673677078448236
analytical,0.0,50.0,J2,39,0.00017820540233515203
ANNet,0.0,100.0,J1,39,0.02482006885111332
ANNet,0.0,100.0,J2,39,0.03335518762469292
analytical,0.0,100.0,J1,39,0.00020606401085387915
analytical,0.0,100.0,J2,39,6.471263623097911e-05
ANNet,0.0,200.0,J1,39,0.02481914684176445
ANNet,0.0,200.0,J2,39,0.03335515037178993
analytical,0.0,200.0,J1,39,7.672661740798503e-05
analytical,0.0,200.0,J2,39,2.4094768377835862e-05
ANNet,0.0,500.0,J1,39,0.024818917736411095
ANNet,0.0,500.0,J2,39,0.03335515409708023
analytical,0.0,500.0,J1,39,2.2362541130860336e-05
analytical,0.0,500.0,J2,39,7.031984750938136e-06
ANNet,0.0,1000.0,J1,39,0.024818869307637215
ANNet,0.0,1000.0,J2,39,0.03335515409708023
analytical,0.0,1000.0,J1,39,9.61701061896747e-06
analytical,0.0,1000.0,J2,39,3.0339979275595397e-06
ANNet,1.0,1.0,J1,39,0.24921245872974396
ANNet,1.0,1.0,J2,39,0.12787260115146637
analytical,1.0,1.0,J1,39,0.23819859325885773
analytical,1.0,1.0,J2,39,0.1193867176771164
ANNet,1.0,2.0,J1,39,0.07957986742258072
ANNet,1.0,2.0,J2,39,0.04113532602787018
analytical,1.0,2.0,J1,39,0.0738888680934906
analytical,1.0,2.0,J2,39,0.02221032977104187
ANNet,1.0,5.0,J1,39,0.030235441401600838
ANNet,1.0,5.0,J2,39,0.03424348309636116
analytical,1.0,5.0,J1,39,0.018014676868915558
analytical,1.0,5.0,J2,39,0.005691913887858391
ANNet,1.0,10.0,J1,39,0.025414161384105682
ANNet,1.0,10.0,J2,39,0.03386097401380539
analytical,1.0,10.0,J1,39,0.008064727298915386
analytical,1.0,10.0,J2,39,0.0028391412924975157
ANNet,1.0,20.0,J1,39,0.024947507306933403
ANNet,1.0,20.0,J2,39,0.033841073513031006
analytical,1.0,20.0,J1,39,0.006505487486720085
analytical,1.0,20.0,J2,39,0.0026180220302194357
ANNet,1.0,50.0,J1,39,0.025868786498904228
ANNet,1.0,50.0,J2,39,0.033963147550821304
analytical,1.0,50.0,J1,39,0.009447241201996803
analytical,1.0,50.0,J2,39,0.003889646613970399
ANNet,1.0,100.0,J1,39,0.027439989149570465
ANNet,1.0,100.0,J2,39,0.03417183458805084
analytical,1.0,100.0,J1,39,0.01315122190862894
analytical,1.0,100.0,J2,39,0.005415139254182577
ANNet,1.0,200.0,J1,39,0.03036395274102688
ANNet,1.0,200.0,J2,39,0.0345916710793972
analytical,1.0,200.0,J1,39,0.01849120669066906
analytical,1.0,200.0,J2,39,0.00762595608830452
ANNet,1.0,500.0,J1,39,0.0378626212477684
ANNet,1.0,500.0,J2,39,0.03583158552646637
analytical,1.0,500.0,J1,39,0.02921169437468052
analytical,1.0,500.0,J2,39,0.012056021951138973
ANNet,1.0,1000.0,J1,39,0.047368958592414856
ANNet,1.0,1000.0,J2,39,0.037711627781391144
analytical,1.0,1000.0,J1,39,0.040782153606414795
analytical,1.0,1000.0,J2,39,0.016834385693073273
ANNet,2.5,1.0,J1,39,0.2490525245666504
ANNet,2.5,1.0,J2,39,0.12773630023002625
analytical,2.5,1.0,J1,39,0.23811735212802887
analytical,2.5,1.0,J2,39,0.11908450722694397
ANNet,2.5,2.0,J1,39,0.07931884378194809
ANNet,2.5,2.0,J2,39,0.04150056466460228
analytical,2.5,2.0,J1,39,0.0739605650305748
analytical,2.5,2.0,J2,39,0.022022243589162827
ANNet,2.5,5.0,J1,39,0.030478989705443382
ANNet,2.5,5.0,J2,39,0.034959372133016586
analytical,2.5,5.0,J1,39,0.0198301263153553
analytical,2.5,5.0,J2,39,0.006580035202205181
ANNet,2.5,10.0,J1,39,0.026599882170557976
ANNet,2.5,10.0,J2,39,0.03470733389258385
analytical,2.5,10.0,J1,39,0.013444015756249428
analytical,2.5,10.0,J2,39,0.005236229859292507
ANNet,2.5,20.0,J1,39,0.027650093659758568
ANNet,2.5,20.0,J2,39,0.03488996997475624
analytical,2.5,20.0,J1,39,0.015446072444319725
analytical,2.5,20.0,J2,39,0.006344290915876627
ANNet,2.5,50.0,J1,39,0.03289826214313507
ANNet,2.5,50.0,J2,39,0.035659078508615494
analytical,2.5,50.0,J1,39,0.02358761802315712
analytical,2.5,50.0,J2,39,0.009718128480017185
ANNet,2.5,100.0,J1,39,0.04008937627077103
ANNet,2.5,100.0,J2,39,0.03688536211848259
analytical,2.5,100.0,J1,39,0.032875146716833115
analytical,2.5,100.0,J2,39,0.0135373305529356
ANNet,2.5,200.0,J1,39,0.05161063000559807
ANNet,2.5,200.0,J2,39,0.039255138486623764
analytical,2.5,200.0,J1,39,0.04622704163193703
analytical,2.5,200.0,J2,39,0.01906469650566578
ANNet,2.5,500.0,J1,39,0.07655984163284302
ANNet,2.5,500.0,J2,39,0.04568051919341087
analytical,2.5,500.0,J1,39,0.07302940636873245
analytical,2.5,500.0,J2,39,0.03014012798666954
ANNet,2.5,1000.0,J1,39,0.10452482104301453
ANNet,2.5,1000.0,J2,39,0.05432163551449776
analytical,2.5,1000.0,J1,39,0.10195537656545639
analytical,2.5,1000.0,J2,39,0.042086031287908554
ANNet,5.0,1.0,J1,39,0.24883665144443512
ANNet,5.0,1.0,J2,39,0.12752577662467957
analytical,5.0,1.0,J1,39,0.23803509771823883
analytical,5.0,1.0,J2,39,0.11859739571809769
ANNet,5.0,2.0,J1,39,0.07922255992889404
ANNet,5.0,2.0,J2,39,0.04220885783433914
analytical,5.0,2.0,J1,39,0.07444263994693756
analytical,5.0,2.0,J2,39,0.021911639720201492
ANNet,5.0,5.0,J1,39,0.03267211839556694
ANNet,5.0,5.0,J2,39,0.03638654202222824
analytical,5.0,5.0,J1,39,0.024931246414780617
analytical,5.0,5.0,J2,39,0.008984518237411976
ANNet,5.0,10.0,J1,39,0.03182259947061539
ANNet,5.0,10.0,J2,39,0.03654974326491356
analytical,5.0,10.0,J1,39,0.02399781532585621
analytical,5.0,10.0,J2,39,0.009707133285701275
ANNet,5.0,20.0,J1,39,0.03708051145076752
ANNet,5.0,20.0,J2,39,0.03743057698011398
analytical,5.0,20.0,J1,39,0.030646689236164093
analytical,5.0,20.0,J2,39,0.012628182768821716
ANNet,5.0,50.0,J1,39,0.05158478766679764
ANNet,5.0,50.0,J2,39,0.040244556963443756
analytical,5.0,50.0,J1,39,0.04716861993074417
analytical,5.0,50.0,J2,39,0.019435521215200424
ANNet,5.0,100.0,J1,39,0.06900037080049515
ANNet,5.0,100.0,J2,39,0.0444464348256588
analytical,5.0,100.0,J1,39,0.06574966758489609
analytical,5.0,100.0,J2,39,0.027074655517935753
ANNet,5.0,200.0,J1,39,0.09479985386133194
ANNet,5.0,200.0,J2,39,0.051934897899627686
analytical,5.0,200.0,J1,39,0.09245344251394272
analytical,5.0,200.0,J2,39,0.03812943771481514
ANNet,5.0,500.0,J1,39,0.14757439494132996
ANNet,5.0,500.0,J2,39,0.06985829025506973
analytical,5.0,500.0,J1,39,0.1460587978363037
analytical,5.0,500.0,J2,39,0.06028032302856445
ANNet,5.0,1000.0,J1,39,0.20502261817455292
ANNet,5.0,1000.0,J2,39,0.09130540490150452
analytical,5.0,1000.0,J1,39,0.2039104402065277
analytical,5.0,1000.0,J2,39,0.08417218178510666
ANNet,10.0,1.0,J1,39,0.24859538674354553
ANNet,10.0,1.0,J2,39,0.12716755270957947
analytical,10.0,1.0,J1,39,0.23806995153427124
analytical,10.0,1.0,J2,39,0.11768627911806107
ANNet,10.0,2.0,J1,39,0.08029737323522568
ANNet,10.0,2.0,J2,39,0.04397578164935112
analytical,10.0,2.0,J1,39,0.07672569155693054
analytical,10.0,2.0,J2,39,0.022453857585787773
ANNet,10.0,5.0,J1,39,0.04208831861615181
ANNet,10.0,5.0,J2,39,0.03999784216284752
analytical,10.0,5.0,J1,39,0.038795288652181625
analytical,10.0,5.0,J2,39,0.015092836692929268
ANNet,10.0,10.0,J1,39,0.04880281165242195
ANNet,10.0,10.0,J2,39,0.04157005622982979
analytical,10.0,10.0,J1,39,0.04609670117497444
analytical,10.0,10.0,J2,39,0.01890515722334385
ANNet,10.0,20.0,J1,39,0.0632183849811554
ANNet,10.0,20.0,J2,39,0.044799353927373886
analytical,10.0,20.0,J1,39,0.061166148632764816
analytical,10.0,20.0,J2,39,0.02522440068423748
ANNet,10.0,50.0,J1,39,0.09569031000137329
ANNet,10.0,50.0,J2,39,0.05369328334927559
analytical,10.0,50.0,J1,39,0.09433599561452866
analytical,10.0,50.0,J2,39,0.038871489465236664
ANNet,10.0,100.0,J1,39,0.13250352442264557
ANNet,10.0,100.0,J2,39,0.06562307476997375
analytical,10.0,100.0,J1,39,0.1314993053674698
analytical,10.0,100.0,J2,39,0.05414951220154762
ANNet,10.0,200.0,J1,39,0.18563565611839294
ANNet,10.0,200.0,J2,39,0.08481410145759583
analytical,10.0,200.0,J1,39,0.1849057972431183
analytical,10.0,200.0,J2,39,0.07625946402549744
ANNet,10.0,500.0,J1,39,0.2926180362701416
ANNet,10.0,500.0,J2,39,0.1261942982673645
analytical,10.0,500.0,J1,39,0.2921167314052582
analytical,10.0,500.0,J2,39,0.12056069076061249
ANNet,10.0,1000.0,J1,39,0.4082258939743042
ANNet,10.0,1000.0,J2,39,0.1724846214056015
analytical,10.0,1000.0,J1,39,0.40781840682029724
analytical,10.0,1000.0,J2,39,0.16834454238414764
ANNet,25.0,1.0,J1,39,0.24939580261707306
ANNet,25.0,1.0,J2,39,0.12660086154937744
analytical,25.0,1.0,J1,39,0.23976381123065948
analytical,25.0,1.0,J2,39,0.11547460407018661
ANNet,25.0,2.0,J1,39,0.09261732548475266
ANNet,25.0,2.0,J2,39,0.05157827213406563
analytical,25.0,2.0,J1,39,0.09240400791168213
analytical,25.0,2.0,J2,39,0.029095187783241272
ANNet,25.0,5.0,J1,39,0.08543422818183899
ANNet,25.0,5.0,J2,39,0.05481763556599617
analytical,25.0,5.0,J1,39,0.08700797706842422
analytical,25.0,5.0,J2,39,0.035309527069330215
ANNet,25.0,10.0,J1,39,0.11206889152526855
ANNet,25.0,10.0,J2,39,0.06278181821107864
analytical,25.0,10.0,J1,39,0.11332195997238159
analytical,25.0,10.0,J2,39,0.04672687500715256
ANNet,25.0,20.0,J1,39,0.1518809050321579
ANNet,25.0,20.0,J2,39,0.07571305334568024
analytical,25.0,20.0,J1,39,0.152821883559227
analytical,25.0,20.0,J2,39,0.06303650885820389
ANNet,25.0,50.0,J1,39,0.23526714742183685
ANNet,25.0,50.0,J2,39,0.10588102787733078
analytical,25.0,50.0,J1,39,0.23584404587745667
analytical,25.0,50.0,J2,39,0.09717997908592224
ANNet,25.0,100.0,J1,39,0.3284098207950592
ANNet,25.0,100.0,J2,39,0.1417996883392334
analytical,25.0,100.0,J1,39,0.32874855399131775
analytical,25.0,100.0,J2,39,0.1353747397661209
ANNet,25.0,200.0,J1,39,0.46205151081085205
ANNet,25.0,200.0,J2,39,0.19532598555088043
analytical,25.0,200.0,J1,39,0.4622569680213928
analytical,25.0,200.0,J2,39,0.19065333902835846
ANNet,25.0,500.0,J1,39,0.7302438020706177
ANNet,25.0,500.0,J2,39,0.30449944734573364
analytical,25.0,500.0,J1,39,0.7302768230438232
analytical,25.0,500.0,J2,39,0.3013995289802551
ANNet,25.0,1000.0,J1,39,1.01961088180542
ANNet,25.0,1000.0,J2,39,0.42323726415634155
analytical,25.0,1000.0,J1,39,1.0195069313049316
analytical,25.0,1000.0,J2,39,0.42085763812065125
ANNet,0.0,1.0,J1,40,0.5024206042289734
ANNet,0.0,1.0,J2,40,0.351461797952652
analytical,0.0,1.0,J1,40,0.4985659122467041
analytical,0.0,1.0,J2,40,0.3527899384498596
ANNet,0.0,2.0,J1,40,0.2199702113866806
ANNet,0.0,2.0,J2,40,0.0931299701333046
analytical,0.0,2.0,J1,40,0.2193680852651596
analytical,0.0,2.0,J2,40,0.08989908546209335
ANNet,0.0,5.0,J1,40,0.032401882112026215
ANNet,0.0,5.0,J2,40,0.024814028292894363
analytical,0.0,5.0,J1,40,0.023222744464874268
analytical,0.0,5.0,J2,40,0.008771792985498905
ANNet,0.0,10.0,J1,40,0.024356063455343246
ANNet,0.0,10.0,J2,40,0.023532306775450706
analytical,0.0,10.0,J1,40,0.007134668063372374
analytical,0.0,10.0,J2,40,0.002003422239795327
ANNet,0.0,20.0,J1,40,0.023509012535214424
ANNet,0.0,20.0,J2,40,0.023466942831873894
analytical,0.0,20.0,J1,40,0.0025054223369807005
analytical,0.0,20.0,J2,40,0.0006849361234344542
ANNet,0.0,50.0,J1,40,0.02339472435414791
ANNet,0.0,50.0,J2,40,0.023457281291484833
analytical,0.0,50.0,J1,40,0.0006427410989999771
analytical,0.0,50.0,J2,40,0.00017574659432284534
ANNet,0.0,100.0,J1,40,0.023387612774968147
ANNet,0.0,100.0,J2,40,0.02345661073923111
analytical,0.0,100.0,J1,40,0.0002333087904844433
analytical,0.0,100.0,J2,40,6.386091990862042e-05
ANNet,0.0,200.0,J1,40,0.02338666468858719
ANNet,0.0,200.0,J2,40,0.023456508293747902
analytical,0.0,200.0,J1,40,8.687204535817727e-05
analytical,0.0,200.0,J2,40,2.3802613213774748e-05
ANNet,0.0,500.0,J1,40,0.023386504501104355
ANNet,0.0,500.0,J2,40,0.02345648594200611
analytical,0.0,500.0,J1,40,2.535965722927358e-05
analytical,0.0,500.0,J2,40,6.9828302002861165e-06
ANNet,0.0,1000.0,J1,40,0.023386472836136818
ANNet,0.0,1000.0,J2,40,0.023456474766135216
analytical,0.0,1000.0,J1,40,1.0970177754643373e-05
analytical,0.0,1000.0,J2,40,3.0743353818252217e-06
ANNet,1.0,1.0,J1,40,0.502875030040741
ANNet,1.0,1.0,J2,40,0.35142630338668823
analytical,1.0,1.0,J1,40,0.49899759888648987
analytical,1.0,1.0,J2,40,0.3527590036392212
ANNet,1.0,2.0,J1,40,0.22093303501605988
ANNet,1.0,2.0,J2,40,0.09336621314287186
analytical,1.0,2.0,J1,40,0.22022217512130737
analytical,1.0,2.0,J2,40,0.09012020379304886
ANNet,1.0,5.0,J1,40,0.03499176353216171
ANNet,1.0,5.0,J2,40,0.025255562737584114
analytical,1.0,5.0,J1,40,0.025748882442712784
analytical,1.0,5.0,J2,40,0.009632770903408527
ANNet,1.0,10.0,J1,40,0.02789146639406681
ANNet,1.0,10.0,J2,40,0.024258717894554138
analytical,1.0,10.0,J1,40,0.013604710809886456
analytical,1.0,10.0,J2,40,0.005663322750478983
ANNet,1.0,20.0,J1,40,0.030089888721704483
ANNet,1.0,20.0,J2,40,0.024903258308768272
analytical,1.0,20.0,J1,40,0.017555342987179756
analytical,1.0,20.0,J2,40,0.007947585545480251
ANNet,1.0,50.0,J1,40,0.03649091348052025
ANNet,1.0,50.0,J2,40,0.026558836922049522
analytical,1.0,50.0,J1,40,0.02707948349416256
analytical,1.0,50.0,J2,40,0.012176159769296646
ANNet,1.0,100.0,J1,40,0.04521448165178299
ANNet,1.0,100.0,J2,40,0.029156524688005447
analytical,1.0,100.0,J1,40,0.03801500424742699
analytical,1.0,100.0,J2,40,0.017113814130425453
ANNet,1.0,200.0,J1,40,0.0589151494204998
ANNet,1.0,200.0,J2,40,0.03378209471702576
analytical,1.0,200.0,J1,40,0.053570833057165146
analytical,1.0,200.0,J2,40,0.024159586057066917
ANNet,1.0,500.0,J1,40,0.08818671107292175
ANNet,1.0,500.0,J2,40,0.044919613748788834
analytical,1.0,500.0,J1,40,0.08467428386211395
analytical,1.0,500.0,J2,40,0.03819785639643669
ANNet,1.0,1000.0,J1,40,0.12207967042922974
ANNet,1.0,1000.0,J2,40,0.0588897168636322
analytical,1.0,1000.0,J1,40,0.11952640116214752
analytical,1.0,1000.0,J2,40,0.0539197213947773
ANNet,2.5,1.0,J1,40,0.5036178231239319
ANNet,2.5,1.0,J2,40,0.3513895571231842
analytical,2.5,1.0,J1,40,0.4997066557407379
analytical,2.5,1.0,J2,40,0.3527289927005768
ANNet,2.5,2.0,J1,40,0.22258341312408447
ANNet,2.5,2.0,J2,40,0.09381909668445587
analytical,2.5,2.0,J1,40,0.2217116504907608
analytical,2.5,2.0,J2,40,0.09055398404598236
ANNet,2.5,5.0,J1,40,0.0412418507039547
ANNet,2.5,5.0,J2,40,0.02676636353135109
analytical,2.5,5.0,J1,40,0.032601404935121536
analytical,2.5,5.0,J2,40,0.01272505708038807
ANNet,2.5,10.0,J1,40,0.03938424587249756
ANNet,2.5,10.0,J2,40,0.027307404205203056
analytical,2.5,10.0,J1,40,0.029693635180592537
analytical,2.5,10.0,J2,40,0.01338532380759716
ANNet,2.5,20.0,J1,40,0.050699375569820404
ANNet,2.5,20.0,J2,40,0.03098428063094616
analytical,2.5,20.0,J1,40,0.04353588819503784
analytical,2.5,20.0,J2,40,0.019814522936940193
ANNet,2.5,50.0,J1,40,0.07251917570829391
ANNet,2.5,50.0,J2,40,0.038657594472169876
analytical,2.5,50.0,J1,40,0.06767507642507553
analytical,2.5,50.0,J2,40,0.030435264110565186
ANNet,2.5,100.0,J1,40,0.09857437759637833
ANNet,2.5,100.0,J2,40,0.04898335412144661
analytical,2.5,100.0,J1,40,0.09503841400146484
analytical,2.5,100.0,J2,40,0.04278486594557762
ANNet,2.5,200.0,J1,40,0.13650476932525635
ANNet,2.5,200.0,J2,40,0.0649537742137909
analytical,2.5,200.0,J1,40,0.1339290291070938
analytical,2.5,200.0,J2,40,0.06039939820766449
ANNet,2.5,500.0,J1,40,0.21341364085674286
ANNet,2.5,500.0,J2,40,0.09847517311573029
analytical,2.5,500.0,J1,40,0.21168723702430725
analytical,2.5,500.0,J2,40,0.0954945906996727
ANNet,2.5,1000.0,J1,40,0.3001432716846466
ANNet,2.5,1000.0,J2,40,0.13697150349617004
analytical,2.5,1000.0,J1,40,0.29881682991981506
analytical,2.5,1000.0,J2,40,0.13479866087436676
ANNet,5.0,1.0,J1,40,0.5050179958343506
ANNet,5.0,1.0,J2,40,0.35137230157852173
analytical,5.0,1.0,J1,40,0.5010519027709961
analytical,5.0,1.0,J2,40,0.352722704410553
ANNet,5.0,2.0,J1,40,0.2258700281381607
ANNet,5.0,2.0,J2,40,0.09483207017183304
analytical,5.0,2.0,J1,40,0.2247369885444641
analytical,5.0,2.0,J2,40,0.09154463559389114
ANNet,5.0,5.0,J1,40,0.055384404957294464
ANNet,5.0,5.0,J2,40,0.031122049316763878
analytical,5.0,5.0,J1,40,0.047965530306100845
analytical,5.0,5.0,J2,40,0.019953370094299316
ANNet,5.0,10.0,J1,40,0.06451945751905441
ANNet,5.0,10.0,J2,40,0.035889722406864166
analytical,5.0,10.0,J1,40,0.057997461408376694
analytical,5.0,10.0,J2,40,0.026539312675595284
ANNet,5.0,20.0,J1,40,0.09151366353034973
ANNet,5.0,20.0,J2,40,0.046420399099588394
analytical,5.0,20.0,J1,40,0.08698073774576187
analytical,5.0,20.0,J2,40,0.03961656242609024
ANNet,5.0,50.0,J1,40,0.1383514404296875
ANNet,5.0,50.0,J2,40,0.06552161276340485
analytical,5.0,50.0,J1,40,0.13534164428710938
analytical,5.0,50.0,J2,40,0.06086835265159607
ANNet,5.0,100.0,J1,40,0.19228960573673248
ANNet,5.0,100.0,J2,40,0.08895649760961533
analytical,5.0,100.0,J1,40,0.1900785118341446
analytical,5.0,100.0,J2,40,0.08556995540857315
ANNet,5.0,200.0,J1,40,0.2695222795009613
ANNet,5.0,200.0,J2,40,0.12325531244277954
analytical,5.0,200.0,J1,40,0.26786065101623535
analytical,5.0,200.0,J2,40,0.12079916894435883
ANNet,5.0,500.0,J1,40,0.42460691928863525
ANNet,5.0,500.0,J2,40,0.19262683391571045
analytical,5.0,500.0,J1,40,0.42337849736213684
analytical,5.0,500.0,J2,40,0.19098877906799316
ANNet,5.0,1000.0,J1,40,0.5987063646316528
ANNet,5.0,1000.0,J2,40,0.27084892988204956
analytical,5.0,1000.0,J1,40,0.5976341366767883
analytical,5.0,1000.0,J2,40,0.26959463953971863
ANNet,10.0,1.0,J1,40,0.5084203481674194
ANNet,10.0,1.0,J2,40,0.35150259733200073
analytical,10.0,1.0,J1,40,0.5043491721153259
analytical,10.0,1.0,J2,40,0.35287413001060486
ANNet,10.0,2.0,J1,40,0.23434479534626007
ANNet,10.0,2.0,J2,40,0.09778626263141632
analytical,10.0,2.0,J1,40,0.2327204942703247
analytical,10.0,2.0,J2,40,0.09448732435703278
ANNet,10.0,5.0,J1,40,0.08914708346128464
ANNet,10.0,5.0,J2,40,0.0438997857272625
analytical,10.0,5.0,J1,40,0.08318238705396652
analytical,10.0,5.0,J2,40,0.036390114575624466
ANNet,10.0,10.0,J1,40,0.11978085339069366
ANNet,10.0,10.0,J2,40,0.05851658806204796
analytical,10.0,10.0,J1,40,0.11524523049592972
analytical,10.0,10.0,J2,40,0.05295960232615471
ANNet,10.0,20.0,J1,40,0.17704257369041443
ANNet,10.0,20.0,J2,40,0.08307300508022308
analytical,10.0,20.0,J1,40,0.17392733693122864
analytical,10.0,20.0,J2,40,0.07923028618097305
ANNet,10.0,50.0,J1,40,0.2727973461151123
ANNet,10.0,50.0,J2,40,0.12431460618972778
analytical,10.0,50.0,J1,40,0.270681232213974
analytical,10.0,50.0,J2,40,0.12173577398061752
ANNet,10.0,100.0,J1,40,0.3817828893661499
ANNet,10.0,100.0,J2,40,0.17301735281944275
analytical,10.0,100.0,J1,40,0.3801603317260742
analytical,10.0,100.0,J2,40,0.171139657497406
ANNet,10.0,200.0,J1,40,0.5370548367500305
ANNet,10.0,200.0,J2,40,0.24300117790699005
analytical,10.0,200.0,J1,40,0.5357272624969482
analytical,10.0,200.0,J2,40,0.24159875512123108
ANNet,10.0,500.0,J1,40,0.8479559421539307
ANNet,10.0,500.0,J2,40,0.38301360607147217
analytical,10.0,500.0,J1,40,0.8467674255371094
analytical,10.0,500.0,J2,40,0.3819747269153595
ANNet,10.0,1000.0,J1,40,1.1964939832687378
ANNet,10.0,1000.0,J2,40,0.540093183517456
analytical,10.0,1000.0,J1,40,1.1952552795410156
analytical,10.0,1000.0,J2,40,0.5391750931739807
ANNet,25.0,1.0,J1,40,0.5232818126678467
ANNet,25.0,1.0,J2,40,0.3532077670097351
analytical,25.0,1.0,J1,40,0.5189339518547058
analytical,25.0,1.0,J2,40,0.3546353578567505
ANNet,25.0,2.0,J1,40,0.2724649906158447
ANNet,25.0,2.0,J2,40,0.11297671496868134
analytical,25.0,2.0,J1,40,0.26967012882232666
analytical,25.0,2.0,J2,40,0.1098327711224556
ANNet,25.0,5.0,J1,40,0.19940237700939178
ANNet,25.0,5.0,J2,40,0.09185639023780823
analytical,25.0,5.0,J1,40,0.19473060965538025
analytical,25.0,5.0,J2,40,0.08793207257986069
ANNet,25.0,10.0,J1,40,0.2908545434474945
ANNet,25.0,10.0,J2,40,0.13506831228733063
analytical,25.0,10.0,J1,40,0.2875213921070099
analytical,25.0,10.0,J2,40,0.13231123983860016
ANNet,25.0,20.0,J1,40,0.43721097707748413
ANNet,25.0,20.0,J2,40,0.19998732209205627
analytical,25.0,20.0,J1,40,0.43483254313468933
analytical,25.0,20.0,J2,40,0.19808429479599
ANNet,25.0,50.0,J1,40,0.6785182952880859
ANNet,25.0,50.0,J2,40,0.3056942820549011
analytical,25.0,50.0,J1,40,0.6767322421073914
analytical,25.0,50.0,J2,40,0.3043443262577057
ANNet,25.0,100.0,J1,40,0.9519609212875366
ANNet,25.0,100.0,J2,40,0.4288880527019501
analytical,25.0,100.0,J1,40,0.9504091143608093
analytical,25.0,100.0,J2,40,0.42784276604652405
ANNet,25.0,200.0,J1,40,1.3408528566360474
ANNet,25.0,200.0,J2,40,0.6048993468284607
analytical,25.0,200.0,J1,40,1.3393288850784302
analytical,25.0,200.0,J2,40,0.6039918661117554
ANNet,25.0,500.0,J1,40,2.1186790466308594
ANNet,25.0,500.0,J2,40,0.9558262825012207
analytical,25.0,500.0,J1,40,2.116887092590332
analytical,25.0,500.0,J2,40,0.9548923373222351
ANNet,25.0,1000.0,J1,40,2.9899120330810547
ANNet,25.0,1000.0,J2,40,1.3488473892211914
analytical,25.0,1000.0,J1,40,2.98775053024292
analytical,25.0,1000.0,J2,40,1.3477646112442017
ANNet,0.0,1.0,J1,41,0.555545449256897
ANNet,0.0,1.0,J2,41,0.5565789341926575
analytical,0.0,1.0,J1,41,0.5506703853607178
analytical,0.0,1.0,J2,41,0.5568159818649292
ANNet,0.0,2.0,J1,41,0.3065963387489319
ANNet,0.0,2.0,J2,41,0.09462818503379822
analytical,0.0,2.0,J1,41,0.3044159412384033
analytical,0.0,2.0,J2,41,0.08951880782842636
ANNet,0.0,5.0,J1,41,0.0584443062543869
ANNet,0.0,5.0,J2,41,0.03276143595576286
analytical,0.0,5.0,J1,41,0.05164742097258568
analytical,0.0,5.0,J2,41,0.01766698621213436
ANNet,0.0,10.0,J1,41,0.031513575464487076
ANNet,0.0,10.0,J2,41,0.02803894691169262
analytical,0.0,10.0,J1,41,0.015476789325475693
analytical,0.0,10.0,J2,41,0.006113664247095585
ANNet,0.0,20.0,J1,41,0.02794984169304371
ANNet,0.0,20.0,J2,41,0.02744140475988388
analytical,0.0,20.0,J1,41,0.005359657108783722
analytical,0.0,20.0,J2,41,0.0021403287537395954
ANNet,0.0,50.0,J1,41,0.027462316676974297
ANNet,0.0,50.0,J2,41,0.02736295759677887
analytical,0.0,50.0,J1,41,0.0013660119147971272
analytical,0.0,50.0,J2,41,0.0005463108536787331
ANNet,0.0,100.0,J1,41,0.02743295393884182
ANNet,0.0,100.0,J2,41,0.027358317747712135
analytical,0.0,100.0,J1,41,0.0004949392168782651
analytical,0.0,100.0,J2,41,0.0001979269291041419
ANNet,0.0,200.0,J1,41,0.02742926776409149
ANNet,0.0,200.0,J2,41,0.027357764542102814
analytical,0.0,200.0,J1,41,0.00018407411698717624
analytical,0.0,200.0,J2,41,7.359936716966331e-05
ANNet,0.0,500.0,J1,41,0.02742883563041687
ANNet,0.0,500.0,J2,41,0.027357706800103188
analytical,0.0,500.0,J1,41,5.357893314794637e-05
analytical,0.0,500.0,J2,41,2.1427913452498615e-05
ANNet,0.0,1000.0,J1,41,0.027428826317191124
ANNet,0.0,1000.0,J2,41,0.027357708662748337
analytical,0.0,1000.0,J1,41,2.2971928046899848e-05
analytical,0.0,1000.0,J2,41,9.186851457343437e-06
ANNet,1.0,1.0,J1,41,0.5556053519248962
ANNet,1.0,1.0,J2,41,0.5565170049667358
analytical,1.0,1.0,J1,41,0.5507174730300903
analytical,1.0,1.0,J2,41,0.5567772388458252
ANNet,1.0,2.0,J1,41,0.30732131004333496
ANNet,1.0,2.0,J2,41,0.09479638934135437
analytical,1.0,2.0,J1,41,0.30513304471969604
analytical,1.0,2.0,J2,41,0.08980485051870346
ANNet,1.0,5.0,J1,41,0.059561606496572495
ANNet,1.0,5.0,J2,41,0.03279931843280792
analytical,1.0,5.0,J1,41,0.052975498139858246
analytical,1.0,5.0,J2,41,0.018178317695856094
ANNet,1.0,10.0,J1,41,0.033468764275312424
ANNet,1.0,10.0,J2,41,0.028233634307980537
analytical,1.0,10.0,J1,41,0.019365640357136726
analytical,1.0,10.0,J2,41,0.007978199049830437
ANNet,1.0,20.0,J1,41,0.03240529075264931
ANNet,1.0,20.0,J2,41,0.028152722865343094
analytical,1.0,20.0,J1,41,0.017484290525317192
analytical,1.0,20.0,J2,41,0.007693557534366846
ANNet,1.0,50.0,J1,41,0.037816088646650314
ANNet,1.0,50.0,J2,41,0.029436472803354263
analytical,1.0,50.0,J1,41,0.026154151186347008
analytical,1.0,50.0,J2,41,0.011520090512931347
ANNet,1.0,100.0,J1,41,0.0462958961725235
ANNet,1.0,100.0,J2,41,0.03172876685857773
analytical,1.0,100.0,J1,41,0.03734154626727104
analytical,1.0,100.0,J2,41,0.016501139849424362
ANNet,1.0,200.0,J1,41,0.05945273116230965
ANNet,1.0,200.0,J2,41,0.03574702516198158
analytical,1.0,200.0,J1,41,0.05272537097334862
analytical,1.0,200.0,J2,41,0.023284854367375374
ANNet,1.0,500.0,J1,41,0.08840525150299072
ANNet,1.0,500.0,J2,41,0.04592946171760559
analytical,1.0,500.0,J1,41,0.08392453193664551
analytical,1.0,500.0,J2,41,0.03701242059469223
ANNet,1.0,1000.0,J1,41,0.12170380353927612
ANNet,1.0,1000.0,J2,41,0.05888502299785614
analytical,1.0,1000.0,J1,41,0.11837324500083923
analytical,1.0,1000.0,J2,41,0.052169233560562134
ANNet,2.5,1.0,J1,41,0.5557181239128113
ANNet,2.5,1.0,J2,41,0.5564285516738892
analytical,2.5,1.0,J1,41,0.5508111119270325
analytical,2.5,1.0,J2,41,0.5567236542701721
ANNet,2.5,2.0,J1,41,0.30848175287246704
ANNet,2.5,2.0,J2,41,0.09509453922510147
analytical,2.5,2.0,J1,41,0.30628201365470886
analytical,2.5,2.0,J2,41,0.09028087556362152
ANNet,2.5,5.0,J1,41,0.06249815598130226
ANNet,2.5,5.0,J2,41,0.03331911191344261
analytical,2.5,5.0,J1,41,0.05634641647338867
analytical,2.5,5.0,J2,41,0.0197086613625288
ANNet,2.5,10.0,J1,41,0.041801415383815765
ANNet,2.5,10.0,J2,41,0.02998594380915165
analytical,2.5,10.0,J1,41,0.03182987496256828
analytical,2.5,10.0,J2,41,0.01371945533901453
ANNet,2.5,20.0,J1,41,0.049993764609098434
ANNet,2.5,20.0,J2,41,0.03250955417752266
analytical,2.5,20.0,J1,41,0.04198091849684715
analytical,2.5,20.0,J2,41,0.018576031550765038
ANNet,2.5,50.0,J1,41,0.07080727815628052
ANNet,2.5,50.0,J2,41,0.0392676517367363
analytical,2.5,50.0,J1,41,0.06531095504760742
analytical,2.5,50.0,J2,41,0.028766846284270287
ANNet,2.5,100.0,J1,41,0.09736533463001251
ANNet,2.5,100.0,J2,41,0.04919309914112091
analytical,2.5,100.0,J1,41,0.09334740787744522
analytical,2.5,100.0,J2,41,0.04125078022480011
ANNet,2.5,200.0,J1,41,0.1348196417093277
ANNet,2.5,200.0,J2,41,0.06414595246315002
analytical,2.5,200.0,J1,41,0.1318109631538391
analytical,2.5,200.0,J2,41,0.058212023228406906
ANNet,2.5,500.0,J1,41,0.2119739055633545
ANNet,2.5,500.0,J2,41,0.09650260210037231
analytical,2.5,500.0,J1,41,0.20981213450431824
analytical,2.5,500.0,J2,41,0.09253183007240295
ANNet,2.5,1000.0,J1,41,0.2977575957775116
ANNet,2.5,1000.0,J2,41,0.13341589272022247
analytical,2.5,1000.0,J1,41,0.2959330677986145
analytical,2.5,1000.0,J2,41,0.1304238885641098
ANNet,5.0,1.0,J1,41,0.555966854095459
ANNet,5.0,1.0,J2,41,0.5562930107116699
analytical,5.0,1.0,J1,41,0.551028311252594
analytical,5.0,1.0,J2,41,0.5566461682319641
ANNet,5.0,2.0,J1,41,0.31060782074928284
ANNet,5.0,2.0,J2,41,0.0957123413681984
analytical,5.0,2.0,J1,41,0.3083900809288025
analytical,5.0,2.0,J2,41,0.09119721502065659
ANNet,5.0,5.0,J1,41,0.07022704184055328
ANNet,5.0,5.0,J2,41,0.035343438386917114
analytical,5.0,5.0,J1,41,0.06493096053600311
analytical,5.0,5.0,J2,41,0.02379840798676014
ANNet,5.0,10.0,J1,41,0.06290470063686371
ANNet,5.0,10.0,J2,41,0.036019932478666306
analytical,5.0,10.0,J1,41,0.05688855051994324
analytical,5.0,10.0,J2,41,0.024958902969956398
ANNet,5.0,20.0,J1,41,0.08777204900979996
ANNet,5.0,20.0,J2,41,0.04521047696471214
analytical,5.0,20.0,J1,41,0.08346759527921677
analytical,5.0,20.0,J2,41,0.03695221617817879
ANNet,5.0,50.0,J1,41,0.13356377184391022
ANNet,5.0,50.0,J2,41,0.06322840601205826
analytical,5.0,50.0,J1,41,0.1306014508008957
analytical,5.0,50.0,J2,41,0.05752260237932205
ANNet,5.0,100.0,J1,41,0.18897132575511932
ANNet,5.0,100.0,J2,41,0.0866674855351448
analytical,5.0,100.0,J1,41,0.18669505417346954
analytical,5.0,100.0,J2,41,0.08250213414430618
ANNet,5.0,200.0,J1,41,0.2655099332332611
ANNet,5.0,200.0,J2,41,0.11954258382320404
analytical,5.0,200.0,J1,41,0.2636220157146454
analytical,5.0,200.0,J2,41,0.11642538011074066
ANNet,5.0,500.0,J1,41,0.42133551836013794
ANNet,5.0,500.0,J2,41,0.18730472028255463
analytical,5.0,500.0,J1,41,0.4196271598339081
analytical,5.0,500.0,J2,41,0.18506623804569244
ANNet,5.0,1000.0,J1,41,0.5936527252197266
ANNet,5.0,1000.0,J2,41,0.2627376317977905
analytical,5.0,1000.0,J1,41,0.5918649435043335
analytical,5.0,1000.0,J2,41,0.26085054874420166
ANNet,10.0,1.0,J1,41,0.5566917657852173
ANNet,10.0,1.0,J2,41,0.5560665726661682
analytical,10.0,1.0,J1,41,0.5516917109489441
analytical,10.0,1.0,J2,41,0.556535542011261
ANNet,10.0,2.0,J1,41,0.31556180119514465
ANNet,10.0,2.0,J2,41,0.09739025682210922
analytical,10.0,2.0,J1,41,0.31331199407577515
analytical,10.0,2.0,J2,41,0.093473881483078
ANNet,10.0,5.0,J1,41,0.09268268942832947
ANNet,10.0,5.0,J2,41,0.04282042384147644
analytical,10.0,5.0,J1,41,0.08887750655412674
analytical,10.0,5.0,J2,41,0.03503020107746124
ANNet,10.0,10.0,J1,41,0.11288251727819443
ANNet,10.0,10.0,J2,41,0.05431366711854935
analytical,10.0,10.0,J1,41,0.10968726128339767
analytical,10.0,10.0,J2,41,0.048415958881378174
ANNet,10.0,20.0,J1,41,0.16903264820575714
ANNet,10.0,20.0,J2,41,0.07789897173643112
analytical,10.0,20.0,J1,41,0.1666972041130066
analytical,10.0,20.0,J2,41,0.07379861921072006
ANNet,10.0,50.0,J1,41,0.2630395293235779
ANNet,10.0,50.0,J2,41,0.11789068579673767
analytical,10.0,50.0,J1,41,0.2611953914165497
analytical,10.0,50.0,J2,41,0.11504102498292923
ANNet,10.0,100.0,J1,41,0.37507784366607666
ANNet,10.0,100.0,J2,41,0.16719569265842438
analytical,10.0,100.0,J1,41,0.3733983337879181
analytical,10.0,100.0,J2,41,0.16500894725322723
ANNet,10.0,200.0,J1,41,0.5289825201034546
ANNet,10.0,200.0,J2,41,0.23467455804347992
analytical,10.0,200.0,J1,41,0.5272489786148071
analytical,10.0,200.0,J2,41,0.23285706341266632
ANNet,10.0,500.0,J1,41,0.8413849472999573
ANNet,10.0,500.0,J2,41,0.37181219458580017
analytical,10.0,500.0,J1,41,0.8392627835273743
analytical,10.0,500.0,J2,41,0.3701426386833191
ANNet,10.0,1000.0,J1,41,1.1863510608673096
ANNet,10.0,1000.0,J2,41,0.5234787464141846
analytical,10.0,1000.0,J1,41,1.1837159395217896
analytical,10.0,1000.0,J2,41,0.5217123627662659
ANNet,25.0,1.0,J1,41,0.560673177242279
ANNet,25.0,1.0,J2,41,0.555745005607605
analytical,25.0,1.0,J1,41,0.55550217628479
analytical,25.0,1.0,J2,41,0.5565596222877502
ANNet,25.0,2.0,J1,41,0.33562159538269043
ANNet,25.0,2.0,J2,41,0.10565479099750519
analytical,25.0,2.0,J1,41,0.3333038091659546
analytical,25.0,2.0,J2,41,0.10344836115837097
ANNet,25.0,5.0,J1,41,0.18005020916461945
ANNet,25.0,5.0,J2,41,0.07770819962024689
analytical,25.0,5.0,J1,41,0.1782039850950241
analytical,25.0,5.0,J2,41,0.07515765726566315
ANNet,25.0,10.0,J1,41,0.2720794677734375
ANNet,25.0,10.0,J2,41,0.12147672474384308
analytical,25.0,10.0,J1,41,0.27056434750556946
analytical,25.0,10.0,J2,41,0.11967752873897552
ANNet,25.0,20.0,J1,41,0.41814425587654114
ANNet,25.0,20.0,J2,41,0.18586242198944092
analytical,25.0,20.0,J1,41,0.41659000515937805
analytical,25.0,20.0,J2,41,0.18442553281784058
ANNet,25.0,50.0,J1,41,0.6548622250556946
ANNet,25.0,50.0,J2,41,0.2889952063560486
analytical,25.0,50.0,J1,41,0.6530013680458069
analytical,25.0,50.0,J2,41,0.287623792886734
ANNet,25.0,100.0,J1,41,0.935823917388916
ANNet,25.0,100.0,J2,41,0.41398686170578003
analytical,25.0,100.0,J1,41,0.9335587620735168
analytical,25.0,100.0,J2,41,0.4125595986843109
ANNet,25.0,200.0,J1,41,1.321082592010498
ANNet,25.0,200.0,J2,41,0.5838488340377808
analytical,25.0,200.0,J1,41,1.3181523084640503
analytical,25.0,200.0,J2,41,0.5821903944015503
ANNet,25.0,500.0,J1,41,2.102409839630127
ANNet,25.0,500.0,J2,41,0.9277176856994629
analytical,25.0,500.0,J1,41,2.098149538040161
analytical,25.0,500.0,J2,41,0.9254316687583923
ANNet,25.0,1000.0,J1,41,2.9644763469696045
ANNet,25.0,1000.0,J2,41,1.3072811365127563
analytical,25.0,1000.0,J1,41,2.9589970111846924
analytical,25.0,1000.0,J2,41,1.3043683767318726
ANNet,0.0,1.0,J1,42,2.2595229148864746
ANNet,0.0,1.0,J2,42,0.9693199396133423
analytical,0.0,1.0,J1,42,2.2600467205047607
analytical,0.0,1.0,J2,42,0.971518874168396
ANNet,0.0,2.0,J1,42,1.4160661697387695
ANNet,0.0,2.0,J2,42,0.4469377100467682
analytical,0.0,2.0,J1,42,1.4281957149505615
analytical,0.0,2.0,J2,42,0.44756972789764404
ANNet,0.0,5.0,J1,42,0.1567842662334442
ANNet,0.0,5.0,J2,42,0.18223093450069427
analytical,0.0,5.0,J1,42,0.15945212543010712
analytical,0.0,5.0,J2,42,0.08095218241214752
ANNet,0.0,10.0,J1,42,0.08353907614946365
ANNet,0.0,10.0,J2,42,0.29439565539360046
analytical,0.0,10.0,J1,42,0.025917930528521538
analytical,0.0,10.0,J2,42,0.012681927531957626
ANNet,0.0,20.0,J1,42,0.09031663089990616
ANNet,0.0,20.0,J2,42,0.3209993541240692
analytical,0.0,20.0,J1,42,0.007585640996694565
analytical,0.0,20.0,J2,42,0.0028299049008637667
ANNet,0.0,50.0,J1,42,0.09090249985456467
ANNet,0.0,50.0,J2,42,0.3231635093688965
analytical,0.0,50.0,J1,42,0.0019184346310794353
analytical,0.0,50.0,J2,42,0.0006857889820821583
ANNet,0.0,100.0,J1,42,0.09090816974639893
ANNet,0.0,100.0,J2,42,0.3232172727584839
analytical,0.0,100.0,J1,42,0.0006957651930861175
analytical,0.0,100.0,J2,42,0.0002472338092047721
ANNet,0.0,200.0,J1,42,0.09090760350227356
ANNet,0.0,200.0,J2,42,0.32322072982788086
analytical,0.0,200.0,J1,42,0.0002589707728475332
analytical,0.0,200.0,J2,42,9.176242747344077e-05
ANNet,0.0,500.0,J1,42,0.09090754389762878
ANNet,0.0,500.0,J2,42,0.32322096824645996
analytical,0.0,500.0,J1,42,7.541980448877439e-05
analytical,0.0,500.0,J2,42,2.670270077942405e-05
ANNet,0.0,1000.0,J1,42,0.09090759605169296
ANNet,0.0,1000.0,J2,42,0.3232209384441376
analytical,0.0,1000.0,J1,42,3.235652548028156e-05
analytical,0.0,1000.0,J2,42,1.1483672096801456e-05
ANNet,1.0,1.0,J1,42,2.258542537689209
ANNet,1.0,1.0,J2,42,0.9690191745758057
analytical,1.0,1.0,J1,42,2.259077548980713
analytical,1.0,1.0,J2,42,0.9711901545524597
ANNet,1.0,2.0,J1,42,1.4134632349014282
ANNet,1.0,2.0,J2,42,0.4463387727737427
analytical,1.0,2.0,J1,42,1.4256134033203125
analytical,1.0,2.0,J2,42,0.4469977915287018
ANNet,1.0,5.0,J1,42,0.15678952634334564
ANNet,1.0,5.0,J2,42,0.181024432182312
analytical,1.0,5.0,J1,42,0.15895530581474304
analytical,1.0,5.0,J2,42,0.08052966743707657
ANNet,1.0,10.0,J1,42,0.0870254784822464
ANNet,1.0,10.0,J2,42,0.29246386885643005
analytical,1.0,10.0,J1,42,0.034241870045661926
analytical,1.0,10.0,J2,42,0.015264376997947693
ANNet,1.0,20.0,J1,42,0.0952003225684166
ANNet,1.0,20.0,J2,42,0.31852561235427856
analytical,1.0,20.0,J1,42,0.031471092253923416
analytical,1.0,20.0,J2,42,0.014189795590937138
ANNet,1.0,50.0,J1,42,0.10228332132101059
ANNet,1.0,50.0,J2,42,0.3211839497089386
analytical,1.0,50.0,J1,42,0.047645453363657
analytical,1.0,50.0,J2,42,0.021810902282595634
ANNet,1.0,100.0,J1,42,0.11309527605772018
ANNet,1.0,100.0,J2,42,0.3221029043197632
analytical,1.0,100.0,J1,42,0.06779897958040237
analytical,1.0,100.0,J2,42,0.0309347715228796
ANNet,1.0,200.0,J1,42,0.1325899064540863
ANNet,1.0,200.0,J2,42,0.32397153973579407
analytical,1.0,200.0,J1,42,0.0968434140086174
analytical,1.0,200.0,J2,42,0.04421631991863251
ANNet,1.0,500.0,J1,42,0.17697443068027496
ANNet,1.0,500.0,J2,42,0.32883474230766296
analytical,1.0,500.0,J1,42,0.15196466445922852
analytical,1.0,500.0,J2,42,0.069411501288414
ANNet,1.0,1000.0,J1,42,0.2310146540403366
ANNet,1.0,1000.0,J2,42,0.3363606333732605
analytical,1.0,1000.0,J1,42,0.2123337984085083
analytical,1.0,1000.0,J2,42,0.09717030078172684
ANNet,2.5,1.0,J1,42,2.2571020126342773
ANNet,2.5,1.0,J2,42,0.9685801863670349
analytical,2.5,1.0,J1,42,2.2576539516448975
analytical,2.5,1.0,J2,42,0.9707093238830566
ANNet,2.5,2.0,J1,42,1.4096519947052002
ANNet,2.5,2.0,J2,42,0.4455007314682007
analytical,2.5,2.0,J1,42,1.4218323230743408
analytical,2.5,2.0,J2,42,0.44620010256767273
ANNet,2.5,5.0,J1,42,0.1594204306602478
ANNet,2.5,5.0,J2,42,0.17971116304397583
analytical,2.5,5.0,J1,42,0.16080623865127563
analytical,2.5,5.0,J2,42,0.08101063221693039
ANNet,2.5,10.0,J1,42,0.10169355571269989
ANNet,2.5,10.0,J2,42,0.29023340344429016
analytical,2.5,10.0,J1,42,0.06160958483815193
analytical,2.5,10.0,J2,42,0.027024133130908012
ANNet,2.5,20.0,J1,42,0.1179516538977623
ANNet,2.5,20.0,J2,42,0.31599751114845276
analytical,2.5,20.0,J1,42,0.07658576965332031
analytical,2.5,20.0,J2,42,0.03500090539455414
ANNet,2.5,50.0,J1,42,0.1492147296667099
ANNet,2.5,50.0,J2,42,0.3211800754070282
analytical,2.5,50.0,J1,42,0.11902396380901337
analytical,2.5,50.0,J2,42,0.05449933931231499
ANNet,2.5,100.0,J1,42,0.19190861284732819
ANNet,2.5,100.0,J2,42,0.3265131711959839
analytical,2.5,100.0,J1,42,0.16948692500591278
analytical,2.5,100.0,J2,42,0.07733233273029327
ANNet,2.5,200.0,J1,42,0.2583882510662079
ANNet,2.5,200.0,J2,42,0.33788231015205383
analytical,2.5,200.0,J1,42,0.2421051561832428
analytical,2.5,200.0,J2,42,0.11053895205259323
ANNet,2.5,500.0,J1,42,0.39070647954940796
ANNet,2.5,500.0,J2,42,0.36617153882980347
analytical,2.5,500.0,J1,42,0.37992095947265625
analytical,2.5,500.0,J2,42,0.17352840304374695
ANNet,2.5,1000.0,J1,42,0.5389412641525269
ANNet,2.5,1000.0,J2,42,0.4068526327610016
analytical,2.5,1000.0,J1,42,0.5308516621589661
analytical,2.5,1000.0,J2,42,0.2429267317056656
ANNet,5.0,1.0,J1,42,2.254781723022461
ANNet,5.0,1.0,J2,42,0.9678811430931091
analytical,5.0,1.0,J1,42,2.255361557006836
analytical,5.0,1.0,J2,42,0.9699402451515198
ANNet,5.0,2.0,J1,42,1.4035497903823853
ANNet,5.0,2.0,J2,42,0.4442661702632904
analytical,5.0,2.0,J1,42,1.4157788753509521
analytical,5.0,2.0,J2,42,0.44503217935562134
ANNet,5.0,5.0,J1,42,0.1703328937292099
ANNet,5.0,5.0,J2,42,0.17887501418590546
analytical,5.0,5.0,J1,42,0.1704588085412979
analytical,5.0,5.0,J2,42,0.08468938618898392
ANNet,5.0,10.0,J1,42,0.1412724405527115
ANNet,5.0,10.0,J2,42,0.28833672404289246
analytical,5.0,10.0,J1,42,0.11471626162528992
analytical,5.0,10.0,J2,42,0.050956834107637405
ANNet,5.0,20.0,J1,42,0.17692942917346954
ANNet,5.0,20.0,J2,42,0.3150121569633484
analytical,5.0,20.0,J1,42,0.15250994265079498
analytical,5.0,20.0,J2,42,0.06991296261548996
ANNet,5.0,50.0,J1,42,0.2542096674442291
ANNet,5.0,50.0,J2,42,0.3290296196937561
analytical,5.0,50.0,J1,42,0.23802229762077332
analytical,5.0,50.0,J2,42,0.10898905247449875
ANNet,5.0,100.0,J1,42,0.3505665361881256
ANNet,5.0,100.0,J2,42,0.34917667508125305
analytical,5.0,100.0,J1,42,0.33897608518600464
analytical,5.0,100.0,J2,42,0.15466347336769104
ANNet,5.0,200.0,J1,42,0.4925764501094818
ANNet,5.0,200.0,J2,42,0.3902326226234436
analytical,5.0,200.0,J1,42,0.48421037197113037
analytical,5.0,200.0,J2,42,0.22107626497745514
ANNet,5.0,500.0,J1,42,0.7656788229942322
ANNet,5.0,500.0,J2,42,0.4823053777217865
analytical,5.0,500.0,J1,42,0.7598719596862793
analytical,5.0,500.0,J2,42,0.34705594182014465
ANNet,5.0,1000.0,J1,42,1.0665807723999023
ANNet,5.0,1000.0,J2,42,0.600888729095459
analytical,5.0,1000.0,J1,42,1.0617541074752808
analytical,5.0,1000.0,J2,42,0.48585593700408936
ANNet,10.0,1.0,J1,42,2.2504446506500244
ANNet,10.0,1.0,J2,42,0.9666057229042053
analytical,10.0,1.0,J1,42,2.25108003616333
analytical,10.0,1.0,J2,42,0.9685237407684326
ANNet,10.0,2.0,J1,42,1.3922979831695557
ANNet,10.0,2.0,J2,42,0.4424106776714325
analytical,10.0,2.0,J1,42,1.4046173095703125
analytical,10.0,2.0,J2,42,0.443307489156723
ANNet,10.0,5.0,J1,42,0.21096090972423553
ANNet,10.0,5.0,J2,42,0.18229882419109344
analytical,10.0,5.0,J1,42,0.20914943516254425
analytical,10.0,5.0,J2,42,0.10095322132110596
ANNet,10.0,10.0,J1,42,0.24072442948818207
ANNet,10.0,10.0,J2,42,0.2914648652076721
analytical,10.0,10.0,J1,42,0.2249593585729599
analytical,10.0,10.0,J2,42,0.10109223425388336
ANNet,10.0,20.0,J1,42,0.3178069293498993
ANNet,10.0,20.0,J2,42,0.3251025080680847
analytical,10.0,20.0,J1,42,0.30464762449264526
analytical,10.0,20.0,J2,42,0.13982389867305756
ANNet,10.0,50.0,J1,42,0.4841861426830292
ANNet,10.0,50.0,J2,42,0.3710383176803589
analytical,10.0,50.0,J1,42,0.4760420024394989
analytical,10.0,50.0,J2,42,0.21797294914722443
ANNet,10.0,100.0,J1,42,0.6837969422340393
ANNet,10.0,100.0,J2,42,0.4384613335132599
analytical,10.0,100.0,J1,42,0.677977442741394
analytical,10.0,100.0,J2,42,0.30932995676994324
ANNet,10.0,200.0,J1,42,0.9728496074676514
ANNet,10.0,200.0,J2,42,0.5608434677124023
analytical,10.0,200.0,J1,42,0.9684244990348816
analytical,10.0,200.0,J2,42,0.4421488046646118
ANNet,10.0,500.0,J1,42,1.523693323135376
ANNet,10.0,500.0,J2,42,0.8009911179542542
analytical,10.0,500.0,J1,42,1.5198458433151245
analytical,10.0,500.0,J2,42,0.6941062211990356
ANNet,10.0,1000.0,J1,42,2.127743721008301
ANNet,10.0,1000.0,J2,42,1.0840132236480713
analytical,10.0,1000.0,J1,42,2.1236603260040283
analytical,10.0,1000.0,J2,42,0.9717152714729309
ANNet,25.0,1.0,J1,42,2.2398810386657715
ANNet,25.0,1.0,J2,42,0.9637655019760132
analytical,25.0,1.0,J1,42,2.240678310394287
analytical,25.0,1.0,J2,42,0.9652533531188965
ANNet,25.0,2.0,J1,42,1.366430640220642
ANNet,25.0,2.0,J2,42,0.44181859493255615
analytical,25.0,2.0,J1,42,1.37895667552948
analytical,25.0,2.0,J2,42,0.4430815577507019
ANNet,25.0,5.0,J1,42,0.39664769172668457
ANNet,25.0,5.0,J2,42,0.2272123247385025
analytical,25.0,5.0,J1,42,0.3926223814487457
analytical,25.0,5.0,J2,42,0.18343138694763184
ANNet,25.0,10.0,J1,42,0.5673853158950806
ANNet,25.0,10.0,J2,42,0.3499382436275482
analytical,25.0,10.0,J1,42,0.5591679215431213
analytical,25.0,10.0,J2,42,0.25340041518211365
ANNet,25.0,20.0,J1,42,0.7677920460700989
ANNet,25.0,20.0,J2,42,0.4321802258491516
analytical,25.0,20.0,J1,42,0.7613488435745239
analytical,25.0,20.0,J2,42,0.3496319353580475
ANNet,25.0,50.0,J1,42,1.1937696933746338
ANNet,25.0,50.0,J2,42,0.61599200963974
analytical,25.0,50.0,J1,42,1.1901919841766357
analytical,25.0,50.0,J2,42,0.5449354648590088
ANNet,25.0,100.0,J1,42,1.697732925415039
ANNet,25.0,100.0,J2,42,0.8480841517448425
analytical,25.0,100.0,J1,42,1.6951242685317993
analytical,25.0,100.0,J2,42,0.773358941078186
ANNet,25.0,200.0,J1,42,2.4237189292907715
ANNet,25.0,200.0,J2,42,1.2067153453826904
analytical,25.0,200.0,J1,42,2.4210095405578613
analytical,25.0,200.0,J2,42,1.1053426265716553
ANNet,25.0,500.0,J1,42,3.805931329727173
ANNet,25.0,500.0,J2,42,1.8538615703582764
analytical,25.0,500.0,J1,42,3.7999868392944336
analytical,25.0,500.0,J2,42,1.7351677417755127
ANNet,25.0,1000.0,J1,42,5.315310478210449
ANNet,25.0,1000.0,J2,42,2.543640613555908
analytical,25.0,1000.0,J1,42,5.309272289276123
analytical,25.0,1000.0,J2,42,2.429185152053833
ANNet,0.0,1.0,J1,43,0.6448946595191956
ANNet,0.0,1.0,J2,43,0.37203627824783325
analytical,0.0,1.0,J1,43,0.6434152126312256
analytical,0.0,1.0,J2,43,0.373191773891449
ANNet,0.0,2.0,J1,43,0.28264379501342773
ANNet,0.0,2.0,J2,43,0.09554151445627213
analytical,0.0,2.0,J1,43,0.28170084953308105
analytical,0.0,2.0,J2,43,0.09113679826259613
ANNet,0.0,5.0,J1,43,0.03836959972977638
ANNet,0.0,5.0,J2,43,0.029765795916318893
analytical,0.0,5.0,J1,43,0.03259176388382912
analytical,0.0,5.0,J2,43,0.01473733689635992
ANNet,0.0,10.0,J1,43,0.023014411330223083
ANNet,0.0,10.0,J2,43,0.02637639455497265
analytical,0.0,10.0,J1,43,0.01035571563988924
analytical,0.0,10.0,J2,43,0.004856746178120375
ANNet,0.0,20.0,J1,43,0.020913036540150642
ANNet,0.0,20.0,J2,43,0.025988763198256493
analytical,0.0,20.0,J1,43,0.00367743126116693
analytical,0.0,20.0,J2,43,0.0017260953318327665
ANNet,0.0,50.0,J1,43,0.020612232387065887
ANNet,0.0,50.0,J2,43,0.02593519352376461
analytical,0.0,50.0,J1,43,0.0009475060505792499
analytical,0.0,50.0,J2,43,0.0004449702682904899
ANNet,0.0,100.0,J1,43,0.0205934289842844
ANNet,0.0,100.0,J2,43,0.025931820273399353
analytical,0.0,100.0,J1,43,0.0003443130699452013
analytical,0.0,100.0,J2,43,0.00016173883341252804
ANNet,0.0,200.0,J1,43,0.02059095725417137
ANNet,0.0,200.0,J2,43,0.02593136392533779
analytical,0.0,200.0,J1,43,0.0001282279408769682
analytical,0.0,200.0,J2,43,6.02435611654073e-05
ANNet,0.0,500.0,J1,43,0.020590584725141525
ANNet,0.0,500.0,J2,43,0.025931285694241524
analytical,0.0,500.0,J1,43,3.7380577850854024e-05
analytical,0.0,500.0,J2,43,1.7556083548697643e-05
ANNet,0.0,1000.0,J1,43,0.020590543746948242
ANNet,0.0,1000.0,J2,43,0.02593127079308033
analytical,0.0,1000.0,J1,43,1.607816739124246e-05
analytical,0.0,1000.0,J2,43,7.5415518949739635e-06
ANNet,1.0,1.0,J1,43,0.64487624168396
ANNet,1.0,1.0,J2,43,0.37185138463974
analytical,1.0,1.0,J1,43,0.6434328556060791
analytical,1.0,1.0,J2,43,0.3729589283466339
ANNet,1.0,2.0,J1,43,0.2818433940410614
ANNet,1.0,2.0,J2,43,0.09543950110673904
analytical,1.0,2.0,J1,43,0.28097793459892273
analytical,1.0,2.0,J2,43,0.09082797914743423
ANNet,1.0,5.0,J1,43,0.03802109882235527
ANNet,1.0,5.0,J2,43,0.030435705557465553
analytical,1.0,5.0,J1,43,0.032709844410419464
analytical,1.0,5.0,J2,43,0.014798191376030445
ANNet,1.0,10.0,J1,43,0.02501409687101841
ANNet,1.0,10.0,J2,43,0.027577830478549004
analytical,1.0,10.0,J1,43,0.015378283336758614
analytical,1.0,10.0,J2,43,0.007021878380328417
ANNet,1.0,20.0,J1,43,0.026063064113259315
ANNet,1.0,20.0,J2,43,0.02775384485721588
analytical,1.0,20.0,J1,43,0.01698075607419014
analytical,1.0,20.0,J2,43,0.007652703672647476
ANNet,1.0,50.0,J1,43,0.03221984580159187
ANNet,1.0,50.0,J2,43,0.02900366485118866
analytical,1.0,50.0,J1,43,0.025421159341931343
analytical,1.0,50.0,J2,43,0.011372174136340618
ANNet,1.0,100.0,J1,43,0.04102446511387825
ANNet,1.0,100.0,J2,43,0.031107449904084206
analytical,1.0,100.0,J1,43,0.03591061756014824
analytical,1.0,100.0,J2,43,0.01598331704735756
ANNet,1.0,200.0,J1,43,0.05479154363274574
ANNet,1.0,200.0,J2,43,0.03501954674720764
analytical,1.0,200.0,J1,43,0.051044050604104996
analytical,1.0,200.0,J2,43,0.0226614847779274
ANNet,1.0,500.0,J1,43,0.0828220322728157
ANNet,1.0,500.0,J2,43,0.044568032026290894
analytical,1.0,500.0,J1,43,0.08033562451601028
analytical,1.0,500.0,J2,43,0.035660188645124435
ANNet,1.0,1000.0,J1,43,0.11490713804960251
ANNet,1.0,1000.0,J2,43,0.05680382624268532
analytical,1.0,1000.0,J1,43,0.1130625307559967
analytical,1.0,1000.0,J2,43,0.05008802190423012
ANNet,2.5,1.0,J1,43,0.6448729634284973
ANNet,2.5,1.0,J2,43,0.37158316373825073
analytical,2.5,1.0,J1,43,0.6434836387634277
analytical,2.5,1.0,J2,43,0.3726186156272888
ANNet,2.5,2.0,J1,43,0.2807609438896179
ANNet,2.5,2.0,J2,43,0.09536372125148773
analytical,2.5,2.0,J1,43,0.2800125777721405
analytical,2.5,2.0,J2,43,0.09044411778450012
ANNet,2.5,5.0,J1,43,0.04072154313325882
ANNet,2.5,5.0,J2,43,0.032228268682956696
analytical,2.5,5.0,J1,43,0.03652019426226616
analytical,2.5,5.0,J2,43,0.016533629968762398
ANNet,2.5,10.0,J1,43,0.036455124616622925
ANNet,2.5,10.0,J2,43,0.031140077859163284
analytical,2.5,10.0,J1,43,0.03144388273358345
analytical,2.5,10.0,J2,43,0.014126647263765335
ANNet,2.5,20.0,J1,43,0.04609021544456482
ANNet,2.5,20.0,J2,43,0.03363801911473274
analytical,2.5,20.0,J1,43,0.04219626635313034
analytical,2.5,20.0,J2,43,0.018983958289027214
ANNet,2.5,50.0,J1,43,0.06618896871805191
ANNet,2.5,50.0,J2,43,0.039737991988658905
analytical,2.5,50.0,J1,43,0.06349944323301315
analytical,2.5,50.0,J2,43,0.02840653620660305
ANNet,2.5,100.0,J1,43,0.09174904972314835
ANNet,2.5,100.0,J2,43,0.04869142547249794
analytical,2.5,100.0,J1,43,0.08977507054805756
analytical,2.5,100.0,J2,43,0.03995818272233009
ANNet,2.5,200.0,J1,43,0.129084512591362
ANNet,2.5,200.0,J2,43,0.06314971297979355
analytical,2.5,200.0,J1,43,0.1276116967201233
analytical,2.5,200.0,J2,43,0.056654732674360275
ANNet,2.5,500.0,J1,43,0.2019176483154297
ANNet,2.5,500.0,J2,43,0.09347366541624069
analytical,2.5,500.0,J1,43,0.20083899796009064
analytical,2.5,500.0,J2,43,0.08914975076913834
ANNet,2.5,1000.0,J1,43,0.2835869789123535
ANNet,2.5,1000.0,J2,43,0.12841063737869263
analytical,2.5,1000.0,J1,43,0.28265559673309326
analytical,2.5,1000.0,J2,43,0.1252187043428421
ANNet,5.0,1.0,J1,43,0.6449322700500488
ANNet,5.0,1.0,J2,43,0.3711603581905365
analytical,5.0,1.0,J1,43,0.6436331868171692
analytical,5.0,1.0,J2,43,0.3720753490924835
ANNet,5.0,2.0,J1,43,0.2792756259441376
ANNet,5.0,2.0,J2,43,0.09544367343187332
analytical,5.0,2.0,J1,43,0.27872467041015625
analytical,5.0,2.0,J2,43,0.09001883864402771
ANNet,5.0,5.0,J1,43,0.05182838439941406
ANNet,5.0,5.0,J2,43,0.036933738738298416
analytical,5.0,5.0,J1,43,0.049456749111413956
analytical,5.0,5.0,J2,43,0.022400755435228348
ANNet,5.0,10.0,J1,43,0.06318426132202148
ANNet,5.0,10.0,J2,43,0.04020964726805687
analytical,5.0,10.0,J1,43,0.06108435243368149
analytical,5.0,10.0,J2,43,0.027345873415470123
ANNet,5.0,20.0,J1,43,0.08612900227308273
ANNet,5.0,20.0,J2,43,0.04813987389206886
analytical,5.0,20.0,J1,43,0.08454109728336334
analytical,5.0,20.0,J2,43,0.03802594169974327
ANNet,5.0,50.0,J1,43,0.12811419367790222
ANNet,5.0,50.0,J2,43,0.06404893100261688
analytical,5.0,50.0,J1,43,0.12697568535804749
analytical,5.0,50.0,J2,43,0.05680353194475174
ANNet,5.0,100.0,J1,43,0.18046046793460846
ANNet,5.0,100.0,J2,43,0.08526602387428284
analytical,5.0,100.0,J1,43,0.17954875528812408
analytical,5.0,100.0,J2,43,0.07991605252027512
ANNet,5.0,200.0,J1,43,0.2560175359249115
ANNet,5.0,200.0,J2,43,0.11721176654100418
analytical,5.0,200.0,J1,43,0.2552216351032257
analytical,5.0,200.0,J2,43,0.11330980807542801
ANNet,5.0,500.0,J1,43,0.40246114134788513
ANNet,5.0,500.0,J2,43,0.18092848360538483
analytical,5.0,500.0,J1,43,0.40167567133903503
analytical,5.0,500.0,J2,43,0.1782963126897812
ANNet,5.0,1000.0,J1,43,0.5661927461624146
ANNet,5.0,1000.0,J2,43,0.25247037410736084
analytical,5.0,1000.0,J1,43,0.5653067827224731
analytical,5.0,1000.0,J2,43,0.250432550907135
ANNet,10.0,1.0,J1,43,0.645294189453125
ANNet,10.0,1.0,J2,43,0.37040621042251587
analytical,10.0,1.0,J1,43,0.6441752314567566
analytical,10.0,1.0,J2,43,0.37107887864112854
ANNet,10.0,2.0,J1,43,0.2775217592716217
ANNet,10.0,2.0,J2,43,0.09637225419282913
analytical,10.0,2.0,J1,43,0.27737075090408325
analytical,10.0,2.0,J2,43,0.08998323976993561
ANNet,10.0,5.0,J1,43,0.08525127917528152
ANNet,10.0,5.0,J2,43,0.05033212527632713
analytical,10.0,5.0,J1,43,0.0848097950220108
analytical,10.0,5.0,J2,43,0.03841153532266617
ANNet,10.0,10.0,J1,43,0.12210744619369507
ANNet,10.0,10.0,J2,43,0.06348557025194168
analytical,10.0,10.0,J1,43,0.12165245413780212
analytical,10.0,10.0,J2,43,0.054415736347436905
ANNet,10.0,20.0,J1,43,0.1697811782360077
ANNet,10.0,20.0,J2,43,0.0829385444521904
analytical,10.0,20.0,J1,43,0.1693471372127533
analytical,10.0,20.0,J2,43,0.0761687159538269
ANNet,10.0,50.0,J1,43,0.2543673813343048
ANNet,10.0,50.0,J2,43,0.1183134987950325
analytical,10.0,50.0,J1,43,0.2539270520210266
analytical,10.0,50.0,J2,43,0.11359800398349762
ANNet,10.0,100.0,J1,43,0.3596104681491852
ANNet,10.0,100.0,J2,43,0.16331295669078827
analytical,10.0,100.0,J1,43,0.35908985137939453
analytical,10.0,100.0,J2,43,0.15982867777347565
ANNet,10.0,200.0,J1,43,0.5111023187637329
ANNet,10.0,200.0,J2,43,0.22922645509243011
analytical,10.0,200.0,J1,43,0.5104295611381531
analytical,10.0,200.0,J2,43,0.22661851346492767
ANNet,10.0,500.0,J1,43,0.8043180108070374
ANNet,10.0,500.0,J2,43,0.35849714279174805
analytical,10.0,500.0,J1,43,0.8033363819122314
analytical,10.0,500.0,J2,43,0.3565788269042969
ANNet,10.0,1000.0,J1,43,1.1319268941879272
ANNet,10.0,1000.0,J2,43,0.5025227069854736
analytical,10.0,1000.0,J1,43,1.1305831670761108
analytical,10.0,1000.0,J2,43,0.5008440613746643
ANNet,25.0,1.0,J1,43,0.6483184099197388
ANNet,25.0,1.0,J2,43,0.3688807785511017
analytical,25.0,1.0,J1,43,0.6477362513542175
analytical,25.0,1.0,J2,43,0.36881813406944275
ANNet,25.0,2.0,J1,43,0.2821100950241089
ANNet,25.0,2.0,J2,43,0.10489319264888763
analytical,25.0,2.0,J1,43,0.28313735127449036
analytical,25.0,2.0,J2,43,0.09619935601949692
ANNet,25.0,5.0,J1,43,0.20302273333072662
ANNet,25.0,5.0,J2,43,0.10093431174755096
analytical,25.0,5.0,J1,43,0.2039874941110611
analytical,25.0,5.0,J2,43,0.0923621729016304
ANNet,25.0,10.0,J1,43,0.3039517104625702
ANNet,25.0,10.0,J2,43,0.1422199308872223
analytical,25.0,10.0,J1,43,0.3043977618217468
analytical,25.0,10.0,J2,43,0.13614614307880402
ANNet,25.0,20.0,J1,43,0.42377299070358276
ANNet,25.0,20.0,J2,43,0.19513756036758423
analytical,25.0,20.0,J1,43,0.4238337278366089
analytical,25.0,20.0,J2,43,0.19064508378505707
ANNet,25.0,50.0,J1,43,0.6350619792938232
ANNet,25.0,50.0,J2,43,0.28717780113220215
analytical,25.0,50.0,J1,43,0.6347309350967407
analytical,25.0,50.0,J2,43,0.2839663326740265
ANNet,25.0,100.0,J1,43,0.8983995318412781
ANNet,25.0,100.0,J2,43,0.4020769000053406
analytical,25.0,100.0,J1,43,0.8976514339447021
analytical,25.0,100.0,J2,43,0.3995399475097656
ANNet,25.0,200.0,J1,43,1.27721107006073
ANNet,25.0,200.0,J2,43,0.5686624646186829
analytical,25.0,200.0,J1,43,1.2759349346160889
analytical,25.0,200.0,J2,43,0.5665321350097656
ANNet,25.0,500.0,J1,43,2.0102548599243164
ANNet,25.0,500.0,J2,43,0.89329594373703
analytical,25.0,500.0,J1,43,2.008131265640259
analytical,25.0,500.0,J2,43,0.8913306593894958
ANNet,25.0,1000.0,J1,43,2.8289387226104736
ANNet,25.0,1000.0,J2,43,1.2540302276611328
analytical,25.0,1000.0,J1,43,2.8259785175323486
analytical,25.0,1000.0,J2,43,1.2519210577011108
ANNet,0.0,1.0,J1,44,0.3544996380805969
ANNet,0.0,1.0,J2,44,0.703376054763794
analytical,0.0,1.0,J1,44,0.3459855616092682
analytical,0.0,1.0,J2,44,0.7076314091682434
ANNet,0.0,2.0,J1,44,0.2021889090538025
ANNet,0.0,2.0,J2,44,0.3249676823616028
analytical,0.0,2.0,J1,44,0.1996421366930008
analytical,0.0,2.0,J2,44,0.3267931342124939
ANNet,0.0,5.0,J1,44,0.03862541913986206
ANNet,0.0,5.0,J2,44,0.03343493491411209
analytical,0.0,5.0,J1,44,0.017691945657134056
analytical,0.0,5.0,J2,44,0.029397107660770416
ANNet,0.0,10.0,J1,44,0.033650096505880356
ANNet,0.0,10.0,J2,44,0.022043632343411446
analytical,0.0,10.0,J1,44,0.0015416279202327132
analytical,0.0,10.0,J2,44,0.0025353538803756237
ANNet,0.0,20.0,J1,44,0.03355608135461807
ANNet,0.0,20.0,J2,44,0.022351941093802452
analytical,0.0,20.0,J1,44,0.00023900761152617633
analytical,0.0,20.0,J2,44,0.00033707224065437913
ANNet,0.0,50.0,J1,44,0.0335514098405838
ANNet,0.0,50.0,J2,44,0.022378239780664444
analytical,0.0,50.0,J1,44,6.0016893257852644e-05
analytical,0.0,50.0,J2,44,8.019886445254087e-05
ANNet,0.0,100.0,J1,44,0.033551279455423355
ANNet,0.0,100.0,J2,44,0.022378670051693916
analytical,0.0,100.0,J1,44,2.2336516849463806e-05
analytical,0.0,100.0,J2,44,2.952740942419041e-05
ANNet,0.0,200.0,J1,44,0.033551253378391266
ANNet,0.0,200.0,J2,44,0.02237865887582302
analytical,0.0,200.0,J1,44,8.679066013428383e-06
analytical,0.0,200.0,J2,44,1.1119494956801645e-05
ANNet,0.0,500.0,J1,44,0.03355124592781067
ANNet,0.0,500.0,J2,44,0.022378655150532722
analytical,0.0,500.0,J1,44,3.3636226817179704e-06
analytical,0.0,500.0,J2,44,3.3942781101359287e-06
ANNet,0.0,1000.0,J1,44,0.03355123847723007
ANNet,0.0,1000.0,J2,44,0.022378645837306976
analytical,0.0,1000.0,J1,44,2.411927880530129e-06
analytical,0.0,1000.0,J2,44,1.7010082729029818e-06
ANNet,1.0,1.0,J1,44,0.35463979840278625
ANNet,1.0,1.0,J2,44,0.7033686637878418
analytical,1.0,1.0,J1,44,0.34610608220100403
analytical,1.0,1.0,J2,44,0.7076351642608643
ANNet,1.0,2.0,J1,44,0.20243939757347107
ANNet,1.0,2.0,J2,44,0.3248580992221832
analytical,1.0,2.0,J1,44,0.19986848533153534
analytical,1.0,2.0,J2,44,0.3267087936401367
ANNet,1.0,5.0,J1,44,0.040976688265800476
ANNet,1.0,5.0,J2,44,0.03390999138355255
analytical,1.0,5.0,J1,44,0.02192356064915657
analytical,1.0,5.0,J2,44,0.030306456610560417
ANNet,1.0,10.0,J1,44,0.03909286856651306
ANNet,1.0,10.0,J2,44,0.023375211283564568
analytical,1.0,10.0,J1,44,0.0194077268242836
analytical,1.0,10.0,J2,44,0.009424070827662945
ANNet,1.0,20.0,J1,44,0.042925912886857986
ANNet,1.0,20.0,J2,44,0.02507297322154045
analytical,1.0,20.0,J1,44,0.026352539658546448
analytical,1.0,20.0,J2,44,0.012300563976168633
ANNet,1.0,50.0,J1,44,0.05236906558275223
ANNet,1.0,50.0,J2,44,0.028718842193484306
analytical,1.0,50.0,J1,44,0.039927735924720764
analytical,1.0,50.0,J2,44,0.018598267808556557
ANNet,1.0,100.0,J1,44,0.06426718831062317
ANNet,1.0,100.0,J2,44,0.03353773429989815
analytical,1.0,100.0,J1,44,0.05460368096828461
analytical,1.0,100.0,J2,44,0.025405675172805786
ANNet,1.0,200.0,J1,44,0.08379337936639786
ANNet,1.0,200.0,J2,44,0.0417708083987236
analytical,1.0,200.0,J1,44,0.07662857323884964
analytical,1.0,200.0,J2,44,0.03556092083454132
ANNet,1.0,500.0,J1,44,0.12594664096832275
ANNet,1.0,500.0,J2,44,0.06040220335125923
analytical,1.0,500.0,J1,44,0.12128905951976776
analytical,1.0,500.0,J2,44,0.056263331323862076
ANNet,1.0,1000.0,J1,44,0.17304815351963043
ANNet,1.0,1000.0,J2,44,0.08178865164518356
analytical,1.0,1000.0,J1,44,0.16967791318893433
analytical,1.0,1000.0,J2,44,0.07875295728445053
ANNet,2.5,1.0,J1,44,0.35502487421035767
ANNet,2.5,1.0,J2,44,0.7033764123916626
analytical,2.5,1.0,J1,44,0.3464658856391907
analytical,2.5,1.0,J2,44,0.7076596617698669
ANNet,2.5,2.0,J1,44,0.20343050360679626
ANNet,2.5,2.0,J2,44,0.3247756361961365
analytical,2.5,2.0,J1,44,0.20083144307136536
analytical,2.5,2.0,J2,44,0.326663613319397
ANNet,2.5,5.0,J1,44,0.0515424907207489
ANNet,2.5,5.0,J2,44,0.0367862693965435
analytical,2.5,5.0,J1,44,0.037797000259160995
analytical,2.5,5.0,J2,44,0.03398288041353226
ANNet,2.5,10.0,J1,44,0.05940551683306694
ANNet,2.5,10.0,J2,44,0.030794639140367508
analytical,2.5,10.0,J1,44,0.048419542610645294
analytical,2.5,10.0,J2,44,0.02286381460726261
ANNet,2.5,20.0,J1,44,0.074311763048172
ANNet,2.5,20.0,J2,44,0.03730073198676109
analytical,2.5,20.0,J1,44,0.06587650626897812
analytical,2.5,20.0,J2,44,0.030755365267395973
ANNet,2.5,50.0,J1,44,0.10558715462684631
ANNet,2.5,50.0,J2,44,0.05109236016869545
analytical,2.5,50.0,J1,44,0.09982064366340637
analytical,2.5,50.0,J2,44,0.04649674519896507
ANNet,2.5,100.0,J1,44,0.14079123735427856
ANNet,2.5,100.0,J2,44,0.06697355955839157
analytical,2.5,100.0,J1,44,0.1365099847316742
analytical,2.5,100.0,J2,44,0.06351535022258759
ANNet,2.5,200.0,J1,44,0.19465775787830353
ANNet,2.5,200.0,J2,44,0.09143611043691635
analytical,2.5,200.0,J1,44,0.1915731132030487
analytical,2.5,200.0,J2,44,0.08890285342931747
ANNet,2.5,500.0,J1,44,0.3052106201648712
ANNet,2.5,500.0,J2,44,0.14233125746250153
analytical,2.5,500.0,J1,44,0.30323082208633423
analytical,2.5,500.0,J2,44,0.14065949618816376
ANNet,2.5,1000.0,J1,44,0.42564821243286133
ANNet,2.5,1000.0,J2,44,0.198152557015419
analytical,2.5,1000.0,J1,44,0.4242050349712372
analytical,2.5,1000.0,J2,44,0.19688525795936584
ANNet,5.0,1.0,J1,44,0.3561306595802307
ANNet,5.0,1.0,J2,44,0.7034396529197693
analytical,5.0,1.0,J1,44,0.34754127264022827
analytical,5.0,1.0,J2,44,0.7077502012252808
ANNet,5.0,2.0,J1,44,0.20669232308864594
ANNet,5.0,2.0,J2,44,0.3248567283153534
analytical,5.0,2.0,J1,44,0.20406761765480042
analytical,5.0,2.0,J2,44,0.3268051743507385
ANNet,5.0,5.0,J1,44,0.07838486135005951
ANNet,5.0,5.0,J2,44,0.04589585214853287
analytical,5.0,5.0,J1,44,0.06975797563791275
analytical,5.0,5.0,J2,44,0.04429330676794052
ANNet,5.0,10.0,J1,44,0.10303212702274323
ANNet,5.0,10.0,J2,44,0.04947763308882713
analytical,5.0,10.0,J1,44,0.09682349115610123
analytical,5.0,10.0,J2,44,0.04553743824362755
ANNet,5.0,20.0,J1,44,0.13638634979724884
ANNet,5.0,20.0,J2,44,0.0646543875336647
analytical,5.0,20.0,J1,44,0.13175295293331146
analytical,5.0,20.0,J2,44,0.06151739880442619
ANNet,5.0,50.0,J1,44,0.20275568962097168
ANNet,5.0,50.0,J2,44,0.09514468163251877
analytical,5.0,50.0,J1,44,0.19964711368083954
analytical,5.0,50.0,J2,44,0.092995285987854
ANNet,5.0,100.0,J1,44,0.2753254175186157
ANNet,5.0,100.0,J2,44,0.1286572962999344
analytical,5.0,100.0,J1,44,0.2730240821838379
analytical,5.0,100.0,J2,44,0.12703236937522888
ANNet,5.0,200.0,J1,44,0.3848167955875397
ANNet,5.0,200.0,J2,44,0.17903397977352142
analytical,5.0,200.0,J1,44,0.3831517994403839
analytical,5.0,200.0,J2,44,0.17780692875385284
ANNet,5.0,500.0,J1,44,0.6075837016105652
ANNet,5.0,500.0,J2,44,0.282214492559433
analytical,5.0,500.0,J1,44,0.6064867973327637
analytical,5.0,500.0,J2,44,0.28132253885269165
ANNet,5.0,1000.0,J1,44,0.8492748141288757
ANNet,5.0,1000.0,J2,44,0.3945552706718445
analytical,5.0,1000.0,J1,44,0.8484392762184143
analytical,5.0,1000.0,J2,44,0.39377865195274353
ANNet,10.0,1.0,J1,44,0.3600600063800812
ANNet,10.0,1.0,J2,44,0.7037543058395386
analytical,10.0,1.0,J1,44,0.35145246982574463
analytical,10.0,1.0,J2,44,0.7081183195114136
ANNet,10.0,2.0,J1,44,0.2188604474067688
ANNet,10.0,2.0,J2,44,0.3258369266986847
analytical,10.0,2.0,J1,44,0.21625596284866333
analytical,10.0,2.0,J2,44,0.32789960503578186
ANNet,10.0,5.0,J1,44,0.14173787832260132
ANNet,10.0,5.0,J2,44,0.07187879085540771
analytical,10.0,5.0,J1,44,0.13678060472011566
analytical,10.0,5.0,J2,44,0.07159210741519928
ANNet,10.0,10.0,J1,44,0.19713257253170013
ANNet,10.0,10.0,J2,44,0.09251870959997177
analytical,10.0,10.0,J1,44,0.19365689158439636
analytical,10.0,10.0,J2,44,0.09099149703979492
ANNet,10.0,20.0,J1,44,0.26610517501831055
ANNet,10.0,20.0,J2,44,0.12429578602313995
analytical,10.0,20.0,J1,44,0.26351460814476013
analytical,10.0,20.0,J2,44,0.12304399907588959
ANNet,10.0,50.0,J1,44,0.4010755717754364
ANNet,10.0,50.0,J2,44,0.18690964579582214
analytical,10.0,50.0,J1,44,0.39931797981262207
analytical,10.0,50.0,J2,44,0.18599578738212585
ANNet,10.0,100.0,J1,44,0.5473923087120056
ANNet,10.0,100.0,J2,44,0.25482621788978577
analytical,10.0,100.0,J1,44,0.5460647344589233
analytical,10.0,100.0,J2,44,0.25406938791275024
ANNet,10.0,200.0,J1,44,0.7673134803771973
ANNet,10.0,200.0,J2,44,0.35628440976142883
analytical,10.0,200.0,J1,44,0.766322672367096
analytical,10.0,200.0,J2,44,0.3556172549724579
ANNet,10.0,500.0,J1,44,1.2137757539749146
ANNet,10.0,500.0,J2,44,0.5633081793785095
analytical,10.0,500.0,J1,44,1.2130612134933472
analytical,10.0,500.0,J2,44,0.562655508518219
ANNet,10.0,1000.0,J1,44,1.6975725889205933
ANNet,10.0,1000.0,J2,44,0.7883239388465881
analytical,10.0,1000.0,J1,44,1.6969590187072754
analytical,10.0,1000.0,J2,44,0.7875790596008301
ANNet,25.0,1.0,J1,44,0.38473138213157654
ANNet,25.0,1.0,J2,44,0.706200122833252
analytical,25.0,1.0,J1,44,0.3763679265975952
analytical,25.0,1.0,J2,44,0.7107136845588684
ANNet,25.0,2.0,J1,44,0.2888956069946289
ANNet,25.0,2.0,J2,44,0.3351760506629944
analytical,25.0,2.0,J1,44,0.2866358160972595
analytical,25.0,2.0,J2,44,0.3375204801559448
ANNet,25.0,5.0,J1,44,0.34310248494148254
ANNet,25.0,5.0,J2,44,0.16364391148090363
analytical,25.0,5.0,J1,44,0.3406023681163788
analytical,25.0,5.0,J2,44,0.16436026990413666
ANNet,25.0,10.0,J1,44,0.4860301613807678
ANNet,25.0,10.0,J2,44,0.22758769989013672
analytical,25.0,10.0,J1,44,0.4842278063297272
analytical,25.0,10.0,J2,44,0.22744913399219513
ANNet,25.0,20.0,J1,44,0.6602583527565002
ANNet,25.0,20.0,J2,44,0.30788537859916687
analytical,25.0,20.0,J1,44,0.6588650941848755
analytical,25.0,20.0,J2,44,0.307633638381958
ANNet,25.0,50.0,J1,44,0.9994991421699524
ANNet,25.0,50.0,J2,44,0.46539366245269775
analytical,25.0,50.0,J1,44,0.9984675049781799
analytical,25.0,50.0,J2,44,0.4650217294692993
ANNet,25.0,100.0,J1,44,1.3661292791366577
ANNet,25.0,100.0,J2,44,0.6356877088546753
analytical,25.0,100.0,J1,44,1.365265965461731
analytical,25.0,100.0,J2,44,0.6351975202560425
ANNet,25.0,200.0,J1,44,1.9166181087493896
ANNet,25.0,200.0,J2,44,0.8897165656089783
analytical,25.0,200.0,J1,44,1.9158825874328613
analytical,25.0,200.0,J2,44,0.8890464305877686
ANNet,25.0,500.0,J1,44,3.033754587173462
ANNet,25.0,500.0,J2,44,1.4076558351516724
analytical,25.0,500.0,J1,44,3.033050060272217
analytical,25.0,500.0,J2,44,1.4066404104232788
ANNet,25.0,1000.0,J1,44,4.2430739402771
ANNet,25.0,1000.0,J2,44,1.9703395366668701
analytical,25.0,1000.0,J1,44,4.242276191711426
analytical,25.0,1000.0,J2,44,1.9688971042633057
ANNet,0.0,1.0,J1,45,0.18223980069160461
ANNet,0.0,1.0,J2,45,0.4280346632003784
analytical,0.0,1.0,J1,45,0.17553676664829254
analytical,0.0,1.0,J2,45,0.42521679401397705
ANNet,0.0,2.0,J1,45,0.06506629288196564
ANNet,0.0,2.0,J2,45,0.10777690261602402
analytical,0.0,2.0,J1,45,0.06109372526407242
analytical,0.0,2.0,J2,45,0.10597813129425049
ANNet,0.0,5.0,J1,45,0.023046880960464478
ANNet,0.0,5.0,J2,45,0.021113302558660507
analytical,0.0,5.0,J1,45,0.004439717624336481
analytical,0.0,5.0,J2,45,0.008922689594328403
ANNet,0.0,10.0,J1,45,0.02271297760307789
ANNet,0.0,10.0,J2,45,0.019584907218813896
analytical,0.0,10.0,J1,45,0.000934283307287842
analytical,0.0,10.0,J2,45,0.0025209563318639994
ANNet,0.0,20.0,J1,45,0.022695722058415413
ANNet,0.0,20.0,J2,45,0.0194527730345726
analytical,0.0,20.0,J1,45,0.0003379904374014586
analytical,0.0,20.0,J2,45,0.0009135916479863226
ANNet,0.0,50.0,J1,45,0.022692415863275528
ANNet,0.0,50.0,J2,45,0.01943151466548443
analytical,0.0,50.0,J1,45,8.910673204809427e-05
analytical,0.0,50.0,J2,45,0.00023837521439418197
ANNet,0.0,100.0,J1,45,0.0226921234279871
ANNet,0.0,100.0,J2,45,0.019430022686719894
analytical,0.0,100.0,J1,45,3.264391125412658e-05
analytical,0.0,100.0,J2,45,8.69425421115011e-05
ANNet,0.0,200.0,J1,45,0.022692061960697174
ANNet,0.0,200.0,J2,45,0.019429797306656837
analytical,0.0,200.0,J1,45,1.2299300578888506e-05
analytical,0.0,200.0,J2,45,3.244046456529759e-05
ANNet,0.0,500.0,J1,45,0.02269204892218113
ANNet,0.0,500.0,J2,45,0.019429747015237808
analytical,0.0,500.0,J1,45,3.917837148037506e-06
analytical,0.0,500.0,J2,45,9.482962013862561e-06
ANNet,0.0,1000.0,J1,45,0.022692054510116577
ANNet,0.0,1000.0,J2,45,0.019429737702012062
analytical,0.0,1000.0,J1,45,2.192188503613579e-06
analytical,0.0,1000.0,J2,45,4.09963240599609e-06
ANNet,1.0,1.0,J1,45,0.18271401524543762
ANNet,1.0,1.0,J2,45,0.4278619587421417
analytical,1.0,1.0,J1,45,0.1759328544139862
analytical,1.0,1.0,J2,45,0.4250328540802002
ANNet,1.0,2.0,J1,45,0.06432850658893585
ANNet,1.0,2.0,J2,45,0.1083897277712822
analytical,1.0,2.0,J1,45,0.0598289854824543
analytical,1.0,2.0,J2,45,0.10657970607280731
ANNet,1.0,5.0,J1,45,0.025032799690961838
ANNet,1.0,5.0,J2,45,0.0218949094414711
analytical,1.0,5.0,J1,45,0.007377301342785358
analytical,1.0,5.0,J2,45,0.010554621927440166
ANNet,1.0,10.0,J1,45,0.02656036801636219
ANNet,1.0,10.0,J2,45,0.020334815606474876
analytical,1.0,10.0,J1,45,0.011390459723770618
analytical,1.0,10.0,J2,45,0.005855733994394541
ANNet,1.0,20.0,J1,45,0.029054153710603714
ANNet,1.0,20.0,J2,45,0.02087540365755558
analytical,1.0,20.0,J1,45,0.016381017863750458
analytical,1.0,20.0,J2,45,0.007490035146474838
ANNet,1.0,50.0,J1,45,0.035158246755599976
ANNet,1.0,50.0,J2,45,0.022742679342627525
analytical,1.0,50.0,J1,45,0.025691254064440727
analytical,1.0,50.0,J2,45,0.011724798008799553
ANNet,1.0,100.0,J1,45,0.043856486678123474
ANNet,1.0,100.0,J2,45,0.02572287805378437
analytical,1.0,100.0,J1,45,0.03669695928692818
analytical,1.0,100.0,J2,45,0.01678457483649254
ANNet,1.0,200.0,J1,45,0.05738649144768715
ANNet,1.0,200.0,J2,45,0.030770666897296906
analytical,1.0,200.0,J1,45,0.0521070696413517
analytical,1.0,200.0,J2,45,0.02380216121673584
ANNet,1.0,500.0,J1,45,0.08538460731506348
ANNet,1.0,500.0,J2,45,0.04216497763991356
analytical,1.0,500.0,J1,45,0.0819050520658493
analytical,1.0,500.0,J2,45,0.037370018661022186
ANNet,1.0,1000.0,J1,45,0.1181882843375206
ANNet,1.0,1000.0,J2,45,0.056238286197185516
analytical,1.0,1000.0,J1,45,0.11567041277885437
analytical,1.0,1000.0,J2,45,0.05272143706679344
ANNet,2.5,1.0,J1,45,0.183511883020401
ANNet,2.5,1.0,J2,45,0.42761099338531494
analytical,2.5,1.0,J1,45,0.1766178011894226
analytical,2.5,1.0,J2,45,0.424765020608902
ANNet,2.5,2.0,J1,45,0.06387312710285187
ANNet,2.5,2.0,J2,45,0.10938625782728195
analytical,2.5,2.0,J1,45,0.05860701575875282
analytical,2.5,2.0,J2,45,0.10756080597639084
ANNet,2.5,5.0,J1,45,0.031578898429870605
ANNet,2.5,5.0,J2,45,0.024021999910473824
analytical,2.5,5.0,J1,45,0.01826239377260208
analytical,2.5,5.0,J2,45,0.014361262321472168
ANNet,2.5,10.0,J1,45,0.03847561776638031
ANNet,2.5,10.0,J2,45,0.023642899468541145
analytical,2.5,10.0,J1,45,0.028511181473731995
analytical,2.5,10.0,J2,45,0.013289622962474823
ANNet,2.5,20.0,J1,45,0.04844198748469353
ANNet,2.5,20.0,J2,45,0.02697202004492283
analytical,2.5,20.0,J1,45,0.040967218577861786
analytical,2.5,20.0,J2,45,0.018556982278823853
ANNet,2.5,50.0,J1,45,0.0692538172006607
ANNet,2.5,50.0,J2,45,0.03524640202522278
analytical,2.5,50.0,J1,45,0.06423040479421616
analytical,2.5,50.0,J2,45,0.029300609603524208
ANNet,2.5,100.0,J1,45,0.09534952044487
ANNet,2.5,100.0,J2,45,0.046320829540491104
analytical,2.5,100.0,J1,45,0.09174281358718872
analytical,2.5,100.0,J2,45,0.04196009412407875
ANNet,2.5,200.0,J1,45,0.13286419212818146
ANNet,2.5,200.0,J2,45,0.0626734271645546
analytical,2.5,200.0,J1,45,0.13026782870292664
analytical,2.5,200.0,J2,45,0.05950486287474632
ANNet,2.5,500.0,J1,45,0.2064855694770813
ANNet,2.5,500.0,J2,45,0.09550941735506058
analytical,2.5,500.0,J1,45,0.2047622948884964
analytical,2.5,500.0,J2,45,0.09342494606971741
ANNet,2.5,1000.0,J1,45,0.2904696464538574
ANNet,2.5,1000.0,J2,45,0.13333213329315186
analytical,2.5,1000.0,J1,45,0.28917428851127625
analytical,2.5,1000.0,J2,45,0.1318034529685974
ANNet,5.0,1.0,J1,45,0.185069277882576
ANNet,5.0,1.0,J2,45,0.42721429467201233
analytical,5.0,1.0,J1,45,0.17799831926822662
analytical,5.0,1.0,J2,45,0.4243403971195221
ANNet,5.0,2.0,J1,45,0.06487412750720978
ANNet,5.0,2.0,J2,45,0.1112470030784607
analytical,5.0,2.0,J1,45,0.05847547575831413
analytical,5.0,2.0,J2,45,0.10939957201480865
ANNet,5.0,5.0,J1,45,0.047129128128290176
ANNet,5.0,5.0,J2,45,0.029424918815493584
analytical,5.0,5.0,J1,45,0.03747038543224335
analytical,5.0,5.0,J2,45,0.022138211876153946
ANNet,5.0,10.0,J1,45,0.06387500464916229
ANNet,5.0,10.0,J2,45,0.0327056422829628
analytical,5.0,10.0,J1,45,0.0570758655667305
analytical,5.0,10.0,J2,45,0.0261076707392931
ANNet,5.0,20.0,J1,45,0.0868392065167427
ANNet,5.0,20.0,J2,45,0.041976865381002426
analytical,5.0,20.0,J1,45,0.08194608986377716
analytical,5.0,20.0,J2,45,0.037046000361442566
ANNet,5.0,50.0,J1,45,0.13167323172092438
ANNet,5.0,50.0,J2,45,0.061852000653743744
analytical,5.0,50.0,J1,45,0.1284615397453308
analytical,5.0,50.0,J2,45,0.05859501659870148
ANNet,5.0,100.0,J1,45,0.18579423427581787
ANNet,5.0,100.0,J2,45,0.08625220507383347
analytical,5.0,100.0,J1,45,0.18348559737205505
analytical,5.0,100.0,J2,45,0.08391907066106796
ANNet,5.0,200.0,J1,45,0.26223090291023254
ANNet,5.0,200.0,J2,45,0.12070127576589584
analytical,5.0,200.0,J1,45,0.26053568720817566
analytical,5.0,200.0,J2,45,0.11900892853736877
ANNet,5.0,500.0,J1,45,0.41072797775268555
ANNet,5.0,500.0,J2,45,0.18800361454486847
analytical,5.0,500.0,J1,45,0.4095227122306824
analytical,5.0,500.0,J2,45,0.18684977293014526
ANNet,5.0,1000.0,J1,45,0.5793406367301941
ANNet,5.0,1000.0,J2,45,0.26451238989830017
analytical,5.0,1000.0,J1,45,0.5783408284187317
analytical,5.0,1000.0,J2,45,0.26360607147216797
ANNet,10.0,1.0,J1,45,0.18901067972183228
ANNet,10.0,1.0,J2,45,0.4265024960041046
analytical,10.0,1.0,J1,45,0.18162901699543
analytical,10.0,1.0,J2,45,0.42357292771339417
ANNet,10.0,2.0,J1,45,0.07290114462375641
ANNet,10.0,2.0,J2,45,0.1156725212931633
analytical,10.0,2.0,J1,45,0.06507967412471771
analytical,10.0,2.0,J2,45,0.11379405856132507
ANNet,10.0,5.0,J1,45,0.08332110196352005
ANNet,10.0,5.0,J2,45,0.04377005994319916
analytical,10.0,5.0,J1,45,0.07625618577003479
analytical,10.0,5.0,J2,45,0.03910841792821884
ANNet,10.0,10.0,J1,45,0.11909818649291992
ANNet,10.0,10.0,J2,45,0.05564837530255318
analytical,10.0,10.0,J1,45,0.11421500146389008
analytical,10.0,10.0,J2,45,0.051920849829912186
ANNet,10.0,20.0,J1,45,0.16738416254520416
ANNet,10.0,20.0,J2,45,0.07673007994890213
analytical,10.0,20.0,J1,45,0.16390138864517212
analytical,10.0,20.0,J2,45,0.07403970509767532
ANNet,10.0,50.0,J1,45,0.2592321038246155
ANNet,10.0,50.0,J2,45,0.11894459277391434
analytical,10.0,50.0,J1,45,0.2569202482700348
analytical,10.0,50.0,J2,45,0.11718247830867767
ANNet,10.0,100.0,J1,45,0.36868447065353394
ANNet,10.0,100.0,J2,45,0.1691262423992157
analytical,10.0,100.0,J1,45,0.3669695258140564
analytical,10.0,100.0,J2,45,0.16783544421195984
ANNet,10.0,200.0,J1,45,0.5224077701568604
ANNet,10.0,200.0,J2,45,0.2389993965625763
analytical,10.0,200.0,J1,45,0.5210696458816528
analytical,10.0,200.0,J2,45,0.23801496624946594
ANNet,10.0,500.0,J1,45,0.8201350569725037
ANNet,10.0,500.0,J2,45,0.3744702935218811
analytical,10.0,500.0,J1,45,0.8190322518348694
analytical,10.0,500.0,J2,45,0.37369802594184875
ANNet,10.0,1000.0,J1,45,1.1577099561691284
ANNet,10.0,1000.0,J2,45,0.5279290676116943
analytical,10.0,1000.0,J1,45,1.1566357612609863
analytical,10.0,1000.0,J2,45,0.5272055268287659
ANNet,25.0,1.0,J1,45,0.20678304135799408
ANNet,25.0,1.0,J2,45,0.4250231981277466
analytical,25.0,1.0,J1,45,0.19879484176635742
analytical,25.0,1.0,J2,45,0.42192980647087097
ANNet,25.0,2.0,J1,45,0.12416820228099823
ANNet,25.0,2.0,J2,45,0.13363471627235413
analytical,25.0,2.0,J1,45,0.1160072311758995
analytical,25.0,2.0,J2,45,0.13173910975456238
ANNet,25.0,5.0,J1,45,0.19821687042713165
ANNet,25.0,5.0,J2,45,0.09404963254928589
analytical,25.0,5.0,J1,45,0.1928836703300476
analytical,25.0,5.0,J2,45,0.09176409244537354
ANNet,25.0,10.0,J1,45,0.2893637716770172
ANNet,25.0,10.0,J2,45,0.13123801350593567
analytical,25.0,10.0,J1,45,0.28562796115875244
analytical,25.0,10.0,J2,45,0.12950243055820465
ANNet,25.0,20.0,J1,45,0.4124642014503479
ANNet,25.0,20.0,J2,45,0.18631044030189514
analytical,25.0,20.0,J1,45,0.40973976254463196
analytical,25.0,20.0,J2,45,0.1850249469280243
ANNet,25.0,50.0,J1,45,0.6442010998725891
ANNet,25.0,50.0,J2,45,0.29385098814964294
analytical,25.0,50.0,J1,45,0.6422657370567322
analytical,25.0,50.0,J2,45,0.2929280996322632
ANNet,25.0,100.0,J1,45,0.9189890027046204
ANNet,25.0,100.0,J2,45,0.4203532934188843
analytical,25.0,100.0,J1,45,0.9174016118049622
analytical,25.0,100.0,J2,45,0.41956987977027893
ANNet,25.0,200.0,J1,45,1.3040728569030762
ANNet,25.0,200.0,J2,45,0.5957472324371338
analytical,25.0,200.0,J1,45,1.3026317358016968
analytical,25.0,200.0,J2,45,0.5950107574462891
ANNet,25.0,500.0,J1,45,2.048922061920166
ANNet,25.0,500.0,J2,45,0.9350482225418091
analytical,25.0,500.0,J1,45,2.0473742485046387
analytical,25.0,500.0,J2,45,0.9342097640037537
ANNet,25.0,1000.0,J1,45,2.8927879333496094
ANNet,25.0,1000.0,J2,45,1.3189347982406616
analytical,25.0,1000.0,J1,45,2.8909544944763184
analytical,25.0,1000.0,J2,45,1.3178961277008057
ANNet,0.0,1.0,J1,46,0.5993555188179016
ANNet,0.0,1.0,J2,46,0.7334619760513306
analytical,0.0,1.0,J1,46,0.5953953862190247
analytical,0.0,1.0,J2,46,0.7377431392669678
ANNet,0.0,2.0,J1,46,0.30894193053245544
ANNet,0.0,2.0,J2,46,0.34937784075737
analytical,0.0,2.0,J1,46,0.3081783056259155
analytical,0.0,2.0,J2,46,0.3517526090145111
ANNet,0.0,5.0,J1,46,0.04340370371937752
ANNet,0.0,5.0,J2,46,0.03571976721286774
analytical,0.0,5.0,J1,46,0.024563785642385483
analytical,0.0,5.0,J2,46,0.033251434564590454
ANNet,0.0,10.0,J1,46,0.03592555969953537
ANNet,0.0,10.0,J2,46,0.020640842616558075
analytical,0.0,10.0,J1,46,0.0030601988546550274
analytical,0.0,10.0,J2,46,0.0028301568236202
ANNet,0.0,20.0,J1,46,0.03580279275774956
ANNet,0.0,20.0,J2,46,0.020990384742617607
analytical,0.0,20.0,J1,46,0.0008894514758139849
analytical,0.0,20.0,J2,46,0.0002203406038461253
ANNet,0.0,50.0,J1,46,0.035793278366327286
ANNet,0.0,50.0,J2,46,0.021025212481617928
analytical,0.0,50.0,J1,46,0.00023363379295915365
analytical,0.0,50.0,J2,46,2.915227560151834e-05
ANNet,0.0,100.0,J1,46,0.03579271212220192
ANNet,0.0,100.0,J2,46,0.021026048809289932
analytical,0.0,100.0,J1,46,8.584289025748149e-05
analytical,0.0,100.0,J2,46,1.0197426490776706e-05
ANNet,0.0,200.0,J1,46,0.03579266369342804
ANNet,0.0,200.0,J2,46,0.021026091650128365
analytical,0.0,200.0,J1,46,3.223134626750834e-05
analytical,0.0,200.0,J2,46,3.901401669281768e-06
ANNet,0.0,500.0,J1,46,0.03579268231987953
ANNet,0.0,500.0,J2,46,0.021026097238063812
analytical,0.0,500.0,J1,46,9.696726010588463e-06
analytical,0.0,500.0,J2,46,1.5627554148522904e-06
ANNet,0.0,1000.0,J1,46,0.035792674869298935
ANNet,0.0,1000.0,J2,46,0.021026097238063812
analytical,0.0,1000.0,J1,46,4.647205059882253e-06
analytical,0.0,1000.0,J2,46,1.1674417237372836e-06
ANNet,1.0,1.0,J1,46,0.5990071892738342
ANNet,1.0,1.0,J2,46,0.7337476015090942
analytical,1.0,1.0,J1,46,0.5951188206672668
analytical,1.0,1.0,J2,46,0.7380064129829407
ANNet,1.0,2.0,J1,46,0.307911217212677
ANNet,1.0,2.0,J2,46,0.3489740192890167
analytical,1.0,2.0,J1,46,0.30730223655700684
analytical,1.0,2.0,J2,46,0.3513379693031311
ANNet,1.0,5.0,J1,46,0.04352128878235817
ANNet,1.0,5.0,J2,46,0.036141958087682724
analytical,1.0,5.0,J1,46,0.02710391953587532
analytical,1.0,5.0,J2,46,0.033565156161785126
ANNet,1.0,10.0,J1,46,0.038664560765028
ANNet,1.0,10.0,J2,46,0.02251330204308033
analytical,1.0,10.0,J1,46,0.018382808193564415
analytical,1.0,10.0,J2,46,0.009009049274027348
ANNet,1.0,20.0,J1,46,0.042703643441200256
ANNet,1.0,20.0,J2,46,0.02442655898630619
analytical,1.0,20.0,J1,46,0.025824779644608498
analytical,1.0,20.0,J2,46,0.012210390530526638
ANNet,1.0,50.0,J1,46,0.05297255516052246
ANNet,1.0,50.0,J2,46,0.028508929535746574
analytical,1.0,50.0,J1,46,0.040611669421195984
analytical,1.0,50.0,J2,46,0.019065294414758682
ANNet,1.0,100.0,J1,46,0.06608904153108597
ANNet,1.0,100.0,J2,46,0.03393881767988205
analytical,1.0,100.0,J1,46,0.056662414222955704
analytical,1.0,100.0,J2,46,0.02649843879044056
ANNet,1.0,200.0,J1,46,0.08690457791090012
ANNet,1.0,200.0,J2,46,0.04284195974469185
analytical,1.0,200.0,J1,46,0.07996790111064911
analytical,1.0,200.0,J2,46,0.03721805289387703
ANNet,1.0,500.0,J1,46,0.1297144889831543
ANNet,1.0,500.0,J2,46,0.061921946704387665
analytical,1.0,500.0,J1,46,0.12516658008098602
analytical,1.0,500.0,J2,46,0.0581551231443882
ANNet,1.0,1000.0,J1,46,0.17807060480117798
ANNet,1.0,1000.0,J2,46,0.08411875367164612
analytical,1.0,1000.0,J1,46,0.174775168299675
analytical,1.0,1000.0,J2,46,0.08136442303657532
ANNet,2.5,1.0,J1,46,0.5985884666442871
ANNet,2.5,1.0,J2,46,0.7341984510421753
analytical,2.5,1.0,J1,46,0.5948086380958557
analytical,2.5,1.0,J2,46,0.7384237051010132
ANNet,2.5,2.0,J1,46,0.30671924352645874
ANNet,2.5,2.0,J2,46,0.3484465479850769
analytical,2.5,2.0,J1,46,0.3063444197177887
analytical,2.5,2.0,J2,46,0.35079362988471985
ANNet,2.5,5.0,J1,46,0.05045074597001076
ANNet,2.5,5.0,J2,46,0.03864181786775589
analytical,2.5,5.0,J1,46,0.03958427160978317
analytical,2.5,5.0,J2,46,0.03604787215590477
ANNet,2.5,10.0,J1,46,0.05511987954378128
ANNet,2.5,10.0,J2,46,0.030009236186742783
analytical,2.5,10.0,J1,46,0.045465514063835144
analytical,2.5,10.0,J2,46,0.021524254232645035
ANNet,2.5,20.0,J1,46,0.07161519676446915
ANNet,2.5,20.0,J2,46,0.03727578744292259
analytical,2.5,20.0,J1,46,0.06448252499103546
analytical,2.5,20.0,J2,46,0.030513182282447815
ANNet,2.5,50.0,J1,46,0.10619994252920151
ANNet,2.5,50.0,J2,46,0.052279915660619736
analytical,2.5,50.0,J1,46,0.1015254333615303
analytical,2.5,50.0,J2,46,0.04766341671347618
ANNet,2.5,100.0,J1,46,0.14505018293857574
ANNet,2.5,100.0,J2,46,0.06965859979391098
analytical,2.5,100.0,J1,46,0.14165551960468292
analytical,2.5,100.0,J2,46,0.06624627858400345
ANNet,2.5,200.0,J1,46,0.20234909653663635
ANNet,2.5,200.0,J2,46,0.09552431106567383
analytical,2.5,200.0,J1,46,0.1999228447675705
analytical,2.5,200.0,J2,46,0.09304563701152802
ANNet,2.5,500.0,J1,46,0.31448894739151
ANNet,2.5,500.0,J2,46,0.14703047275543213
analytical,2.5,500.0,J1,46,0.31291627883911133
analytical,2.5,500.0,J2,46,0.14538761973381042
ANNet,2.5,1000.0,J1,46,0.4380911588668823
ANNet,2.5,1000.0,J2,46,0.20464111864566803
analytical,2.5,1000.0,J1,46,0.4369373321533203
analytical,2.5,1000.0,J2,46,0.20341020822525024
ANNet,5.0,1.0,J1,46,0.598168134689331
ANNet,5.0,1.0,J2,46,0.7350093722343445
analytical,5.0,1.0,J1,46,0.5945709943771362
analytical,5.0,1.0,J2,46,0.7391784191131592
ANNet,5.0,2.0,J1,46,0.30568861961364746
ANNet,5.0,2.0,J2,46,0.3477771282196045
analytical,5.0,2.0,J1,46,0.3057069182395935
analytical,5.0,2.0,J2,46,0.3500944674015045
ANNet,5.0,5.0,J1,46,0.07298099994659424
ANNet,5.0,5.0,J2,46,0.046711038798093796
analytical,5.0,5.0,J1,46,0.06818097084760666
analytical,5.0,5.0,J2,46,0.04432297125458717
ANNet,5.0,10.0,J1,46,0.09438427537679672
ANNet,5.0,10.0,J2,46,0.04778459668159485
analytical,5.0,10.0,J1,46,0.09080727398395538
analytical,5.0,10.0,J2,46,0.04273827373981476
ANNet,5.0,20.0,J1,46,0.13146676123142242
ANNet,5.0,20.0,J2,46,0.06481360644102097
analytical,5.0,20.0,J1,46,0.1289227306842804
analytical,5.0,20.0,J2,46,0.06101924926042557
ANNet,5.0,50.0,J1,46,0.20467332005500793
ANNet,5.0,50.0,J2,46,0.0978381484746933
analytical,5.0,50.0,J1,46,0.20304641127586365
analytical,5.0,50.0,J2,46,0.0953272357583046
ANNet,5.0,100.0,J1,46,0.2844945192337036
ANNet,5.0,100.0,J2,46,0.13434618711471558
analytical,5.0,100.0,J1,46,0.28331032395362854
analytical,5.0,100.0,J2,46,0.132493257522583
ANNet,5.0,200.0,J1,46,0.4007108211517334
ANNet,5.0,200.0,J2,46,0.18745598196983337
analytical,5.0,200.0,J1,46,0.3998565077781677
analytical,5.0,200.0,J2,46,0.18609294295310974
ANNet,5.0,500.0,J1,46,0.6264112591743469
ANNet,5.0,500.0,J2,46,0.29173752665519714
analytical,5.0,500.0,J1,46,0.6258305311203003
analytical,5.0,500.0,J2,46,0.29077407717704773
ANNet,5.0,1000.0,J1,46,0.8743380904197693
ANNet,5.0,1000.0,J2,46,0.40761324763298035
analytical,5.0,1000.0,J1,46,0.8738684058189392
analytical,5.0,1000.0,J2,46,0.40681612491607666
ANNet,10.0,1.0,J1,46,0.5983701944351196
ANNet,10.0,1.0,J2,46,0.7368535399436951
analytical,10.0,1.0,J1,46,0.5951444506645203
analytical,10.0,1.0,J2,46,0.74090975522995
ANNet,10.0,2.0,J1,46,0.30723854899406433
ANNet,10.0,2.0,J2,46,0.3472294509410858
analytical,10.0,2.0,J1,46,0.30803802609443665
analytical,10.0,2.0,J2,46,0.34948110580444336
ANNet,10.0,5.0,J1,46,0.13132977485656738
ANNet,10.0,5.0,J2,46,0.07052439451217651
analytical,10.0,5.0,J1,46,0.1310243308544159
analytical,10.0,5.0,J2,46,0.06861868500709534
ANNet,10.0,10.0,J1,46,0.18170423805713654
ANNet,10.0,10.0,J2,46,0.08816875517368317
analytical,10.0,10.0,J1,46,0.18156741559505463
analytical,10.0,10.0,J2,46,0.08530478179454803
ANNet,10.0,20.0,J1,46,0.2579023241996765
ANNet,10.0,20.0,J2,46,0.12413904815912247
analytical,10.0,20.0,J1,46,0.25780153274536133
analytical,10.0,20.0,J2,46,0.12203128635883331
ANNet,10.0,50.0,J1,46,0.40614670515060425
ANNet,10.0,50.0,J2,46,0.19208048284053802
analytical,10.0,50.0,J1,46,0.4060787856578827
analytical,10.0,50.0,J2,46,0.19065572321414948
ANNet,10.0,100.0,J1,46,0.5666981339454651
ANNet,10.0,100.0,J2,46,0.2660870850086212
analytical,10.0,100.0,J1,46,0.5666170120239258
analytical,10.0,100.0,J2,46,0.2649889290332794
ANNet,10.0,200.0,J1,46,0.7998418211936951
ANNet,10.0,200.0,J2,46,0.3730536699295044
analytical,10.0,200.0,J1,46,0.7997536063194275
analytical,10.0,200.0,J2,46,0.37219154834747314
ANNet,10.0,500.0,J1,46,1.2517671585083008
ANNet,10.0,500.0,J2,46,0.5822707414627075
analytical,10.0,500.0,J1,46,1.2516392469406128
analytical,10.0,500.0,J2,46,0.5815393924713135
ANNet,10.0,1000.0,J1,46,1.7478846311569214
ANNet,10.0,1000.0,J2,46,0.8143469095230103
analytical,10.0,1000.0,J1,46,1.7476776838302612
analytical,10.0,1000.0,J2,46,0.8136041760444641
ANNet,25.0,1.0,J1,46,0.6072561740875244
ANNet,25.0,1.0,J2,46,0.7441434860229492
analytical,25.0,1.0,J1,46,0.6051680445671082
analytical,25.0,1.0,J2,46,0.7478571534156799
ANNet,25.0,2.0,J1,46,0.33905261754989624
ANNet,25.0,2.0,J2,46,0.3519064486026764
analytical,25.0,2.0,J1,46,0.34187623858451843
analytical,25.0,2.0,J2,46,0.3539181351661682
ANNet,25.0,5.0,J1,46,0.32233285903930664
ANNet,25.0,5.0,J2,46,0.15704406797885895
analytical,25.0,5.0,J1,46,0.3249279260635376
analytical,25.0,5.0,J2,46,0.15572763979434967
ANNet,25.0,10.0,J1,46,0.4519696533679962
ANNet,25.0,10.0,J2,46,0.21456828713417053
analytical,25.0,10.0,J1,46,0.45390310883522034
analytical,25.0,10.0,J2,46,0.2131098359823227
ANNet,25.0,20.0,J1,46,0.6430467963218689
ANNet,25.0,20.0,J2,46,0.30615732073783875
analytical,25.0,20.0,J1,46,0.6443899273872375
analytical,25.0,20.0,J2,46,0.30506208539009094
ANNet,25.0,50.0,J1,46,1.0142468214035034
ANNet,25.0,50.0,J2,46,0.4775184988975525
analytical,25.0,50.0,J1,46,1.015088438987732
analytical,25.0,50.0,J2,46,0.47664597630500793
ANNet,25.0,100.0,J1,46,1.4159716367721558
ANNet,25.0,100.0,J2,46,0.6632940769195557
analytical,25.0,100.0,J1,46,1.4164888858795166
analytical,25.0,100.0,J2,46,0.6624820828437805
ANNet,25.0,200.0,J1,46,1.9993478059768677
ANNet,25.0,200.0,J2,46,0.9312819242477417
analytical,25.0,200.0,J1,46,1.9996193647384644
analytical,25.0,200.0,J2,46,0.9304988384246826
ANNet,25.0,500.0,J1,46,3.128720283508301
ANNet,25.0,500.0,J2,46,1.454667568206787
analytical,25.0,500.0,J1,46,3.128671646118164
analytical,25.0,500.0,J2,46,1.4537018537521362
ANNet,25.0,1000.0,J1,46,4.368523120880127
ANNet,25.0,1000.0,J2,46,2.0348896980285645
analytical,25.0,1000.0,J1,46,4.3680830001831055
analytical,25.0,1000.0,J2,46,2.033582925796509
ANNet,0.0,1.0,J1,47,0.0764307975769043
ANNet,0.0,1.0,J2,47,0.16501842439174652
analytical,0.0,1.0,J1,47,0.07559063285589218
analytical,0.0,1.0,J2,47,0.17311446368694305
ANNet,0.0,2.0,J1,47,0.02260764315724373
ANNet,0.0,2.0,J2,47,0.02597254514694214
analytical,0.0,2.0,J1,47,0.01617707684636116
analytical,0.0,2.0,J2,47,0.017030201852321625
ANNet,0.0,5.0,J1,47,0.016044028103351593
ANNet,0.0,5.0,J2,47,0.024577142670750618
analytical,0.0,5.0,J1,47,0.0027509527280926704
analytical,0.0,5.0,J2,47,0.0009686355479061604
ANNet,0.0,10.0,J1,47,0.015821542590856552
ANNet,0.0,10.0,J2,47,0.024646267294883728
analytical,0.0,10.0,J1,47,0.0009726588614284992
analytical,0.0,10.0,J2,47,0.00025225989520549774
ANNet,0.0,20.0,J1,47,0.01579270511865616
ANNet,0.0,20.0,J2,47,0.024649526923894882
analytical,0.0,20.0,J1,47,0.0003479844599496573
analytical,0.0,20.0,J2,47,8.896825602278113e-05
ANNet,0.0,50.0,J1,47,0.015788691118359566
ANNet,0.0,50.0,J2,47,0.024649549275636673
analytical,0.0,50.0,J1,47,8.983288716990501e-05
analytical,0.0,50.0,J2,47,2.2928446924197488e-05
ANNet,0.0,100.0,J1,47,0.015788443386554718
ANNet,0.0,100.0,J2,47,0.024649547412991524
analytical,0.0,100.0,J1,47,3.267460488132201e-05
analytical,0.0,100.0,J2,47,8.335220627486706e-06
ANNet,0.0,200.0,J1,47,0.01578841358423233
ANNet,0.0,200.0,J2,47,0.024649547412991524
analytical,0.0,200.0,J1,47,1.2200303899589926e-05
analytical,0.0,200.0,J2,47,3.1226009014062583e-06
ANNet,0.0,500.0,J1,47,0.015788407996296883
ANNet,0.0,500.0,J2,47,0.024649547412991524
analytical,0.0,500.0,J1,47,3.6417491173779126e-06
analytical,0.0,500.0,J2,47,9.714867701404728e-07
ANNet,0.0,1000.0,J1,47,0.01578841358423233
ANNet,0.0,1000.0,J2,47,0.024649549275636673
analytical,0.0,1000.0,J1,47,1.6966096154646948e-06
analytical,0.0,1000.0,J2,47,5.178866331334575e-07
ANNet,1.0,1.0,J1,47,0.07626193761825562
ANNet,1.0,1.0,J2,47,0.1648513525724411
analytical,1.0,1.0,J1,47,0.0755765363574028
analytical,1.0,1.0,J2,47,0.1729581505060196
ANNet,1.0,2.0,J1,47,0.022507118061184883
ANNet,1.0,2.0,J2,47,0.025879813358187675
analytical,1.0,2.0,J1,47,0.016673173755407333
analytical,1.0,2.0,J2,47,0.016933992505073547
ANNet,1.0,5.0,J1,47,0.016022909432649612
ANNet,1.0,5.0,J2,47,0.024634910747408867
analytical,1.0,5.0,J1,47,0.005002737045288086
analytical,1.0,5.0,J2,47,0.002130058826878667
ANNet,1.0,10.0,J1,47,0.016325077041983604
ANNet,1.0,10.0,J2,47,0.024773163720965385
analytical,1.0,10.0,J1,47,0.005933818873018026
analytical,1.0,10.0,J2,47,0.002654941286891699
ANNet,1.0,20.0,J1,47,0.01720239780843258
ANNet,1.0,20.0,J2,47,0.0249081552028656
analytical,1.0,20.0,J1,47,0.008055956102907658
analytical,1.0,20.0,J2,47,0.0036817246582359076
ANNet,1.0,50.0,J1,47,0.019878745079040527
ANNet,1.0,50.0,J2,47,0.0253156628459692
analytical,1.0,50.0,J1,47,0.012838402763009071
analytical,1.0,50.0,J2,47,0.0058382609859108925
ANNet,1.0,100.0,J1,47,0.02377590723335743
ANNet,1.0,100.0,J2,47,0.026003405451774597
analytical,1.0,100.0,J1,47,0.0183324683457613
analytical,1.0,100.0,J2,47,0.008335952647030354
ANNet,1.0,200.0,J1,47,0.030026625841856003
ANNet,1.0,200.0,J2,47,0.027301840484142303
analytical,1.0,200.0,J1,47,0.025973184034228325
analytical,1.0,200.0,J2,47,0.01178589928895235
ANNet,1.0,500.0,J1,47,0.04341684281826019
ANNet,1.0,500.0,J2,47,0.030771851539611816
analytical,1.0,500.0,J1,47,0.0407986044883728
analytical,1.0,500.0,J2,47,0.018467385321855545
ANNet,1.0,1000.0,J1,47,0.058831263333559036
ANNet,1.0,1000.0,J2,47,0.03565914183855057
analytical,1.0,1000.0,J1,47,0.057017289102077484
analytical,1.0,1000.0,J2,47,0.025820845738053322
ANNet,2.5,1.0,J1,47,0.07611587643623352
ANNet,2.5,1.0,J2,47,0.1646115779876709
analytical,2.5,1.0,J1,47,0.07566490769386292
analytical,2.5,1.0,J2,47,0.1727340668439865
ANNet,2.5,2.0,J1,47,0.022929346188902855
ANNet,2.5,2.0,J2,47,0.025848768651485443
analytical,2.5,2.0,J1,47,0.018127670511603355
analytical,2.5,2.0,J2,47,0.016955692321062088
ANNet,2.5,5.0,J1,47,0.017887745052576065
ANNet,2.5,5.0,J2,47,0.024992898106575012
analytical,2.5,5.0,J1,47,0.010766195133328438
analytical,2.5,5.0,J2,47,0.0048474837094545364
ANNet,2.5,10.0,J1,47,0.02042791061103344
ANNet,2.5,10.0,J2,47,0.025481805205345154
analytical,2.5,10.0,J1,47,0.014628089964389801
analytical,2.5,10.0,J2,47,0.006620920728892088
ANNet,2.5,20.0,J1,47,0.02464093640446663
ANNet,2.5,20.0,J2,47,0.02627280168235302
analytical,2.5,20.0,J1,47,0.02012978494167328
analytical,2.5,20.0,J2,47,0.009200981818139553
ANNet,2.5,50.0,J1,47,0.035045597702264786
ANNet,2.5,50.0,J2,47,0.02860359661281109
analytical,2.5,50.0,J1,47,0.03209983557462692
analytical,2.5,50.0,J2,47,0.014594435691833496
ANNet,2.5,100.0,J1,47,0.04786764457821846
ANNet,2.5,100.0,J2,47,0.032229796051979065
analytical,2.5,100.0,J1,47,0.0458315871655941
analytical,2.5,100.0,J2,47,0.020839763805270195
ANNet,2.5,200.0,J1,47,0.06628133356571198
ANNet,2.5,200.0,J2,47,0.038357846438884735
analytical,2.5,200.0,J1,47,0.06493318825960159
analytical,2.5,200.0,J2,47,0.02946474589407444
ANNet,2.5,500.0,J1,47,0.1026625707745552
ANNet,2.5,500.0,J2,47,0.05225655436515808
analytical,2.5,500.0,J1,47,0.10199648141860962
analytical,2.5,500.0,J2,47,0.0461684875190258
ANNet,2.5,1000.0,J1,47,0.14279423654079437
ANNet,2.5,1000.0,J2,47,0.06899169087409973
analytical,2.5,1000.0,J1,47,0.14254295825958252
analytical,2.5,1000.0,J2,47,0.06455210596323013
ANNet,5.0,1.0,J1,47,0.07615967839956284
ANNet,5.0,1.0,J2,47,0.16424091160297394
analytical,5.0,1.0,J1,47,0.07610262185335159
analytical,5.0,1.0,J2,47,0.17238841950893402
ANNet,5.0,2.0,J1,47,0.02504057064652443
ANNet,5.0,2.0,J2,47,0.026085224002599716
analytical,5.0,2.0,J1,47,0.02197197638452053
analytical,5.0,2.0,J2,47,0.017428508028388023
ANNet,5.0,5.0,J1,47,0.024427752941846848
ANNet,5.0,5.0,J2,47,0.02627273090183735
analytical,5.0,5.0,J1,47,0.02097383886575699
analytical,5.0,5.0,J2,47,0.009553358890116215
ANNet,5.0,10.0,J1,47,0.031717341393232346
ANNet,5.0,10.0,J2,47,0.027902735397219658
analytical,5.0,10.0,J1,47,0.02918219566345215
analytical,5.0,10.0,J2,47,0.013240482658147812
ANNet,5.0,20.0,J1,47,0.04207005351781845
ANNet,5.0,20.0,J2,47,0.03068631701171398
analytical,5.0,20.0,J1,47,0.04025884345173836
analytical,5.0,20.0,J2,47,0.01840059831738472
ANNet,5.0,50.0,J1,47,0.06522627174854279
ANNet,5.0,50.0,J2,47,0.03812173008918762
analytical,5.0,50.0,J1,47,0.0642024427652359
analytical,5.0,50.0,J2,47,0.029188090935349464
ANNet,5.0,100.0,J1,47,0.09223180264234543
ANNet,5.0,100.0,J2,47,0.048328544944524765
analytical,5.0,100.0,J1,47,0.09166362136602402
analytical,5.0,100.0,J2,47,0.041679468005895615
ANNet,5.0,200.0,J1,47,0.13005536794662476
ANNet,5.0,200.0,J2,47,0.06376434117555618
analytical,5.0,200.0,J1,47,0.1298667937517166
analytical,5.0,200.0,J2,47,0.058929577469825745
ANNet,5.0,500.0,J1,47,0.20371539890766144
ANNet,5.0,500.0,J2,47,0.0954124927520752
analytical,5.0,500.0,J1,47,0.2039927840232849
analytical,5.0,500.0,J2,47,0.09233705699443817
ANNet,5.0,1000.0,J1,47,0.28443342447280884
ANNet,5.0,1000.0,J2,47,0.13122470676898956
analytical,5.0,1000.0,J1,47,0.2850847840309143
analytical,5.0,1000.0,J2,47,0.1291041076183319
ANNet,10.0,1.0,J1,47,0.07731609046459198
ANNet,10.0,1.0,J2,47,0.16360902786254883
analytical,10.0,1.0,J1,47,0.07803885638713837
analytical,10.0,1.0,J2,47,0.17180217802524567
ANNet,10.0,2.0,J1,47,0.033006854355335236
ANNet,10.0,2.0,J2,47,0.02758767083287239
analytical,10.0,2.0,J1,47,0.032446883618831635
analytical,10.0,2.0,J2,47,0.01981505937874317
ANNet,10.0,5.0,J1,47,0.042341094464063644
ANNet,10.0,5.0,J2,47,0.030927149578928947
analytical,10.0,5.0,J1,47,0.041651271283626556
analytical,10.0,5.0,J2,47,0.019037576392292976
ANNet,10.0,10.0,J1,47,0.05872427672147751
ANNet,10.0,10.0,J2,47,0.03604314103722572
analytical,10.0,10.0,J1,47,0.05831470713019371
analytical,10.0,10.0,J2,47,0.026483191177248955
ANNet,10.0,20.0,J1,47,0.08068569004535675
ANNet,10.0,20.0,J2,47,0.04416578635573387
analytical,10.0,20.0,J1,47,0.08051913976669312
analytical,10.0,20.0,J2,47,0.03680010512471199
ANNet,10.0,50.0,J1,47,0.12825430929660797
ANNet,10.0,50.0,J2,47,0.0632224753499031
analytical,10.0,50.0,J1,47,0.12840762734413147
analytical,10.0,50.0,J2,47,0.05837537720799446
ANNet,10.0,100.0,J1,47,0.1829153299331665
ANNet,10.0,100.0,J2,47,0.08675635606050491
analytical,10.0,100.0,J1,47,0.18332822620868683
analytical,10.0,100.0,J2,47,0.08335892111063004
ANNet,10.0,200.0,J1,47,0.25901657342910767
ANNet,10.0,200.0,J2,47,0.12019868195056915
analytical,10.0,200.0,J1,47,0.25973495841026306
analytical,10.0,200.0,J2,47,0.11785952746868134
ANNet,10.0,500.0,J1,47,0.4067338705062866
ANNet,10.0,500.0,J2,47,0.1860068440437317
analytical,10.0,500.0,J1,47,0.4079841375350952
analytical,10.0,500.0,J2,47,0.18467429280281067
ANNet,10.0,1000.0,J1,47,0.5683693289756775
ANNet,10.0,1000.0,J2,47,0.2589684724807739
analytical,10.0,1000.0,J1,47,0.570163369178772
analytical,10.0,1000.0,J2,47,0.25820741057395935
ANNet,25.0,1.0,J1,47,0.0884498730301857
ANNet,25.0,1.0,J2,47,0.16260221600532532
analytical,25.0,1.0,J1,47,0.09116001427173615
analytical,25.0,1.0,J2,47,0.17089495062828064
ANNet,25.0,2.0,J1,47,0.06749574095010757
ANNet,25.0,2.0,J2,47,0.03810074180364609
analytical,25.0,2.0,J1,47,0.06968947499990463
analytical,25.0,2.0,J2,47,0.03332023322582245
ANNet,25.0,5.0,J1,47,0.1025746762752533
ANNet,25.0,5.0,J2,47,0.053247228264808655
analytical,25.0,5.0,J1,47,0.10389992594718933
analytical,25.0,5.0,J2,47,0.047549061477184296
ANNet,25.0,10.0,J1,47,0.1445617377758026
ANNet,25.0,10.0,J2,47,0.07040818780660629
analytical,25.0,10.0,J1,47,0.14573264122009277
analytical,25.0,10.0,J2,47,0.06621412187814713
ANNet,25.0,20.0,J1,47,0.20012599229812622
ANNet,25.0,20.0,J2,47,0.09501097351312637
analytical,25.0,20.0,J1,47,0.20130141079425812
analytical,25.0,20.0,J2,47,0.09199859946966171
ANNet,25.0,50.0,J1,47,0.31964346766471863
ANNet,25.0,50.0,J2,47,0.1477084755897522
analytical,25.0,50.0,J1,47,0.3210219144821167
analytical,25.0,50.0,J2,47,0.14593690633773804
ANNet,25.0,100.0,J1,47,0.45660200715065
ANNet,25.0,100.0,J2,47,0.20947280526161194
analytical,25.0,100.0,J1,47,0.4583251476287842
analytical,25.0,100.0,J2,47,0.2083975374698639
ANNet,25.0,200.0,J1,47,0.6470720171928406
ANNet,25.0,200.0,J2,47,0.29519322514533997
analytical,25.0,200.0,J1,47,0.6493440866470337
analytical,25.0,200.0,J2,47,0.2946512997150421
ANNet,25.0,500.0,J1,47,1.016554832458496
ANNet,25.0,500.0,J2,47,0.4616205096244812
analytical,25.0,500.0,J1,47,1.0199382305145264
analytical,25.0,500.0,J2,47,0.4616847634315491
ANNet,25.0,1000.0,J1,47,1.4207626581192017
ANNet,25.0,1000.0,J2,47,0.6450105309486389
analytical,25.0,1000.0,J1,47,1.4253283739089966
analytical,25.0,1000.0,J2,47,0.6455056071281433
ANNet,0.0,1.0,J1,48,0.4650600254535675
ANNet,0.0,1.0,J2,48,0.8886539936065674
analytical,0.0,1.0,J1,48,0.4577082693576813
analytical,0.0,1.0,J2,48,0.8943971991539001
ANNet,0.0,2.0,J1,48,0.25892382860183716
ANNet,0.0,2.0,J2,48,0.41938212513923645
analytical,0.0,2.0,J1,48,0.2555956244468689
analytical,0.0,2.0,J2,48,0.4227159023284912
ANNet,0.0,5.0,J1,48,0.047163330018520355
ANNet,0.0,5.0,J2,48,0.044416751712560654
analytical,0.0,5.0,J1,48,0.026029109954833984
analytical,0.0,5.0,J2,48,0.04396345093846321
ANNet,0.0,10.0,J1,48,0.03788043558597565
ANNet,0.0,10.0,J2,48,0.019702671095728874
analytical,0.0,10.0,J1,48,0.0025424500927329063
analytical,0.0,10.0,J2,48,0.004400249104946852
ANNet,0.0,20.0,J1,48,0.03767848014831543
ANNet,0.0,20.0,J2,48,0.02001742459833622
analytical,0.0,20.0,J1,48,0.0004453563306014985
analytical,0.0,20.0,J2,48,0.0008083052816800773
ANNet,0.0,50.0,J1,48,0.03766944631934166
ANNet,0.0,50.0,J2,48,0.020054198801517487
analytical,0.0,50.0,J1,48,0.00010552191088208929
analytical,0.0,50.0,J2,48,0.00019490128033794463
ANNet,0.0,100.0,J1,48,0.037669189274311066
ANNet,0.0,100.0,J2,48,0.020054612308740616
analytical,0.0,100.0,J1,48,3.8045207475079224e-05
analytical,0.0,100.0,J2,48,7.034953159745783e-05
ANNet,0.0,200.0,J1,48,0.03766914829611778
ANNet,0.0,200.0,J2,48,0.020054606720805168
analytical,0.0,200.0,J1,48,1.4327844837680459e-05
analytical,0.0,200.0,J2,48,2.6144904040847905e-05
ANNet,0.0,500.0,J1,48,0.03766912594437599
ANNet,0.0,500.0,J2,48,0.020054630935192108
analytical,0.0,500.0,J1,48,4.877155788562959e-06
analytical,0.0,500.0,J2,48,7.686600838496815e-06
ANNet,0.0,1000.0,J1,48,0.03766912594437599
ANNet,0.0,1000.0,J2,48,0.020054645836353302
analytical,0.0,1000.0,J1,48,3.0693202006659703e-06
analytical,0.0,1000.0,J2,48,3.4404588404868264e-06
ANNet,1.0,1.0,J1,48,0.4666588604450226
ANNet,1.0,1.0,J2,48,0.8877514600753784
analytical,1.0,1.0,J1,48,0.4592849016189575
analytical,1.0,1.0,J2,48,0.8934786915779114
ANNet,1.0,2.0,J1,48,0.25825440883636475
ANNet,1.0,2.0,J2,48,0.4199628531932831
analytical,1.0,2.0,J1,48,0.2547326683998108
analytical,1.0,2.0,J2,48,0.4232087731361389
ANNet,1.0,5.0,J1,48,0.05003887787461281
ANNet,1.0,5.0,J2,48,0.04564164951443672
analytical,1.0,5.0,J1,48,0.029428699985146523
analytical,1.0,5.0,J2,48,0.044383976608514786
ANNet,1.0,10.0,J1,48,0.043761689215898514
ANNet,1.0,10.0,J2,48,0.02332335337996483
analytical,1.0,10.0,J1,48,0.019872022792696953
analytical,1.0,10.0,J2,48,0.009956215508282185
ANNet,1.0,20.0,J1,48,0.0474977046251297
ANNet,1.0,20.0,J2,48,0.025254152715206146
analytical,1.0,20.0,J1,48,0.027251683175563812
analytical,1.0,20.0,J2,48,0.012673276476562023
ANNet,1.0,50.0,J1,48,0.05682888627052307
ANNet,1.0,50.0,J2,48,0.029294336214661598
analytical,1.0,50.0,J1,48,0.0414249487221241
analytical,1.0,50.0,J2,48,0.01945514976978302
ANNet,1.0,100.0,J1,48,0.07017436623573303
ANNet,1.0,100.0,J2,48,0.03512144088745117
analytical,1.0,100.0,J1,48,0.05839924141764641
analytical,1.0,100.0,J2,48,0.02744888700544834
ANNet,1.0,200.0,J1,48,0.09134252369403839
ANNet,1.0,200.0,J2,48,0.04463017359375954
analytical,1.0,200.0,J1,48,0.0826326236128807
analytical,1.0,200.0,J2,48,0.038871847093105316
ANNet,1.0,500.0,J1,48,0.13591457903385162
ANNet,1.0,500.0,J2,48,0.06500115245580673
analytical,1.0,500.0,J1,48,0.13020670413970947
analytical,1.0,500.0,J2,48,0.06116980314254761
ANNet,1.0,1000.0,J1,48,0.18624059855937958
ANNet,1.0,1000.0,J2,48,0.08822786062955856
analytical,1.0,1000.0,J1,48,0.18210181593894958
analytical,1.0,1000.0,J2,48,0.08541890978813171
ANNet,2.5,1.0,J1,48,0.4692104160785675
ANNet,2.5,1.0,J2,48,0.8864132761955261
analytical,2.5,1.0,J1,48,0.4618059992790222
analytical,2.5,1.0,J2,48,0.8921161890029907
ANNet,2.5,2.0,J1,48,0.2578057050704956
ANNet,2.5,2.0,J2,48,0.4209035634994507
analytical,2.5,2.0,J1,48,0.25400015711784363
analytical,2.5,2.0,J2,48,0.42401739954948425
ANNet,2.5,5.0,J1,48,0.06036154925823212
ANNet,2.5,5.0,J2,48,0.04903439059853554
analytical,2.5,5.0,J1,48,0.04323604702949524
analytical,2.5,5.0,J2,48,0.04670332744717598
ANNet,2.5,10.0,J1,48,0.06390217691659927
ANNet,2.5,10.0,J2,48,0.03291221335530281
analytical,2.5,10.0,J1,48,0.04924657568335533
analytical,2.5,10.0,J2,48,0.022889023646712303
ANNet,2.5,20.0,J1,48,0.0793541818857193
ANNet,2.5,20.0,J2,48,0.03991403430700302
analytical,2.5,20.0,J1,48,0.06812580674886703
analytical,2.5,20.0,J2,48,0.03161412850022316
ANNet,2.5,50.0,J1,48,0.11128519475460052
ANNet,2.5,50.0,J2,48,0.0544261708855629
analytical,2.5,50.0,J1,48,0.10356811434030533
analytical,2.5,50.0,J2,48,0.04862387478351593
ANNet,2.5,100.0,J1,48,0.15157929062843323
ANNet,2.5,100.0,J2,48,0.07286285609006882
analytical,2.5,100.0,J1,48,0.14599688351154327
analytical,2.5,100.0,J2,48,0.06861941516399384
ANNet,2.5,200.0,J1,48,0.2105800062417984
ANNet,2.5,200.0,J2,48,0.10024423897266388
analytical,2.5,200.0,J1,48,0.2065780609846115
analytical,2.5,200.0,J2,48,0.0971793681383133
ANNet,2.5,500.0,J1,48,0.3280998468399048
ANNet,2.5,500.0,J2,48,0.15494050085544586
analytical,2.5,500.0,J1,48,0.32551121711730957
analytical,2.5,500.0,J2,48,0.15292347967624664
ANNet,2.5,1000.0,J1,48,0.4571341276168823
ANNet,2.5,1000.0,J2,48,0.21505604684352875
analytical,2.5,1000.0,J1,48,0.45524299144744873
analytical,2.5,1000.0,J2,48,0.2135443240404129
ANNet,5.0,1.0,J1,48,0.4738643765449524
ANNet,5.0,1.0,J2,48,0.8842246532440186
analytical,5.0,1.0,J1,48,0.4664168655872345
analytical,5.0,1.0,J2,48,0.8898864984512329
ANNet,5.0,2.0,J1,48,0.25854435563087463
ANNet,5.0,2.0,J2,48,0.4226556122303009
analytical,5.0,2.0,J1,48,0.2542889416217804
analytical,5.0,2.0,J2,48,0.4255487620830536
ANNet,5.0,5.0,J1,48,0.0863940566778183
ANNet,5.0,5.0,J2,48,0.05792282149195671
analytical,5.0,5.0,J1,48,0.0739118829369545
analytical,5.0,5.0,J2,48,0.054296158254146576
ANNet,5.0,10.0,J1,48,0.10751423984766006
ANNet,5.0,10.0,J2,48,0.05288359895348549
analytical,5.0,10.0,J1,48,0.09833420813083649
analytical,5.0,10.0,J2,48,0.04522707313299179
ANNet,5.0,20.0,J1,48,0.1430484652519226
ANNet,5.0,20.0,J2,48,0.06917035579681396
analytical,5.0,20.0,J1,48,0.13625232875347137
analytical,5.0,20.0,J2,48,0.06320133805274963
ANNet,5.0,50.0,J1,48,0.21169009804725647
ANNet,5.0,50.0,J2,48,0.10127049684524536
analytical,5.0,50.0,J1,48,0.2071385681629181
analytical,5.0,50.0,J2,48,0.09723853319883347
ANNet,5.0,100.0,J1,48,0.2952541708946228
ANNet,5.0,100.0,J2,48,0.14015737175941467
analytical,5.0,100.0,J1,48,0.29198628664016724
analytical,5.0,100.0,J2,48,0.13723668456077576
ANNet,5.0,200.0,J1,48,0.4154994487762451
ANNet,5.0,200.0,J2,48,0.19647981226444244
analytical,5.0,200.0,J1,48,0.4131437838077545
analytical,5.0,200.0,J2,48,0.1943584829568863
ANNet,5.0,500.0,J1,48,0.6525692343711853
ANNet,5.0,500.0,J2,48,0.30729976296424866
analytical,5.0,500.0,J1,48,0.6510024666786194
analytical,5.0,500.0,J2,48,0.30584293603897095
ANNet,5.0,1000.0,J1,48,0.911638081073761
ANNet,5.0,1000.0,J2,48,0.4282485842704773
analytical,5.0,1000.0,J1,48,0.9104434251785278
analytical,5.0,1000.0,J2,48,0.42707714438438416
ANNet,10.0,1.0,J1,48,0.4846239984035492
ANNet,10.0,1.0,J2,48,0.8800050020217896
analytical,10.0,1.0,J1,48,0.4771172106266022
analytical,10.0,1.0,J2,48,0.8855828642845154
ANNet,10.0,2.0,J1,48,0.2654920518398285
ANNet,10.0,2.0,J2,48,0.42684006690979004
analytical,10.0,2.0,J1,48,0.2604542374610901
analytical,10.0,2.0,J2,48,0.42929092049598694
ANNet,10.0,5.0,J1,48,0.1493629664182663
ANNet,10.0,5.0,J2,48,0.08254655450582504
analytical,10.0,5.0,J1,48,0.14091169834136963
analytical,10.0,5.0,J2,48,0.0776994451880455
ANNet,10.0,10.0,J1,48,0.2024674266576767
ANNet,10.0,10.0,J2,48,0.09632406383752823
analytical,10.0,10.0,J1,48,0.19655941426753998
analytical,10.0,10.0,J2,48,0.090217225253582
ANNet,10.0,20.0,J1,48,0.2768748104572296
ANNet,10.0,20.0,J2,48,0.13100729882717133
analytical,10.0,20.0,J1,48,0.2725066840648651
analytical,10.0,20.0,J2,48,0.12637796998023987
ANNet,10.0,50.0,J1,48,0.417196661233902
ANNet,10.0,50.0,J2,48,0.19759145379066467
analytical,10.0,50.0,J1,48,0.4142735004425049
analytical,10.0,50.0,J2,48,0.1944655328989029
ANNet,10.0,100.0,J1,48,0.5860603451728821
ANNet,10.0,100.0,J2,48,0.2767649292945862
analytical,10.0,100.0,J1,48,0.583939254283905
analytical,10.0,100.0,J2,48,0.27446964383125305
ANNet,10.0,200.0,J1,48,0.8278157711029053
ANNet,10.0,200.0,J2,48,0.3904381990432739
analytical,10.0,200.0,J1,48,0.8262352347373962
analytical,10.0,200.0,J2,48,0.388715535402298
ANNet,10.0,500.0,J1,48,1.30306077003479
ANNet,10.0,500.0,J2,48,0.6129787564277649
analytical,10.0,500.0,J1,48,1.3019132614135742
analytical,10.0,500.0,J2,48,0.6116657257080078
ANNet,10.0,1000.0,J1,48,1.8216615915298462
ANNet,10.0,1000.0,J2,48,0.8553012609481812
analytical,10.0,1000.0,J1,48,1.8206851482391357
analytical,10.0,1000.0,J2,48,0.8540964722633362
ANNet,25.0,1.0,J1,48,0.5273382067680359
ANNet,25.0,1.0,J2,48,0.8686345815658569
analytical,25.0,1.0,J1,48,0.5198330879211426
analytical,25.0,1.0,J2,48,0.8739444613456726
ANNet,25.0,2.0,J1,48,0.32317328453063965
ANNet,25.0,2.0,J2,48,0.4445779621601105
analytical,25.0,2.0,J1,48,0.3168671429157257
analytical,25.0,2.0,J2,48,0.4457192122936249
ANNet,25.0,5.0,J1,48,0.35283663868904114
ANNet,25.0,5.0,J2,48,0.1721964329481125
analytical,25.0,5.0,J1,48,0.3474106788635254
analytical,25.0,5.0,J2,48,0.1665775179862976
ANNet,25.0,10.0,J1,48,0.495132714509964
ANNet,25.0,10.0,J2,48,0.2305430769920349
analytical,25.0,10.0,J1,48,0.4912802577018738
analytical,25.0,10.0,J2,48,0.2254176288843155
ANNet,25.0,20.0,J1,48,0.6842315793037415
ANNet,25.0,20.0,J2,48,0.3197457194328308
analytical,25.0,20.0,J1,48,0.6812714338302612
analytical,25.0,20.0,J2,48,0.31586894392967224
ANNet,25.0,50.0,J1,48,1.0376659631729126
ANNet,25.0,50.0,J2,48,0.4888603389263153
analytical,25.0,50.0,J1,48,1.0356253385543823
analytical,25.0,50.0,J2,48,0.48612257838249207
ANNet,25.0,100.0,J1,48,1.461132287979126
ANNet,25.0,100.0,J2,48,0.6882790923118591
analytical,25.0,100.0,J1,48,1.4595732688903809
analytical,25.0,100.0,J2,48,0.6861476302146912
ANNet,25.0,200.0,J1,48,2.0664522647857666
ANNet,25.0,200.0,J2,48,0.9735297560691833
analytical,25.0,200.0,J1,48,2.065136432647705
analytical,25.0,200.0,J2,48,0.9717569351196289
ANNet,25.0,500.0,J1,48,3.255140542984009
ANNet,25.0,500.0,J2,48,1.5306881666183472
analytical,25.0,500.0,J1,48,3.2538669109344482
analytical,25.0,500.0,J2,48,1.5289329290390015
ANNet,25.0,1000.0,J1,48,4.551047325134277
ANNet,25.0,1000.0,J2,48,2.136644124984741
analytical,25.0,1000.0,J1,48,4.549588203430176
analytical,25.0,1000.0,J2,48,2.134577512741089
ANNet,0.0,1.0,J1,49,0.26503634452819824
ANNet,0.0,1.0,J2,49,0.20206986367702484
analytical,0.0,1.0,J1,49,0.25758978724479675
analytical,0.0,1.0,J2,49,0.20222429931163788
ANNet,0.0,2.0,J1,49,0.08220819383859634
ANNet,0.0,2.0,J2,49,0.05241776257753372
analytical,0.0,2.0,J1,49,0.07915311306715012
analytical,0.0,2.0,J2,49,0.042781148105859756
ANNet,0.0,5.0,J1,49,0.025263329967856407
ANNet,0.0,5.0,J2,49,0.03178895264863968
analytical,0.0,5.0,J1,49,0.01546836644411087
analytical,0.0,5.0,J2,49,0.009055445902049541
ANNet,0.0,10.0,J1,49,0.020698588341474533
ANNet,0.0,10.0,J2,49,0.030659670010209084
analytical,0.0,10.0,J1,49,0.005464039742946625
analytical,0.0,10.0,J2,49,0.0031967870891094208
ANNet,0.0,20.0,J1,49,0.02006327547132969
ANNet,0.0,20.0,J2,49,0.03051784634590149
analytical,0.0,20.0,J1,49,0.0019455318106338382
analytical,0.0,20.0,J2,49,0.0011368715204298496
ANNet,0.0,50.0,J1,49,0.01997584104537964
ANNet,0.0,50.0,J2,49,0.030498461797833443
analytical,0.0,50.0,J1,49,0.0005006252322345972
analytical,0.0,50.0,J2,49,0.00029250304214656353
ANNet,0.0,100.0,J1,49,0.019970407709479332
ANNet,0.0,100.0,J2,49,0.03049718588590622
analytical,0.0,100.0,J1,49,0.00018181426275987178
analytical,0.0,100.0,J2,49,0.00010624148126225919
ANNet,0.0,200.0,J1,49,0.019969675689935684
ANNet,0.0,200.0,J2,49,0.030496982857584953
analytical,0.0,200.0,J1,49,6.76890995237045e-05
analytical,0.0,200.0,J2,49,3.955580905312672e-05
ANNet,0.0,500.0,J1,49,0.019969556480646133
ANNet,0.0,500.0,J2,49,0.030496923252940178
analytical,0.0,500.0,J1,49,1.9749035345739685e-05
analytical,0.0,500.0,J2,49,1.1524289220687933e-05
ANNet,0.0,1000.0,J1,49,0.019969545304775238
ANNet,0.0,1000.0,J2,49,0.030496912077069283
analytical,0.0,1000.0,J1,49,8.515343324688729e-06
analytical,0.0,1000.0,J2,49,4.948723017150769e-06
ANNet,1.0,1.0,J1,49,0.26561617851257324
ANNet,1.0,1.0,J2,49,0.2018081098794937
analytical,1.0,1.0,J1,49,0.25816985964775085
analytical,1.0,1.0,J2,49,0.20188704133033752
ANNet,1.0,2.0,J1,49,0.08310741931200027
ANNet,1.0,2.0,J2,49,0.05272550880908966
analytical,1.0,2.0,J1,49,0.07993137836456299
analytical,1.0,2.0,J2,49,0.042826440185308456
ANNet,1.0,5.0,J1,49,0.026540732011198997
ANNet,1.0,5.0,J2,49,0.03232806175947189
analytical,1.0,5.0,J1,49,0.016708051785826683
analytical,1.0,5.0,J2,49,0.009449740871787071
ANNet,1.0,10.0,J1,49,0.02245292067527771
ANNet,1.0,10.0,J2,49,0.031252142041921616
analytical,1.0,10.0,J1,49,0.008915236219763756
analytical,1.0,10.0,J2,49,0.004444076679646969
ANNet,1.0,20.0,J1,49,0.022825846448540688
ANNet,1.0,20.0,J2,49,0.03124750405550003
analytical,1.0,20.0,J1,49,0.009806358255445957
analytical,1.0,20.0,J2,49,0.004381190985441208
ANNet,1.0,50.0,J1,49,0.025909414514899254
ANNet,1.0,50.0,J2,49,0.03170367702841759
analytical,1.0,50.0,J1,49,0.015693163499236107
analytical,1.0,50.0,J2,49,0.0069151995703577995
ANNet,1.0,100.0,J1,49,0.030155343934893608
ANNet,1.0,100.0,J2,49,0.032411541789770126
analytical,1.0,100.0,J1,49,0.022003505378961563
analytical,1.0,100.0,J2,49,0.00965026393532753
ANNet,1.0,200.0,J1,49,0.037229616194963455
ANNet,1.0,200.0,J2,49,0.03379051759839058
analytical,1.0,200.0,J1,49,0.03098992630839348
analytical,1.0,200.0,J2,49,0.013572264462709427
ANNet,1.0,500.0,J1,49,0.05340450629591942
ANNet,1.0,500.0,J2,49,0.037721823900938034
analytical,1.0,500.0,J1,49,0.04924344643950462
analytical,1.0,500.0,J2,49,0.021557917818427086
ANNet,1.0,1000.0,J1,49,0.07199428230524063
ANNet,1.0,1000.0,J2,49,0.04323265329003334
analytical,1.0,1000.0,J1,49,0.06894747912883759
analytical,1.0,1000.0,J2,49,0.030164066702127457
ANNet,2.5,1.0,J1,49,0.26651981472969055
ANNet,2.5,1.0,J2,49,0.20142395794391632
analytical,2.5,1.0,J1,49,0.2590746581554413
analytical,2.5,1.0,J2,49,0.20138920843601227
ANNet,2.5,2.0,J1,49,0.08470429480075836
ANNet,2.5,2.0,J2,49,0.0532662570476532
analytical,2.5,2.0,J1,49,0.0813608393073082
analytical,2.5,2.0,J2,49,0.04299614205956459
ANNet,2.5,5.0,J1,49,0.030000722035765648
ANNet,2.5,5.0,J2,49,0.03340044990181923
analytical,2.5,5.0,J1,49,0.02086016908288002
analytical,2.5,5.0,J2,49,0.010900162160396576
ANNet,2.5,10.0,J1,49,0.028255531564354897
ANNet,2.5,10.0,J2,49,0.03266298398375511
analytical,2.5,10.0,J1,49,0.018285587430000305
analytical,2.5,10.0,J2,49,0.008312595076858997
ANNet,2.5,20.0,J1,49,0.03233180195093155
ANNet,2.5,20.0,J2,49,0.03333618491888046
analytical,2.5,20.0,J1,49,0.024102453142404556
analytical,2.5,20.0,J2,49,0.010637172497808933
ANNet,2.5,50.0,J1,49,0.04476643353700638
ANNet,2.5,50.0,J2,49,0.036017391830682755
analytical,2.5,50.0,J1,49,0.03922753036022186
analytical,2.5,50.0,J2,49,0.017282048240303993
ANNet,2.5,100.0,J1,49,0.05909145250916481
ANNet,2.5,100.0,J2,49,0.039762046188116074
analytical,2.5,100.0,J1,49,0.05500483140349388
analytical,2.5,100.0,J2,49,0.02412335015833378
ANNet,2.5,200.0,J1,49,0.08044572174549103
ANNet,2.5,200.0,J2,49,0.046386606991291046
analytical,2.5,200.0,J1,49,0.07747455686330795
analytical,2.5,200.0,J2,49,0.03393043577671051
ANNet,2.5,500.0,J1,49,0.12503641843795776
ANNet,2.5,500.0,J2,49,0.06252127885818481
analytical,2.5,500.0,J1,49,0.12310890108346939
analytical,2.5,500.0,J2,49,0.05389479547739029
ANNet,2.5,1000.0,J1,49,0.17379187047481537
ANNet,2.5,1000.0,J2,49,0.08183616399765015
analytical,2.5,1000.0,J1,49,0.17236843705177307
analytical,2.5,1000.0,J2,49,0.07541000097990036
ANNet,5.0,1.0,J1,49,0.26811540126800537
ANNet,5.0,1.0,J2,49,0.20080655813217163
analytical,5.0,1.0,J1,49,0.26067429780960083
analytical,5.0,1.0,J2,49,0.2005811333656311
ANNet,5.0,2.0,J1,49,0.08798511326313019
ANNet,5.0,2.0,J2,49,0.05437123402953148
analytical,5.0,2.0,J1,49,0.08440060913562775
analytical,5.0,2.0,J2,49,0.043546199798583984
ANNet,5.0,5.0,J1,49,0.03851088136434555
ANNet,5.0,5.0,J2,49,0.03581574186682701
analytical,5.0,5.0,J1,49,0.030846934765577316
analytical,5.0,5.0,J2,49,0.014748865738511086
ANNet,5.0,10.0,J1,49,0.04207845777273178
ANNet,5.0,10.0,J2,49,0.036206476390361786
analytical,5.0,10.0,J1,49,0.03521835431456566
analytical,5.0,10.0,J2,49,0.015646863728761673
ANNet,5.0,20.0,J1,49,0.05332426726818085
ANNet,5.0,20.0,J2,49,0.038930363953113556
analytical,5.0,20.0,J1,49,0.04808378219604492
analytical,5.0,20.0,J2,49,0.021182019263505936
ANNet,5.0,50.0,J1,49,0.0817931666970253
ANNet,5.0,50.0,J2,49,0.04757379740476608
analytical,5.0,50.0,J1,49,0.07845781743526459
analytical,5.0,50.0,J2,49,0.0345650278031826
ANNet,5.0,100.0,J1,49,0.11242915689945221
ANNet,5.0,100.0,J2,49,0.05829383432865143
analytical,5.0,100.0,J1,49,0.11000774800777435
analytical,5.0,100.0,J2,49,0.04824554920196533
ANNet,5.0,200.0,J1,49,0.1567150503396988
ANNet,5.0,200.0,J2,49,0.07537294179201126
analytical,5.0,200.0,J1,49,0.15494929254055023
analytical,5.0,200.0,J2,49,0.06786072254180908
ANNet,5.0,500.0,J1,49,0.24740652740001678
ANNet,5.0,500.0,J2,49,0.11273805052042007
analytical,5.0,500.0,J1,49,0.24621811509132385
analytical,5.0,500.0,J2,49,0.10778925567865372
ANNet,5.0,1000.0,J1,49,0.3456687927246094
ANNet,5.0,1000.0,J2,49,0.1544756144285202
analytical,5.0,1000.0,J1,49,0.3447355031967163
analytical,5.0,1000.0,J2,49,0.150819331407547
ANNet,10.0,1.0,J1,49,0.27163442969322205
ANNet,10.0,1.0,J2,49,0.19965822994709015
analytical,10.0,1.0,J1,49,0.26420941948890686
analytical,10.0,1.0,J2,49,0.1990472823381424
ANNet,10.0,2.0,J1,49,0.09656219929456711
ANNet,10.0,2.0,J2,49,0.05728780850768089
analytical,10.0,2.0,J1,49,0.09262678027153015
analytical,10.0,2.0,J2,49,0.04559560492634773
ANNet,10.0,5.0,J1,49,0.060106754302978516
ANNet,10.0,5.0,J2,49,0.042467501014471054
analytical,10.0,5.0,J1,49,0.054275110363960266
analytical,10.0,5.0,J2,49,0.024508418515324593
ANNet,10.0,10.0,J1,49,0.07430866360664368
ANNet,10.0,10.0,J2,49,0.04637366533279419
analytical,10.0,10.0,J1,49,0.06968905031681061
analytical,10.0,10.0,J2,49,0.03077017515897751
ANNet,10.0,20.0,J1,49,0.09952722489833832
ANNet,10.0,20.0,J2,49,0.05474545434117317
analytical,10.0,20.0,J1,49,0.09610521793365479
analytical,10.0,20.0,J2,49,0.042317356914281845
ANNet,10.0,50.0,J1,49,0.15907703340053558
ANNet,10.0,50.0,J2,49,0.07740814238786697
analytical,10.0,50.0,J1,49,0.15692058205604553
analytical,10.0,50.0,J2,49,0.06913270056247711
ANNet,10.0,100.0,J1,49,0.22159428894519806
ANNet,10.0,100.0,J2,49,0.10262078046798706
analytical,10.0,100.0,J1,49,0.22001416981220245
analytical,10.0,100.0,J2,49,0.0964897945523262
ANNet,10.0,200.0,J1,49,0.3110983967781067
ANNet,10.0,200.0,J2,49,0.14022421836853027
analytical,10.0,200.0,J1,49,0.3098997175693512
analytical,10.0,200.0,J2,49,0.1357211321592331
ANNet,10.0,500.0,J1,49,0.4933377504348755
ANNet,10.0,500.0,J2,49,0.2185802161693573
analytical,10.0,500.0,J1,49,0.49243614077568054
analytical,10.0,500.0,J2,49,0.21557672321796417
ANNet,10.0,1000.0,J1,49,0.6902742385864258
ANNet,10.0,1000.0,J2,49,0.30395305156707764
analytical,10.0,1000.0,J1,49,0.6894622445106506
analytical,10.0,1000.0,J2,49,0.30163517594337463
ANNet,25.0,1.0,J1,49,0.2846575677394867
ANNet,25.0,1.0,J2,49,0.19692231714725494
analytical,25.0,1.0,J1,49,0.2773345708847046
analytical,25.0,1.0,J2,49,0.19512628018856049
ANNet,25.0,2.0,J1,49,0.1329307109117508
ANNet,25.0,2.0,J2,49,0.07043500989675522
analytical,25.0,2.0,J1,49,0.12859298288822174
analytical,25.0,2.0,J2,49,0.0576782152056694
ANNet,25.0,5.0,J1,49,0.13308019936084747
ANNet,25.0,5.0,J2,49,0.06968826800584793
analytical,25.0,5.0,J1,49,0.12891654670238495
analytical,25.0,5.0,J2,49,0.05688190460205078
ANNet,25.0,10.0,J1,49,0.1767129749059677
ANNet,25.0,10.0,J2,49,0.08649559319019318
analytical,25.0,10.0,J1,49,0.1736026108264923
analytical,25.0,10.0,J2,49,0.07653003185987473
ANNet,25.0,20.0,J1,49,0.2425266057252884
ANNet,25.0,20.0,J2,49,0.11324837058782578
analytical,25.0,20.0,J1,49,0.24021588265895844
analytical,25.0,20.0,J2,49,0.10576079040765762
ANNet,25.0,50.0,J1,49,0.39381980895996094
ANNet,25.0,50.0,J2,49,0.1776273101568222
analytical,25.0,50.0,J1,49,0.3923082649707794
analytical,25.0,50.0,J2,49,0.1728357970714569
ANNet,25.0,100.0,J1,49,0.5512063503265381
ANNet,25.0,100.0,J2,49,0.24477845430374146
analytical,25.0,100.0,J1,49,0.5500345230102539
analytical,25.0,100.0,J2,49,0.2412196546792984
ANNet,25.0,200.0,J1,49,0.7757716774940491
ANNet,25.0,200.0,J2,49,0.3420374095439911
analytical,25.0,200.0,J1,49,0.7747533321380615
analytical,25.0,200.0,J2,49,0.33929967880249023
ANNet,25.0,500.0,J1,49,1.2320711612701416
ANNet,25.0,500.0,J2,49,0.5410047769546509
analytical,25.0,500.0,J1,49,1.2310651540756226
analytical,25.0,500.0,J2,49,0.5389231443405151
ANNet,25.0,1000.0,J1,49,1.7246744632720947
ANNet,25.0,1000.0,J2,49,0.7559520602226257
analytical,25.0,1000.0,J1,49,1.723524808883667
analytical,25.0,1000.0,J2,49,0.7540485858917236
