group_key,group_label,label,point_label,candidate_count,bound,adam_steps,sample_count,random_uniform_vectors,mean_abs_angle_error_rad,mean_abs_angle_error_deg,mean_abs_angle_error_joint1_rad,mean_abs_angle_error_joint2_rad,rmse_q,rmse_dq,rmse_ddq,mean_total_ms,median_total_ms,p95_total_ms,mean_forward_ms,median_forward_ms,p95_forward_ms,rollout_wall_s,order_idx,sampled_acceleration_vectors,mean_solver_call_ms,mean_network_forward_ms,mean_update_ms,real_time_factor,runs_faster_than_real_time,time_angle_error_product
grid_search,Full grid search,N16_B5_A0,"N=16, B=+/-5, A=0",16,5.0,0,10000,14,0.031015563216534793,1.7770608715286438,0.018004608409845968,0.04402651802322362,0.06113481902237537,0.3045405695479647,2.5666588453258594,0.09734785556793213,0.09604199975728989,0.10687500238418579,0.04556475952267647,0.04416700080037117,0.05362499877810478,1.3858342920011637,0,16,0.09734785556793213,0.04556475952267647,0.13858342920011638,14.431739866329707,True,0.004298243109120383
grid_search,Full grid search,N16_B5_A1,"N=16, B=+/-5, A=1",16,5.0,1,10000,14,0.012911033584852703,0.7397477335637214,0.007768493731296621,0.018053573438408785,0.023483475375985188,0.13741277868016397,1.5916760843666267,0.2587285041809082,0.2530420124530792,0.28917112946510315,0.07806190103292465,0.07370799779891968,0.09220799803733826,3.0909929999997985,1,16,0.2587285041809082,0.07806190103292465,0.30909929999997987,6.470412582623546,True,0.003990791443354201
grid_search,Full grid search,N16_B5_A2,"N=16, B=+/-5, A=2",16,5.0,2,10000,14,0.0057589015798206675,0.32996075515494644,0.0034496066810505,0.008068196478590835,0.010842421959922792,0.06921908764428371,0.8370800844181233,0.4134574234485626,0.40458300709724426,0.47339576482772827,0.1129671111702919,0.10849900543689728,0.128835991024971,4.698759917000643,2,16,0.4134574234485626,0.1129671111702919,0.46987599170006433,4.256442200342636,True,0.002705969590921303
grid_search,Full grid search,N16_B5_A5,"N=16, B=+/-5, A=5",16,5.0,5,10000,14,0.0017049877570883838,0.0976886026026408,0.0011836581744719297,0.002226317339704838,0.003157953063935485,0.023314300463313696,0.319734471439987,0.8494613170623779,0.8340830206871033,0.9523065090179443,0.21187162399291992,0.20716600120067596,0.2371731698513031,9.185671625000396,3,16,0.8494613170623779,0.21187162399291992,0.9185671625000396,2.177304046616095,True,0.0015661457661259833
grid_search,Full grid search,N16_B5_A10,"N=16, B=+/-5, A=10",16,5.0,10,10000,14,0.0008069446597306524,0.0462345233031867,0.0005320853470941074,0.0010818039723671973,0.0012189625326532976,0.007724975086642065,0.11183523851123513,1.5630587339401245,1.5327919721603394,1.7258392572402954,0.37588801980018616,0.3694159984588623,0.41946515440940857,16.539804500000173,4,16,1.5630587339401245,0.37588801980018616,1.6539804500000173,1.2092041353934861,True,0.001334670691426415
grid_search,Full grid search,N16_B5_A15,"N=16, B=+/-5, A=15",16,5.0,15,10000,14,0.0007388096765294904,0.04233067632856535,0.0006999761196842882,0.0007776432333746925,0.0010880406235170626,0.0070265742732025654,0.051552097275701134,2.2834722995758057,2.2332921028137207,2.50942325592041,0.5412172079086304,0.5305860042572021,0.5982500910758972,23.98120087499956,5,16,2.2834722995758057,0.5412172079086304,2.3981200874999558,0.8339865924249871,False,0.0017717543261247155
grid_search,Full grid search,N16_B10_A0,"N=16, B=+/-10, A=0",16,10.0,0,10000,14,0.014066816480783745,0.8059692155339782,0.008874214525031857,0.019259418436535634,0.021834888348502376,0.15687506659591566,1.6210572928606577,0.09762802720069885,0.09529200196266174,0.1072079986333847,0.04391494020819664,0.04245799779891968,0.052417002618312836,1.3196259169999394,6,16,0.09762802720069885,0.04391494020819664,0.13196259169999394,15.155810250732532,True,0.0018562935597724111
grid_search,Full grid search,N16_B10_A1,"N=16, B=+/-10, A=1",16,10.0,1,10000,14,0.006556718869131874,0.3756723186550463,0.004053996512334561,0.009059441225929186,0.010123558547324855,0.09771218272520049,0.9387427815693041,0.25783106684684753,0.2529590129852295,0.2860451638698578,0.07856659591197968,0.07612500339746475,0.08891904354095459,3.0776212089986075,7,16,0.25783106684684753,0.07856659591197968,0.30776212089986077,6.49852553053713,True,0.002017909705308162
grid_search,Full grid search,N16_B10_A2,"N=16, B=+/-10, A=2",16,10.0,2,10000,14,0.003481162540212972,0.19945592135324403,0.0021304374940227717,0.0048318875864031725,0.005569257769481047,0.05039207494045803,0.5530393759428527,0.40883174538612366,0.4008750021457672,0.4560430943965912,0.11247541755437851,0.10808400064706802,0.1275831013917923,4.651228791999529,8,16,0.40883174538612366,0.11247541755437851,0.4651228791999529,4.2999389826622885,True,0.0016191683436668793
grid_search,Full grid search,N16_B10_A5,"N=16, B=+/-10, A=5",16,10.0,5,10000,14,0.001389336676520179,0.07960312788733875,0.001100355034979293,0.001678318318061065,0.002221761832241923,0.018669615940120992,0.23235138361168314,0.8472808599472046,0.8321250081062317,0.9484211206436157,0.21227099001407623,0.20733299851417542,0.24021916091442108,9.182433959000264,9,16,0.8472808599472046,0.21227099001407623,0.9182433959000265,2.1780717497452597,True,0.0012757492278963457
grid_search,Full grid search,N16_B10_A10,"N=16, B=+/-10, A=10",16,10.0,10,10000,14,0.0007656140953156865,0.04386645639731557,0.0005345402572478633,0.0009966879333835096,0.0011740069050821908,0.0064802780116734226,0.07101752210364572,1.549221396446228,1.520542025566101,1.7129621505737305,0.3743530213832855,0.36750200390815735,0.4197143018245697,16.409824290998586,10,16,1.549221396446228,0.3743530213832855,1.6409824290998585,1.218782093295829,True,0.001256359277884226
grid_search,Full grid search,N16_B10_A15,"N=16, B=+/-10, A=15",16,10.0,15,10000,14,0.000762389375208295,0.04368169354505106,0.0007551922419166659,0.0007695865084999241,0.0011343091943236989,0.006929622346226588,0.04580915837711893,2.2478713989257812,2.212125062942505,2.438756227493286,0.539191722869873,0.5309169888496399,0.5866670608520508,23.589379041999564,11,16,2.2478713989257812,0.539191722869873,2.3589379041999563,0.8478391891703094,False,0.0017984291949381696
grid_search,Full grid search,N16_B15_A0,"N=16, B=+/-15, A=0",16,15.0,0,10000,14,0.018636221542407294,1.0677768404507233,0.0118351191831287,0.025437323901685887,0.02856204396500926,0.20137850820990366,1.9211404640263277,0.09683269262313843,0.09262499958276749,0.10587500035762787,0.04240205138921738,0.03962500020861626,0.052502043545246124,1.3177875830006087,12,16,0.09683269262313843,0.04240205138921738,0.1317787583000609,15.176952839743642,True,0.002455858134263279
grid_search,Full grid search,N16_B15_A1,"N=16, B=+/-15, A=1",16,15.0,1,10000,14,0.010573528629585053,0.6058185650359686,0.0064023589557444215,0.014744698303425684,0.01605016763486293,0.11946339376937971,1.2022402494546973,0.256236732006073,0.25224998593330383,0.28058716654777527,0.07830583304166794,0.07587499916553497,0.08908305317163467,3.064230707999741,13,16,0.256236732006073,0.07830583304166794,0.30642307079997405,6.526923690108028,True,0.003239973111868893
grid_search,Full grid search,N16_B15_A2,"N=16, B=+/-15, A=2",16,15.0,2,10000,14,0.003968481419523596,0.2273772364147879,0.002392003947048215,0.005544958891998976,0.006576151471803066,0.053271136265873195,0.5973201376330354,0.4085930585861206,0.4013339877128601,0.45571213960647583,0.11434043198823929,0.11145799607038498,0.127919003367424,4.647509833001095,14,16,0.4085930585861206,0.11434043198823929,0.4647509833001095,4.303379813848645,True,0.0018443556419318055
grid_search,Full grid search,N16_B15_A5,"N=16, B=+/-15, A=5",16,15.0,5,10000,14,0.0016488658441987354,0.09447305385586309,0.0010376112726400606,0.0022601204157574103,0.0027970426245320017,0.021034688904182818,0.28470213316064125,0.8903935551643372,0.8325830101966858,1.086348533630371,0.21984387934207916,0.2067900002002716,0.26580026745796204,9.69575574999908,15,16,0.8903935551643372,0.21984387934207916,0.969575574999908,2.062758233158039,True,0.0015987000489866977
grid_search,Full grid search,N16_B15_A10,"N=16, B=+/-15, A=10",16,15.0,10,10000,14,0.0007501979206572286,0.042983174653149395,0.0005521596939302981,0.0009482361473841592,0.0011227577968693882,0.006870866762602121,0.10012408147408032,1.5832343101501465,1.5292079448699951,1.8065441846847534,0.3827390968799591,0.3707059919834137,0.43833404779434204,16.809959917000015,16,16,1.5832343101501465,0.3827390968799591,1.6809959917000015,1.1897708322179803,True,0.001261079697606477
grid_search,Full grid search,N16_B15_A15,"N=16, B=+/-15, A=15",16,15.0,15,10000,14,0.0007950116174091818,0.04555081034141544,0.0007523890338547063,0.0008376342009636574,0.0011916353969603946,0.007003172408774818,0.04990549271604794,2.280200481414795,2.223875045776367,2.511014461517334,0.5464521646499634,0.5343739986419678,0.6034170389175415,23.96839416700095,17,16,2.280200481414795,0.5464521646499634,2.396839416700095,0.8344322052052812,False,0.0019055151813408223
grid_search,Full grid search,N16_B20_A0,"N=16, B=+/-20, A=0",16,20.0,0,10000,14,0.023063420215086082,1.3214366394611379,0.014621972802933305,0.03150486762723886,0.036746891799616196,0.23779789857567532,2.2953534024306794,0.09802165627479553,0.09674999862909317,0.10812704265117645,0.045585997402668,0.04337500035762787,0.05420900136232376,1.3164902080006868,18,16,0.09802165627479553,0.045585997402668,0.13164902080006868,15.191909425876691,True,0.003036276687616592
grid_search,Full grid search,N16_B20_A1,"N=16, B=+/-20, A=1",16,20.0,1,10000,14,0.012490544931683688,0.7156555084039965,0.00740564225508133,0.017575447608286048,0.019279656779517314,0.13231774472787117,1.4318515895305126,0.25571757555007935,0.2512499988079071,0.27900001406669617,0.07809683680534363,0.07562600076198578,0.08862505108118057,3.057279500000732,19,16,0.25571757555007935,0.07809683680534363,0.3057279500000732,6.541763682383378,True,0.003818708696347458
grid_search,Full grid search,N16_B20_A2,"N=16, B=+/-20, A=2",16,20.0,2,10000,14,0.007291885911556892,0.417794287423115,0.004313465356361121,0.010270306466752662,0.012577918247796437,0.07402285195369326,0.9153544360932255,0.40695077180862427,0.40004199743270874,0.45434755086898804,0.11267497390508652,0.10945799946784973,0.12666603922843933,4.634852042001512,20,16,0.40695077180862427,0.11267497390508652,0.4634852042001512,4.315132353472757,True,0.0033796812307221517
grid_search,Full grid search,N16_B20_A5,"N=16, B=+/-20, A=5",16,20.0,5,10000,14,0.002453952129240497,0.14060110013262242,0.0013466761513438541,0.00356122810713714,0.004275843944576867,0.028037807797515153,0.4274744748018762,0.8408236503601074,0.8288750052452087,0.9365249276161194,0.21371571719646454,0.21004199981689453,0.24062708020210266,9.108372458998929,21,16,0.8408236503601074,0.21371571719646454,0.9108372458998929,2.195781967637952,True,0.0022351509989675922
grid_search,Full grid search,N16_B20_A10,"N=16, B=+/-20, A=10",16,20.0,10,10000,14,0.0008581607603409794,0.04916898971127583,0.0005916822868748568,0.001124639233807102,0.0015572505455909002,0.009833598991731949,0.16919941474178996,1.5478044748306274,1.5209579467773438,1.7089622020721436,0.3776686489582062,0.37129101157188416,0.41808807849884033,16.391041167000367,22,16,1.5478044748306274,0.3776686489582062,1.6391041167000366,1.2201787425356145,True,0.001406614835065333
grid_search,Full grid search,N16_B20_A15,"N=16, B=+/-20, A=15",16,20.0,15,10000,14,0.0007119382188102464,0.04079105521188843,0.0007709139513375704,0.0006529624862829223,0.0010351716875344982,0.006960471005435484,0.06416774002857432,2.253782033920288,2.2179999351501465,2.4308393001556396,0.5411567091941833,0.5329980254173279,0.5874580144882202,23.66197312499935,23,16,2.253782033920288,0.5411567091941833,2.366197312499935,0.8452380490141627,False,0.0016845863000147956
grid_search,Full grid search,N16_B25_A0,"N=16, B=+/-25, A=0",16,25.0,0,10000,14,0.03331983514397871,1.9090859278216556,0.01922300249740947,0.04741666779054794,0.054875578750326316,0.3146009056286344,2.912251764934546,0.0989343523979187,0.09766700118780136,0.10804100334644318,0.046182308346033096,0.0439159981906414,0.054291997104883194,1.3281350420002127,24,16,0.0989343523979187,0.046182308346033096,0.13281350420002128,15.058709669974053,True,0.004425324064838833
grid_search,Full grid search,N16_B25_A1,"N=16, B=+/-25, A=1",16,25.0,1,10000,14,0.016388228669442468,0.9389763364543501,0.009743252765294164,0.023033204573590774,0.024178825857445248,0.1541292747715774,1.7707379945411497,0.25441282987594604,0.2487500011920929,0.2767225503921509,0.07662180066108704,0.0733330026268959,0.08824905008077621,3.0421590420010034,25,16,0.25441282987594604,0.07662180066108704,0.30421590420010036,6.574278242482959,True,0.004985559802912448
grid_search,Full grid search,N16_B25_A2,"N=16, B=+/-25, A=2",16,25.0,2,10000,14,0.007305529525270685,0.41857600890622215,0.0043000310712959615,0.010311027979245409,0.011172051404678196,0.0737031251050656,0.9427296764300352,0.4105250835418701,0.4032500088214874,0.4637204706668854,0.11523541063070297,0.1124579980969429,0.13100512325763702,4.671826334000798,26,16,0.4105250835418701,0.11523541063070297,0.4671826334000798,4.280981048983612,True,0.0034130165219979935
grid_search,Full grid search,N16_B25_A5,"N=16, B=+/-25, A=5",16,25.0,5,10000,14,0.0031546536745125195,0.18074834137500428,0.001656387289968552,0.004652920059056487,0.006426346060103168,0.037395187356961235,0.5484811560809857,0.8460221886634827,0.8306660056114197,0.946587085723877,0.21478228271007538,0.2106660008430481,0.24683718383312225,9.167743208001411,27,16,0.8460221886634827,0.21478228271007538,0.9167743208001411,2.1815619772753263,True,0.0028921054798108844
grid_search,Full grid search,N16_B25_A10,"N=16, B=+/-25, A=10",16,25.0,10,10000,14,0.0008376474793709349,0.047993665287726264,0.0006070370125002228,0.001068257946241647,0.0013984569898996243,0.00992905722201704,0.18306858045826643,1.5641204118728638,1.5273749828338623,1.735440969467163,0.38146981596946716,0.3732900023460388,0.42696624994277954,16.578134792000128,28,16,1.5641204118728638,0.38146981596946716,1.6578134792000128,1.2064083354932735,True,0.0013886632821190506
grid_search,Full grid search,N16_B25_A15,"N=16, B=+/-25, A=15",16,25.0,15,10000,14,0.0007202569465880515,0.04126768320447491,0.0007070342063147109,0.0007334796868613921,0.0010639025717887743,0.007553107287277279,0.08586924891411862,2.257587194442749,2.2196669578552246,2.450558662414551,0.5424442291259766,0.5338749885559082,0.5910010933876038,23.706604166000034,29,16,2.257587194442749,0.5424442291259766,2.3706604166000034,0.8436467686369,False,0.0017074846330574764
grid_search,Full grid search,N16_B30_A0,"N=16, B=+/-30, A=0",16,30.0,0,10000,14,0.04486074486996513,2.570331346862161,0.031339814018365,0.05838167572156526,0.08808778602803043,0.806480025099615,8.528180626561891,0.10032910853624344,0.09770900011062622,0.11045805364847183,0.04624870419502258,0.04374999925494194,0.054958049207925797,1.348729084000297,30,16,0.10032910853624344,0.04624870419502258,0.1348729084000297,14.828774909102203,True,0.006050499133603908
grid_search,Full grid search,N16_B30_A1,"N=16, B=+/-30, A=1",16,30.0,1,10000,14,0.07182714620177286,4.115392331830706,0.058038897833426015,0.08561539457011969,0.24080666795680972,1.501213795583817,12.676226834226668,0.257086843252182,0.2535000145435333,0.28349998593330383,0.0801553949713707,0.07749900221824646,0.09104099869728088,3.0685490000014397,31,16,0.257086843252182,0.0801553949713707,0.306854900000144,6.5177385141937165,True,0.02204051176504073
grid_search,Full grid search,N16_B30_A2,"N=16, B=+/-30, A=2",16,30.0,2,10000,14,0.018867934995726685,1.081053043382326,0.015892297514108943,0.021843572477344423,0.06596898250219864,0.834570455655793,9.266138886841151,0.4058745205402374,0.39787501096725464,0.45093053579330444,0.11075544357299805,0.10700099915266037,0.12329105287790298,4.6237464169989835,32,16,0.4058745205402374,0.11075544357299805,0.46237464169989834,4.325496728469138,True,0.008724054683266098
grid_search,Full grid search,N16_B30_A5,"N=16, B=+/-30, A=5",16,30.0,5,10000,14,0.01384391264008009,0.7931977662244022,0.012480227869411465,0.015207597410748713,0.07079794885160619,0.7958667894162047,9.81521169048804,0.8386754989624023,0.8251659870147705,0.9356814622879028,0.20993466675281525,0.20499999821186066,0.2318371832370758,9.090139042000374,33,16,0.8386754989624023,0.20993466675281525,0.9090139042000374,2.20018636762225,True,0.01258430907836345
grid_search,Full grid search,N16_B30_A10,"N=16, B=+/-30, A=10",16,30.0,10,10000,14,0.05445007669237093,3.1197595886365077,0.05907984697159845,0.04982030641314341,0.19509586130419612,1.5546033118747669,21.32451888412661,1.5472815036773682,1.5213749408721924,1.7127561569213867,0.37354564666748047,0.3665409982204437,0.415465384721756,16.394882000000507,34,16,1.5472815036773682,0.37354564666748047,1.6394882000000508,1.2198928909643498,True,0.08927025822623993
grid_search,Full grid search,N16_B30_A15,"N=16, B=+/-30, A=15",16,30.0,15,10000,14,0.02858844589590153,1.6379972926732573,0.029090220596751898,0.028086671195051167,0.12823225617992468,1.2691075021393976,16.916469444549403,2.2539920806884766,2.2184579372406006,2.4451334476470947,0.5393766760826111,0.5309150218963623,0.5888359546661377,23.66949654199925,35,16,2.2539920806884766,0.5393766760826111,2.3669496541999253,0.8449693876889995,False,0.0676674121274174
grid_search,Full grid search,N16_B35_A0,"N=16, B=+/-35, A=0",16,35.0,0,10000,14,0.39709729601736177,22.751999117851945,0.4362466816953383,0.3579479103393853,0.531519279296776,2.8259153863175146,33.25761897437117,0.09649248421192169,0.09304200112819672,0.10641700029373169,0.042930372059345245,0.0403750017285347,0.05320899933576584,1.3036090410005272,36,16,0.09649248421192169,0.042930372059345245,0.13036090410005272,15.342023084351954,True,0.051765962524509546
grid_search,Full grid search,N16_B35_A1,"N=16, B=+/-35, A=1",16,35.0,1,10000,14,0.5656860477229115,32.41142306395891,0.5776171007466503,0.5537549946991727,0.7154600048765868,3.4751718599081363,37.288852882590234,0.25724300742149353,0.2532910108566284,0.28358712792396545,0.07912034541368484,0.07683299481868744,0.0897940918803215,3.0750569169995288,37,16,0.25724300742149353,0.07912034541368484,0.30750569169995284,6.503944655279715,True,0.17395167939004644
grid_search,Full grid search,N16_B35_A2,"N=16, B=+/-35, A=2",16,35.0,2,10000,14,0.5719734402048402,32.7716641173157,0.6289883109695278,0.5149585694401525,0.727099895640439,3.755975432921116,42.25122507458022,0.411298930644989,0.40279099345207214,0.4670020341873169,0.11548807471990585,0.11212500184774399,0.1318330019712448,4.683508041998721,38,16,0.411298930644989,0.11548807471990585,0.4683508041998721,4.2703033325987105,True,0.26788422070090434
grid_search,Full grid search,N16_B35_A5,"N=16, B=+/-35, A=5",16,35.0,5,10000,14,0.5981811533214525,34.273255469587234,0.6742144667842426,0.5221478398586623,0.7551399372497335,4.429675064337845,54.19660491261704,0.8468695282936096,0.8289170265197754,0.9562520384788513,0.21279172599315643,0.20766699314117432,0.2409570962190628,9.181007333001617,39,16,0.8468695282936096,0.21279172599315643,0.9181007333001616,2.178410197768707,True,0.5491905555107619
grid_search,Full grid search,N16_B35_A10,"N=16, B=+/-35, A=10",16,35.0,10,10000,14,0.770535027801781,44.1484050600376,0.9268788878026418,0.6141911678009201,1.1892505705208993,8.242920753279005,67.42908474080036,1.5485714673995972,1.52162504196167,1.716050386428833,0.3738434612751007,0.3660829961299896,0.4185020923614502,16.406204082999466,40,16,1.5485714673995972,0.3738434612751007,1.6406204082999465,1.219051030867312,True,1.2641554919215685
grid_search,Full grid search,N16_B35_A15,"N=16, B=+/-35, A=15",16,35.0,15,10000,14,0.7520891191275325,43.09153234371941,0.9807608898639679,0.523417348391097,1.3307933995833072,10.625646375207538,84.38854936418412,2.263099193572998,2.2181661128997803,2.4638330936431885,0.5428844094276428,0.5326669812202454,0.5989180207252502,23.77791754200007,41,16,2.263099193572998,0.5428844094276428,2.377791754200007,0.8411165512990381,False,1.7883113058849935
grid_search,Full grid search,N16_B40_A0,"N=16, B=+/-40, A=0",16,40.0,0,10000,14,0.4819957363910041,27.616321438504723,0.5100538296751678,0.45393764310684054,0.621779120651357,3.1866457468364566,37.96826130840719,0.10054122656583786,0.09799999743700027,0.10979104787111282,0.046944309026002884,0.04433299973607063,0.05525000020861626,1.3487067920013942,42,16,0.10054122656583786,0.046944309026002884,0.13487067920013943,14.829020005394415,True,0.06500709233862609
grid_search,Full grid search,N16_B40_A1,"N=16, B=+/-40, A=1",16,40.0,1,10000,14,0.45112117339810354,25.84733928470072,0.4783562190840952,0.4238861277121119,0.5599928816040731,3.303006236352218,42.32150572831517,0.25897979736328125,0.25516700744628906,0.28845804929733276,0.08081620931625366,0.07812599837779999,0.09183204919099808,3.0915824999992765,43,16,0.25897979736328125,0.08081620931625366,0.30915824999992764,6.46917881052978,True,0.1394678325056716
grid_search,Full grid search,N16_B40_A2,"N=16, B=+/-40, A=2",16,40.0,2,10000,14,0.4458195473732427,25.543578488919472,0.4796524215692654,0.41198667317721993,0.5550245231022277,3.750817023509946,47.30360724904552,0.4053816497325897,0.3988330066204071,0.45062708854675293,0.11237598955631256,0.10804100334644318,0.12541599571704865,4.614263458001005,44,16,0.4053816497325897,0.11237598955631256,0.46142634580010056,4.334386231310774,True,0.2057128846306902
grid_search,Full grid search,N16_B40_A5,"N=16, B=+/-40, A=5",16,40.0,5,10000,14,0.5048584939764871,28.926260956183604,0.5614307138822041,0.44828627407077004,0.6580894882392522,4.695465050888597,55.80176594283413,0.8396655321121216,0.8253750205039978,0.9390419721603394,0.21160468459129333,0.20670700073242188,0.23746731877326965,9.101306791999377,45,16,0.8396655321121216,0.21160468459129333,0.9101306791999377,2.1974866309947116,True,0.45948720402267784
grid_search,Full grid search,N16_B40_A10,"N=16, B=+/-40, A=10",16,40.0,10,10000,14,0.554479883686779,31.769357160157224,0.6282233404651284,0.4807364269084297,0.841368831546808,6.7363673833792,67.04923633448935,1.5405300855636597,1.5182080268859863,1.7007561922073364,0.3723914623260498,0.36546000838279724,0.4132089912891388,16.316850249999334,46,16,1.5405300855636597,0.3723914623260498,1.6316850249999335,1.2257267605922175,True,0.9047365228754223
grid_search,Full grid search,N16_B40_A15,"N=16, B=+/-40, A=15",16,40.0,15,10000,14,0.9347198224163846,53.55550085167664,1.2783183113922365,0.5911213334405329,1.7124931852471834,13.256158953990274,92.20070235781012,2.247354030609131,2.2182090282440186,2.4310061931610107,0.5372369885444641,0.5303760170936584,0.5821270942687988,23.588210249999975,47,16,2.247354030609131,0.5372369885444641,2.3588210249999975,0.8478811994648904,False,2.204836769600032
grid_search,Full grid search,N32_B5_A0,"N=32, B=+/-5, A=0",32,5.0,0,10000,30,0.02908609036919952,1.666510220691243,0.0168275211692031,0.04134465956919594,0.059831733361919597,0.2969951932868084,2.48007962038932,0.10861309617757797,0.10625000298023224,0.11729404330253601,0.05663790926337242,0.05525000020861626,0.06324999779462814,1.4331882919996133,48,32,0.10861309617757797,0.05663790926337242,0.14331882919996133,13.954900491194772,True,0.0041685844177179465
grid_search,Full grid search,N32_B5_A1,"N=32, B=+/-5, A=1",32,5.0,1,10000,30,0.010689948799018748,0.6124889493947174,0.006483800880843773,0.014896096717193722,0.019635087708284475,0.11917728368058306,1.3704306671701922,0.2645294964313507,0.25941699743270874,0.2913350760936737,0.08842788636684418,0.08466599881649017,0.0997520461678505,3.1476163340012135,49,32,0.2645294964313507,0.08842788636684418,0.31476163340012137,6.354014555063714,True,0.003364785744942807
grid_search,Full grid search,N32_B5_A2,"N=32, B=+/-5, A=2",32,5.0,2,10000,30,0.0052782318910554755,0.30242041064883407,0.0031743475900555497,0.0073821161920554,0.01008454366814537,0.06499110995907283,0.7728686765365392,0.41894102096557617,0.40983301401138306,0.47308921813964844,0.1231471449136734,0.11916600167751312,0.13762599229812622,4.759685832999821,50,32,0.41894102096557617,0.1231471449136734,0.4759685832999821,4.2019580076769225,True,0.0025122725555144602
grid_search,Full grid search,N32_B5_A5,"N=32, B=+/-5, A=5",32,5.0,5,10000,30,0.0014212183299532625,0.08142981207295322,0.0011253791617578826,0.0017170574981486425,0.002688457072487055,0.02146781975449991,0.2838275359520611,0.8576384782791138,0.8365830183029175,0.9755061864852905,0.22499574720859528,0.21945999562740326,0.26158708333969116,9.29731025000001,51,32,0.8576384782791138,0.22499574720859528,0.9297310250000009,2.151159793769384,True,0.0013213507746562363
grid_search,Full grid search,N32_B5_A10,"N=32, B=+/-5, A=10",32,5.0,10,10000,30,0.0007801014786644374,0.044696522319387096,0.000528754155128263,0.0010314488022006116,0.0011657262196736696,0.006824883102614356,0.08094044500141646,1.5600135326385498,1.530500054359436,1.7238085269927979,0.38644739985466003,0.3797059953212738,0.4258330464363098,16.522520874999827,52,32,1.5600135326385498,0.38644739985466003,1.6522520874999829,1.2104690410929928,True,0.00128892429658514
grid_search,Full grid search,N32_B5_A15,"N=32, B=+/-5, A=15",32,5.0,15,10000,30,0.0007530310633796035,0.04314550177389968,0.0007542237009911332,0.0007518384257680737,0.0010942572836134534,0.006785549508521228,0.04703242484696414,2.2810299396514893,2.2309999465942383,2.4812941551208496,0.5527550578117371,0.541251003742218,0.6068450212478638,23.96039141700021,53,32,2.2810299396514893,0.5527550578117371,2.396039141700021,0.834710904839799,False,0.0018042919027735193
grid_search,Full grid search,N32_B10_A0,"N=32, B=+/-10, A=0",32,10.0,0,10000,30,0.010873116382851732,0.622983678891956,0.006225954528653529,0.015520278237049934,0.018029606938437318,0.13425198711166628,1.3314667752192049,0.10480223596096039,0.10062500089406967,0.11637499928474426,0.0531313493847847,0.05062500014901161,0.06387703865766525,1.3921109580005577,54,32,0.10480223596096039,0.0531313493847847,0.13921109580005578,14.366670907271162,True,0.0015136584464183283
grid_search,Full grid search,N32_B10_A1,"N=32, B=+/-10, A=1",32,10.0,1,10000,30,0.0060731916517805075,0.3479682498211082,0.0037755651102343107,0.008370818193326704,0.009575028030006953,0.08948163873588835,0.8055296250407366,0.2658276855945587,0.2624169886112213,0.29533717036247253,0.08988498896360397,0.08820799738168716,0.10225418210029602,3.16281141699983,55,32,0.2658276855945587,0.08988498896360397,0.316281141699983,6.323487986827725,True,0.0019208359893879445
grid_search,Full grid search,N32_B10_A2,"N=32, B=+/-10, A=2",32,10.0,2,10000,30,0.0027360649737966014,0.15676497547211743,0.0017207878882822116,0.0037513420593109914,0.004370329356210725,0.04083492245033477,0.35473892691792513,0.4160810112953186,0.40837499499320984,0.46734336018562317,0.12258149683475494,0.1185000017285347,0.1369190365076065,4.729506583998955,56,32,0.4160810112953186,0.12258149683475494,0.4729506583998955,4.2287709393755275,True,0.0012940237307819953
grid_search,Full grid search,N32_B10_A5,"N=32, B=+/-10, A=5",32,10.0,5,10000,30,0.0011504727797262602,0.06591723472299874,0.0010894521194684784,0.0012114934399840422,0.001820800006416701,0.015903516228211227,0.1507623112298066,0.8481367230415344,0.8347089886665344,0.9421333074569702,0.22118349373340607,0.21691599488258362,0.245960995554924,9.189090750000105,57,32,0.8481367230415344,0.22118349373340607,0.9189090750000105,2.176493903926215,True,0.0010571798778309487
grid_search,Full grid search,N32_B10_A10,"N=32, B=+/-10, A=10",32,10.0,10,10000,30,0.0007812664984201546,0.044763273034439055,0.0005442656574537977,0.0010182673393865115,0.0011927235257562904,0.00625101705940101,0.05729196422228821,1.551289439201355,1.528833031654358,1.713379144668579,0.3868037462234497,0.38062599301338196,0.42795810103416443,16.432828749999317,58,32,1.551289439201355,0.3868037462234497,1.6432828749999318,1.2170759097091444,True,0.0012838418576650013
grid_search,Full grid search,N32_B10_A15,"N=32, B=+/-10, A=15",32,10.0,15,10000,30,0.0007825017701747129,0.04483404889252696,0.0007852347436302807,0.000779768796719145,0.0011410028828662889,0.006920013773262804,0.04338902937085378,2.257087469100952,2.223750114440918,2.445923089981079,0.5477134585380554,0.5398340225219727,0.5966261625289917,23.700122917000044,59,32,2.257087469100952,0.5477134585380554,2.370012291700004,0.8438774798781338,False,0.0018545388135910812
grid_search,Full grid search,N32_B15_A0,"N=32, B=+/-15, A=0",32,15.0,0,10000,30,0.013230758938845247,0.7580666469508203,0.008055721771018579,0.018405796106671913,0.021380062250739136,0.16487556067770698,1.4957482455702988,0.10593635588884354,0.10400000214576721,0.11729200184345245,0.054658643901348114,0.05345799773931503,0.0627080500125885,1.4003535409992764,60,32,0.10593635588884354,0.054658643901348114,0.14003535409992765,14.282107635282035,True,0.001852774013011977
grid_search,Full grid search,N32_B15_A1,"N=32, B=+/-15, A=1",32,15.0,1,10000,30,0.007505062899400946,0.43000842911589093,0.004662819476146251,0.01034730632265564,0.01194304892184554,0.10248414338032634,0.9087297230033131,0.2640623152256012,0.2601250112056732,0.288919061422348,0.08852503448724747,0.08641699701547623,0.09904199838638306,3.14468479199968,61,32,0.2640623152256012,0.08852503448724747,0.314468479199968,6.359937902482798,True,0.002360105716274718
grid_search,Full grid search,N32_B15_A2,"N=32, B=+/-15, A=2",32,15.0,2,10000,30,0.0037760158308199603,0.2163497704805688,0.0023014625356532633,0.005250569125986658,0.0064624791928356426,0.048512618834848524,0.4782690839806941,0.4147830009460449,0.4092079997062683,0.46188947558403015,0.12447885423898697,0.12274900078773499,0.1396712362766266,4.708800166001311,62,32,0.4147830009460449,0.12447885423898697,0.47088001660013107,4.247366482953534,True,0.0017780503970988607
grid_search,Full grid search,N32_B15_A5,"N=32, B=+/-15, A=5",32,15.0,5,10000,30,0.001599850211085868,0.09166466494833411,0.0011994692856736947,0.0020002311364980415,0.002478809978938785,0.01768116787961848,0.19795079027023818,0.8474375009536743,0.8347499966621399,0.9464273452758789,0.2215120643377304,0.2182909995317459,0.2475440800189972,9.18823041700125,63,32,0.8474375009536743,0.2215120643377304,0.9188230417001251,2.176697698285125,True,0.0014699792372145045
grid_search,Full grid search,N32_B15_A10,"N=32, B=+/-15, A=10",32,15.0,10,10000,30,0.0007843344881606753,0.04493905589816033,0.000571131221903488,0.0009975377544178628,0.0011879382313004178,0.006104212566007643,0.0554985868775881,1.5596652030944824,1.5276670455932617,1.7286312580108643,0.38658931851387024,0.37928900122642517,0.4274611473083496,16.530787125000643,64,32,1.5596652030944824,0.38658931851387024,1.6530787125000643,1.2098637438596391,True,0.0012965666458580462
grid_search,Full grid search,N32_B15_A15,"N=32, B=+/-15, A=15",32,15.0,15,10000,30,0.0008035671716934302,0.046041007493297946,0.0007522628914040978,0.0008548714519827626,0.0011754009822965733,0.00699053460917023,0.04637391531298376,2.254732131958008,2.2233328819274902,2.4443790912628174,0.5500562787055969,0.5425829887390137,0.5943740606307983,23.66787495800054,65,32,2.254732131958008,0.5500562787055969,2.366787495800054,0.8450272800363654,False,0.0019018727339994257
grid_search,Full grid search,N32_B20_A0,"N=32, B=+/-20, A=0",32,20.0,0,10000,30,0.01631751550544868,0.9349247706014897,0.010663446586288046,0.02197158442460932,0.02532680348593271,0.18443031966274429,1.6832167550958967,0.10638714581727982,0.10137499868869781,0.11908300220966339,0.05369666591286659,0.05070899799466133,0.06445799767971039,1.4106897499987099,66,32,0.10638714581727982,0.05369666591286659,0.14106897499987098,14.177461770044259,True,0.002301895186898147
grid_search,Full grid search,N32_B20_A1,"N=32, B=+/-20, A=1",32,20.0,1,10000,30,0.008994419562339317,0.5153422800919479,0.005484643984166905,0.012504195140511728,0.013691385894825691,0.11316582578923283,1.1014513232269036,0.26599571108818054,0.26179200410842896,0.2935892343521118,0.09029938280582428,0.08887499570846558,0.1018339991569519,3.160620500000732,67,32,0.26599571108818054,0.09029938280582428,0.31606205000007326,6.327871378419322,True,0.0028427946854337263
grid_search,Full grid search,N32_B20_A2,"N=32, B=+/-20, A=2",32,20.0,2,10000,30,0.004345190520776669,0.24896107802075537,0.0026497307638986968,0.0060406502776546404,0.006603469929983647,0.05148755999987415,0.5574262702158816,0.4109128415584564,0.4032500088214874,0.4550062417984009,0.12013381719589233,0.11641599982976913,0.1330830454826355,4.669606333000047,68,32,0.4109128415584564,0.12013381719589233,0.4669606333000047,4.283016291686145,True,0.0020290329173910503
grid_search,Full grid search,N32_B20_A5,"N=32, B=+/-20, A=5",32,20.0,5,10000,30,0.0016622203343227737,0.09523820977751962,0.0010450666102173273,0.0022793740584282204,0.0027073516487282016,0.019206915398140293,0.24529623279158025,0.8470149636268616,0.8340420126914978,0.9480514526367188,0.22142261266708374,0.2169570028781891,0.24925322830677032,9.176039916999798,69,32,0.8470149636268616,0.22142261266708374,0.9176039916999799,2.1795894722458016,True,0.0015252600138594523
grid_search,Full grid search,N32_B20_A10,"N=32, B=+/-20, A=10",32,20.0,10,10000,30,0.0008031587488105288,0.04601760658585113,0.000581153049209388,0.0010251644484116696,0.0012005844585702035,0.0066278809339572935,0.08479986718327587,1.548636555671692,1.5256249904632568,1.7132920026779175,0.3837837278842926,0.37754300236701965,0.4244210720062256,16.40127300000131,70,32,1.548636555671692,0.3837837278842926,1.640127300000131,1.2194175415529271,True,0.0013172825901580961
grid_search,Full grid search,N32_B20_A15,"N=32, B=+/-20, A=15",32,20.0,15,10000,30,0.0007621068621258019,0.04366550673776697,0.0007063005567004439,0.0008179131675511599,0.0011491899878169317,0.007218678292662947,0.04653257426169161,2.2462174892425537,2.2138330936431885,2.4390430450439453,0.5441599488258362,0.5350850224494934,0.5916721820831299,23.574651958000686,71,32,2.2462174892425537,0.5441599488258362,2.3574651958000685,0.8483688342729687,False,0.0017966404029419794
grid_search,Full grid search,N32_B25_A0,"N=32, B=+/-25, A=0",32,25.0,0,10000,30,0.01978798750942806,1.133768169347817,0.012409659871459007,0.02716631514739711,0.029637737604984546,0.21534026203334078,2.191128460209604,0.10540568828582764,0.10300000011920929,0.11329105496406555,0.05415629968047142,0.051249999552965164,0.060333002358675,1.3903302910002822,72,32,0.10540568828582764,0.05415629968047142,0.1390330291000282,14.385071036329698,True,0.002751183843229306
grid_search,Full grid search,N32_B25_A1,"N=32, B=+/-25, A=1",32,25.0,1,10000,30,0.011153340263920836,0.6390393245959917,0.006777002259879373,0.0155296782679623,0.01590789512822204,0.1242970638967026,1.3567221960005793,0.26025882363319397,0.25541698932647705,0.27979931235313416,0.08634863048791885,0.08354199677705765,0.09458299726247787,3.0923242080007185,73,32,0.26025882363319397,0.08634863048791885,0.30923242080007185,6.467627148619907,True,0.003448974409819152
grid_search,Full grid search,N32_B25_A2,"N=32, B=+/-25, A=2",32,25.0,2,10000,30,0.0047043279719218845,0.269538138236462,0.002857191522483481,0.006551464421360288,0.007876764767168701,0.056579912825223184,0.6426131146625437,0.41581064462661743,0.40779200196266174,0.464923232793808,0.12456074357032776,0.12254200130701065,0.13808712363243103,4.714409459000308,74,32,0.41581064462661743,0.12456074357032776,0.4714409459000308,4.242312886467229,True,0.0022178128289068264
grid_search,Full grid search,N32_B25_A5,"N=32, B=+/-25, A=5",32,25.0,5,10000,30,0.001807886356007657,0.10358425803852457,0.0011130392907129135,0.0025027334213024006,0.0028750796318392233,0.02228929148266557,0.3175823270747759,0.8385433554649353,0.8260419964790344,0.9333329796791077,0.21848498284816742,0.21404299139976501,0.23650293052196503,9.071438791999753,75,32,0.8385433554649353,0.21848498284816742,0.9071438791999753,2.2047219254390296,True,0.0016400130421414935
grid_search,Full grid search,N32_B25_A10,"N=32, B=+/-25, A=10",32,25.0,10,10000,30,0.0008140053916285978,0.04663907344121237,0.0005840031227853615,0.0010440076604718343,0.001240886869920606,0.008306558208087355,0.13486449926865088,1.559023380279541,1.5280840396881104,1.7318702936172485,0.387469083070755,0.37983301281929016,0.43016892671585083,16.521843624999747,76,32,1.559023380279541,0.387469083070755,1.6521843624999746,1.2105186596571669,True,0.001344886979039437
grid_search,Full grid search,N32_B25_A15,"N=32, B=+/-25, A=15",32,25.0,15,10000,30,0.0007759018708049553,0.044455902513428805,0.0008103677062958013,0.0007414360353141092,0.0011385227676812611,0.006779634431007962,0.05242477300474028,2.2636046409606934,2.229959011077881,2.457052230834961,0.5502697229385376,0.5421259999275208,0.5990069508552551,23.764425332999963,77,32,2.2636046409606934,0.5502697229385376,2.3764425332999966,0.841594093682014,False,0.0018438862074479348
grid_search,Full grid search,N32_B30_A0,"N=32, B=+/-30, A=0",32,30.0,0,10000,30,0.03592976224701852,2.0586237356626422,0.02457253990394529,0.047286984590091743,0.08846088739583323,0.7305238828851826,8.466451311525102,0.10862848907709122,0.10641700029373169,0.12046103924512863,0.05677635595202446,0.0555419996380806,0.0654589980840683,1.432819790999929,78,32,0.10862848907709122,0.05677635595202446,0.1432819790999929,13.958489494371445,True,0.005148087443345022
grid_search,Full grid search,N32_B30_A1,"N=32, B=+/-30, A=1",32,30.0,1,10000,30,0.026202865878268495,1.5013136259721398,0.021879439747025026,0.030526292009511964,0.08208813357156731,0.9301534882353225,10.958825451615391,0.26520082354545593,0.26166701316833496,0.2907993793487549,0.0889214277267456,0.08758299797773361,0.09962499886751175,3.1579507080004987,79,32,0.26520082354545593,0.0889214277267456,0.31579507080004987,6.333221082055231,True,0.00827473588519201
grid_search,Full grid search,N32_B30_A2,"N=32, B=+/-30, A=2",32,30.0,2,10000,30,0.0346818783045921,1.9871252524394625,0.03328647968068253,0.03607727692850167,0.12901930503948436,1.178987743338983,12.381366396209176,0.41443321108818054,0.40733399987220764,0.4630124568939209,0.12253355979919434,0.1183760017156601,0.13670705258846283,4.70960845800073,80,32,0.41443321108818054,0.12253355979919434,0.470960845800073,4.246637523767777,True,0.0163338067402659
grid_search,Full grid search,N32_B30_A5,"N=32, B=+/-30, A=5",32,30.0,5,10000,30,0.05598705310853838,3.2078218504940454,0.05231294601453119,0.05966116020254558,0.2013189209820261,1.4332675920926432,17.95673409868894,0.8532358407974243,0.838208019733429,0.9550041556358337,0.22484761476516724,0.22078999876976013,0.2552120089530945,9.23849729199901,81,32,0.8532358407974243,0.22484761476516724,0.923849729199901,2.164854236340035,True,0.05172362385302366
grid_search,Full grid search,N32_B30_A10,"N=32, B=+/-30, A=10",32,30.0,10,10000,30,0.04660606789785671,2.670330990247342,0.04506477543320507,0.048147360362508336,0.1717214937115919,1.498445890245353,21.317626269387336,1.5538313388824463,1.5310839414596558,1.7183998823165894,0.3853019177913666,0.3797920048236847,0.42404109239578247,16.456553416999668,82,32,1.5538313388824463,0.3853019177913666,1.6456553416999666,1.2153213065464816,True,0.07669752459173923
grid_search,Full grid search,N32_B30_A15,"N=32, B=+/-30, A=15",32,30.0,15,10000,30,0.04244493742490013,2.4319157761436543,0.04544577635609894,0.03944409849370131,0.16091530506682444,1.4277722354436437,21.29582980707233,2.2569282054901123,2.225959062576294,2.449096441268921,0.5486739873886108,0.5412070155143738,0.5930449366569519,23.694228750000548,83,32,2.2569282054901123,0.5486739873886108,2.3694228750000548,0.844087402507226,False,0.10057000566250429
grid_search,Full grid search,N32_B35_A0,"N=32, B=+/-35, A=0",32,35.0,0,10000,30,0.3787841429466149,21.702732737321103,0.41320267668734306,0.3443656092058867,0.5038273222694644,2.696302480501763,33.719678842686555,0.10623220354318619,0.1020829975605011,0.11900000274181366,0.054381731897592545,0.0510840006172657,0.06550204008817673,1.4094283340000402,84,32,0.10623220354318619,0.054381731897592545,0.14094283340000402,14.190150373406237,True,0.05338691035388805
grid_search,Full grid search,N32_B35_A1,"N=32, B=+/-35, A=1",32,35.0,1,10000,30,0.5320352834811434,30.48337629551584,0.5792432958104647,0.48482727115182206,0.6668219024219374,3.3217130142383904,38.25299677011012,0.2666695713996887,0.26124998927116394,0.29396724700927734,0.08971091359853745,0.08629199862480164,0.101919986307621,3.1837151250001625,85,32,0.2666695713996887,0.08971091359853745,0.3183715125000162,6.281969087921766,True,0.16938487790526652
grid_search,Full grid search,N32_B35_A2,"N=32, B=+/-35, A=2",32,35.0,2,10000,30,0.5595896508633624,32.06212525366993,0.5890208630418405,0.5301584386848844,0.6900895742102207,3.560922165952671,43.79687178505891,0.41452905535697937,0.40754199028015137,0.46217018365859985,0.12297673523426056,0.11912399530410767,0.136291041970253,4.721940667001036,86,32,0.41452905535697937,0.12297673523426056,0.47219406670010355,4.235546655587744,True,0.2642349129244622
grid_search,Full grid search,N32_B35_A5,"N=32, B=+/-35, A=5",32,35.0,5,10000,30,0.5832755537325982,33.41922752203395,0.6482004040662199,0.5183507033989765,0.7506042442787098,4.64776345144049,54.49834469831954,0.8550766706466675,0.8358330130577087,0.9661710858345032,0.22445571422576904,0.21941599249839783,0.25537505745887756,9.266127417000462,87,32,0.8550766706466675,0.22445571422576904,0.9266127417000461,2.158398983733617,True,0.5404705600107754
grid_search,Full grid search,N32_B35_A10,"N=32, B=+/-35, A=10",32,35.0,10,10000,30,0.663814748773328,38.03378348324874,0.7732875398190692,0.5543419577275869,1.0162800193618935,7.244802277205186,66.10992364826201,1.5447630882263184,1.5212500095367432,1.7000000476837158,0.38322940468788147,0.37687599658966064,0.4233320951461792,16.347866250000152,88,32,1.5447630882263184,0.38322940468788147,1.6347866250000151,1.2234012496890727,True,1.0851954727723818
grid_search,Full grid search,N32_B35_A15,"N=32, B=+/-35, A=15",32,35.0,15,10000,30,0.8676757290071342,49.71415725804573,1.1848505394834095,0.550500918530859,1.6297737570423438,12.923024375158894,91.8944736233774,2.2427332401275635,2.213041067123413,2.424002170562744,0.5460907220840454,0.5389609932899475,0.5883359909057617,23.531355832999907,89,32,2.2427332401275635,0.5460907220840454,2.353135583299991,0.8499297763349613,False,2.0417586326924475
grid_search,Full grid search,N32_B40_A0,"N=32, B=+/-40, A=0",32,40.0,0,10000,30,0.5177380856207572,29.664207199252242,0.5411959983234294,0.494280172918085,0.6532352941779866,3.2083177936513434,38.449282206549896,0.10667215287685394,0.10420899838209152,0.11779200285673141,0.05531975254416466,0.05379100143909454,0.06345900148153305,1.4095450420009001,90,32,0.10667215287685394,0.05531975254416466,0.14095450420009,14.188975452397944,True,0.07297751516417758
grid_search,Full grid search,N32_B40_A1,"N=32, B=+/-40, A=1",32,40.0,1,10000,30,0.40898514636727046,23.43312277038483,0.4303192681258544,0.38765102460868656,0.5051901858501036,3.438971774270934,42.98298442752528,0.26557794213294983,0.2613750100135803,0.2922520637512207,0.08986729383468628,0.08812499791383743,0.1016680970788002,3.1590767910001887,91,32,0.26557794213294983,0.08986729383468628,0.3159076791000189,6.330963545101999,True,0.12920154837526593
grid_search,Full grid search,N32_B40_A2,"N=32, B=+/-40, A=2",32,40.0,2,10000,30,0.4206487677704194,24.10139905062372,0.45164110200330615,0.3896564335375326,0.5164051258568412,3.8091853380073992,47.87265231694092,0.4158879816532135,0.40674999356269836,0.46812498569488525,0.12245386093854904,0.11841700226068497,0.1353360414505005,4.726203042000634,92,32,0.4158879816532135,0.12245386093854904,0.4726203042000634,4.231726784115027,True,0.19880714858503742
grid_search,Full grid search,N32_B40_A5,"N=32, B=+/-40, A=5",32,40.0,5,10000,30,0.4705920126787387,26.962936199058653,0.4969579405239318,0.4442260848335456,0.6088535466063835,4.73040467462773,55.45648907482174,0.8475772738456726,0.8360000252723694,0.94258713722229,0.22262124717235565,0.21866700053215027,0.24958600103855133,9.177713167000547,93,32,0.8475772738456726,0.22262124717235565,0.9177713167000547,2.179192096775496,True,0.43189585110469486
grid_search,Full grid search,N32_B40_A10,"N=32, B=+/-40, A=10",32,40.0,10,10000,30,0.49518567886914827,28.372049474522708,0.5567696337985574,0.43360172393973917,0.7865362865396222,6.902827488981406,67.98972596355812,1.5563924312591553,1.5315419435501099,1.7198330163955688,0.38711971044540405,0.38075101375579834,0.42758908867836,16.4842769579991,94,32,1.5563924312591553,0.38711971044540405,1.64842769579991,1.2132773582340761,True,0.8162777876113843
grid_search,Full grid search,N32_B40_A15,"N=32, B=+/-40, A=15",32,40.0,15,10000,30,0.7146945207184181,40.94897967829053,0.915296665030159,0.514092376406677,1.3547447624026225,11.046167945523331,85.67646292931025,2.2580699920654297,2.226749897003174,2.4462151527404785,0.5494433045387268,0.5420010089874268,0.5971692204475403,23.705564249999952,95,32,2.2580699920654297,0.5494433045387268,2.370556424999995,0.8436837777442924,False,1.694223688001338
grid_search,Full grid search,N64_B5_A0,"N=64, B=+/-5, A=0",64,5.0,0,10000,62,0.028292433779861313,1.621037047739416,0.016328325050207787,0.04025654250951484,0.05904390560766332,0.29183891302454157,2.406236392227438,0.1428637057542801,0.14041699469089508,0.15775203704833984,0.08697167038917542,0.08616600185632706,0.09700000286102295,1.7957384159999492,96,64,0.1428637057542801,0.08697167038917542,0.17957384159999493,11.137479613846255,True,0.005080581022063161
grid_search,Full grid search,N64_B5_A1,"N=64, B=+/-5, A=1",64,5.0,1,10000,62,0.009901620913678199,0.5673210886922309,0.006014880912407534,0.013788360914948863,0.01845107052633065,0.10997919313225984,1.2812458515675436,0.3016965985298157,0.29725000262260437,0.3379347026348114,0.1196209117770195,0.12124999612569809,0.13462410867214203,3.53850408299877,97,64,0.3016965985298157,0.1196209117770195,0.353850408299877,5.652105955195234,True,0.003503692603135632
grid_search,Full grid search,N64_B5_A2,"N=64, B=+/-5, A=2",64,5.0,2,10000,62,0.004601894241760602,0.2636691178184386,0.0027769528727221767,0.006426835610799026,0.008734575957116204,0.05838411223264416,0.6898489971739352,0.4456549882888794,0.44187501072883606,0.4981270432472229,0.1515006572008133,0.15154099464416504,0.1688770353794098,5.029956000000311,98,64,0.4456549882888794,0.1515006572008133,0.5029956000000311,3.976177922828503,True,0.0023147325552710617
grid_search,Full grid search,N64_B5_A5,"N=64, B=+/-5, A=5",64,5.0,5,10000,62,0.0013954043751728024,0.07995078141149128,0.0009461435184639413,0.0018446652318816633,0.0025117751399789156,0.020497934023458377,0.26108676298718847,0.8843750953674316,0.8699169754981995,0.988918125629425,0.2524128556251526,0.2516250014305115,0.28287699818611145,9.563152000000628,99,64,0.8843750953674316,0.2524128556251526,0.9563152000000628,2.091360672715302,True,0.0013344464141243411
grid_search,Full grid search,N64_B5_A10,"N=64, B=+/-5, A=10",64,5.0,10,10000,62,0.0007712106945167762,0.044187117911164295,0.0005293937080656178,0.0010130276809679345,0.0011673616983203375,0.006610724676264864,0.0726618290341257,1.5848731994628906,1.5613750219345093,1.7523771524429321,0.415221631526947,0.4114589989185333,0.46279922127723694,16.775628915998823,100,64,1.5848731994628906,0.415221631526947,1.6775628915998824,1.1922056752773131,True,0.0012937544427263166
grid_search,Full grid search,N64_B5_A15,"N=64, B=+/-5, A=15",64,5.0,15,10000,62,0.0007328541968250647,0.04198945247652595,0.0006964180573122576,0.0007692903363378719,0.0010772385695710352,0.006932765239791071,0.047461616872716716,2.289475679397583,2.256624937057495,2.4812982082366943,0.5785863995552063,0.5721660256385803,0.6318780779838562,24.034265125001184,101,64,2.289475679397583,0.5785863995552063,2.4034265125001184,0.8321452682651562,False,0.0017613612064463406
grid_search,Full grid search,N64_B10_A0,"N=64, B=+/-10, A=0",64,10.0,0,10000,62,0.008566987309837713,0.49085221599583584,0.005231171711103525,0.011902802908571902,0.014907618523562729,0.10891936147120042,1.088975560864598,0.13717161118984222,0.13075000047683716,0.1530420035123825,0.0833120122551918,0.07666700333356857,0.09529200196266174,1.7235679590012296,102,64,0.13717161118984222,0.0833120122551918,0.17235679590012296,11.60383603997232,True,0.001476578483240642
grid_search,Full grid search,N64_B10_A1,"N=64, B=+/-10, A=1",64,10.0,1,10000,62,0.005616382461131434,0.3217950111541293,0.003492348960408708,0.00774041596185416,0.009222031010597716,0.08103822848977955,0.705772368842028,0.2978722155094147,0.2973330020904541,0.3273770809173584,0.11852065473794937,0.12116700410842896,0.13237708806991577,3.491709666999668,103,64,0.2978722155094147,0.11852065473794937,0.34917096669996683,5.727853088422858,True,0.0019610776933100017
grid_search,Full grid search,N64_B10_A2,"N=64, B=+/-10, A=2",64,10.0,2,10000,62,0.002895663255825639,0.1659092834499199,0.0018173831189516932,0.003973943392699584,0.004625302540276186,0.04077013851345976,0.3413174714082411,0.4444862902164459,0.4420410096645355,0.49563121795654297,0.15132948756217957,0.15366600453853607,0.1661660075187683,5.008147124999596,104,64,0.4444862902164459,0.15132948756217957,0.5008147124999596,3.9934929028271338,True,0.0014501907609630142
grid_search,Full grid search,N64_B10_A5,"N=64, B=+/-10, A=5",64,10.0,5,10000,62,0.001268537308293162,0.07268183392008394,0.0010407317747711203,0.0014963428418152034,0.002043812880446407,0.016295218060595876,0.1322954704809764,0.879332423210144,0.8651250004768372,0.9829190373420715,0.253017783164978,0.251583993434906,0.2858750522136688,9.500276791999568,105,64,0.879332423210144,0.253017783164978,0.9500276791999568,2.1052018207345835,True,0.0012051455549763129
grid_search,Full grid search,N64_B10_A10,"N=64, B=+/-10, A=10",64,10.0,10,10000,62,0.0008251960680616321,0.04728025197072175,0.0005716519936395343,0.0010787401424837298,0.0012252001126107721,0.005891181898717036,0.041718193190740924,1.5805898904800415,1.5573339462280273,1.7448811531066895,0.41425806283950806,0.4110420048236847,0.4591730237007141,16.721571916999892,106,64,1.5805898904800415,0.41425806283950806,1.6721571916999893,1.1960598022287074,True,0.001379857539771812
grid_search,Full grid search,N64_B10_A15,"N=64, B=+/-10, A=15",64,10.0,15,10000,62,0.0008082066461007343,0.04630682979599543,0.0006925532023364212,0.0009238600898650475,0.0011864342537825196,0.006971930810520947,0.045170166971972785,2.297670602798462,2.2562079429626465,2.4896793365478516,0.580909788608551,0.5722919702529907,0.6359601616859436,24.123845833000814,107,64,2.297670602798462,0.580909788608551,2.4123845833000814,0.8290552069703788,False,0.0019497052531740765
grid_search,Full grid search,N64_B15_A0,"N=64, B=+/-15, A=0",64,15.0,0,10000,62,0.009189456566874287,0.5265170773006757,0.005304003458301304,0.01307490967544727,0.015549945288653841,0.1284315541445945,1.0816060539572574,0.1378399133682251,0.13975000381469727,0.1537500023841858,0.08383525162935257,0.08500000089406967,0.09533509612083435,1.732321666999269,108,64,0.1378399133682251,0.08383525162935257,0.1732321666999269,11.545199936593786,True,0.0015919094718745044
grid_search,Full grid search,N64_B15_A1,"N=64, B=+/-15, A=1",64,15.0,1,10000,62,0.006388154489244334,0.3660142911112504,0.0040132753989775664,0.008763033579511102,0.009879322385497066,0.08829084701296465,0.7778344922499578,0.29950064420700073,0.29600000381469727,0.3320083022117615,0.11870703101158142,0.12004199624061584,0.13279308378696442,3.516043833000367,109,64,0.29950064420700073,0.11870703101158142,0.35160438330003674,5.6882112254366515,True,0.0022461031196161154
grid_search,Full grid search,N64_B15_A2,"N=64, B=+/-15, A=2",64,15.0,2,10000,62,0.0031586253217130433,0.18097589999730926,0.001947378088440746,0.004369872554985341,0.005189772859449465,0.04381075460548357,0.39208048668270634,0.449748158454895,0.4442499876022339,0.5045871138572693,0.1549200862646103,0.15491700172424316,0.17437614500522614,5.073343791000298,110,64,0.449748158454895,0.1549200862646103,0.5073343791000298,3.9421732143361514,True,0.0016024792164009186
grid_search,Full grid search,N64_B15_A5,"N=64, B=+/-15, A=5",64,15.0,5,10000,62,0.0013097686605498893,0.07504421638801162,0.0011573308407736476,0.001462206480326131,0.0020177341595293825,0.01579091264099397,0.13961493922533505,0.8821773529052734,0.870290994644165,0.9882951974868774,0.2527182996273041,0.25175100564956665,0.28658413887023926,9.539780084000085,111,64,0.8821773529052734,0.2527182996273041,0.9539780084000086,2.0964843868406957,True,0.0012494904982561304
grid_search,Full grid search,N64_B15_A10,"N=64, B=+/-15, A=10",64,15.0,10,10000,62,0.000806948275261675,0.046234730457855,0.0005639970323943999,0.00104989951812895,0.00120320620944967,0.005986837767227422,0.04736046389773948,1.5841715335845947,1.561750054359436,1.7512214183807373,0.4160059690475464,0.4122520089149475,0.46392327547073364,16.770699124999737,112,64,1.5841715335845947,0.4160059690475464,1.6770699124999737,1.1925561272628409,True,0.0013533086733851021
grid_search,Full grid search,N64_B15_A15,"N=64, B=+/-15, A=15",64,15.0,15,10000,62,0.0007890296124271117,0.0452080667029166,0.0006750910867820494,0.000902968138072174,0.00120871746437845,0.007197556388680637,0.044592259050590055,2.287477731704712,2.25362491607666,2.47475004196167,0.5789418816566467,0.5724599957466125,0.6295041441917419,24.008675500001118,113,64,2.287477731704712,0.5789418816566467,2.400867550000112,0.8330322095443818,False,0.0018943555924654178
grid_search,Full grid search,N64_B20_A0,"N=64, B=+/-20, A=0",64,20.0,0,10000,62,0.013394888190389611,0.7674705603589534,0.008385862943879328,0.018403913436899892,0.020815389170916996,0.15217252866262007,1.4513697196334947,0.13589397072792053,0.12995900213718414,0.1510830521583557,0.08197855204343796,0.07670900225639343,0.09287499636411667,1.7153585000014573,114,64,0.13589397072792053,0.08197855204343796,0.17153585000014573,11.659370329865745,True,0.002297703531395396
grid_search,Full grid search,N64_B20_A1,"N=64, B=+/-20, A=1",64,20.0,1,10000,62,0.007623314705863595,0.43678375854599855,0.004643187228555326,0.010603442183171864,0.011723350031703448,0.0966496076933489,0.8768837851766651,0.29815369844436646,0.29716598987579346,0.3277100920677185,0.11909876763820648,0.12150000035762787,0.13287608325481415,3.493455792000532,115,64,0.29815369844436646,0.11909876763820648,0.3493455792000532,5.724990150382574,True,0.0026631712913442007
grid_search,Full grid search,N64_B20_A2,"N=64, B=+/-20, A=2",64,20.0,2,10000,62,0.0029756986168795263,0.17049497185011336,0.0018377255976665765,0.004113671636092477,0.0048401993041910125,0.0450482302176536,0.4167740957541784,0.4488261640071869,0.44225001335144043,0.5056354403495789,0.15289944410324097,0.14904199540615082,0.1703740358352661,5.065291499999148,116,64,0.4488261640071869,0.15289944410324097,0.5065291499999147,3.948440084840797,True,0.0015072780910639083
grid_search,Full grid search,N64_B20_A5,"N=64, B=+/-20, A=5",64,20.0,5,10000,62,0.0014360272645280929,0.08227830152317635,0.0010695508038450498,0.001802503725211136,0.0022673364972025712,0.01728880995350297,0.1959477349989913,0.8807599544525146,0.869583010673523,0.9842308163642883,0.2524609863758087,0.2521649897098541,0.28625205159187317,9.522951167000429,117,64,0.8807599544525146,0.2524609863758087,0.9522951167000429,2.100189284736159,True,0.0013675217514582236
grid_search,Full grid search,N64_B20_A10,"N=64, B=+/-20, A=10",64,20.0,10,10000,62,0.0007509764743590494,0.04302778249438802,0.0005599566947377752,0.0009419962539803237,0.00114423470535517,0.0063798579534503725,0.0706534596554431,1.585173487663269,1.5623749494552612,1.7456374168395996,0.41631826758384705,0.41304200887680054,0.4636670649051666,16.7816308750007,118,64,1.585173487663269,0.41631826758384705,1.67816308750007,1.191779282298102,True,0.0012602609988502994
grid_search,Full grid search,N64_B20_A15,"N=64, B=+/-20, A=15",64,20.0,15,10000,62,0.0007890167536068475,0.04520732994678594,0.0007476874864601996,0.0008303460207534954,0.001165897205194793,0.007040780738353891,0.04668865481945194,2.3015856742858887,2.260166883468628,2.495298147201538,0.5854462385177612,0.5759170055389404,0.6394230723381042,24.16487558300105,119,64,2.3015856742858887,0.5854462385177612,2.416487558300105,0.8276475470069931,False,0.0019066491683812864
grid_search,Full grid search,N64_B25_A0,"N=64, B=+/-25, A=0",64,25.0,0,10000,62,0.01570920497160987,0.9000711443791758,0.009743961843010037,0.0216744481002097,0.025004885405576265,0.18179935094507638,1.6593555336555013,0.1418042927980423,0.1424580067396164,0.15600204467773438,0.08708202838897705,0.08908399939537048,0.09729105234146118,1.7770914169996104,120,64,0.1418042927980423,0.08708202838897705,0.17770914169996102,11.254345054328956,True,0.0027916693322935504
grid_search,Full grid search,N64_B25_A1,"N=64, B=+/-25, A=1",64,25.0,1,10000,62,0.009757305044285021,0.5590523984592405,0.005981715235812589,0.013532894852757453,0.014707150008399183,0.11433777703618961,1.0976693388263679,0.3007391095161438,0.2985830008983612,0.3323392868041992,0.12143613398075104,0.1226240023970604,0.13508304953575134,3.5199539579989505,121,64,0.3007391095161438,0.12143613398075104,0.35199539579989503,5.681892501619467,True,0.003434526451003418
grid_search,Full grid search,N64_B25_A2,"N=64, B=+/-25, A=2",64,25.0,2,10000,62,0.004304850138633628,0.24664974438001422,0.002624975833488861,0.005984724443778395,0.007033930338190667,0.05047276902597896,0.5428262448411141,0.44991058111190796,0.44475001096725464,0.5062981843948364,0.1537734866142273,0.15454299747943878,0.17150303721427917,5.079482541999823,122,64,0.44991058111190796,0.1537734866142273,0.5079482541999822,3.9374089456218275,True,0.0021866411125115027
grid_search,Full grid search,N64_B25_A5,"N=64, B=+/-25, A=5",64,25.0,5,10000,62,0.0016188519232178805,0.09275338285702096,0.001257193341659149,0.001980510504776612,0.002588210918224432,0.018040423715246418,0.21750436679912455,0.8810498118400574,0.8692499995231628,0.9848750233650208,0.25262030959129333,0.2519580125808716,0.2855071723461151,9.525431582998863,123,64,0.8810498118400574,0.25262030959129333,0.9525431582998862,2.099642396854365,True,0.0015420263237618049
grid_search,Full grid search,N64_B25_A10,"N=64, B=+/-25, A=10",64,25.0,10,10000,62,0.000755927879473893,0.04331147711012804,0.0005726315947715193,0.0009392241641762667,0.0011230880352555205,0.0065375615610591695,0.08221777818444603,1.585984706878662,1.5627919435501099,1.7505440711975098,0.4167737364768982,0.412541002035141,0.46388229727745056,16.786916458999258,124,64,1.585984706878662,0.4167737364768982,1.6786916458999257,1.191404034734339,True,0.00126896981617567
grid_search,Full grid search,N64_B25_A15,"N=64, B=+/-25, A=15",64,25.0,15,10000,62,0.0007716443245328264,0.04421196308095417,0.0008222165483457502,0.0007210721007199027,0.0011342106130326692,0.006613208620673826,0.046854292038409066,2.29253888130188,2.2582919597625732,2.4786856174468994,0.5803325176239014,0.5730850100517273,0.6335859894752502,24.064442625000083,125,64,2.29253888130188,0.5803325176239014,2.4064442625000084,0.8311017342750497,False,0.0018569190574627148
grid_search,Full grid search,N64_B30_A0,"N=64, B=+/-30, A=0",64,30.0,0,10000,62,0.04901400588194374,2.8082956740647687,0.042235347794997505,0.055792663968889974,0.1189189004068809,1.1948770800009874,13.285542943746831,0.14025656878948212,0.14295800030231476,0.15516600012779236,0.08625470846891403,0.08966699987649918,0.09766904264688492,1.7562298749999172,126,64,0.14025656878948212,0.08625470846891403,0.17562298749999172,11.38803085216902,True,0.008607986142329126
grid_search,Full grid search,N64_B30_A1,"N=64, B=+/-30, A=1",64,30.0,1,10000,62,0.10336490409804974,5.922372754592757,0.0996123182436917,0.10711748995240777,0.28008061256931055,1.8738246746540306,17.554539647266118,0.29733338952064514,0.29499998688697815,0.32808718085289,0.1189371719956398,0.11445900052785873,0.13449904322624207,3.4839833339992765,127,64,0.29733338952064514,0.1189371719956398,0.34839833339992765,5.740555589007922,True,0.03601216031980388
grid_search,Full grid search,N64_B30_A2,"N=64, B=+/-30, A=2",64,30.0,2,10000,62,0.060865565163537395,3.487340001549183,0.059240467124059795,0.062490663203014996,0.1888556169746364,1.6195560361712118,16.882718798129904,0.44773340225219727,0.44362500309944153,0.4984600841999054,0.15352275967597961,0.1535000056028366,0.1704990416765213,5.049999208000372,128,64,0.44773340225219727,0.15352275967597961,0.5049999208000372,3.960396660719343,True,0.030737105587035886
grid_search,Full grid search,N64_B30_A5,"N=64, B=+/-30, A=5",64,30.0,5,10000,62,0.09627488725624571,5.516144712880713,0.09824272567078587,0.09430704884170554,0.25795105712377286,2.0473355359508076,23.67854493217501,0.8839010000228882,0.8706660270690918,0.988318920135498,0.2539374530315399,0.2528339922428131,0.28737708926200867,9.55684116700104,129,64,0.8839010000228882,0.2539374530315399,0.9556841167001039,2.092741696812782,True,0.09200838058788727
grid_search,Full grid search,N64_B30_A10,"N=64, B=+/-30, A=10",64,30.0,10,10000,62,0.08447840292358597,4.840255947527111,0.08663264843971119,0.08232415740746074,0.22683317387134974,2.0512210653670526,27.696596744661903,1.5962769985198975,1.562250018119812,1.7660502195358276,0.41858798265457153,0.4115839898586273,0.46649906039237976,16.900081834000957,130,64,1.5962769985198975,0.41858798265457153,1.6900081834000957,1.183426222218781,True,0.14276919226143087
grid_search,Full grid search,N64_B30_A15,"N=64, B=+/-30, A=15",64,30.0,15,10000,62,0.0680280592416937,3.897720683014984,0.07044478289975087,0.06561133558363653,0.1984677149081389,1.8238943613183602,27.723451440967203,2.293025493621826,2.259666919708252,2.4861836433410645,0.5814904570579529,0.5746260285377502,0.634335994720459,24.071570458001588,131,64,2.293025493621826,0.5814904570579529,2.407157045800159,0.8308556367310814,False,0.1637542221157536
grid_search,Full grid search,N64_B35_A0,"N=64, B=+/-35, A=0",64,35.0,0,10000,62,0.4023835672453512,23.054880148577176,0.4251330401387997,0.3796340943519026,0.5149580132004997,2.5859692461375055,34.05835990489276,0.1390269547700882,0.1333339959383011,0.15595899522304535,0.08519715070724487,0.07925000041723251,0.09796103835105896,1.7510072079985548,132,64,0.1390269547700882,0.08519715070724487,0.17510072079985547,11.42199752727489,True,0.0704576526626781
grid_search,Full grid search,N64_B35_A1,"N=64, B=+/-35, A=1",64,35.0,1,10000,62,0.5428324942892884,31.102010905335586,0.583806074150838,0.5018589144277387,0.6766434922689226,3.3278285368390494,38.49772600951145,0.3030620515346527,0.3002910017967224,0.33862704038619995,0.12350744754076004,0.12429200112819672,0.1376670002937317,3.546431709000899,133,64,0.3030620515346527,0.12350744754076004,0.3546431709000899,5.639471345025393,True,0.19251183704235816
grid_search,Full grid search,N64_B35_A2,"N=64, B=+/-35, A=2",64,35.0,2,10000,62,0.5231555798708228,29.974606755317396,0.5610303656580858,0.4852807940835599,0.6410380650529514,3.4824096782152405,44.26284109710376,0.4525243639945984,0.4458329975605011,0.5088812112808228,0.1578717827796936,0.15716800093650818,0.17829518020153046,5.10112054199999,134,64,0.4525243639945984,0.1578717827796936,0.5101120541999989,3.9207071927295853,True,0.2668679675140971
grid_search,Full grid search,N64_B35_A5,"N=64, B=+/-35, A=5",64,35.0,5,10000,62,0.5664484440540196,32.45510515604766,0.6473817392458208,0.48551514886221847,0.7245088990337146,4.601541949338887,54.61187488697194,0.8848353624343872,0.8717089891433716,0.9901681542396545,0.2550501525402069,0.2540000081062317,0.289712131023407,9.570690000000468,135,64,0.8848353624343872,0.2550501525402069,0.9570690000000468,2.0897134898318743,True,0.542130245902363
grid_search,Full grid search,N64_B35_A10,"N=64, B=+/-35, A=10",64,35.0,10,10000,62,0.6911474324069451,39.59983089822129,0.838538922348246,0.5437559424656443,1.1727753712888058,8.897668692274964,71.6989700955255,1.5849303007125854,1.5617079734802246,1.7518126964569092,0.4181083142757416,0.41404399275779724,0.4667910933494568,16.775228999998944,136,64,1.5849303007125854,0.4181083142757416,1.6775228999998943,1.1922340970726097,True,1.1594156451387796
grid_search,Full grid search,N64_B35_A15,"N=64, B=+/-35, A=15",64,35.0,15,10000,62,0.7748203109432943,44.39393369806488,0.9841123510535806,0.5655282708330079,1.3803908148194397,10.823514094165638,83.48952676444719,2.288996696472168,2.2553749084472656,2.4837982654571533,0.5821812748908997,0.5751230120658875,0.6362521052360535,24.025190165999447,137,64,2.288996696472168,0.5821812748908997,2.402519016599945,0.832459591862215,False,1.8615205314891468
grid_search,Full grid search,N64_B40_A0,"N=64, B=+/-40, A=0",64,40.0,0,10000,62,0.5296995511495974,30.349548690846007,0.5495966955760494,0.5098024067231454,0.6613562064964766,3.223945083621168,38.744469144273836,0.13942931592464447,0.13579100370407104,0.15625204145908356,0.08564852178096771,0.08066699653863907,0.09799999743700027,1.7467164589997992,138,64,0.13942931592464447,0.08564852178096771,0.17467164589997994,11.45005527196575,True,0.09252349243178079
grid_search,Full grid search,N64_B40_A1,"N=64, B=+/-40, A=1",64,40.0,1,10000,62,0.41924474247379695,24.02095432679765,0.4358145690713078,0.4026749158762861,0.523888780094738,3.4944329461063215,43.02779210208899,0.30537623167037964,0.3005419969558716,0.3415943682193756,0.12400251626968384,0.1245419979095459,0.13854104280471802,3.574800417000006,139,64,0.30537623167037964,0.12400251626968384,0.3574800417000006,5.5947179330319425,True,0.14987162802203893
grid_search,Full grid search,N64_B40_A2,"N=64, B=+/-40, A=2",64,40.0,2,10000,62,0.379777391311113,21.759641676615114,0.40443457161597907,0.35512021100624697,0.46159206386453344,3.890367303930166,47.67333666969667,0.4491673707962036,0.4447909891605377,0.5027930736541748,0.15531247854232788,0.1564590036869049,0.1740410476922989,5.065114375000121,140,64,0.4491673707962036,0.15531247854232788,0.506511437500012,3.9485781601919947,True,0.1923615924029964
grid_search,Full grid search,N64_B40_A5,"N=64, B=+/-40, A=5",64,40.0,5,10000,62,0.3908452203074819,22.39378156647957,0.4212605886974139,0.36042985191754995,0.4936852570524922,4.795740812945219,55.40674567792719,0.8840318322181702,0.8701249957084656,0.9937940239906311,0.25515931844711304,0.2540839910507202,0.29075607657432556,9.559063083001092,141,64,0.8840318322181702,0.25515931844711304,0.9559063083001093,2.0922552583177376,True,0.3736114116608679
grid_search,Full grid search,N64_B40_A10,"N=64, B=+/-40, A=10",64,40.0,10,10000,62,0.4286974268052727,24.562553244060652,0.46001975261420014,0.39737510099634527,0.6272034991889164,6.403997101035929,67.82346440640228,1.592910885810852,1.562250018119812,1.768125057220459,0.42004287242889404,0.4147090017795563,0.47238221764564514,16.88875970799927,142,64,1.592910885810852,0.42004287242889404,1.688875970799927,1.1842195842556222,True,0.7240167828751856
grid_search,Full grid search,N64_B40_A15,"N=64, B=+/-40, A=15",64,40.0,15,10000,62,0.5047233095814241,28.918515460890465,0.5773476791496389,0.43209894001320936,0.9039300275587264,8.719911154545398,81.03468378567334,2.2839648723602295,2.251957893371582,2.4768455028533936,0.5803785920143127,0.5739560127258301,0.632797122001648,23.97354662500038,143,64,2.2839648723602295,0.5803785920143127,2.3973546625000384,0.8342528668304487,False,1.2100007794974774
grid_search,Full grid search,N128_B5_A0,"N=128, B=+/-5, A=0",128,5.0,0,10000,126,0.02783041754454607,1.5945654673893297,0.01631085166045232,0.03934998342863982,0.05867679943533824,0.2890644948526604,2.3645040524927876,0.18036344647407532,0.17262500524520874,0.20970800518989563,0.12220760434865952,0.11504200100898743,0.14750412106513977,2.1977779169992573,144,128,0.18036344647407532,0.12220760434865952,0.21977779169992573,9.10010053577527,True,0.006116507710027205
grid_search,Full grid search,N128_B5_A1,"N=128, B=+/-5, A=1",128,5.0,1,10000,126,0.00923829431614431,0.529315274214766,0.0056009158448490776,0.012875672787439544,0.01793446167120799,0.10373901818000196,1.2193144150637092,0.3438910245895386,0.3354159891605377,0.392752081155777,0.15864790976047516,0.15141800045967102,0.18979313969612122,3.9922912500005623,145,128,0.3438910245895386,0.15864790976047516,0.39922912500005625,5.009654543615069,True,0.0036881961563272857
grid_search,Full grid search,N128_B5_A2,"N=128, B=+/-5, A=2",128,5.0,2,10000,126,0.004407365622543148,0.252523448942771,0.0026598002253624144,0.006154931019723881,0.008244519918741337,0.055239787384116265,0.6539186907960622,0.49222490191459656,0.48020800948143005,0.552712082862854,0.19127662479877472,0.18254199624061584,0.2259169965982437,5.5360749999999825,146,128,0.49222490191459656,0.19127662479877472,0.5536074999999983,3.6126678197098236,True,0.002439950663882048
grid_search,Full grid search,N128_B5_A5,"N=128, B=+/-5, A=5",128,5.0,5,10000,126,0.0012999105004622834,0.07447938542122749,0.0009566047793545295,0.0016432162215700374,0.0022879945703628965,0.019507188095918036,0.2522076844877346,0.9206746220588684,0.9053750038146973,1.0162267684936523,0.29102078080177307,0.2823770046234131,0.33166900277137756,9.947464958000637,147,128,0.9206746220588684,0.29102078080177307,0.9947464958000637,2.010562498530263,True,0.0012930814151885634
grid_search,Full grid search,N128_B5_A10,"N=128, B=+/-5, A=10",128,5.0,10,10000,126,0.0007770170264004264,0.044519796222549694,0.0005254440033226273,0.0010285900494782254,0.0011780165326959406,0.006576813005939699,0.06987275734393608,1.6486332416534424,1.6177500486373901,1.8148434162139893,0.4645107388496399,0.45499899983406067,0.5185081958770752,17.46458412499851,148,128,1.6486332416534424,0.4645107388496399,1.7464584124998508,1.1451747065292177,True,0.0013570279224126432
grid_search,Full grid search,N128_B5_A15,"N=128, B=+/-5, A=15",128,5.0,15,10000,126,0.0007260734200099251,0.04160094258319828,0.0007576224857999478,0.0006945243542199023,0.001058174829598505,0.006490098135335793,0.04630094900663486,2.3409860134124756,2.3127920627593994,2.5145461559295654,0.6282868385314941,0.6216260194778442,0.6800965666770935,24.57350820799911,149,128,2.3409860134124756,0.6282868385314941,2.457350820799911,0.8138846041319264,False,0.001784217114622388
grid_search,Full grid search,N128_B10_A0,"N=128, B=+/-10, A=0",128,10.0,0,10000,126,0.007402979817922459,0.42415949938748354,0.0044451764077181,0.01036078322812682,0.013344241304260604,0.09230285853141208,0.9127659724950623,0.17902329564094543,0.17137500643730164,0.20987708866596222,0.1213284432888031,0.11466699838638306,0.14746008813381195,2.181572999999844,150,128,0.17902329564094543,0.1213284432888031,0.2181572999999844,9.167696886604954,True,0.0016150140890323398
grid_search,Full grid search,N128_B10_A1,"N=128, B=+/-10, A=1",128,10.0,1,10000,126,0.004964629874934326,0.2844523386782986,0.003142846600600751,0.006786413149267901,0.0077773451915668,0.06969762555117386,0.5998622013520442,0.3450029492378235,0.3363339900970459,0.3941805362701416,0.1597553938627243,0.1537500023841858,0.19175004959106445,4.002672457998415,151,128,0.3450029492378235,0.1597553938627243,0.40026724579984146,4.9966616578967455,True,0.001987178726455574
grid_search,Full grid search,N128_B10_A2,"N=128, B=+/-10, A=2",128,10.0,2,10000,126,0.002707778410546598,0.1551442747809624,0.0017068629434390458,0.00370869387765415,0.00445682103676877,0.03765626780616741,0.2846451418033356,0.49465644359588623,0.48191601037979126,0.558966338634491,0.19377954304218292,0.1845420002937317,0.2303350418806076,5.5620562080002856,152,128,0.49465644359588623,0.19377954304218292,0.5562056208000286,3.5957925004843774,True,0.0015060815718269851
grid_search,Full grid search,N128_B10_A5,"N=128, B=+/-10, A=5",128,10.0,5,10000,126,0.001170696962607326,0.06707599504618453,0.0011696090653189458,0.0011717848598957062,0.0018369958199186852,0.014620112552737192,0.1108239324289923,0.9198381900787354,0.9051250219345093,1.0150083303451538,0.291556715965271,0.28333398699760437,0.3307530879974365,9.939649832998839,153,128,0.9198381900787354,0.291556715965271,0.9939649832998839,2.0121433185303577,True,0.0011636317868872156
grid_search,Full grid search,N128_B10_A10,"N=128, B=+/-10, A=10",128,10.0,10,10000,126,0.0008322245183109772,0.04768295250652689,0.0005760465517872944,0.0010884024848346599,0.0012363588970223018,0.005884238896133683,0.04127413626920009,1.6383165121078491,1.6135419607162476,1.7996395826339722,0.46348124742507935,0.4543760120868683,0.516045093536377,17.34809099999984,154,128,1.6383165121078491,0.46348124742507935,1.7348090999999841,1.1528646004912115,True,0.0014437506676089865
grid_search,Full grid search,N128_B10_A15,"N=128, B=+/-10, A=15",128,10.0,15,10000,126,0.0007774548613961088,0.04454488231992543,0.0006339589057781268,0.0009209508170140907,0.001187363670076673,0.006962416331781379,0.045915523913819895,2.3376007080078125,2.3112080097198486,2.5097970962524414,0.6279973387718201,0.6202499866485596,0.6838822960853577,24.53658054100015,155,128,2.3376007080078125,0.6279973387718201,2.453658054100015,0.815109504218829,False,0.0019076083823637731
grid_search,Full grid search,N128_B15_A0,"N=128, B=+/-15, A=0",128,15.0,0,10000,126,0.008079354053654243,0.4629128884663014,0.005029971104313154,0.011128737002995331,0.01329030550973913,0.10571901649571099,0.9051213223426157,0.1803140938282013,0.17516599595546722,0.20825204253196716,0.12281336635351181,0.11695899814367294,0.14499999582767487,2.1933427500007383,156,128,0.1803140938282013,0.12281336635351181,0.21933427500007383,9.11850188484826,True,0.0017720792638271608
grid_search,Full grid search,N128_B15_A1,"N=128, B=+/-15, A=1",128,15.0,1,10000,126,0.005361188018292887,0.307173446624288,0.003370671432989184,0.007351704603596591,0.00896913794441092,0.07647995137005878,0.6221519677772033,0.34353968501091003,0.3356249928474426,0.3902520537376404,0.15929612517356873,0.15416599810123444,0.1895851492881775,3.9843573750003998,157,128,0.34353968501091003,0.15929612517356873,0.39843573750003997,5.019630047617904,True,0.002136088901944904
grid_search,Full grid search,N128_B15_A2,"N=128, B=+/-15, A=2",128,15.0,2,10000,126,0.0027423595774918796,0.15712562969756433,0.0017156045168521814,0.0037691146381315776,0.00465460524111872,0.03914122537285596,0.29139626616915604,0.4949372112751007,0.4838330149650574,0.5586992502212524,0.19510506093502045,0.19129100441932678,0.22995804250240326,5.560362666999936,158,128,0.4949372112751007,0.19510506093502045,0.5560362666999936,3.596887684808317,True,0.0015248513814175566
grid_search,Full grid search,N128_B15_A5,"N=128, B=+/-15, A=5",128,15.0,5,10000,126,0.0011840828764019535,0.06784295141154263,0.0010940529788378626,0.0012741127739660442,0.0018865875449499536,0.015284077016444122,0.12031870708598395,0.9297417998313904,0.9099159836769104,1.0379999876022339,0.29559126496315,0.28795701265335083,0.3384189307689667,10.050479125000493,159,128,0.9297417998313904,0.29559126496315,1.0050479125000493,1.9899548818772377,True,0.0011900600231548374
grid_search,Full grid search,N128_B15_A10,"N=128, B=+/-15, A=10",128,15.0,10,10000,126,0.0008236066874640529,0.047189187170440475,0.0005764485321473331,0.0010707648427807726,0.0012274977319832489,0.0058722983629584564,0.042569629895675254,1.6412765979766846,1.619583010673523,1.7975860834121704,0.4638584852218628,0.45691800117492676,0.5116692185401917,17.377674291999938,160,128,1.6412765979766846,0.4638584852218628,1.7377674291999938,1.1509019943599292,True,0.00143123687594633
grid_search,Full grid search,N128_B15_A15,"N=128, B=+/-15, A=15",128,15.0,15,10000,126,0.000771969904055004,0.04423061741347083,0.0007200009224412497,0.0008239388856687584,0.001128550612623319,0.006998795381097309,0.0445704006384996,2.3418495655059814,2.3145840167999268,2.5131731033325195,0.6276367902755737,0.6200010180473328,0.6789632439613342,24.583593625000503,161,128,2.3418495655059814,0.6276367902755737,2.45835936250005,0.8135507080486729,False,0.0018977794412018845
grid_search,Full grid search,N128_B20_A0,"N=128, B=+/-20, A=0",128,20.0,0,10000,126,0.01020074525969685,0.5844596512687104,0.006447353428404312,0.013954137090989388,0.016533853398946172,0.12932645502481932,1.1396278710603904,0.17948076128959656,0.1746249943971634,0.20654408633708954,0.12204860895872116,0.11654199659824371,0.14495804905891418,2.183819667001444,162,128,0.17948076128959656,0.12204860895872116,0.2183819667001444,9.158265355976747,True,0.002227658811619773
grid_search,Full grid search,N128_B20_A1,"N=128, B=+/-20, A=1",128,20.0,1,10000,126,0.006185305021499516,0.35439187273299716,0.0038601838764501734,0.00851042616654886,0.009848013282223454,0.08592092124151317,0.738854862844061,0.3436000645160675,0.3370000123977661,0.3882080614566803,0.15939465165138245,0.15441599488258362,0.18937918543815613,3.986609749999843,163,128,0.3436000645160675,0.15939465165138245,0.3986609749999843,5.016794031570506,True,0.002465839730543296
grid_search,Full grid search,N128_B20_A2,"N=128, B=+/-20, A=2",128,20.0,2,10000,126,0.002834952349300147,0.16243080473559596,0.0017578106609696987,0.003912094037630595,0.004612595067729544,0.04015165701807977,0.32879531184852767,0.4967045783996582,0.4841249883174896,0.5636333227157593,0.1963457316160202,0.19187499582767487,0.23279103636741638,5.581774875001429,164,128,0.4967045783996582,0.1963457316160202,0.5581774875001428,3.5830896888321533,True,0.0015824065795149833
grid_search,Full grid search,N128_B20_A5,"N=128, B=+/-20, A=5",128,20.0,5,10000,126,0.0011467752553755417,0.06570538218305572,0.0010222209616214967,0.0012713295491295867,0.0018543518015161882,0.015428903597976513,0.13202891062283353,0.9310934543609619,0.9111250042915344,1.0407277345657349,0.2984521985054016,0.2908340096473694,0.3420451581478119,10.06521362499916,165,128,0.9310934543609619,0.2984521985054016,1.0065213624999159,1.9870417802485212,True,0.0011542537925217792
grid_search,Full grid search,N128_B20_A10,"N=128, B=+/-20, A=10",128,20.0,10,10000,126,0.000801335767217097,0.04591315743441745,0.0005727816183643881,0.0010298899160698057,0.0012185015522880086,0.006015197027382764,0.04999618711483304,1.6378370523452759,1.61537504196167,1.7925082445144653,0.4640110433101654,0.45545700192451477,0.51387619972229,17.351508334000755,166,128,1.6378370523452759,0.4640110433101654,1.7351508334000756,1.1526375468355943,True,0.0013904384243200348
grid_search,Full grid search,N128_B20_A15,"N=128, B=+/-20, A=15",128,20.0,15,10000,126,0.000779259489706601,0.04464827990570646,0.000690835013409378,0.000867683966003824,0.0011785999099818108,0.006947322014910325,0.04367044536874228,2.3417327404022217,2.3144168853759766,2.5137522220611572,0.626162052154541,0.6166660189628601,0.6768798828125,24.583175708001363,167,128,2.3417327404022217,0.626162052154541,2.458317570800136,0.8135645385103917,False,0.0019156672957584852
grid_search,Full grid search,N128_B25_A0,"N=128, B=+/-25, A=0",128,25.0,0,10000,126,0.011527030459043453,0.6604501956219379,0.007006276543036802,0.016047784375050105,0.019167567903071173,0.14569552829578505,1.290772022154872,0.18229413032531738,0.1773339956998825,0.20987500250339508,0.12464029341936111,0.11866699904203415,0.14737500250339508,2.2140068339995196,168,128,0.18229413032531738,0.12464029341936111,0.22140068339995195,9.033395784000701,True,0.0025520924212042826
grid_search,Full grid search,N128_B25_A1,"N=128, B=+/-25, A=1",128,25.0,1,10000,126,0.006675835596103571,0.3824972043799367,0.004105968589877012,0.00924570260233013,0.010569060631990675,0.09351751418782543,0.8154616090564925,0.3418324589729309,0.33616700768470764,0.3841249942779541,0.15854448080062866,0.1528339982032776,0.1877090036869049,3.966382042000987,169,128,0.3418324589729309,0.15854448080062866,0.3966382042000987,5.042378618150022,True,0.002647891442373616
grid_search,Full grid search,N128_B25_A2,"N=128, B=+/-25, A=2",128,25.0,2,10000,126,0.0029407386546576163,0.16849191356286114,0.0018423134554701392,0.004039163853845094,0.0046252647542651,0.04466462540796644,0.42993499160051407,0.5013056397438049,0.48945799469947815,0.5653475522994995,0.2003055363893509,0.1970829963684082,0.23425418138504028,5.628689208000651,170,128,0.5013056397438049,0.2003055363893509,0.5628689208000651,3.5532251401573007,True,0.0016552503929021679
grid_search,Full grid search,N128_B25_A5,"N=128, B=+/-25, A=5",128,25.0,5,10000,126,0.0014371241446700879,0.08234114812594438,0.0010504506477271207,0.001823797641613055,0.002225829924284313,0.017561421387505185,0.18988960808920016,0.9238320589065552,0.9082080125808716,1.0206291675567627,0.295276403427124,0.28891700506210327,0.333624005317688,9.980133458000637,171,128,0.9238320589065552,0.295276403427124,0.9980133458000637,2.0039812177027425,True,0.0014342690759522492
grid_search,Full grid search,N128_B25_A10,"N=128, B=+/-25, A=10",128,25.0,10,10000,126,0.0007803156820504227,0.044708795269361466,0.0005692031074257102,0.0009914282566751353,0.0011688857137833488,0.006056124101094057,0.05500981868195043,1.6342419385910034,1.612625002861023,1.7903380393981934,0.461566299200058,0.4525420069694519,0.5104579925537109,17.30032295899946,172,128,1.6342419385910034,0.461566299200058,1.730032295899946,1.1560477828881337,True,0.001349971330944425
grid_search,Full grid search,N128_B25_A15,"N=128, B=+/-25, A=15",128,25.0,15,10000,126,0.0007629431601701072,0.043713423086120716,0.0007260280356334988,0.0007998582847067155,0.0011706923976553991,0.0071316800981203994,0.04363693139089433,2.269451856613159,2.2526659965515137,2.362086057662964,0.6098216772079468,0.6034160256385803,0.6490073204040527,23.76939554099954,173,128,2.269451856613159,0.6098216772079468,2.376939554099954,0.8414181153871685,False,0.0018134697749383445
grid_search,Full grid search,N128_B30_A0,"N=128, B=+/-30, A=0",128,30.0,0,10000,126,0.11846874090749188,6.7877588582281305,0.11849953377041966,0.1184379480445641,0.26216705122506473,1.7435285842874968,17.587834370039655,0.17991074919700623,0.1782499998807907,0.19316600263118744,0.12450458109378815,0.12270800024271011,0.13741904497146606,2.1707457499996963,174,128,0.17991074919700623,0.12450458109378815,0.21707457499996963,9.213423543500108,True,0.025716551583275314
grid_search,Full grid search,N128_B30_A1,"N=128, B=+/-30, A=1",128,30.0,1,10000,126,0.15682658698836457,8.985501549874561,0.1543245586428442,0.15932861533388495,0.34792695804487794,2.3347208550502083,21.633902422673263,0.3346201181411743,0.33274999260902405,0.34937500953674316,0.15871423482894897,0.1568329930305481,0.17245900630950928,3.8681628329995874,175,128,0.3346201181411743,0.15871423482894897,0.38681628329995876,5.170413155666172,True,0.06066307750145686
grid_search,Full grid search,N128_B30_A2,"N=128, B=+/-30, A=2",128,30.0,2,10000,126,0.16477274114339963,9.440782646318413,0.16039031838196097,0.16915516390483826,0.34580066180304886,2.367681442011408,24.920977717291652,0.48098915815353394,0.47862499952316284,0.5039169788360596,0.193312406539917,0.1913760006427765,0.2096250057220459,5.3862122089994955,176,128,0.48098915815353394,0.193312406539917,0.5386212208999496,3.713184557894546,True,0.08875009500568926
grid_search,Full grid search,N128_B30_A5,"N=128, B=+/-30, A=5",128,30.0,5,10000,126,0.1686343228551006,9.662034980643783,0.1678129024300666,0.16945574328013463,0.3497242681254389,2.5248557971497574,31.182511142331258,0.8926092982292175,0.8917080163955688,0.9126690626144409,0.28926751017570496,0.286873996257782,0.30466800928115845,9.619678875000318,177,128,0.8926092982292175,0.28926751017570496,0.9619678875000318,2.0790714804395525,True,0.16222080331691946
grid_search,Full grid search,N128_B30_A10,"N=128, B=+/-30, A=10",128,30.0,10,10000,126,0.13899119064367843,7.96360861338099,0.1458839216573513,0.13209845963000552,0.30314492612947863,2.4426361461028443,33.48552548467243,1.5765891075134277,1.5759999752044678,1.607043981552124,0.4478605091571808,0.44495800137519836,0.46458902955055237,16.645283500000005,178,128,1.5765891075134277,0.4478605091571808,1.6645283500000005,1.2015415658135227,True,0.23135477722665757
grid_search,Full grid search,N128_B30_A15,"N=128, B=+/-30, A=15",128,30.0,15,10000,126,0.1151595257828274,6.598154798083997,0.12103133989399649,0.10928771167165832,0.26634362039478476,2.3026239564679774,33.98758945700312,2.2554728984832764,2.2554171085357666,2.295502185821533,0.6077436208724976,0.604790985584259,0.6262121200561523,23.612025874999745,179,128,2.2554728984832764,0.6077436208724976,2.3612025874999745,0.847026007250647,False,0.27191497025368205
grid_search,Full grid search,N128_B35_A0,"N=128, B=+/-35, A=0",128,35.0,0,10000,126,0.4019719740137458,23.031297593530034,0.4217827629455365,0.38216118508195507,0.510266972665718,2.5291321647423457,34.36274725306349,0.17793050408363342,0.1745000034570694,0.18995900452136993,0.12256435304880142,0.11900000274181366,0.1341249942779541,2.1497285420009575,180,128,0.17793050408363342,0.12256435304880142,0.21497285420009576,9.30350023700392,True,0.08641306256218166
grid_search,Full grid search,N128_B35_A1,"N=128, B=+/-35, A=1",128,35.0,1,10000,126,0.5213203464305028,29.869455624765784,0.5581654685265385,0.4844752243344672,0.6397164282263988,3.2274715165121117,38.945535923172635,0.3346382677555084,0.3324579894542694,0.3501249849796295,0.15905268490314484,0.15654100477695465,0.17399899661540985,3.8669148329991003,181,128,0.3346382677555084,0.15905268490314484,0.38669148329991,5.172081843987344,True,0.20159013803563408
grid_search,Full grid search,N128_B35_A2,"N=128, B=+/-35, A=2",128,35.0,2,10000,126,0.5083069484624314,29.12384284407117,0.5357525760307909,0.48086132089407185,0.6192266716834178,3.4916301304395696,44.861838385162194,0.48028111457824707,0.47704198956489563,0.5039190053939819,0.19370678067207336,0.19279199838638306,0.20979100465774536,5.377365624999584,182,128,0.48028111457824707,0.19370678067207336,0.5377365624999584,3.7192933110256097,True,0.27333523116103137
grid_search,Full grid search,N128_B35_A5,"N=128, B=+/-35, A=5",128,35.0,5,10000,126,0.496958357017627,28.473616450865602,0.5349083178689703,0.45900839616628364,0.61730881668562,4.5036846793565095,55.186594231181104,0.8973456025123596,0.8966249823570251,0.9166250228881836,0.291156142950058,0.28870800137519836,0.30583399534225464,9.67098608300148,183,128,0.8973456025123596,0.291156142950058,0.967098608300148,2.068041441518941,True,0.4806077354548752
grid_search,Full grid search,N128_B35_A10,"N=128, B=+/-35, A=10",128,35.0,10,10000,126,0.6239734983144095,35.75104798142905,0.7274244198499713,0.5205225767788477,1.010736758943667,7.711501737603718,68.68428362672385,1.5796735286712646,1.5772500038146973,1.6087499856948853,0.45118653774261475,0.44829198718070984,0.4693760573863983,16.67892304199995,184,128,1.5796735286712646,0.45118653774261475,1.6678923041999951,1.1991181894440723,True,1.0407205958633523
grid_search,Full grid search,N128_B35_A15,"N=128, B=+/-35, A=15",128,35.0,15,10000,126,0.7921115393925457,45.384648110803525,1.0284849770994857,0.5557381016856059,1.4459007660537377,11.354132111143805,85.74868240558936,2.254810333251953,2.250916004180908,2.301377058029175,0.6090445518493652,0.6057890057563782,0.6326240301132202,23.60694549999971,185,128,2.254810333251953,0.6090445518493652,2.360694549999971,0.8472082930000514,False,1.86993339403607
grid_search,Full grid search,N128_B40_A0,"N=128, B=+/-40, A=0",128,40.0,0,10000,126,0.5331867532149424,30.549350651499573,0.5492703992798924,0.5171031071499922,0.6661466204266602,3.2378455504535735,39.11281048882053,0.17958875000476837,0.17779099941253662,0.19095799326896667,0.12457753717899323,0.12300000339746475,0.13545900583267212,2.1644242920010583,186,128,0.17958875000476837,0.12457753717899323,0.21644242920010584,9.240332440322758,True,0.11540423608315946
grid_search,Full grid search,N128_B40_A1,"N=128, B=+/-40, A=1",128,40.0,1,10000,126,0.3828413132030982,21.935191469783607,0.3979871232552454,0.3676955031509511,0.4735497350266893,3.5117357608869395,43.30052830086839,0.3340354859828949,0.33125001192092896,0.3489610552787781,0.15831907093524933,0.15520800650119781,0.17262600362300873,3.860925375000079,187,128,0.3340354859828949,0.15831907093524933,0.3860925375000079,5.18010530053293,True,0.14781217407441946
grid_search,Full grid search,N128_B40_A2,"N=128, B=+/-40, A=2",128,40.0,2,10000,126,0.3716806100406218,21.2957302821754,0.3858841784561053,0.3574770416251384,0.45266679544111393,4.008706664247302,47.96955366107205,0.47944581508636475,0.47837498784065247,0.49595800042152405,0.19391389191150665,0.1915840059518814,0.20787504315376282,5.367091500000242,188,128,0.47944581508636475,0.19391389191150665,0.5367091500000243,3.726413086119194,True,0.19948438428639262
grid_search,Full grid search,N128_B40_A5,"N=128, B=+/-40, A=5",128,40.0,5,10000,126,0.3601390008844435,20.634444788736836,0.3782237609990872,0.3420542407697998,0.43962910754383755,4.826565579973222,55.3238861474285,0.8961256146430969,0.8926669955253601,0.92879718542099,0.29083648324012756,0.28758400678634644,0.31137615442276,9.657126500000231,189,128,0.8961256146430969,0.29083648324012756,0.9657126500000232,2.071009425008518,True,0.3477907889124766
grid_search,Full grid search,N128_B40_A10,"N=128, B=+/-40, A=10",128,40.0,10,10000,126,0.36907945298310374,21.146694960928947,0.3921076533952728,0.3460512525709346,0.45276547407423234,6.158206718938579,68.4217948790793,1.5774049758911133,1.5742089748382568,1.6063770055770874,0.4474540650844574,0.44449999928474426,0.46333107352256775,16.653521084001113,190,128,1.5774049758911133,0.4474540650844574,1.6653521084001113,1.2009472290645982,True,0.6146472451925715
grid_search,Full grid search,N128_B40_A15,"N=128, B=+/-40, A=15",128,40.0,15,10000,126,0.5128015089149005,29.381362188764058,0.5909403515756596,0.43466266625414135,0.9384214500584935,8.87963981620162,80.84203625066752,2.256308078765869,2.2550840377807617,2.2892110347747803,0.6081047654151917,0.6056249737739563,0.6264569759368896,23.62061249999897,191,128,2.256308078765869,0.6081047654151917,2.362061249999897,0.8467180942069505,False,1.211268573149363
grid_search,Full grid search,N256_B5_A0,"N=256, B=+/-5, A=0",256,5.0,0,10000,254,0.026901491711376003,1.541341937668011,0.01545008193916874,0.038352901483583265,0.058210862850557786,0.286154755231036,2.327785760489125,0.25791069865226746,0.2537910044193268,0.2935410141944885,0.20100878179073334,0.19762499630451202,0.23416903614997864,2.977582542000164,192,256,0.25791069865226746,0.20100878179073334,0.29775825420001634,6.716858296249005,True,0.008010141207355529
grid_search,Full grid search,N256_B5_A1,"N=256, B=+/-5, A=1",256,5.0,1,10000,254,0.00832534451459651,0.47700710367877097,0.005059222798468545,0.011591466230724472,0.01715743688235307,0.0976758423365809,1.1543739949906744,0.4102993607521057,0.4095830023288727,0.4276669919490814,0.23019222915172577,0.2295829951763153,0.24612504243850708,4.658538458999828,193,256,0.4102993607521057,0.23019222915172577,0.46585384589998285,4.293191990582799,True,0.00387839376056711
grid_search,Full grid search,N256_B5_A2,"N=256, B=+/-5, A=2",256,5.0,2,10000,254,0.00415680580259359,0.23816742874410354,0.002520272248686524,0.005793339356500655,0.007977520567815985,0.052929220039780275,0.6337721802280726,0.5520449280738831,0.5515410304069519,0.5681250095367432,0.26094210147857666,0.26012399792671204,0.2752109467983246,6.122112084000037,194,256,0.5520449280738831,0.26094210147857666,0.6122112084000036,3.26684642907297,True,0.002544843103489969
grid_search,Full grid search,N256_B5_A5,"N=256, B=+/-5, A=5",256,5.0,5,10000,254,0.0012818250429379985,0.07344316503452285,0.000953967200423358,0.0016096828854526392,0.00219645020237259,0.018400568624355206,0.23523607589468792,0.9767234325408936,0.9737920165061951,1.0077183246612549,0.3612905740737915,0.35920798778533936,0.38312405347824097,10.49482533399896,195,256,0.9767234325408936,0.3612905740737915,1.049482533399896,1.9057010825333267,True,0.0013452529934380013
grid_search,Full grid search,N256_B5_A10,"N=256, B=+/-5, A=10",256,5.0,10,10000,254,0.0007750669804052451,0.04440806681716942,0.000531182486214675,0.001018951474595815,0.0011773811429981109,0.006508043099325013,0.06575384326493222,1.660059928894043,1.6579580307006836,1.6864169836044312,0.5213204026222229,0.5195410251617432,0.5393312573432922,17.50643499999933,196,256,1.660059928894043,0.5213204026222229,1.7506434999999327,1.142437052432478,True,0.0013568659713110176
grid_search,Full grid search,N256_B5_A15,"N=256, B=+/-5, A=15",256,5.0,15,10000,254,0.0007168589842272922,0.041072994302259094,0.0006866642816923559,0.0007470536867622286,0.0010489325909267936,0.0068029954462453315,0.048204770099277566,2.339297294616699,2.335582971572876,2.3831722736358643,0.6825585961341858,0.6805850267410278,0.705543041229248,24.476083584000662,197,256,2.339297294616699,0.6825585961341858,2.4476083584000663,0.817124191105208,False,0.0017545900415889017
grid_search,Full grid search,N256_B10_A0,"N=256, B=+/-10, A=0",256,10.0,0,10000,254,0.00642617215574719,0.36819254294879994,0.0038183403990464286,0.009034003912447951,0.012129012282199796,0.07672187082993032,0.7647156495058569,0.2353614717721939,0.23558400571346283,0.2595829963684082,0.17901703715324402,0.1790419965982437,0.20391599833965302,2.745551957999851,198,256,0.2353614717721939,0.17901703715324402,0.27455519579998505,7.284509747384314,True,0.001764338954465582
grid_search,Full grid search,N256_B10_A1,"N=256, B=+/-10, A=1",256,10.0,1,10000,254,0.0036684136801282876,0.21018462137940527,0.002312939351040404,0.005023888009216171,0.006094898303659194,0.055697160058319484,0.46274751546999443,0.403107225894928,0.4027499854564667,0.4212130904197693,0.22507119178771973,0.22483299672603607,0.24208399653434753,4.576522792000105,199,256,0.403107225894928,0.22507119178771973,0.4576522792000105,4.370130098545687,True,0.001678857881759209
grid_search,Full grid search,N256_B10_A2,"N=256, B=+/-10, A=2",256,10.0,2,10000,254,0.0026002149007836126,0.14898133964192908,0.0016340537911222783,0.0035663760104449466,0.004297743657429185,0.03552167583348506,0.2645312425818301,0.5534155368804932,0.5501670241355896,0.5715420246124268,0.2608952224254608,0.2595829963684082,0.2773350775241852,6.138476416999765,200,256,0.5534155368804932,0.2608952224254608,0.6138476416999765,3.2581374662631966,True,0.001596135784759159
grid_search,Full grid search,N256_B10_A5,"N=256, B=+/-10, A=5",256,10.0,5,10000,254,0.001132569894689368,0.0648914749692769,0.001049258826766163,0.0012158809626125731,0.0018267901239094623,0.014161472743929569,0.10465705776149543,0.974435567855835,0.9714580178260803,1.012086033821106,0.36278408765792847,0.36104199290275574,0.3900902271270752,10.466963791001035,201,256,0.974435567855835,0.36278408765792847,1.0466963791001034,1.9107737830520621,True,0.001185456807849147
grid_search,Full grid search,N256_B10_A10,"N=256, B=+/-10, A=10",256,10.0,10,10000,254,0.0008358964108978399,0.0478933364545795,0.0005846778571372852,0.0010871149646583945,0.0012396104887833787,0.005876499530401538,0.04100035790812565,1.6562952995300293,1.6522090435028076,1.6924601793289185,0.5216817855834961,0.5196700096130371,0.5435851812362671,17.4703647919996,202,256,1.6562952995300293,0.5216817855834961,1.7470364791999602,1.1447957863569524,True,0.0014603415226708454
grid_search,Full grid search,N256_B10_A15,"N=256, B=+/-10, A=15",256,10.0,15,10000,254,0.0007534174677624833,0.043167641114224053,0.0006327435600454919,0.0008740913754794747,0.0011398822330787653,0.006782963309971664,0.04482400312877697,2.339651107788086,2.335124969482422,2.385915994644165,0.6800371408462524,0.6773309707641602,0.7040892243385315,24.485272832998817,203,256,2.339651107788086,0.6800371408462524,2.4485272832998817,0.8168175268623509,False,0.0018447632255311494
grid_search,Full grid search,N256_B15_A0,"N=256, B=+/-15, A=0",256,15.0,0,10000,254,0.006517697778940783,0.37343657487509746,0.0040655462178110615,0.008969849340070505,0.010711556664036474,0.08209585296888364,0.656264429193714,0.2528509795665741,0.25233301520347595,0.26887500286102295,0.19662055373191833,0.19599999487400055,0.21304099261760712,2.9203401670001767,204,256,0.2528509795665741,0.19662055373191833,0.29203401670001766,6.848517246723468,True,0.0019033894620208605
grid_search,Full grid search,N256_B15_A1,"N=256, B=+/-15, A=1",256,15.0,1,10000,254,0.004466611495908,0.2559179874401436,0.0028667006922361905,0.00606652229957981,0.007426265023551021,0.06651990146837715,0.5363778223898367,0.40716686844825745,0.40654200315475464,0.4254160523414612,0.23009741306304932,0.22962500154972076,0.24708299338817596,4.617800542000623,205,256,0.40716686844825745,0.23009741306304932,0.4617800542000623,4.331066233392395,True,0.0020625920986710178
grid_search,Full grid search,N256_B15_A2,"N=256, B=+/-15, A=2",256,15.0,2,10000,254,0.0027706116295506946,0.15874435304311832,0.0017507227211783175,0.0037905005379230716,0.004660812067015619,0.037497409166402616,0.26709407364877835,0.5559816956520081,0.5525000095367432,0.5989621877670288,0.2652055323123932,0.26308301091194153,0.29833605885505676,6.16369987500002,206,256,0.5559816956520081,0.2652055323123932,0.6163699875000019,3.244804322987893,True,0.0017077218554735216
grid_search,Full grid search,N256_B15_A5,"N=256, B=+/-15, A=5",256,15.0,5,10000,254,0.0012582096764876041,0.07209010420526041,0.0010978903204435482,0.00141852903253166,0.0020060295435587183,0.014925067879073833,0.10131874025753594,0.9674026370048523,0.9661669731140137,0.9942910075187683,0.3592829704284668,0.35899999737739563,0.3784990608692169,10.393219333000161,207,256,0.9674026370048523,0.3592829704284668,1.039321933300016,1.9243315626464987,True,0.0013076849134638845
grid_search,Full grid search,N256_B15_A10,"N=256, B=+/-15, A=10",256,15.0,10,10000,254,0.0008341418601106852,0.04779280809953418,0.0005817008662270382,0.0010865828539943323,0.0012379738174287686,0.005859645485412996,0.04096898453166182,1.6557843685150146,1.652791976928711,1.6894160509109497,0.5215055346488953,0.5199170112609863,0.5431278944015503,17.464243041000373,208,256,1.6557843685150146,0.5215055346488953,1.7464243041000374,1.1451970722719842,True,0.0014567656175645141
grid_search,Full grid search,N256_B15_A15,"N=256, B=+/-15, A=15",256,15.0,15,10000,254,0.0007833005425141892,0.04487981517637075,0.000627515722316457,0.0009390853627119214,0.0011921432227354086,0.007118761195944252,0.04443190902143504,2.335400342941284,2.330457925796509,2.3810482025146484,0.6815653443336487,0.6792070269584656,0.7054551243782043,24.436770541000442,209,256,2.335400342941284,0.6815653443336487,2.4436770541000445,0.8184387526348315,False,0.0019141335622060406
grid_search,Full grid search,N256_B20_A0,"N=256, B=+/-20, A=0",256,20.0,0,10000,254,0.006398078456486109,0.3665828925502302,0.0040934625696972945,0.008702694343274925,0.010664572834626048,0.0955787632437942,0.8332566027327476,0.2370765209197998,0.23704099655151367,0.263835072517395,0.1803804188966751,0.1802089959383011,0.20729099214076996,2.7680173330008984,210,256,0.2370765209197998,0.1803804188966751,0.27680173330008984,7.22538828119163,True,0.0017709992065453185
grid_search,Full grid search,N256_B20_A1,"N=256, B=+/-20, A=1",256,20.0,1,10000,254,0.004856188897075481,0.2782391283207152,0.0030616221144155135,0.006650755679735448,0.008460930667749361,0.07645600696072412,0.60173548038004,0.40727072954177856,0.4059999883174896,0.428877055644989,0.22922773659229279,0.2284570038318634,0.2490440458059311,4.62011099999836,211,256,0.40727072954177856,0.22922773659229279,0.46201109999983603,4.328900322959145,True,0.0022436131741448333
grid_search,Full grid search,N256_B20_A2,"N=256, B=+/-20, A=2",256,20.0,2,10000,254,0.0029577643416385403,0.1694674135701789,0.0018600242006185,0.00405550448265858,0.004855109565996427,0.039079107595992056,0.301922418180848,0.5540916323661804,0.5502499938011169,0.5988351106643677,0.26301777362823486,0.26012399792671204,0.29754409193992615,6.144446708000032,212,256,0.5540916323661804,0.26301777362823486,0.6144446708000032,3.2549716761250647,True,0.001817382537202081
grid_search,Full grid search,N256_B20_A5,"N=256, B=+/-20, A=5",256,20.0,5,10000,254,0.0012908698542742059,0.07396139455057961,0.0010404797704773956,0.0015412599380710162,0.002129476731464112,0.015495016610963093,0.11036891253299512,0.963691234588623,0.9629999995231628,0.9867100715637207,0.3539554476737976,0.3534570038318634,0.3729589879512787,10.35526800000116,213,256,0.963691234588623,0.3539554476737976,1.035526800000116,1.931384103240762,True,0.0013367303294131846
grid_search,Full grid search,N256_B20_A10,"N=256, B=+/-20, A=10",256,20.0,10,10000,254,0.0008314268971647835,0.0476372521811996,0.0005740079937211703,0.0010888458006083966,0.0012339483104675242,0.005871372963114644,0.04138430281277956,1.6599353551864624,1.656749963760376,1.6922500133514404,0.5215787291526794,0.5195429921150208,0.5412500500679016,17.511200292001377,214,256,1.6599353551864624,0.5215787291526794,1.7511200292001377,1.1421261630555066,True,0.0014559282924409755
grid_search,Full grid search,N256_B20_A15,"N=256, B=+/-20, A=15",256,20.0,15,10000,254,0.0007598022037040208,0.04353345953697964,0.0007595178151794243,0.0007600865922286175,0.0010999944313509948,0.006623061994628489,0.044029948223417166,2.3390231132507324,2.3350419998168945,2.3793373107910156,0.6810123920440674,0.6783329844474792,0.7036250829696655,24.47878433400001,215,256,2.3390231132507324,0.6810123920440674,2.447878433400001,0.8170340376021383,False,0.001859903428096867
grid_search,Full grid search,N256_B25_A0,"N=256, B=+/-25, A=0",256,25.0,0,10000,254,0.00815188722704479,0.4670687331762703,0.004962984668492572,0.011340789785597008,0.013509456425436155,0.1126244682474938,0.9421570005237937,0.2516722083091736,0.2518329918384552,0.2701669931411743,0.19530744850635529,0.195374995470047,0.2138330042362213,2.9102592920007737,216,256,0.2516722083091736,0.19530744850635529,0.29102592920007736,6.872239891123311,True,0.002372410554984952
grid_search,Full grid search,N256_B25_A1,"N=256, B=+/-25, A=1",256,25.0,1,10000,254,0.006121997878936236,0.3507646406510882,0.003837446273845853,0.008406549484026618,0.009967392132333655,0.08402219339991454,0.6940540875898685,0.4002158045768738,0.3992080092430115,0.42079100012779236,0.22249345481395721,0.22158299386501312,0.24241699278354645,4.548161209000682,217,256,0.4002158045768738,0.22249345481395721,0.4548161209000682,4.397381508909704,True,0.002784383327456224
grid_search,Full grid search,N256_B25_A2,"N=256, B=+/-25, A=2",256,25.0,2,10000,254,0.0027016085109498817,0.15479076557405108,0.0016934256899752654,0.003709791331924498,0.004484296587259344,0.04163902548318945,0.3359433170941804,0.5575834512710571,0.5527909994125366,0.6040830612182617,0.26519274711608887,0.26204100251197815,0.30195799469947815,6.184433667000121,218,256,0.5575834512710571,0.26519274711608887,0.6184433667000121,3.233925865632477,True,0.0016707918630172512
grid_search,Full grid search,N256_B25_A5,"N=256, B=+/-25, A=5",256,25.0,5,10000,254,0.001221629148873035,0.06999419436058382,0.0011278614901006222,0.0013153968076454476,0.0019573281214689047,0.015322883538295064,0.12208585494112616,0.9742310643196106,0.9727920293807983,0.9964580535888672,0.36348238587379456,0.36262398958206177,0.3804570436477661,10.466932666999128,219,256,0.9742310643196106,0.36348238587379456,1.046693266699913,1.9107794648433525,True,0.001278671004529751
grid_search,Full grid search,N256_B25_A10,"N=256, B=+/-25, A=10",256,25.0,10,10000,254,0.0008295934369176394,0.04753220264713324,0.0005694327752513345,0.0010897540985839442,0.0012377883830061989,0.00587548067706106,0.041679873794432346,1.65923011302948,1.6550829410552979,1.702627182006836,0.5238643288612366,0.5214999914169312,0.5503360629081726,17.500527374999365,220,256,1.65923011302948,0.5238643288612366,1.7500527374999366,1.142822703078725,True,0.001451832265289696
grid_search,Full grid search,N256_B25_A15,"N=256, B=+/-25, A=15",256,25.0,15,10000,254,0.000775754989462439,0.0444474868324134,0.0006646155101363547,0.0008868944687885232,0.0011977635495544695,0.007189219467096663,0.04510847349025454,2.3444464206695557,2.341707944869995,2.3815431594848633,0.6830170154571533,0.6815000176429749,0.7043320536613464,24.53424837499915,221,256,2.3444464206695557,0.6830170154571533,2.453424837499915,0.815186986546544,False,0.0019032565589616325
grid_search,Full grid search,N256_B30_A0,"N=256, B=+/-30, A=0",256,30.0,0,10000,254,0.20740384562870606,11.883365009307706,0.21416080065803836,0.20064689059937374,0.36566942310552264,2.272400003293569,21.75292220348758,0.2349989265203476,0.23441700637340546,0.2606660723686218,0.1784607470035553,0.17762500047683716,0.20412500202655792,2.746206292000352,222,256,0.2349989265203476,0.1784607470035553,0.27462062920003516,7.282774079376204,True,0.05695737458506222
grid_search,Full grid search,N256_B30_A1,"N=256, B=+/-30, A=1",256,30.0,1,10000,254,0.16246838198509067,9.308752592064991,0.16727963334826054,0.1576571306219208,0.3415358186539683,2.4523832329682436,22.59226970468766,0.4079993963241577,0.40404200553894043,0.4514252543449402,0.22894106805324554,0.22579200565814972,0.26475417613983154,4.631776208001611,223,256,0.4079993963241577,0.22894106805324554,0.4631776208001611,4.317997913079017,True,0.07525171862310605
grid_search,Full grid search,N256_B30_A2,"N=256, B=+/-30, A=2",256,30.0,2,10000,254,0.18148272247264977,10.39819405222685,0.17748966633108212,0.1854757786142174,0.36293152812683116,2.542549853040692,26.322608533108763,0.5548885464668274,0.5531669855117798,0.5772520303726196,0.2641456425189972,0.2630000114440918,0.2832110524177551,6.153657249999014,224,256,0.5548885464668274,0.2641456425189972,0.6153657249999015,3.2500997679068333,True,0.11167824708933805
grid_search,Full grid search,N256_B30_A5,"N=256, B=+/-30, A=5",256,30.0,5,10000,254,0.19561345487957588,11.207825380572457,0.201712496336014,0.18951441342313774,0.36934632633916387,2.701636000240133,34.60649794816335,0.9755254983901978,0.9722080230712891,1.0137121677398682,0.36550775170326233,0.3634589910507202,0.3937510550022125,10.478863583999555,225,256,0.9755254983901978,0.36550775170326233,1.0478863583999556,1.908603909162298,True,0.2049806708877928
grid_search,Full grid search,N256_B30_A10,"N=256, B=+/-30, A=10",256,30.0,10,10000,254,0.22992473076844472,13.173716678713623,0.2359616681962856,0.22388779334060382,0.39527381610887363,3.0956147545324035,42.54280534706312,1.6577659845352173,1.6551669836044312,1.686919093132019,0.5237125754356384,0.5219990015029907,0.54280024766922,17.48388991599859,226,256,1.6577659845352173,0.5237125754356384,1.748388991599859,1.143910199394418,True,0.40199786817211014
grid_search,Full grid search,N256_B30_A15,"N=256, B=+/-30, A=15",256,30.0,15,10000,254,0.23080947576822364,13.224408833146258,0.24499981879643165,0.21661913274001562,0.3886370584075897,3.292096781517894,47.01635787406283,2.342545509338379,2.3398330211639404,2.3745453357696533,0.6876903176307678,0.6860809922218323,0.7065021395683289,24.51258858300025,227,256,2.342545509338379,0.6876903176307678,2.4512588583000254,0.8159073013557702,False,0.5657737720564433
grid_search,Full grid search,N256_B35_A0,"N=256, B=+/-35, A=0",256,35.0,0,10000,254,0.3947261636921903,22.616143242952578,0.4093565481483005,0.3800957792360801,0.4964970828830922,2.4107946012949144,34.43424373099867,0.2501508891582489,0.25083398818969727,0.26966699957847595,0.1937681883573532,0.19404199719429016,0.21358604729175568,2.897386541999367,228,256,0.2501508891582489,0.1937681883573532,0.2897386541999367,6.902772450305793,True,0.11436742744567915
grid_search,Full grid search,N256_B35_A1,"N=256, B=+/-35, A=1",256,35.0,1,10000,254,0.5142021385396831,29.461612354925094,0.541073703659419,0.4873305734199472,0.6269916900830909,3.2145461467152163,39.27376072090199,0.4152710437774658,0.4111250042915344,0.4584190547466278,0.23632116615772247,0.23312599956989288,0.27229106426239014,4.707222916998944,229,256,0.4152710437774658,0.23632116615772247,0.4707222916998944,4.248789647878171,True,0.2420464090503862
grid_search,Full grid search,N256_B35_A2,"N=256, B=+/-35, A=2",256,35.0,2,10000,254,0.49463948901426047,28.340755101024772,0.5459819453631528,0.4432970326653682,0.6020663115073872,3.505032164885152,45.14818433835036,0.5546478629112244,0.5541669726371765,0.5732499957084656,0.26566600799560547,0.26512500643730164,0.28212401270866394,6.147872541001561,230,256,0.5546478629112244,0.26566600799560547,0.6147872541001562,3.253157879675521,True,0.3040980532205816
grid_search,Full grid search,N256_B35_A5,"N=256, B=+/-35, A=5",256,35.0,5,10000,254,0.4959712717829272,28.417060632897627,0.5472154404593632,0.4447271031064913,0.6290666597479538,4.5622386226690015,54.76306644675088,0.979182243347168,0.9739170074462891,1.0309315919876099,0.36734887957572937,0.3641679883003235,0.40047553181648254,10.520886416999929,231,256,0.979182243347168,0.36734887957572937,1.0520886416999928,1.9009805074678372,True,0.5218057416523179
grid_search,Full grid search,N256_B35_A10,"N=256, B=+/-35, A=10",256,35.0,10,10000,254,0.6139815594206797,35.17855205366571,0.7114916838154197,0.5164714350259397,1.015183146695812,7.827498361580277,68.78878895690687,1.658345341682434,1.6552079916000366,1.6905440092086792,0.5263410210609436,0.5247920155525208,0.5481670498847961,17.488821041999472,232,256,1.658345341682434,0.5263410210609436,1.7488821041999474,1.143587663912274,True,1.0737813615796032
grid_search,Full grid search,N256_B35_A15,"N=256, B=+/-35, A=15",256,35.0,15,10000,254,0.6269074816277018,35.919152842442514,0.7638869154112413,0.4899280478441622,1.143655279653942,9.711802187320213,82.12512346377528,2.3427252769470215,2.3392090797424316,2.3737130165100098,0.6890870928764343,0.6873329877853394,0.7076279520988464,24.51372054100102,233,256,2.3427252769470215,0.6890870928764343,2.4513720541001023,0.8158696256061381,False,1.5367834809684215
grid_search,Full grid search,N256_B40_A0,"N=256, B=+/-40, A=0",256,40.0,0,10000,254,0.5246753300124314,30.061682024345973,0.5391391210248694,0.5102115389999934,0.6553089481344906,3.1893611765497267,39.356351481622355,0.2550806999206543,0.2516250014305115,0.30229198932647705,0.19805552065372467,0.19470900297164917,0.2425829917192459,2.9522645420001936,234,256,0.2550806999206543,0.19805552065372467,0.29522645420001936,6.774460660781356,True,0.15489803728579513
grid_search,Full grid search,N256_B40_A1,"N=256, B=+/-40, A=1",256,40.0,1,10000,254,0.37335317102069965,21.391560967312124,0.38515221579456704,0.3615541262468323,0.47209030266890534,3.567261406556277,43.47219214810044,0.4111991226673126,0.4107080101966858,0.4279170036315918,0.2329130619764328,0.23258300125598907,0.24837499856948853,4.661935374999302,235,256,0.4111991226673126,0.2329130619764328,0.46619353749993026,4.29006375919636,True,0.1740548355349564
grid_search,Full grid search,N256_B40_A2,"N=256, B=+/-40, A=2",256,40.0,2,10000,254,0.34096086908140566,19.535618777477147,0.36049195507522674,0.32142978308758463,0.4144318501297292,4.116362128919139,47.6759846950803,0.5564147233963013,0.5558329820632935,0.5752090215682983,0.2666788697242737,0.2662929892539978,0.28342005610466003,6.16603666699848,236,256,0.5564147233963013,0.2666788697242737,0.616603666699848,3.2435746136643804,True,0.21023772207676156
grid_search,Full grid search,N256_B40_A5,"N=256, B=+/-40, A=5",256,40.0,5,10000,254,0.3407864315426792,19.52562424271947,0.3583089089024812,0.3232639541828772,0.4158625926438294,4.880259212882088,55.13992626850473,0.9766519665718079,0.9729999899864197,1.012877106666565,0.366832971572876,0.3644169867038727,0.3935104012489319,10.490724249999403,237,256,0.9766519665718079,0.366832971572876,1.0490724249999404,1.9064460682970612,True,0.35750964814555464
grid_search,Full grid search,N256_B40_A10,"N=256, B=+/-40, A=10",256,40.0,10,10000,254,0.3611660600741743,20.693290945618536,0.3859097649084171,0.33642235523993147,0.4444489619821764,6.173152826843969,68.0631116651051,1.658857822418213,1.6561249494552612,1.6894170045852661,0.529716432094574,0.5278760194778442,0.5488330721855164,17.493673917000706,238,256,1.658857822418213,0.529716432094574,1.7493673917000705,1.1432704242053806,True,0.6318121284825492
grid_search,Full grid search,N256_B40_A15,"N=256, B=+/-40, A=15",256,40.0,15,10000,254,0.3920966668134788,22.465484169559584,0.4042735480605625,0.37991978556639516,0.4916049765831377,6.942272313801036,76.9564059949227,2.33813738822937,2.3323750495910645,2.3954601287841797,0.6878629326820374,0.6848750114440918,0.7171795964241028,24.46576483300123,239,256,2.33813738822937,0.6878629326820374,2.4465764833001233,0.8174688237427395,False,0.9592944842062212
grid_search,Full grid search,N512_B5_A0,"N=512, B=+/-5, A=0",512,5.0,0,10000,510,0.02663958204785013,1.526335619334287,0.015207339189853519,0.038071824905846735,0.05793338988356216,0.28434079994021005,2.2983649981124947,0.3412890136241913,0.3414579927921295,0.368460088968277,0.27807724475860596,0.27766698598861694,0.3036249876022339,3.8473375419998774,240,512,0.3412890136241913,0.27807724475860596,0.38473375419998773,5.198400135591908,True,0.010249146411587978
grid_search,Full grid search,N512_B5_A1,"N=512, B=+/-5, A=1",512,5.0,1,10000,510,0.008207295466633513,0.47024339145495386,0.005011278367845807,0.01140331256542122,0.016825931032819375,0.09297018847838263,1.1111466135184334,0.48678451776504517,0.484499990940094,0.5213750004768372,0.30285361409187317,0.3020009994506836,0.32996314764022827,5.457718542000293,241,512,0.48678451776504517,0.30285361409187317,0.5457718542000293,3.664534886892474,True,0.004479310864792067
grid_search,Full grid search,N512_B5_A2,"N=512, B=+/-5, A=2",512,5.0,2,10000,510,0.003908628465444781,0.22394791475468145,0.002374406823038589,0.005442850107850973,0.007579332077440808,0.0493671351981024,0.599316911547895,0.6348108649253845,0.6260830163955688,0.7330420017242432,0.34051963686943054,0.3331240117549896,0.43076562881469727,6.991612791998705,242,512,0.6348108649253845,0.34051963686943054,0.6991612791998705,2.860570314032303,True,0.0027327616778173996
grid_search,Full grid search,N512_B5_A5,"N=512, B=+/-5, A=5",512,5.0,5,10000,510,0.0012681479483726433,0.07265952523992668,0.0009207701918901876,0.0016155257048550992,0.0021449613749411835,0.017591021280623773,0.2285178584198685,1.076351284980774,1.0747499465942383,1.1027110815048218,0.4609018564224243,0.45983201265335083,0.48262500762939453,11.512944833999427,243,512,1.076351284980774,0.4609018564224243,1.1512944833999426,1.7371750050375512,True,0.0014600117370963794
grid_search,Full grid search,N512_B5_A10,"N=512, B=+/-5, A=10",512,5.0,10,10000,510,0.0007859636930341366,0.04503240246137181,0.0005314669997664169,0.0010404603863018564,0.0011887780653608313,0.00649031791895234,0.06378554482130273,1.7601726055145264,1.7565829753875732,1.790086030960083,0.6236971020698547,0.6205000281333923,0.6472081542015076,18.5334624169991,244,512,1.7601726055145264,0.6236971020698547,1.85334624169991,1.0791291745710598,True,0.0014566628565973988
grid_search,Full grid search,N512_B5_A15,"N=512, B=+/-5, A=15",512,5.0,15,10000,510,0.000733522032754263,0.0420277166566762,0.0006782401848817244,0.0007888038806268014,0.0010627210659627834,0.0066101809797666855,0.04930058392021589,2.447951555252075,2.440124988555908,2.499234914779663,0.7860514521598816,0.7808709740638733,0.8193241953849792,25.60035941699971,245,512,2.447951555252075,0.7860514521598816,2.560035941699971,0.781239031617625,False,0.0018778427678797366
grid_search,Full grid search,N512_B10_A0,"N=512, B=+/-10, A=0",512,10.0,0,10000,510,0.0057624714140518335,0.33016529158995356,0.0034990720725792926,0.008025870755524375,0.011418196963095609,0.06887619639615561,0.6942578462429755,0.3420821726322174,0.3418329954147339,0.36883604526519775,0.2787202298641205,0.2777499854564667,0.30458301305770874,3.8554812080001284,246,512,0.3420821726322174,0.2787202298641205,0.38554812080001283,5.187419914925269,True,0.0022217100248514772
grid_search,Full grid search,N512_B10_A1,"N=512, B=+/-10, A=1",512,10.0,1,10000,510,0.003301092477957718,0.18913866676935998,0.002058114639658015,0.004544070316257421,0.0053336741484314495,0.04537239626360756,0.3927150764881388,0.4985526502132416,0.48920801281929016,0.5934610366821289,0.3132384419441223,0.3055419921875,0.4043770432472229,5.580403665999256,247,512,0.4985526502132416,0.3132384419441223,0.5580403665999256,3.5839701206308154,True,0.0018421428565797819
grid_search,Full grid search,N512_B10_A2,"N=512, B=+/-10, A=2",512,10.0,2,10000,510,0.0025479045114741895,0.1459841751098129,0.0015953876809508074,0.0035004213419975714,0.0041802298443151245,0.032822969469548734,0.24345662452014263,0.6258257031440735,0.6244999766349792,0.6517910361289978,0.33293622732162476,0.3319169878959656,0.3559160530567169,6.897521915998368,248,512,0.6258257031440735,0.33293622732162476,0.6897521915998368,2.8995920917063356,True,0.0017574227207764338
grid_search,Full grid search,N512_B10_A5,"N=512, B=+/-10, A=5",512,10.0,5,10000,510,0.0011556824383704225,0.06621572617601308,0.0009318655952869449,0.0013794992814539,0.0018462182908726074,0.013888071465166204,0.10474181867707745,1.0832560062408447,1.0772500038146973,1.1220083236694336,0.46657392382621765,0.4620000123977661,0.4980880916118622,11.587084624999989,249,512,1.0832560062408447,0.46657392382621765,1.1587084624999988,1.7260597162506717,True,0.0013390990213024419
grid_search,Full grid search,N512_B10_A10,"N=512, B=+/-10, A=10",512,10.0,10,10000,510,0.0008346186859940644,0.0478201282102144,0.0005858696585986763,0.0010833677133894526,0.001234267286432253,0.005851454545062318,0.04108844540476821,1.766573429107666,1.7622079849243164,1.795415997505188,0.6248050928115845,0.6217920184135437,0.6476689577102661,18.601048915999854,250,512,1.766573429107666,0.6248050928115845,1.8601048915999854,1.0752081826308637,True,0.0015524783004383113
grid_search,Full grid search,N512_B10_A15,"N=512, B=+/-10, A=15",512,10.0,15,10000,510,0.0008183850440109382,0.04689000903845489,0.000627504277456319,0.0010092658105655572,0.0012074370684229813,0.006708774951734839,0.0471499701271925,2.454324960708618,2.4447081089019775,2.5127246379852295,0.7870879769325256,0.782168984413147,0.8147911429405212,25.661605082999813,251,512,2.454324960708618,0.7870879769325256,2.566160508299981,0.7793744754200708,False,0.0021001073805242115
grid_search,Full grid search,N512_B15_A0,"N=512, B=+/-15, A=0",512,15.0,0,10000,510,0.005172510940881329,0.29636304639774264,0.0032275987101893404,0.007117423171573318,0.008362321562576656,0.0672779398266664,0.551654362840408,0.34356924891471863,0.343207985162735,0.3716660737991333,0.2799428701400757,0.2790829837322235,0.30691903829574585,3.8741874579991418,252,512,0.34356924891471863,0.2799428701400757,0.3874187457999142,5.16237281154412,True,0.002003927701352579
grid_search,Full grid search,N512_B15_A1,"N=512, B=+/-15, A=1",512,15.0,1,10000,510,0.004022204149953905,0.23045532213236364,0.0025645954413397705,0.005479812858568038,0.006633955875370414,0.0551371331301608,0.4348754402747208,0.4936043322086334,0.49033400416374207,0.5298359990119934,0.3074902892112732,0.30604198575019836,0.3351660668849945,5.533627374999924,253,512,0.4936043322086334,0.3074902892112732,0.5533627374999923,3.6142657690246587,True,0.0022257378992023226
grid_search,Full grid search,N512_B15_A2,"N=512, B=+/-15, A=2",512,15.0,2,10000,510,0.002838243151770439,0.1626193538283549,0.0017797733020503074,0.0038967130014905707,0.0046163002780551556,0.034730434501710636,0.2384030088203158,0.6385933756828308,0.6310420036315918,0.7260083556175232,0.3420109152793884,0.33583399653434753,0.4228791296482086,7.032770333998997,254,512,0.6385933756828308,0.3420109152793884,0.7032770333998997,2.843829536607025,True,0.0019960712238446957
grid_search,Full grid search,N512_B15_A5,"N=512, B=+/-15, A=5",512,15.0,5,10000,510,0.001221779560809955,0.07000281232975773,0.0009541070645092987,0.0014894520571106114,0.0020022699801145495,0.014324866998684141,0.09698824468153201,1.0807732343673706,1.0785000324249268,1.1125409603118896,0.46008867025375366,0.45908400416374207,0.4853360950946808,11.569338707999123,255,512,1.0807732343673706,0.46008867025375366,1.1569338707999122,1.7287072757384017,True,0.0014135181565520778
grid_search,Full grid search,N512_B15_A10,"N=512, B=+/-15, A=10",512,15.0,10,10000,510,0.0008379795519431355,0.04801269164460541,0.0005817247441562358,0.0010942343597300352,0.001240371273972334,0.005839288749778151,0.04065908082063269,1.7708814144134521,1.7652499675750732,1.8067079782485962,0.626319408416748,0.6229990124702454,0.6498369574546814,18.649804000000586,256,512,1.7708814144134521,0.626319408416748,1.8649804000000585,1.072397329215866,True,0.0015628154399747786
grid_search,Full grid search,N512_B15_A15,"N=512, B=+/-15, A=15",512,15.0,15,10000,510,0.0007826231409795582,0.04484100292740071,0.0006089852792210877,0.0009562610027380288,0.0012007366913529408,0.007178198518234335,0.0468257998401444,2.4603936672210693,2.449125051498413,2.5412940979003906,0.7894418239593506,0.784080982208252,0.8216680288314819,25.727686500000345,257,512,2.4603936672210693,0.7894418239593506,2.5727686500000346,0.7773726564959399,False,0.0020135082818767648
grid_search,Full grid search,N512_B20_A0,"N=512, B=+/-20, A=0",512,20.0,0,10000,510,0.006046650397285703,0.3464475479555733,0.0036264630155463237,0.008466837779025082,0.010234741451516162,0.07926114803703463,0.6146036983125434,0.3448362350463867,0.34483298659324646,0.3712080717086792,0.28094643354415894,0.2805419862270355,0.3059160113334656,3.887184832999992,258,512,0.3448362350463867,0.28094643354415894,0.38871848329999925,5.145111657724982,True,0.0023504447714782365
grid_search,Full grid search,N512_B20_A1,"N=512, B=+/-20, A=1",512,20.0,1,10000,510,0.0043849836476088965,0.2512410562418708,0.0027848378016380594,0.005985129493579734,0.007257567174921757,0.06424552076127098,0.5299974782166618,0.5096050500869751,0.5006669759750366,0.6047930717468262,0.31781822443008423,0.31049999594688416,0.41029104590415955,5.7077369170001475,259,512,0.5096050500869751,0.31781822443008423,0.5707736917000148,3.5040157405347845,True,0.0025028333045899265
grid_search,Full grid search,N512_B20_A2,"N=512, B=+/-20, A=2",512,20.0,2,10000,510,0.002777931964045274,0.15916377731428175,0.0017398710966052022,0.003815992831485346,0.004643953118812049,0.036073615856146476,0.24701891621963973,0.639625608921051,0.6372079849243164,0.6677110195159912,0.3374210596084595,0.3358759880065918,0.361750990152359,7.0540789579990815,260,512,0.639625608921051,0.3374210596084595,0.7054078957999081,2.835239032492072,True,0.0019595751414324828
grid_search,Full grid search,N512_B20_A5,"N=512, B=+/-20, A=5",512,20.0,5,10000,510,0.001192779701005202,0.06834124275647431,0.001044611203239765,0.0013409481987706386,0.0019743829683369378,0.014561731132624219,0.10321434469064886,1.0958279371261597,1.0889580249786377,1.1636067628860474,0.4659484922885895,0.46166500449180603,0.508716344833374,11.730088832999172,261,512,1.0958279371261597,0.4659484922885895,1.1730088832999173,1.70501692568055,True,0.0013991411850989212
grid_search,Full grid search,N512_B20_A10,"N=512, B=+/-20, A=10",512,20.0,10,10000,510,0.0008340166911104461,0.04778563644409461,0.0005750882887688931,0.001092945093451999,0.0012405826925377807,0.005855769840725482,0.0411330608926678,1.780593752861023,1.7745410203933716,1.82317316532135,0.6280027031898499,0.624455988407135,0.6527920365333557,18.751553582998895,262,512,1.780593752861023,0.6280027031898499,1.8751553582998894,1.0665782923785585,True,0.001563910867247297
grid_search,Full grid search,N512_B20_A15,"N=512, B=+/-20, A=15",512,20.0,15,10000,510,0.0008088174083037301,0.0463418238925132,0.0006477263146312907,0.0009699085019761696,0.0012334938612239843,0.007182952627592761,0.04403101806087573,2.488023281097412,2.473083019256592,2.6043789386749268,0.7978325486183167,0.790041983127594,0.8527111411094666,26.017192083001646,263,512,2.488023281097412,0.7978325486183167,2.601719208300165,0.7687224638306381,False,0.002104315787191372
grid_search,Full grid search,N512_B25_A0,"N=512, B=+/-25, A=0",512,25.0,0,10000,510,0.006879240845068125,0.3941514666764134,0.0042716190816485325,0.009486862608487717,0.011304252948598489,0.09080179462729417,0.7380463990291719,0.34561997652053833,0.34562501311302185,0.3713749945163727,0.2817037105560303,0.2809999883174896,0.3062940537929535,3.895445207999728,264,512,0.34561997652053833,0.2817037105560303,0.3895445207999728,5.134201338252117,True,0.0026797705784596627
grid_search,Full grid search,N512_B25_A1,"N=512, B=+/-25, A=1",512,25.0,1,10000,510,0.0055727056827949125,0.3192925160927182,0.003561498334369389,0.007583913031220436,0.009183058809155369,0.07341833302316601,0.5740949801548604,0.5026170015335083,0.5003330111503601,0.5366690158843994,0.3115951716899872,0.31083300709724426,0.33833399415016174,5.631442542000514,265,512,0.5026170015335083,0.3115951716899872,0.5631442542000513,3.551487891572308,True,0.0031382371856139286
grid_search,Full grid search,N512_B25_A2,"N=512, B=+/-25, A=2",512,25.0,2,10000,510,0.002783297716261586,0.1594712122701894,0.001736491179279983,0.0038301042532431894,0.00467309791991427,0.03800503418677485,0.2783524905349179,0.6452003121376038,0.6368330121040344,0.7413749694824219,0.34479182958602905,0.3377920091152191,0.4314180910587311,7.100863833000403,266,512,0.6452003121376038,0.34479182958602905,0.7100863833000404,2.816558727270959,True,0.001976381808987452
grid_search,Full grid search,N512_B25_A5,"N=512, B=+/-25, A=5",512,25.0,5,10000,510,0.0012324533173174131,0.07061437352918538,0.0011309673181152903,0.001333939316519536,0.0020017752010134484,0.014969927147708206,0.10310020805923989,1.0836243629455566,1.0831249952316284,1.128208041191101,0.45159897208213806,0.451790988445282,0.4824160039424896,11.598780582999098,267,512,1.0836243629455566,0.45159897208213806,1.1598780582999098,1.72431919518462,True,0.0014294955606354036
grid_search,Full grid search,N512_B25_A10,"N=512, B=+/-25, A=10",512,25.0,10,10000,510,0.0008323875182890334,0.047692291717330235,0.0005835664743790403,0.0010812085621990264,0.0012340878333549402,0.005853162853301923,0.04100998258434286,1.7832328081130981,1.772832989692688,1.8524580001831055,0.631643533706665,0.6258339881896973,0.6737764477729797,18.775279958999818,268,512,1.7832328081130981,0.631643533706665,1.8775279958999818,1.0652304542821542,True,0.0015628308690253682
grid_search,Full grid search,N512_B25_A15,"N=512, B=+/-25, A=15",512,25.0,15,10000,510,0.0008141036277083913,0.04664470195398045,0.0006855477134289686,0.000942659541987814,0.001207458104036744,0.007327710375909198,0.043796006756599504,2.470027208328247,2.455625057220459,2.5568413734436035,0.7902621030807495,0.7870010137557983,0.8188760876655579,25.823351791001187,269,512,2.470027208328247,0.7902621030807495,2.582335179100119,0.7744927986834581,False,0.002102288437264405
grid_search,Full grid search,N512_B30_A0,"N=512, B=+/-30, A=0",512,30.0,0,10000,510,0.1853938371682452,10.622284417476063,0.18860877120297517,0.18217890313351526,0.32663403337064567,2.2207067158262745,22.19569987627318,0.3483501970767975,0.34816598892211914,0.3740839958190918,0.2840336561203003,0.2833330035209656,0.3082920014858246,3.9257816250010364,270,512,0.3483501970767975,0.2840336561203003,0.39257816250010363,5.094526876541361,True,0.07278157193435311
grid_search,Full grid search,N512_B30_A1,"N=512, B=+/-30, A=1",512,30.0,1,10000,510,0.27638956591782626,15.835955628544307,0.27258349967231044,0.2801956321633421,0.4766460566197197,2.8856428949151893,27.094550761595777,0.5177359580993652,0.5119580030441284,0.6049273610115051,0.3240622580051422,0.3179590106010437,0.4105451703071594,5.794849125000837,271,512,0.5177359580993652,0.3240622580051422,0.5794849125000837,3.451340935472088,True,0.16016358342182768
grid_search,Full grid search,N512_B30_A2,"N=512, B=+/-30, A=2",512,30.0,2,10000,510,0.2628537346744444,15.060409626097208,0.26055190649712456,0.2651555628517643,0.4444954985618249,2.8573359723418994,30.25328969905897,0.644931435585022,0.6414170265197754,0.6833391785621643,0.3432309031486511,0.3417080044746399,0.36916908621788025,7.107996208000259,272,512,0.644931435585022,0.3432309031486511,0.7107996208000259,2.8137325083951805,True,0.1868363349324657
grid_search,Full grid search,N512_B30_A5,"N=512, B=+/-30, A=5",512,30.0,5,10000,510,0.2486636671867018,14.24737864804375,0.2475479532135825,0.24977938115982107,0.4240953808644761,2.94762143277597,37.972012751126385,1.0837585926055908,1.0774999856948853,1.162889003753662,0.45376282930374146,0.4482490122318268,0.5062236189842224,11.613160124999922,273,512,1.0837585926055908,0.45376282930374146,1.1613160124999922,1.7221841242803095,True,0.28877709843088567
grid_search,Full grid search,N512_B30_A10,"N=512, B=+/-30, A=10",512,30.0,10,10000,510,0.2835495386506315,16.246191847562795,0.29395526202472394,0.27314381527653897,0.43995869312351876,3.4047686830472044,47.0069305424648,1.7752074003219604,1.7696670293807983,1.8144170045852661,0.6323508620262146,0.6291660070419312,0.6570842266082764,18.69205491699904,274,512,1.7752074003219604,0.6323508620262146,1.8692054916999041,1.0699733169418135,True,0.5300123548147346
grid_search,Full grid search,N512_B30_A15,"N=512, B=+/-30, A=15",512,30.0,15,10000,510,0.2451373168709193,14.045333657864788,0.2672145759673731,0.22306005777446553,0.39557458772169557,3.520412380733858,49.99248004778485,2.4672093391418457,2.458583116531372,2.5164170265197754,0.7935460209846497,0.7887510061264038,0.8209591507911682,25.79797441700066,275,512,2.4672093391418457,0.7935460209846497,2.579797441700066,0.7752546644445139,False,0.632404622928816
grid_search,Full grid search,N512_B35_A0,"N=512, B=+/-35, A=0",512,35.0,0,10000,510,0.40031124126594514,22.936144616181895,0.4149830910398625,0.3856393914920278,0.4980367939182385,2.3565330214895632,34.57479778840638,0.3496781885623932,0.34983301162719727,0.374127060174942,0.28538745641708374,0.28483399748802185,0.30891698598861694,3.93823329100087,276,512,0.3496781885623932,0.28538745641708374,0.393823329100087,5.07841931195426,True,0.15765190571154264
grid_search,Full grid search,N512_B35_A1,"N=512, B=+/-35, A=1",512,35.0,1,10000,510,0.5034942877550144,28.84809769730773,0.5201922034611925,0.4867963720488362,0.6107950040055228,3.202155876000572,39.67773544240308,0.5114393830299377,0.5114579796791077,0.5439580678939819,0.31860435009002686,0.31825000047683716,0.3448750078678131,5.72854133400142,277,512,0.5114393830299377,0.31860435009002686,0.572854133400142,3.4912901616492102,True,0.2884287838838205
grid_search,Full grid search,N512_B35_A2,"N=512, B=+/-35, A=2",512,35.0,2,10000,510,0.47841922046449037,27.41140217055416,0.5066069487324916,0.4502314921964891,0.578839438524062,3.5181971902056963,45.59061828205858,0.6550840139389038,0.6443750262260437,0.7477909922599792,0.35240638256073,0.34470999240875244,0.43983712792396545,7.212606915998549,278,512,0.6550840139389038,0.35240638256073,0.721260691599855,2.7729224998574735,True,0.3450649778268818
grid_search,Full grid search,N512_B35_A5,"N=512, B=+/-35, A=5",512,35.0,5,10000,510,0.4765522930252366,27.304435107627757,0.513221929750964,0.4398826562995091,0.5986111589652533,4.55728729162809,54.84266596122829,1.0756340026855469,1.06516695022583,1.1391457319259644,0.4504286050796509,0.4425419867038727,0.4978802800178528,11.530446124999798,279,512,1.0756340026855469,0.4504286050796509,1.1530446124999798,1.7345382635834787,True,0.5494860540472608
grid_search,Full grid search,N512_B35_A10,"N=512, B=+/-35, A=10",512,35.0,10,10000,510,0.4994314599098637,28.615314808892364,0.5470466262008529,0.4518162936188746,0.7558315608447917,6.5470386997790815,67.2095464646096,1.7791436910629272,1.7741249799728394,1.8099191188812256,0.6335330009460449,0.6302099823951721,0.6575019955635071,18.734468541999377,280,512,1.7791436910629272,0.6335330009460449,1.8734468541999378,1.0675509665600347,True,0.9356582974566166
grid_search,Full grid search,N512_B35_A15,"N=512, B=+/-35, A=15",512,35.0,15,10000,510,0.6241981511028832,35.76391963806444,0.7647208832449279,0.4836754189608386,1.1449169836678879,9.74135802460948,82.94938668087283,2.4738526344299316,2.4608330726623535,2.5901691913604736,0.7973559498786926,0.7915830016136169,0.8479620814323425,25.86414012500063,281,512,2.4738526344299316,0.7973559498786926,2.586414012500063,0.7732714060216418,False,1.614434844589129
grid_search,Full grid search,N512_B40_A0,"N=512, B=+/-40, A=0",512,40.0,0,10000,510,0.5230773843567819,29.97012648238599,0.5375741385587491,0.5085806301548146,0.6537730302492414,3.1695054167350776,39.52846909090574,0.36179062724113464,0.3541249930858612,0.44929516315460205,0.29725927114486694,0.28895899653434753,0.38491904735565186,4.064935833999698,282,512,0.36179062724113464,0.29725927114486694,0.40649358339996977,4.92012686466467,True,0.21262760036267156
grid_search,Full grid search,N512_B40_A1,"N=512, B=+/-40, A=1",512,40.0,1,10000,510,0.34447223762422796,19.736805375295866,0.35569942342983557,0.3332450518186204,0.4365146959044683,3.6158931822427034,43.64625305220898,0.5129110813140869,0.5142499804496765,0.5437089800834656,0.3197542130947113,0.31937599182128906,0.3448360562324524,5.743637374998798,283,512,0.5129110813140869,0.3197542130947113,0.5743637374998798,3.482113980081165,True,0.19785236186679828
grid_search,Full grid search,N512_B40_A2,"N=512, B=+/-40, A=2",512,40.0,2,10000,510,0.32864703524508515,18.830088069030595,0.34874563322793695,0.30854843726223335,0.4001680939121868,4.166810803781011,47.66209151608006,0.6480734348297119,0.6427500247955322,0.6901249885559082,0.3460097312927246,0.3439590036869049,0.37375208735466003,7.139594334001231,284,512,0.6480734348297119,0.3460097312927246,0.7139594334001231,2.801279605586699,True,0.2346406510722113
grid_search,Full grid search,N512_B40_A5,"N=512, B=+/-40, A=5",512,40.0,5,10000,510,0.3365212350611808,19.281246485535565,0.3559697270721663,0.3170727430501953,0.4103486086262238,4.900301501957219,55.24886343766126,1.0736041069030762,1.062250018119812,1.1552993059158325,0.4501338005065918,0.44154101610183716,0.5117264986038208,11.509774666999874,285,512,1.0736041069030762,0.4501338005065918,1.1509774666999872,1.7376534796413337,True,0.3873283586214688
grid_search,Full grid search,N512_B40_A10,"N=512, B=+/-40, A=10",512,40.0,10,10000,510,0.3553119242419023,20.357873669733042,0.37944733863603325,0.33117650984777136,0.4373810428431897,6.357818693902709,69.11891266783515,1.7876132726669312,1.7786250114440918,1.8492623567581177,0.63711017370224,0.6327909827232361,0.6693391799926758,18.824817124999754,286,512,1.7876132726669312,0.63711017370224,1.8824817124999753,1.0624273195960867,True,0.6688681996185577
grid_search,Full grid search,N512_B40_A15,"N=512, B=+/-40, A=15",512,40.0,15,10000,510,0.38754962990334024,22.20495814531844,0.40196617470057683,0.37313308510610366,0.4855669925378644,6.9582554235308836,77.00531709106198,2.4666378498077393,2.4575419425964355,2.527506113052368,0.7953689694404602,0.790332019329071,0.8242530226707458,25.790473459001078,287,512,2.4666378498077393,0.7953689694404602,2.5790473459001078,0.7754801412154705,False,0.9995088444067787
grid_search,Full grid search,N1024_B5_A0,"N=1024, B=+/-5, A=0",1024,5.0,0,10000,1022,0.026379258821948314,1.5114201971808823,0.015191776064870646,0.03756674157902598,0.05795569392974116,0.28407773795641894,2.285046783675486,0.507625937461853,0.5061659812927246,0.5454609990119934,0.4342234432697296,0.43274998664855957,0.47200000286102295,5.565541416999622,288,1024,0.507625937461853,0.4342234432697296,0.5565541416999622,3.5935407719563752,True,0.0146814857523306
grid_search,Full grid search,N1024_B5_A1,"N=1024, B=+/-5, A=1",1024,5.0,1,10000,1022,0.007880633089976618,0.45152701594680095,0.0048234606413752774,0.010937805538577958,0.016910376254412187,0.09160066879024842,1.0961713023692126,0.6816200613975525,0.6740000247955322,0.783545196056366,0.4757479131221771,0.46800100803375244,0.579606831073761,7.487090249998801,289,1024,0.6816200613975525,0.4757479131221771,0.74870902499988,2.67126471462037,True,0.005900301117178186
grid_search,Full grid search,N1024_B5_A2,"N=1024, B=+/-5, A=2",1024,5.0,2,10000,1022,0.0036353724190441427,0.20829149656949392,0.0022089923886815088,0.005061752449406777,0.00738286190386254,0.04675376304873136,0.5799123085120673,0.8284263610839844,0.8260419964790344,0.8772521018981934,0.5054002404212952,0.5024170279502869,0.5486680865287781,9.008158124999682,290,1024,0.8284263610839844,0.5054002404212952,0.9008158124999681,2.2202096946428442,True,0.003274800959401224
grid_search,Full grid search,N1024_B5_A5,"N=1024, B=+/-5, A=5",1024,5.0,5,10000,1022,0.0011731212585902539,0.06721489697429682,0.0009086702717409935,0.0014375722454395144,0.0020061748984687108,0.016565459391116352,0.2165773599876256,1.254333257675171,1.2519170045852661,1.3309601545333862,0.6028646230697632,0.5964590311050415,0.6620051264762878,13.381014500000674,291,1024,1.254333257675171,0.6028646230697632,1.3381014500000674,1.494654982998411,True,0.0015697552571455227
grid_search,Full grid search,N1024_B5_A10,"N=1024, B=+/-5, A=10",1024,5.0,10,10000,1022,0.0007930475571367424,0.04543827797709535,0.0005356836345861666,0.0010504114796873183,0.0011995560850248457,0.006589300849487456,0.06293464877585402,1.8894975185394287,1.878749966621399,1.9598770141601562,0.7360240817070007,0.7285420298576355,0.7896670699119568,19.891012000000046,292,1024,1.8894975185394287,0.7360240817070007,1.9891012000000046,1.005479258672206,True,0.0015774518475577665
grid_search,Full grid search,N1024_B5_A15,"N=1024, B=+/-5, A=15",1024,5.0,15,10000,1022,0.0007416658498957986,0.04249432300801249,0.0006957072985649574,0.0007876244012266397,0.0010638880241924799,0.006407291409071966,0.05042558474646711,2.586726427078247,2.5722079277038574,2.682589292526245,0.9070257544517517,0.8971700072288513,0.9800891876220703,27.04526404200078,293,1024,2.586726427078247,0.9070257544517517,2.704526404200078,0.7395010072351441,False,0.002005854874136679
grid_search,Full grid search,N1024_B10_A0,"N=1024, B=+/-10, A=0",1024,10.0,0,10000,1022,0.0051057251061749406,0.2925364999378082,0.0030636748359596823,0.0071477753763902,0.01083231801242716,0.061631638591571114,0.6237835355588285,0.49920040369033813,0.49650001525878906,0.5433329939842224,0.42569833993911743,0.4231660068035126,0.46933606266975403,5.478029583000534,294,1024,0.49920040369033813,0.42569833993911743,0.5478029583000534,3.6509477900711165,True,0.0027969313174294867
grid_search,Full grid search,N1024_B10_A1,"N=1024, B=+/-10, A=1",1024,10.0,1,10000,1022,0.002396414892782923,0.13730445931875718,0.0014908809013548308,0.003301948884211015,0.0039954186482189,0.03492228332458777,0.3247739908946728,0.6810737252235413,0.6712499856948853,0.8019999861717224,0.47469082474708557,0.4649580121040344,0.591844379901886,7.481110208000246,295,1024,0.6810737252235413,0.47469082474708557,0.7481110208000246,2.6733999959808297,True,0.0017927843917002139
grid_search,Full grid search,N1024_B10_A2,"N=1024, B=+/-10, A=2",1024,10.0,2,10000,1022,0.0023673159615049373,0.13563721336818738,0.0014736429830023553,0.003260988940007519,0.0038568911748083565,0.029453074849754513,0.21784601069876602,0.8232975602149963,0.8220000267028809,0.874794065952301,0.5003318190574646,0.49845901131629944,0.54746013879776,8.951770166999268,296,1024,0.8232975602149963,0.5003318190574646,0.8951770166999268,2.2341949834380324,True,0.0021191668400061085
grid_search,Full grid search,N1024_B10_A5,"N=1024, B=+/-10, A=5",1024,10.0,5,10000,1022,0.0011301673288544407,0.06475381808693323,0.0009106876553210896,0.0013496470023877918,0.0017805400707226304,0.012621616727802178,0.09316135731679666,1.2563854455947876,1.2535419464111328,1.334421157836914,0.6034439206123352,0.5962520241737366,0.6617664098739624,13.401458791999175,297,1024,1.2563854455947876,0.6034439206123352,1.3401458791999175,1.4923748459339539,True,0.0015145890885706567
grid_search,Full grid search,N1024_B10_A10,"N=1024, B=+/-10, A=10",1024,10.0,10,10000,1022,0.0008400060736894375,0.048128802787759994,0.0005754949508642312,0.0011045171965146437,0.0012450524559439516,0.0059163491344286995,0.04144655284395242,1.9004958868026733,1.8882910013198853,1.9916712045669556,0.7425591945648193,0.7333760261535645,0.8064345717430115,20.006779041999835,298,1024,1.9004958868026733,0.7425591945648193,2.0006779041999834,0.9996611627496059,False,0.0016805815910242406
grid_search,Full grid search,N1024_B10_A15,"N=1024, B=+/-10, A=15",1024,10.0,15,10000,1022,0.0007634588676388376,0.043742970947542335,0.0006805236880201846,0.0008463940472574904,0.0010925222065438836,0.005845672651296727,0.04245043494139919,2.588688373565674,2.573915958404541,2.6813371181488037,0.906104326248169,0.8974980115890503,0.9767982363700867,27.0645412089998,299,1024,2.588688373565674,0.906104326248169,2.7064541208999797,0.7389742854147988,False,0.002066266398458764
grid_search,Full grid search,N1024_B15_A0,"N=1024, B=+/-15, A=0",1024,15.0,0,10000,1022,0.0042279508474486645,0.24224373954756823,0.002686388620984508,0.005769513073912822,0.0068735019420649865,0.052121698636127124,0.4071317162186274,0.5121375322341919,0.5010830163955688,0.6337940096855164,0.43813836574554443,0.42695799469947815,0.5620440244674683,5.618151500000749,300,1024,0.5121375322341919,0.43813836574554443,0.561815150000075,3.559889760893299,True,0.0023753268395523158
grid_search,Full grid search,N1024_B15_A1,"N=1024, B=+/-15, A=1",1024,15.0,1,10000,1022,0.003340829990102793,0.19141545850362263,0.002175655430048937,0.0045060045501566495,0.0055913802697061254,0.04443563112362617,0.33806683989939007,0.6702919006347656,0.6682919859886169,0.7188329696655273,0.46536123752593994,0.4634169936180115,0.511880099773407,7.366737250000369,301,1024,0.6702919006347656,0.46536123752593994,0.736673725000037,2.7149061139650383,True,0.0024611016734008614
grid_search,Full grid search,N1024_B15_A2,"N=1024, B=+/-15, A=2",1024,15.0,2,10000,1022,0.0026474636330822247,0.15168849258998301,0.0016602742220798972,0.0036346530440845527,0.0043923940498317255,0.0324403423944491,0.2140055911819497,0.8322402238845825,0.8245419859886169,0.9146395325660706,0.5086129903793335,0.5001260042190552,0.5842894315719604,9.04441295900142,302,1024,0.8322402238845825,0.5086129903793335,0.904441295900142,2.2113099092954474,True,0.002394475439153385
grid_search,Full grid search,N1024_B15_A5,"N=1024, B=+/-15, A=5",1024,15.0,5,10000,1022,0.0011439574977761368,0.0655439365649189,0.0009692456978198607,0.001318669297732413,0.0018663435918736412,0.013298131869687743,0.09082582460926104,1.2557770013809204,1.2571669816970825,1.3242499828338623,0.6005823016166687,0.5981680154800415,0.6532100439071655,13.397425000001022,303,1024,1.2557770013809204,0.6005823016166687,1.3397425000001022,1.4928241807659661,True,0.001532608477964463
grid_search,Full grid search,N1024_B15_A10,"N=1024, B=+/-15, A=10",1024,15.0,10,10000,1022,0.0008419696913333609,0.04824130979133423,0.0005794232139713131,0.0011045161686954088,0.0012460573655230284,0.005851898377869036,0.04078908001519303,1.9056332111358643,1.8921250104904175,2.0002617835998535,0.7436248660087585,0.7322919964790344,0.8098116517066956,20.061974582999028,304,1024,1.9056332111358643,0.7436248660087585,2.0061974582999027,0.996910843309933,False,0.0016891574547185423
grid_search,Full grid search,N1024_B15_A15,"N=1024, B=+/-15, A=15",1024,15.0,15,10000,1022,0.0008125419432501075,0.04655522402558961,0.0005533110574062448,0.0010717728290939703,0.0012806278195040773,0.007176861207712803,0.04664042259247496,2.592195510864258,2.5799999237060547,2.6819190979003906,0.9092043042182922,0.9019590020179749,0.9779170155525208,27.10073299999931,305,1024,2.592195510864258,0.9092043042182922,2.710073299999931,0.7379874190118957,False,0.0022020482255321757
grid_search,Full grid search,N1024_B20_A0,"N=1024, B=+/-20, A=0",1024,20.0,0,10000,1022,0.005006128992774757,0.2868300629840714,0.003179348100454081,0.006832909885095433,0.008094384883042274,0.06313139891715251,0.5111420698863739,0.5115693211555481,0.5018749833106995,0.6364621520042419,0.4380331039428711,0.4283750057220459,0.5632665753364563,5.608286749999024,306,1024,0.5115693211555481,0.4380331039428711,0.5608286749999024,3.566151463279491,True,0.002807580689896463
grid_search,Full grid search,N1024_B20_A1,"N=1024, B=+/-20, A=1",1024,20.0,1,10000,1022,0.003646901406673715,0.20895205890272694,0.0023658672780147755,0.004927935535332654,0.006137614192985677,0.05093750891960117,0.4002913511024112,0.6727896332740784,0.6710000038146973,0.7202919721603394,0.4668181538581848,0.4649580121040344,0.512624979019165,7.394830915998682,307,1024,0.6727896332740784,0.4668181538581848,0.7394830915998681,2.704591927413796,True,0.0026968219269669865
grid_search,Full grid search,N1024_B20_A2,"N=1024, B=+/-20, A=2",1024,20.0,2,10000,1022,0.002881031286876532,0.1650709333831696,0.0018113880579767284,0.003950674515776336,0.00472543094465477,0.034281804401406456,0.22803317214004634,0.8352913856506348,0.8273329734802246,0.9279575943946838,0.5115395784378052,0.5025849938392639,0.6037942171096802,9.0749010419986,308,1024,0.8352913856506348,0.5115395784378052,0.9074901041998601,2.2038807814476535,True,0.0026145073827306413
grid_search,Full grid search,N1024_B20_A5,"N=1024, B=+/-20, A=5",1024,20.0,5,10000,1022,0.0011967150296695764,0.06856672047993982,0.001016677158611128,0.0013767529007280245,0.0019469116424991985,0.013931597932207137,0.0928987735247626,1.2494053840637207,1.2459579706192017,1.3304580450057983,0.5942692160606384,0.5858759880065918,0.6585020422935486,13.334873167001206,309,1024,1.2494053840637207,0.5942692160606384,1.3334873167001204,1.499826788716107,True,0.0015958043137687884
grid_search,Full grid search,N1024_B20_A10,"N=1024, B=+/-20, A=10",1024,20.0,10,10000,1022,0.0008400412331800908,0.04813081727818426,0.0005858326433924959,0.0010942498229676858,0.0012427986240590582,0.005841793601424281,0.040763578219388114,1.9020659923553467,1.8922920227050781,1.9865913391113281,0.7401716709136963,0.7332919836044312,0.7945093512535095,20.02600433400039,310,1024,1.9020659923553467,0.7401716709136963,2.002600433400039,0.9987014716682029,False,0.0016822669376403531
grid_search,Full grid search,N1024_B20_A15,"N=1024, B=+/-20, A=15",1024,20.0,15,10000,1022,0.0007575611814594595,0.04340505842057134,0.0006774044743680861,0.0008377178885508328,0.001131845702418599,0.00671287182571513,0.042847764684880746,2.588627338409424,2.572999954223633,2.6855409145355225,0.905083179473877,0.8949580192565918,0.9794231057167053,27.064892292000877,311,1024,2.588627338409424,0.905083179473877,2.7064892292000877,0.7389646995163203,False,0.0020503311780801204
grid_search,Full grid search,N1024_B25_A0,"N=1024, B=+/-25, A=0",1024,25.0,0,10000,1022,0.005453858040904742,0.3124830478073292,0.0034183179451327305,0.0074893981366767545,0.009309593855482398,0.07130906023873769,0.5574388325374634,0.5087029337882996,0.5064589977264404,0.5538380742073059,0.4349781274795532,0.43287500739097595,0.47996315360069275,5.580078333001438,312,1024,0.5087029337882996,0.4349781274795532,0.5580078333001438,3.584179075357587,True,0.0030432955085318222
grid_search,Full grid search,N1024_B25_A1,"N=1024, B=+/-25, A=1",1024,25.0,1,10000,1022,0.004569572402155608,0.26181721282297366,0.002939107140508713,0.0062000376638025045,0.007637296547715039,0.06178839713827752,0.47075230911187227,0.6763193607330322,0.6721659898757935,0.7277930974960327,0.4702405333518982,0.46629101037979126,0.5189160108566284,7.42893550000008,313,1024,0.6763193607330322,0.4702405333518982,0.742893550000008,2.6921757498096173,True,0.003394705863819444
grid_search,Full grid search,N1024_B25_A2,"N=1024, B=+/-25, A=2",1024,25.0,2,10000,1022,0.002887022734479979,0.16541421804402087,0.0018132931935135276,0.00396075227544643,0.004740876177696742,0.03653130166917108,0.2560924208382962,0.8656304478645325,0.8450000286102295,1.0288517475128174,0.5373469591140747,0.517333984375,0.6915461421012878,9.411948749999283,314,1024,0.8656304478645325,0.5373469591140747,0.9411948749999284,2.124958447101778,True,0.002717251001700835
grid_search,Full grid search,N1024_B25_A5,"N=1024, B=+/-25, A=5",1024,25.0,5,10000,1022,0.0012211570302315521,0.06996714395499741,0.0010709441902581602,0.0013713698702049442,0.001947313079247648,0.014534723637323678,0.10221234458510468,1.281761884689331,1.2730000019073486,1.4189159870147705,0.6230548620223999,0.6120420098304749,0.7473791241645813,13.723834208998596,315,1024,1.281761884689331,0.6230548620223999,1.3723834208998598,1.4573186833520748,True,0.001675895662605091
grid_search,Full grid search,N1024_B25_A10,"N=1024, B=+/-25, A=10",1024,25.0,10,10000,1022,0.0008440543942444492,0.04836075446967822,0.0005835301487823017,0.0011045786397065967,0.001250603959458321,0.005850257062356405,0.04059621763317256,1.9558185338974,1.9376670122146606,2.122169256210327,0.7802649736404419,0.7669180035591125,0.9157616496086121,20.593427583000448,316,1024,1.9558185338974,0.7802649736404419,2.0593427583000445,0.9711836419358227,False,0.001738197304398637
grid_search,Full grid search,N1024_B25_A15,"N=1024, B=+/-25, A=15",1024,25.0,15,10000,1022,0.0008095998887351016,0.046386656718782365,0.0006372282105905469,0.0009819715668796562,0.0012080089973018587,0.006920953103601418,0.04267818081639668,2.6253397464752197,2.5770421028137207,2.889768600463867,0.9365195035934448,0.906374990940094,1.1273750066757202,27.505803207999634,317,1024,2.6253397464752197,0.9365195035934448,2.7505803207999633,0.7271192863832936,False,0.0022268695216766106
grid_search,Full grid search,N1024_B30_A0,"N=1024, B=+/-30, A=0",1024,30.0,0,10000,1022,0.27602701255551076,15.81518285103535,0.2830616783195641,0.2689923467914574,0.42892908803806556,2.5344537491584953,24.284220965241936,0.5197064280509949,0.5171669721603394,0.5723791718482971,0.44088995456695557,0.43858298659324646,0.492718368768692,5.754688667000664,318,1024,0.5197064280509949,0.44088995456695557,0.5754688667000664,3.475426935724044,True,0.15884495209392477
grid_search,Full grid search,N1024_B30_A1,"N=1024, B=+/-30, A=1",1024,30.0,1,10000,1022,0.3008013528734911,17.234647991476418,0.3014693269937299,0.3001333787532523,0.4906508857616395,3.053821482661829,28.287811382379715,0.7008524537086487,0.6913750171661377,0.817471444606781,0.4881700575351715,0.4792500138282776,0.6040850877761841,7.757057834000079,319,1024,0.7008524537086487,0.4881700575351715,0.775705783400008,2.5782971363624094,True,0.23333334907851364
grid_search,Full grid search,N1024_B30_A2,"N=1024, B=+/-30, A=2",1024,30.0,2,10000,1022,0.3389827091575367,19.422278562637533,0.3370639218904078,0.34090149642466566,0.5172121623263095,3.0174935174684387,33.166064857285534,0.8405212759971619,0.8397079706192017,0.8944169878959656,0.5124392509460449,0.5112090110778809,0.563166081905365,9.199508125000648,320,1024,0.8405212759971619,0.5124392509460449,0.9199508125000647,2.174029277244493,True,0.311847418712949
grid_search,Full grid search,N1024_B30_A5,"N=1024, B=+/-30, A=5",1024,30.0,5,10000,1022,0.32341996542622803,18.53059902918987,0.32395972764119507,0.322880203211261,0.48933779714603765,3.3040371786431346,42.27812534906543,1.277721881866455,1.2759159803390503,1.3520021438598633,0.6178341507911682,0.6119999885559082,0.6801702380180359,13.689252750000378,321,1024,1.277721881866455,0.6178341507911682,1.3689252750000378,1.4610001265408332,True,0.4427377651116019
grid_search,Full grid search,N1024_B30_A10,"N=1024, B=+/-30, A=10",1024,30.0,10,10000,1022,0.32177478491127254,18.43633712914576,0.33839976070504635,0.3051498091174988,0.467433740098184,3.665358316151533,50.67477880389893,1.9343326091766357,1.9137920141220093,2.051377058029175,0.7629179358482361,0.7557100057601929,0.8337922692298889,20.36181466600101,322,1024,1.9343326091766357,0.7629179358482361,2.036181466600101,0.9822307258986526,False,0.6551918534555669
grid_search,Full grid search,N1024_B30_A15,"N=1024, B=+/-30, A=15",1024,30.0,15,10000,1022,0.3033154172897688,17.37869327195315,0.3272272074354463,0.2794036271440913,0.4448883500833205,3.9435770345041887,54.892185143926476,2.5936694145202637,2.566833019256592,2.7761783599853516,0.9235162138938904,0.906125009059906,1.0639681816101074,27.11940954199963,323,1024,2.5936694145202637,0.9235162138938904,2.711940954199963,0.737479183277429,False,0.8225735021883755
grid_search,Full grid search,N1024_B35_A0,"N=1024, B=+/-35, A=0",1024,35.0,0,10000,1022,0.39950064669423735,22.889700968326824,0.4118887979960069,0.38711249539246784,0.49709928110653867,2.3067741346427804,34.67706148877985,0.5078750848770142,0.5058339834213257,0.5548350811004639,0.4340935945510864,0.43208399415016174,0.4808770418167114,5.5623099579988775,324,1024,0.5078750848770142,0.4340935945510864,0.5562309957998878,3.595628462099457,True,0.2222146425334348
grid_search,Full grid search,N1024_B35_A1,"N=1024, B=+/-35, A=1",1024,35.0,1,10000,1022,0.49753413701248356,28.506606214498948,0.5140862575920299,0.48098201643293725,0.6018526562199036,3.1902039830263793,39.78517886727066,0.6916486024856567,0.684374988079071,0.7840689420700073,0.48538917303085327,0.478208988904953,0.5800880789756775,7.588446375000785,325,1024,0.6916486024856567,0.48538917303085327,0.7588446375000785,2.6355856010115026,True,0.37755111184515244
grid_search,Full grid search,N1024_B35_A2,"N=1024, B=+/-35, A=2",1024,35.0,2,10000,1022,0.4783480052828323,27.407321841207896,0.49237952888030556,0.46431648168535905,0.5782411461229564,3.545093805698553,45.858802046541804,0.8548056483268738,0.8490830063819885,0.9262130856513977,0.5294056534767151,0.5242919921875,0.596464216709137,9.29254949999995,326,1024,0.8548056483268738,0.5294056534767151,0.929254949999995,2.1522618738808017,True,0.44450725173169564
grid_search,Full grid search,N1024_B35_A5,"N=1024, B=+/-35, A=5",1024,35.0,5,10000,1022,0.45208023623940535,25.902289537795138,0.47648569571860133,0.4276747767602094,0.5561193102216319,4.53655064225363,55.09040348373441,1.2844102382659912,1.2806249856948853,1.3720041513442993,0.6259363889694214,0.6187509894371033,0.7058967351913452,13.714580500000011,327,1024,1.2844102382659912,0.6259363889694214,1.371458050000001,1.458301987435925,True,0.6200090792364347
grid_search,Full grid search,N1024_B35_A10,"N=1024, B=+/-35, A=10",1024,35.0,10,10000,1022,0.4975490021197358,28.507457922406513,0.5487302036372479,0.4463678006022237,0.7766157899544118,6.713357124458021,67.29163390063061,1.950215220451355,1.9271249771118164,2.092252254486084,0.7795996069908142,0.7686660289764404,0.8754491806030273,20.54413470899999,328,1024,1.950215220451355,0.7795996069908142,2.0544134708999993,0.9735138657963717,False,1.0221713723876376
grid_search,Full grid search,N1024_B35_A15,"N=1024, B=+/-35, A=15",1024,35.0,15,10000,1022,0.6176915279441979,35.391117592189694,0.7614950051787309,0.47388805070966483,1.1851624845037916,10.24493844964952,84.56179793037126,2.579069137573242,2.567958116531372,2.669544219970703,0.9070097804069519,0.8996639847755432,0.9707109928131104,26.964630042000863,329,1024,2.579069137573242,0.9070097804069519,2.696463004200086,0.7417123828084213,False,1.6655823531093534
grid_search,Full grid search,N1024_B40_A0,"N=1024, B=+/-40, A=0",1024,40.0,0,10000,1022,0.5231095748958178,29.971970864413,0.5363944815598428,0.5098246682317927,0.6538565456020813,3.1673761643049576,39.666443443900356,0.5223557353019714,0.5114579796791077,0.6488360166549683,0.4483150243759155,0.4372920095920563,0.575389564037323,5.72124525000072,330,1024,0.5223557353019714,0.4483150243759155,0.5721245250000719,3.49574246970054,True,0.2992838170602593
grid_search,Full grid search,N1024_B40_A1,"N=1024, B=+/-40, A=1",1024,40.0,1,10000,1022,0.3420514250839362,19.598103033744806,0.35053546455046164,0.3335673856174108,0.43385403638921854,3.599912627711372,43.751086319027195,0.6837347745895386,0.6816250085830688,0.7315440773963928,0.4778686463832855,0.47587499022483826,0.523792028427124,7.5084782499998255,331,1024,0.6837347745895386,0.4778686463832855,0.7508478249999825,2.663655581608759,True,0.256828568562418
grid_search,Full grid search,N1024_B40_A2,"N=1024, B=+/-40, A=2",1024,40.0,2,10000,1022,0.31683643448206134,18.15339049179534,0.33212281084530987,0.30155005811881275,0.384749242312556,4.205376222161692,47.69180694852677,0.8496407270431519,0.8402910232543945,0.9588350653648376,0.5259589552879333,0.5166659951210022,0.6382541656494141,9.225145458000043,332,1024,0.8496407270431519,0.5259589552879333,0.9225145458000042,2.16798749581298,True,0.2922862194491116
grid_search,Full grid search,N1024_B40_A5,"N=1024, B=+/-40, A=5",1024,40.0,5,10000,1022,0.32631258389157014,18.69633385899558,0.3494469469733071,0.30317822080983314,0.39886434041855456,4.927994190138646,55.13594466552162,1.2822327613830566,1.2803339958190918,1.3532521724700928,0.6262481212615967,0.6202080249786377,0.6813320517539978,13.66824062500018,333,1024,1.2822327613830566,0.6262481212615967,1.3668240625000179,1.4632461154816507,True,0.4460118915595538
grid_search,Full grid search,N1024_B40_A10,"N=1024, B=+/-40, A=10",1024,40.0,10,10000,1022,0.35280899515287023,20.214466396510982,0.3771936052308418,0.32842438507489863,0.4382086061309281,6.539232481152084,69.4407893393024,1.939139485359192,1.9190419912338257,2.055756092071533,0.768837034702301,0.761834979057312,0.834377110004425,20.407006167000873,334,1024,1.939139485359192,0.768837034702301,2.040700616700087,0.9800555670111464,False,0.7199775339858003
grid_search,Full grid search,N1024_B40_A15,"N=1024, B=+/-40, A=15",1024,40.0,15,10000,1022,0.3829556321618264,21.94174146363706,0.3998695879400475,0.36604167638360524,0.4862578290856948,7.177131818463935,77.97659302176953,2.5864670276641846,2.5769999027252197,2.668544054031372,0.9093962907791138,0.9032909870147705,0.9704241752624512,27.04384408400074,335,1024,2.5864670276641846,0.9093962907791138,2.704384408400074,0.7395398353088454,False,1.0356592407274372
