group_key,group_label,label,point_label,candidate_count,bound,adam_steps,is_baseline,sample_count,random_uniform_vectors,rmse_q,rmse_dq,rmse_ddq,mean_total_ms,median_total_ms,p95_total_ms,mean_forward_ms,median_forward_ms,p95_forward_ms,rollout_wall_s,order_idx,sampled_acceleration_vectors,combined_normalized_rmse,speedup_vs_baseline,solver_time_x_combined_rmse
grid_search,Full grid search,N16_B5_A0,"N=16, B=+/-5, A=0",16,5.0,0,False,10000,14,0.06113481902237537,0.3045405695479647,2.5666588453258594,0.09603630006313324,0.09462500363588333,0.10354200005531311,0.044826690107584,0.04349999874830246,0.05254104733467102,2.8621112079999875,0,16,50.084023143292974,26.487139960716146,4.809884274958193
grid_search,Full grid search,N16_B5_A1,"N=16, B=+/-5, A=1",16,5.0,1,False,10000,14,0.023483475375985188,0.13741277868016397,1.5916760843666267,0.25452521443367004,0.25004100799560547,0.27012500166893005,0.07900729775428772,0.07691600173711777,0.08683300018310547,3.0382192919998943,1,16,24.77251793319356,9.99400757501157,6.305230439008027
grid_search,Full grid search,N16_B5_A2,"N=16, B=+/-5, A=2",16,5.0,2,False,10000,14,0.010842421959922792,0.06921908764428371,0.8370800844181233,0.4091523289680481,0.3971250057220459,0.46106478571891785,0.11232342571020126,0.10895799845457077,0.1237531378865242,4.651872125000182,2,16,12.479244271913183,6.217065725856323,5.105911857614452
grid_search,Full grid search,N16_B5_A5,"N=16, B=+/-5, A=5",16,5.0,5,False,10000,14,0.003157953063935485,0.023314300463313696,0.319734471439987,0.8299037218093872,0.8192499876022339,0.916296124458313,0.20900927484035492,0.20583300292491913,0.22683803737163544,8.978713541999923,3,16,4.355841665572606,3.0650867736026224,3.6149292098711054
grid_search,Full grid search,N16_B5_A10,"N=16, B=+/-5, A=10",16,5.0,10,False,10000,14,0.0012189625326532976,0.007724975086642065,0.11183523851123513,1.5321869850158691,1.5147500038146973,1.6676732301712036,0.3740391731262207,0.3695000112056732,0.40487608313560486,16.20746329099984,4,16,1.5345327906417996,1.6601935311800062,2.3511911699014467
grid_search,Full grid search,N16_B5_A15,"N=16, B=+/-5, A=15",16,5.0,15,False,10000,14,0.0010880406235170626,0.0070265742732025654,0.051552097275701134,2.201613187789917,2.1840829849243164,2.297933578491211,0.5299451351165771,0.5265840291976929,0.5517510175704956,23.06487762500001,5,16,1.0103742436618035,1.1553922983333216,2.2244532594490893
grid_search,Full grid search,N16_B10_A0,"N=16, B=+/-10, A=0",16,10.0,0,False,10000,14,0.021834888348502376,0.15687506659591566,1.6210572928606577,0.09536255151033401,0.09425000101327896,0.1019589975476265,0.04448661953210831,0.04324999824166298,0.05233300104737282,1.2769298749999507,6,16,25.452610244332277,26.674274972664616,2.427225855497592
grid_search,Full grid search,N16_B10_A1,"N=16, B=+/-10, A=1",16,10.0,1,False,10000,14,0.010123558547324855,0.09771218272520049,0.9387427815693041,0.25074589252471924,0.24891699850559235,0.2606690526008606,0.07823096215724945,0.07666700333356857,0.08612599968910217,2.9848768340000333,7,16,14.376867005248684,10.144640438450153,3.6049403489402687
grid_search,Full grid search,N16_B10_A2,"N=16, B=+/-10, A=2",16,10.0,2,False,10000,14,0.005569257769481047,0.05039207494045803,0.5530393759428527,0.39496615529060364,0.39254099130630493,0.4090440571308136,0.10953332483768463,0.1077909991145134,0.1189570501446724,4.4817261249997955,8,16,8.030252972951248,6.440366818797294,3.171678142737494
grid_search,Full grid search,N16_B10_A5,"N=16, B=+/-10, A=5",16,10.0,5,False,10000,14,0.002221761832241923,0.018669615940120992,0.23235138361168314,0.8239596486091614,0.8189579844474792,0.8592079877853394,0.20951135456562042,0.2074590027332306,0.2213340401649475,8.904153959000041,9,16,3.2257811670588326,3.0871984148439036,2.6579135168998462
grid_search,Full grid search,N16_B10_A10,"N=16, B=+/-10, A=10",16,10.0,10,False,10000,14,0.0011740069050821908,0.0064802780116734226,0.07101752210364572,1.5354750156402588,1.5079580545425415,1.683266520500183,0.3723185956478119,0.3654569983482361,0.4036661386489868,16.279427083999963,10,16,1.155615288238534,1.656638431215936,1.7744184027821852
grid_search,Full grid search,N16_B10_A15,"N=16, B=+/-10, A=15",16,10.0,15,False,10000,14,0.0011343091943236989,0.006929622346226588,0.04580915837711893,2.225174903869629,2.200083017349243,2.3854222297668457,0.5349178910255432,0.5286279916763306,0.5719980597496033,23.36458524999989,11,16,0.9749020037332633,1.143158192489923,2.169327472439473
grid_search,Full grid search,N16_B15_A0,"N=16, B=+/-15, A=0",16,15.0,0,False,10000,14,0.02856204396500926,0.20137850820990366,1.9211404640263277,0.0984828844666481,0.09741699695587158,0.10679200291633606,0.045106031000614166,0.04383299872279167,0.05262500047683716,1.3413620830001491,12,16,31.60751402012662,25.82912690725456,3.11279915152209
grid_search,Full grid search,N16_B15_A1,"N=16, B=+/-15, A=1",16,15.0,1,False,10000,14,0.01605016763486293,0.11946339376937971,1.2022402494546973,0.257579505443573,0.25312501192092896,0.2776457667350769,0.0794631689786911,0.077333003282547,0.08783305436372757,3.0917446250000467,13,16,18.98262192474061,9.875501999668169,4.889534367397012
grid_search,Full grid search,N16_B15_A2,"N=16, B=+/-15, A=2",16,15.0,2,False,10000,14,0.006576151471803066,0.053271136265873195,0.5973201376330354,0.4014122486114502,0.3965420126914978,0.4253750145435333,0.1106845811009407,0.10870800167322159,0.12004205584526062,4.590807707999829,14,16,8.771181202391839,6.33694395196137,3.5208595694305913
grid_search,Full grid search,N16_B15_A5,"N=16, B=+/-15, A=5",16,15.0,5,False,10000,14,0.0027970426245320017,0.021034688904182818,0.28470213316064125,0.8282855749130249,0.8186249732971191,0.9069231748580933,0.20802168548107147,0.20504100620746613,0.22333504259586334,8.998601458000167,15,16,3.8873134113216974,3.071074757457475,3.2198056237637043
grid_search,Full grid search,N16_B15_A10,"N=16, B=+/-15, A=10",16,15.0,10,False,10000,14,0.0011227577968693882,0.006870866762602121,0.10012408147408032,1.5257982015609741,1.5052499771118164,1.6689189672470093,0.3703390657901764,0.36525198817253113,0.3973810076713562,16.16490937499998,16,16,1.3802406105563796,1.6671450513437311,2.105968641308345
grid_search,Full grid search,N16_B15_A15,"N=16, B=+/-15, A=15",16,15.0,15,False,10000,14,0.0011916353969603946,0.007003172408774818,0.04990549271604794,2.2175538539886475,2.191999912261963,2.3807520866394043,0.5313630104064941,0.5250409841537476,0.5659990906715393,23.27806908299999,17,16,1.0248177070336324,1.1470868752550103,2.2725884558682403
grid_search,Full grid search,N16_B20_A0,"N=16, B=+/-20, A=0",16,20.0,0,False,10000,14,0.036746891799616196,0.23779789857567532,2.2953534024306794,0.09882152080535889,0.09687499701976776,0.10566700249910355,0.045302730053663254,0.04374999925494194,0.052669040858745575,1.3453889160000472,18,16,38.34238105234263,25.740617027051478,3.789052406891076
grid_search,Full grid search,N16_B20_A1,"N=16, B=+/-20, A=1",16,20.0,1,False,10000,14,0.019279656779517314,0.13231774472787117,1.4318515895305126,0.25386184453964233,0.2504580020904541,0.2679201662540436,0.07709623128175735,0.07500000298023224,0.08595900237560272,3.0538814589999674,19,16,22.19011891189325,10.020123054310833,5.633224517527221
grid_search,Full grid search,N16_B20_A2,"N=16, B=+/-20, A=2",16,20.0,2,False,10000,14,0.012577918247796437,0.07402285195369326,0.9153544360932255,0.408375084400177,0.399834007024765,0.4540850818157196,0.11394504457712173,0.11104100197553635,0.12408304959535599,4.672512791999907,20,16,13.763730368463973,6.228898427576157,5.620764550882754
grid_search,Full grid search,N16_B20_A5,"N=16, B=+/-20, A=5",16,20.0,5,False,10000,14,0.004275843944576867,0.028037807797515153,0.4274744748018762,0.8343120217323303,0.8198750019073486,0.9245493412017822,0.20928384363651276,0.2055010050535202,0.22804103791713715,9.062121708000177,21,16,5.692772067285773,3.0488916074826005,4.749548172718531
grid_search,Full grid search,N16_B20_A10,"N=16, B=+/-20, A=10",16,20.0,10,False,10000,14,0.0015572505455909002,0.009833598991731949,0.16919941474178996,1.5249778032302856,1.5069999694824219,1.668843388557434,0.37021082639694214,0.36583301424980164,0.39750099182128906,16.16625633400008,22,16,2.1580741985357332,1.6680419319502822,3.291015250490982
grid_search,Full grid search,N16_B20_A15,"N=16, B=+/-20, A=15",16,20.0,15,False,10000,14,0.0010351716875344982,0.006960471005435484,0.06416774002857432,2.222506523132324,2.1954169273376465,2.3858370780944824,0.5321563482284546,0.525501012802124,0.5701270699501038,23.330328333000125,23,16,1.088525325848525,1.1445306884843252,2.4192546372930854
grid_search,Full grid search,N16_B25_A0,"N=16, B=+/-25, A=0",16,25.0,0,False,10000,14,0.054875578750326316,0.3146009056286344,2.912251764934546,0.09956115484237671,0.09758300334215164,0.10750000178813934,0.04500048980116844,0.04341699928045273,0.05249999836087227,1.3602711250000539,24,16,51.47570223886402,25.549391478119375,5.124980361223618
grid_search,Full grid search,N16_B25_A1,"N=16, B=+/-25, A=1",16,25.0,1,False,10000,14,0.024178825857445248,0.1541292747715774,1.7707379945411497,0.25447407364845276,0.2512910068035126,0.26833298802375793,0.07758359611034393,0.07595899701118469,0.08633299916982651,3.06027233299983,25,16,27.091748629393162,9.996016036571234,6.8941476359815645
grid_search,Full grid search,N16_B25_A2,"N=16, B=+/-25, A=2",16,25.0,2,False,10000,14,0.011172051404678196,0.0737031251050656,0.9427296764300352,0.3999401926994324,0.3950839936733246,0.4248371720314026,0.11071892082691193,0.10820800065994263,0.12058299779891968,4.559916625000369,26,16,13.576220594414368,6.360268278895474,5.429676280660084
grid_search,Full grid search,N16_B25_A5,"N=16, B=+/-25, A=5",16,25.0,5,False,10000,14,0.006426346060103168,0.037395187356961235,0.5484811560809857,0.829329788684845,0.8172919750213623,0.9149231910705566,0.20924043655395508,0.20558200776576996,0.22608603537082672,8.967408500000147,27,16,7.6242248706279945,3.0672079500670018,6.322996800843654
grid_search,Full grid search,N16_B25_A10,"N=16, B=+/-25, A=10",16,25.0,10,False,10000,14,0.0013984569898996243,0.00992905722201704,0.18306858045826643,1.5236165523529053,1.505458950996399,1.6670104265213013,0.37036192417144775,0.365541011095047,0.39563092589378357,16.108112708000135,28,16,2.2245878777301056,1.6695322173766698,3.38941891267321
grid_search,Full grid search,N16_B25_A15,"N=16, B=+/-25, A=15",16,25.0,15,False,10000,14,0.0010639025717887743,0.007553107287277279,0.08586924891411862,2.217726230621338,2.192167043685913,2.3782100677490234,0.5318232178688049,0.5253340005874634,0.5635859370231628,23.24516179200009,29,16,1.288080953676887,1.1469977159303697,2.8566109181329806
grid_search,Full grid search,N16_B30_A0,"N=16, B=+/-30, A=0",16,30.0,0,False,10000,14,0.08808778602803043,0.806480025099615,8.528180626561891,0.09479110687971115,0.09291700273752213,0.10266699641942978,0.0432158038020134,0.04029100015759468,0.05249999836087227,1.275230707999981,30,16,125.79197765309357,26.83507983833867,11.923960798324629
grid_search,Full grid search,N16_B30_A1,"N=16, B=+/-30, A=1",16,30.0,1,False,10000,14,0.24080666795680972,1.501213795583817,12.676226834226668,0.25433477759361267,0.2511659860610962,0.2698770761489868,0.0793401375412941,0.07724999636411667,0.08708400279283524,3.034429541999998,31,16,230.70436934822828,10.001490732604497,58.676144468056314
grid_search,Full grid search,N16_B30_A2,"N=16, B=+/-30, A=2",16,30.0,2,False,10000,14,0.06596898250219864,0.834570455655793,9.266138886841151,0.4022858142852783,0.39558398723602295,0.4340871274471283,0.11166081577539444,0.10941600054502487,0.12183205038309097,4.568048916000407,32,16,126.70492451572004,6.323183246222239,50.97159373276116
grid_search,Full grid search,N16_B30_A5,"N=16, B=+/-30, A=5",16,30.0,5,False,10000,14,0.07079794885160619,0.7958667894162047,9.81521169048804,0.828972578048706,0.8184580206871033,0.9087255597114563,0.2108405977487564,0.2076680064201355,0.22804300487041473,8.962928625000131,33,16,130.37050387592842,3.0685296334761114,108.07357269953721
grid_search,Full grid search,N16_B30_A10,"N=16, B=+/-30, A=10",16,30.0,10,False,10000,14,0.19509586130419612,1.5546033118747669,21.32451888412661,1.5340101718902588,1.512416958808899,1.6808749437332153,0.37451714277267456,0.3692080080509186,0.40662404894828796,16.240058625000074,34,16,286.30051783470594,1.6582203740846628,439.1879065758874
grid_search,Full grid search,N16_B30_A15,"N=16, B=+/-30, A=15",16,30.0,15,False,10000,14,0.12823225617992468,1.2691075021393976,16.916469444549403,2.222749710083008,2.200582981109619,2.3875482082366943,0.5336912274360657,0.5291680097579956,0.5703793168067932,23.31295079199981,35,16,221.61206843082996,1.1444054674903312,492.588160855523
grid_search,Full grid search,N16_B35_A0,"N=16, B=+/-35, A=0",16,35.0,0,False,10000,14,0.531519279296776,2.8259153863175146,33.25761897437117,0.09700271487236023,0.09620899707078934,0.10416600108146667,0.04555267468094826,0.04408400133252144,0.05316600203514099,1.2972418750000543,36,16,526.5492480214614,26.22325493084058,51.076706572081505
grid_search,Full grid search,N16_B35_A1,"N=16, B=+/-35, A=1",16,35.0,1,False,10000,14,0.7154600048765868,3.4751718599081363,37.288852882590234,0.25284937024116516,0.24870799481868744,0.26854199171066284,0.0778006985783577,0.07554200291633606,0.08725100010633469,3.014685874999941,37,16,636.9041321589981,10.060246219539176,161.0408087203985
grid_search,Full grid search,N16_B35_A2,"N=16, B=+/-35, A=2",16,35.0,2,False,10000,14,0.727099895640439,3.755975432921116,42.25122507458022,0.40082651376724243,0.3955000042915344,0.43038326501846313,0.11305491626262665,0.11079200357198715,0.1220029890537262,4.551404999999704,38,16,690.6479034825489,6.346204239769103,276.829991393565
grid_search,Full grid search,N16_B35_A5,"N=16, B=+/-35, A=5",16,35.0,5,False,10000,14,0.7551399372497335,4.429675064337845,54.19660491261704,0.830012321472168,0.8178330063819885,0.9194289445877075,0.20954975485801697,0.20583200454711914,0.22758415341377258,8.977328833999763,39,16,819.9206791995906,3.0646857345079055,680.5442663654889
grid_search,Full grid search,N16_B35_A10,"N=16, B=+/-35, A=10",16,35.0,10,False,10000,14,1.1892505705208993,8.242920753279005,67.42908474080036,1.5240010023117065,1.505916953086853,1.6654683351516724,0.3726925253868103,0.36833301186561584,0.39854398369789124,16.11702479199994,40,16,1214.36618273767,1.6691110551915964,1850.69527966565
grid_search,Full grid search,N16_B35_A15,"N=16, B=+/-35, A=15",16,35.0,15,False,10000,14,1.3307933995833072,10.625646375207538,84.38854936418412,2.2162206172943115,2.1912500858306885,2.378298282623291,0.531775951385498,0.5253300070762634,0.5657150745391846,23.23006637499975,41,16,1491.579480452857,1.1477769411725218,3305.669196912759
grid_search,Full grid search,N16_B40_A0,"N=16, B=+/-40, A=0",16,40.0,0,False,10000,14,0.621779120651357,3.1866457468364566,37.96826130840719,0.09600017964839935,0.09412500262260437,0.10395900160074234,0.04410724341869354,0.04287499934434891,0.05283299833536148,1.2912654169999769,42,16,603.3422846106349,26.497105842905114,57.92096771209665
grid_search,Full grid search,N16_B40_A1,"N=16, B=+/-40, A=1",16,40.0,1,False,10000,14,0.5599928816040731,3.303006236352218,42.32150572831517,0.25668346881866455,0.25187501311302185,0.2775041460990906,0.08018381893634796,0.07804100215435028,0.08870899677276611,3.060514499999954,43,16,625.0012111072025,9.909975631810449,160.4274788828632
grid_search,Full grid search,N16_B40_A2,"N=16, B=+/-40, A=2",16,40.0,2,False,10000,14,0.5550245231022277,3.750817023509946,47.30360724904552,0.398998498916626,0.3937090039253235,0.42558300495147705,0.11129116266965866,0.10908199846744537,0.12071189284324646,4.528114250000272,44,16,682.1563753617435,6.375279425833318,272.1793697957421
grid_search,Full grid search,N16_B40_A5,"N=16, B=+/-40, A=5",16,40.0,5,False,10000,14,0.6580894882392522,4.695465050888597,55.80176594283413,0.8260611295700073,0.8167089819908142,0.9052940011024475,0.20878906548023224,0.2057500034570694,0.22404204308986664,8.932352333999916,45,16,818.1802818467091,3.0793446514129514,675.8669278141995
grid_search,Full grid search,N16_B40_A10,"N=16, B=+/-40, A=10",16,40.0,10,False,10000,14,0.841368831546808,6.7363673833792,67.04923633448935,1.520292043685913,1.5020840167999268,1.6690410375595093,0.37016114592552185,0.36537399888038635,0.3972092270851135,16.08644433299969,46,16,1047.5673405330201,1.673183077979107,1592.608293037562
grid_search,Full grid search,N16_B40_A15,"N=16, B=+/-40, A=15",16,40.0,15,False,10000,14,1.7124931852471834,13.256158953990274,92.20070235781012,2.2147743701934814,2.190541982650757,2.3739612102508545,0.5307205319404602,0.524832010269165,0.5638779401779175,23.215421416000027,47,16,1775.9414628420047,1.148526439223389,3933.309634866391
grid_search,Full grid search,N32_B5_A0,"N=32, B=+/-5, A=0",32,5.0,0,False,10000,30,0.059831733361919597,0.2969951932868084,2.48007962038932,0.11011560261249542,0.10450000315904617,0.12091699987649918,0.05699776113033295,0.054708000272512436,0.06274999678134918,1.4530370410002433,48,32,48.72629047453548,23.100513103788728,5.36552483867497
grid_search,Full grid search,N32_B5_A1,"N=32, B=+/-5, A=1",32,5.0,1,False,10000,30,0.019635087708284475,0.11917728368058306,1.3704306671701922,0.2639727294445038,0.2597079873085022,0.28417113423347473,0.09000501781702042,0.08900000154972076,0.09691700339317322,3.130704459000299,49,32,21.211388105248442,9.63632465533271,5.599228013449113
grid_search,Full grid search,N32_B5_A2,"N=32, B=+/-5, A=2",32,5.0,2,False,10000,30,0.01008454366814537,0.06499110995907283,0.7728686765365392,0.41055136919021606,0.40587499737739563,0.4450860619544983,0.12324599921703339,0.12208300083875656,0.13137803971767426,4.651179667000179,50,32,11.592127324098788,6.195879765542779,4.759163744736073
grid_search,Full grid search,N32_B5_A5,"N=32, B=+/-5, A=5",32,5.0,5,False,10000,30,0.002688457072487055,0.02146781975449991,0.2838275359520611,0.8415284156799316,0.8280419707298279,0.929141640663147,0.22164331376552582,0.21883200109004974,0.24137799441814423,9.101389542000106,51,32,3.871448659888203,3.0227463192984185,3.257934057141914
grid_search,Full grid search,N32_B5_A10,"N=32, B=+/-5, A=10",32,5.0,10,False,10000,30,0.0011657262196736696,0.006824883102614356,0.08094044500141646,1.5333876609802246,1.5133750438690186,1.6720062494277954,0.3802943229675293,0.3758319914340973,0.40817201137542725,16.217066708000402,52,32,1.244490060983133,1.6588935634550852,1.9082857037240635
grid_search,Full grid search,N32_B5_A15,"N=32, B=+/-5, A=15",32,5.0,15,False,10000,30,0.0010942572836134534,0.006785549508521228,0.04703242484696414,2.230346918106079,2.2044169902801514,2.3925459384918213,0.5442941188812256,0.5384160280227661,0.5765053033828735,23.378801291999935,53,32,0.9666533447844392,1.1405072907857643,2.155972308416907
grid_search,Full grid search,N32_B10_A0,"N=32, B=+/-10, A=0",32,10.0,0,False,10000,30,0.018029606938437318,0.13425198711166628,1.3314667752192049,0.10701906681060791,0.10537499934434891,0.11504200100898743,0.05612964928150177,0.05529100075364113,0.0625,1.4081431249996967,54,32,21.182117073483884,23.768913305730717,2.26689040227729
grid_search,Full grid search,N32_B10_A1,"N=32, B=+/-10, A=1",32,10.0,1,False,10000,30,0.009575028030006953,0.08948163873588835,0.8055296250407366,0.26238805055618286,0.25804200768470764,0.2777562141418457,0.08922173082828522,0.08841700106859207,0.09616903960704803,3.1118751670001075,55,32,12.838207123601991,9.694522733369967,3.368592139798426
grid_search,Full grid search,N32_B10_A2,"N=32, B=+/-10, A=2",32,10.0,2,False,10000,30,0.004370329356210725,0.04083492245033477,0.35473892691792513,0.408989816904068,0.4050830006599426,0.44154199957847595,0.12274040281772614,0.12179200351238251,0.13125203549861908,4.6326887919999535,56,32,5.761531740308037,6.219536076317997,2.35640781155556
grid_search,Full grid search,N32_B10_A5,"N=32, B=+/-10, A=5",32,10.0,5,False,10000,30,0.001820800006416701,0.015903516228211227,0.1507623112298066,0.8420264720916748,0.8311660289764404,0.9350860118865967,0.22195862233638763,0.2192080020904541,0.2417571246623993,9.103487207999933,57,32,2.371399503240321,3.0209583729151417,1.9967811576333974
grid_search,Full grid search,N32_B10_A10,"N=32, B=+/-10, A=10",32,10.0,10,False,10000,30,0.0011927235257562904,0.00625101705940101,0.05729196422228821,1.5340704917907715,1.514415979385376,1.6813771724700928,0.3825511336326599,0.37837299704551697,0.40821409225463867,16.220062332999987,58,32,1.0461258045504154,1.6581551725906454,1.6048307274616722
grid_search,Full grid search,N32_B10_A15,"N=32, B=+/-10, A=15",32,10.0,15,False,10000,30,0.0011410028828662889,0.006920013773262804,0.04338902937085378,2.2251477241516113,2.1994171142578125,2.389625072479248,0.5417564511299133,0.5358359813690186,0.5748342871665955,23.328384708000158,59,32,0.957943581341541,1.1431721559301853,2.1315659798877737
grid_search,Full grid search,N32_B15_A0,"N=32, B=+/-15, A=0",32,15.0,0,False,10000,30,0.021380062250739136,0.16487556067770698,1.4957482455702988,0.1042744517326355,0.10279200226068497,0.11233299970626831,0.05453057959675789,0.054457999765872955,0.060333047062158585,1.3725838330001352,60,32,24.75233035875388,24.39453652179132,2.5810356772641296
grid_search,Full grid search,N32_B15_A1,"N=32, B=+/-15, A=1",32,15.0,1,False,10000,30,0.01194304892184554,0.10248414338032634,0.9087297230033131,0.2628282308578491,0.25824999809265137,0.27758604288101196,0.08944491297006607,0.0889580026268959,0.09550005197525024,3.1166187500002707,61,32,14.862794107281223,9.678286509706485,3.906361880821189
grid_search,Full grid search,N32_B15_A2,"N=32, B=+/-15, A=2",32,15.0,2,False,10000,30,0.0064624791928356426,0.048512618834848524,0.4782690839806941,0.40967845916748047,0.40299999713897705,0.4416270852088928,0.12156929075717926,0.12062499672174454,0.13099904358386993,4.643045249999886,62,32,7.618371817456155,6.209081449512197,3.1210828275403952
grid_search,Full grid search,N32_B15_A5,"N=32, B=+/-15, A=5",32,15.0,5,False,10000,30,0.002478809978938785,0.01768116787961848,0.19795079027023818,0.8371455073356628,0.826291024684906,0.9216312170028687,0.22075803577899933,0.21850000321865082,0.23787599802017212,9.04609095800015,63,32,2.988947541386961,3.0385720269554133,2.5021840059340694
grid_search,Full grid search,N32_B15_A10,"N=32, B=+/-15, A=10",32,15.0,10,False,10000,30,0.0011879382313004178,0.006104212566007643,0.0554985868775881,1.551008701324463,1.5220409631729126,1.7009211778640747,0.38707318902015686,0.37996000051498413,0.4225830137729645,16.409838707999825,64,32,1.0244433944182123,1.6400468410714664,1.588920618757016
grid_search,Full grid search,N32_B15_A15,"N=32, B=+/-15, A=15",32,15.0,15,False,10000,30,0.0011754009822965733,0.00699053460917023,0.04637391531298376,2.2324094772338867,2.2053749561309814,2.3973772525787354,0.5461581349372864,0.539497971534729,0.5844184160232544,23.403213374999723,65,32,0.9931085996144721,1.1394535577018785,2.217025049701821
grid_search,Full grid search,N32_B20_A0,"N=32, B=+/-20, A=0",32,20.0,0,False,10000,30,0.02532680348593271,0.18443031966274429,1.6832167550958967,0.10422166436910629,0.10341700166463852,0.11245899647474289,0.05478104203939438,0.05558399856090546,0.060708001255989075,1.3704164159998982,66,32,28.14555536052274,24.406892141664574,2.933376624266501
grid_search,Full grid search,N32_B20_A1,"N=32, B=+/-20, A=1",32,20.0,1,False,10000,30,0.013691385894825691,0.11316582578923283,1.1014513232269036,0.2555418908596039,0.25429099798202515,0.2657110393047333,0.08645159006118774,0.08529099822044373,0.09350000321865082,3.0296236659996794,67,32,17.28993571114835,9.954246298032915,4.418302864467839
grid_search,Full grid search,N32_B20_A2,"N=32, B=+/-20, A=2",32,20.0,2,False,10000,30,0.006603469929983647,0.05148755999987415,0.5574262702158816,0.4016948640346527,0.4010410010814667,0.4137920141220093,0.12116776406764984,0.12166699767112732,0.1277080476284027,4.548723500000051,68,32,8.393781299853424,6.332485547692004,3.3717388379812316
grid_search,Full grid search,N32_B20_A5,"N=32, B=+/-20, A=5",32,20.0,5,False,10000,30,0.0027073516487282016,0.019206915398140293,0.24529623279158025,0.8260293006896973,0.8213329911231995,0.857585072517395,0.2196161150932312,0.21895800530910492,0.2307940423488617,8.920438166999702,69,32,3.4799365441913728,3.079463305911359,2.8745295500429213
grid_search,Full grid search,N32_B20_A10,"N=32, B=+/-20, A=10",32,20.0,10,False,10000,30,0.0012005844585702035,0.0066278809339572935,0.08479986718327587,1.509893536567688,1.5038340091705322,1.5548330545425415,0.3779258131980896,0.37637799978256226,0.39295700192451477,15.947351541999979,70,32,1.273985313898593,1.6847061461458932,1.9235821911376427
grid_search,Full grid search,N32_B20_A15,"N=32, B=+/-20, A=15",32,20.0,15,False,10000,30,0.0011491899878169317,0.007218678292662947,0.04653257426169161,2.1822221279144287,2.1789588928222656,2.2272942066192627,0.5363503694534302,0.5360000133514404,0.5497109889984131,22.829591249999794,71,32,0.997813858936882,1.1656590264312863,2.17745148251175
grid_search,Full grid search,N32_B25_A0,"N=32, B=+/-25, A=0",32,25.0,0,False,10000,30,0.029637737604984546,0.21534026203334078,2.191128460209604,0.10078465193510056,0.09970899671316147,0.10887499898672104,0.05254548415541649,0.05037499964237213,0.05975000187754631,1.3242716670001755,72,32,34.5900384732631,25.239229111190014,3.4861449879495585
grid_search,Full grid search,N32_B25_A1,"N=32, B=+/-25, A=1",32,25.0,1,False,10000,30,0.01590789512822204,0.1242970638967026,1.3567221960005793,0.2573765516281128,0.25770899653434753,0.26833298802375793,0.08844464272260666,0.08891700208187103,0.09458299726247787,3.047301209000125,73,32,20.33798036182714,9.883289308953877,5.234519252607346
grid_search,Full grid search,N32_B25_A2,"N=32, B=+/-25, A=2",32,25.0,2,False,10000,30,0.007876764767168701,0.056579912825223184,0.6426131146625437,0.39876028895378113,0.39762499928474426,0.4092920124530792,0.11925999820232391,0.11891700327396393,0.1260409951210022,4.511190125000212,74,32,9.619087109544651,6.379087866937465,3.8357099552736162
grid_search,Full grid search,N32_B25_A5,"N=32, B=+/-25, A=5",32,25.0,5,False,10000,30,0.0028750796318392233,0.02228929148266557,0.3175823270747759,0.8205982446670532,0.819208025932312,0.834958016872406,0.21758359670639038,0.21766699850559235,0.22387799620628357,8.851451457999701,75,32,4.215539954997524,3.0998444581289912,3.459264687394797
grid_search,Full grid search,N32_B25_A10,"N=32, B=+/-25, A=10",32,25.0,10,False,10000,30,0.001240886869920606,0.008306558208087355,0.13486449926865088,1.4970115423202515,1.4964590072631836,1.5189189910888672,0.3748096525669098,0.374208003282547,0.38292086124420166,15.793061583000053,76,32,1.741787756063195,1.6992032787796438,2.6074763750986936
grid_search,Full grid search,N32_B25_A15,"N=32, B=+/-25, A=15",32,25.0,15,False,10000,30,0.0011385227676812611,0.006779634431007962,0.05242477300474028,2.184366226196289,2.180375099182129,2.225921154022217,0.5362313389778137,0.5347920060157776,0.5499218702316284,22.863338292000208,77,32,1.0191632805193418,1.164514855876993,2.2262258489458646
grid_search,Full grid search,N32_B30_A0,"N=32, B=+/-30, A=0",32,30.0,0,False,10000,30,0.08846088739583323,0.7305238828851826,8.466451311525102,0.10161139816045761,0.10058300197124481,0.10962703824043274,0.05297376587986946,0.0507499985396862,0.06004200130701065,1.3366181659998801,78,32,121.90065206788029,25.033873828452467,12.386495693288794
grid_search,Full grid search,N32_B30_A1,"N=32, B=+/-30, A=1",32,30.0,1,False,10000,30,0.08208813357156731,0.9301534882353225,10.958825451615391,0.2559007406234741,0.25529101490974426,0.2662090063095093,0.08653699606657028,0.08533400297164917,0.09458299726247787,3.034703583999999,79,32,148.31087701118142,9.940287452408427,37.9528632696783
grid_search,Full grid search,N32_B30_A2,"N=32, B=+/-30, A=2",32,30.0,2,False,10000,30,0.12901930503948436,1.178987743338983,12.381366396209176,0.4006296992301941,0.39966699481010437,0.4128749966621399,0.119855135679245,0.11900000274181366,0.1281680017709732,4.535890416999791,80,32,183.3100053721299,6.349321894930127,73.43943231812166
grid_search,Full grid search,N32_B30_A5,"N=32, B=+/-30, A=5",32,30.0,5,False,10000,30,0.2013189209820261,1.4332675920926432,17.95673409868894,0.8212532997131348,0.819208025932312,0.8406291007995605,0.21720492839813232,0.21633300185203552,0.22679300606250763,8.868346084000223,81,32,256.8559328546536,3.0973719338114942,210.94378240777965
grid_search,Full grid search,N32_B30_A10,"N=32, B=+/-30, A=10",32,30.0,10,False,10000,30,0.1717214937115919,1.498445890245353,21.317626269387336,1.5202627182006836,1.5070830583572388,1.5661312341690063,0.3813920319080353,0.3792490065097809,0.3944980502128601,16.073229249999713,82,32,277.3257123920747,1.673215353259591,421.60794134811647
grid_search,Full grid search,N32_B30_A15,"N=32, B=+/-30, A=15",32,30.0,15,False,10000,30,0.16091530506682444,1.4277722354436437,21.29582980707233,2.1905951499938965,2.1847920417785645,2.2337100505828857,0.5381072759628296,0.5368319749832153,0.5522119402885437,22.931883707999987,83,32,270.96079880056976,1.1612035756988828,593.5654116910001
grid_search,Full grid search,N32_B35_A0,"N=32, B=+/-35, A=0",32,35.0,0,False,10000,30,0.5038273222694644,2.696302480501763,33.719678842686555,0.10365234315395355,0.10354100167751312,0.11012499779462814,0.05513896048069,0.05545800179243088,0.060791000723838806,1.3563789999998335,84,32,516.549058177873,24.540949521067525,53.54152023410441
grid_search,Full grid search,N32_B35_A1,"N=32, B=+/-35, A=1",32,35.0,1,False,10000,30,0.6668219024219374,3.3217130142383904,38.25299677011012,0.25865933299064636,0.25508299469947815,0.27104106545448303,0.08835817873477936,0.08745799958705902,0.09654105454683304,3.0666828339999483,85,32,623.9379471755827,9.834274648707646,161.38737324398937
grid_search,Full grid search,N32_B35_A2,"N=32, B=+/-35, A=2",32,35.0,2,False,10000,30,0.6900895742102207,3.560922165952671,43.79687178505891,0.3996613025665283,0.3980419933795929,0.4129999876022339,0.12005794793367386,0.11875099688768387,0.12904104590415955,4.525027291999777,86,32,683.2959362188294,6.364706577160068,273.0869439076328
grid_search,Full grid search,N32_B35_A5,"N=32, B=+/-35, A=5",32,35.0,5,False,10000,30,0.7506042442787098,4.64776345144049,54.49834469831954,0.8194144368171692,0.8182089924812317,0.836417019367218,0.21711646020412445,0.21595799922943115,0.22670699656009674,8.846898583999973,87,32,831.0999200572099,3.1043228027102834,681.0152729324731
grid_search,Full grid search,N32_B35_A10,"N=32, B=+/-35, A=10",32,35.0,10,False,10000,30,1.0162800193618935,7.244802277205186,66.10992364826201,1.5043150186538696,1.5010000467300415,1.534000039100647,0.3773314356803894,0.37583398818969727,0.3897520899772644,15.88433037499999,88,32,1111.3180070981346,1.6909536164558052,1671.7723685782114
grid_search,Full grid search,N32_B35_A15,"N=32, B=+/-35, A=15",32,35.0,15,False,10000,30,1.6297737570423438,12.923024375158894,91.8944736233774,2.1908419132232666,2.1819589138031006,2.255211114883423,0.5406648516654968,0.5382080078125,0.5612910389900208,22.93355795799971,89,32,1735.8099892792286,1.1610727847264415,3802.8852779045633
grid_search,Full grid search,N32_B40_A0,"N=32, B=+/-40, A=0",32,40.0,0,False,10000,30,0.6532352941779866,3.2083177936513434,38.449282206549896,0.10213861614465714,0.1010420024394989,0.110166996717453,0.053817279636859894,0.051500000059604645,0.061000000685453415,1.3403372500001751,90,32,616.4900940386757,24.90465425416482,62.967445071999876
grid_search,Full grid search,N32_B40_A1,"N=32, B=+/-40, A=1",32,40.0,1,False,10000,30,0.5051901858501036,3.438971774270934,42.98298442752528,0.2553766667842865,0.25462499260902405,0.2655830681324005,0.08722581714391708,0.0867919996380806,0.09516599774360657,3.026678042000185,91,32,621.5089114838108,9.960686514990806,158.71887419146577
grid_search,Full grid search,N32_B40_A2,"N=32, B=+/-40, A=2",32,40.0,2,False,10000,30,0.5164051258568412,3.8091853380073992,47.87265231694092,0.40191343426704407,0.40070798993110657,0.4128339886665344,0.12207289785146713,0.12137400358915329,0.1296669989824295,4.550239125000189,92,32,678.7366194225019,6.3290417891117565,272.79336567490145
grid_search,Full grid search,N32_B40_A5,"N=32, B=+/-40, A=5",32,40.0,5,False,10000,30,0.6088535466063835,4.73040467462773,55.45648907482174,0.8262913823127747,0.8229579925537109,0.8509631156921387,0.22000308334827423,0.2185409963130951,0.23046204447746277,8.924880625000242,93,32,803.8825253895506,3.07848656724665,664.2412031212159
grid_search,Full grid search,N32_B40_A10,"N=32, B=+/-40, A=10",32,40.0,10,False,10000,30,0.7865362865396222,6.902827488981406,67.98972596355812,1.5026288032531738,1.502166986465454,1.5271250009536743,0.3782808780670166,0.3774990141391754,0.38829100131988525,15.868699624999863,94,32,1047.5943408756946,1.6928511656201477,1574.1454307248423
grid_search,Full grid search,N32_B40_A15,"N=32, B=+/-40, A=15",32,40.0,15,False,10000,30,1.3547447624026225,11.046167945523331,85.67646292931025,2.190908193588257,2.181165933609009,2.2425432205200195,0.5379319190979004,0.5350419878959656,0.5572090744972229,22.93327708300012,95,32,1527.3168231216848,1.1610376594171394,3346.2109419824856
grid_search,Full grid search,N64_B5_A0,"N=64, B=+/-5, A=0",64,5.0,0,False,10000,62,0.05904390560766332,0.29183891302454157,2.406236392227438,0.13970045745372772,0.1425829976797104,0.14800000190734863,0.08722905814647675,0.08874999731779099,0.09283299744129181,1.7356828330002827,96,64,47.71508422975749,18.208436589580167,6.665819094340271
grid_search,Full grid search,N64_B5_A1,"N=64, B=+/-5, A=1",64,5.0,1,False,10000,62,0.01845107052633065,0.10997919313225984,1.2812458515675436,0.29293471574783325,0.2945829927921295,0.30345800518989563,0.12006328999996185,0.1211249977350235,0.1263750046491623,3.4149147500002073,97,64,19.789410357590196,8.683596666197998,5.797005297917911
grid_search,Full grid search,N64_B5_A2,"N=64, B=+/-5, A=2",64,5.0,2,False,10000,62,0.008734575957116204,0.05838411223264416,0.6898489971739352,0.4379969835281372,0.4362089931964874,0.454833060503006,0.1537448912858963,0.15345799922943115,0.16041605174541473,4.922925624999607,98,64,10.292219293024635,5.807635706966307,4.507961004154887
grid_search,Full grid search,N64_B5_A5,"N=64, B=+/-5, A=5",64,5.0,5,False,10000,62,0.0025117751399789156,0.020497934023458377,0.26108676298718847,0.8616874814033508,0.859250009059906,0.885083019733429,0.24995453655719757,0.24970799684524536,0.2587490677833557,9.287636333000137,99,64,3.6065370970745136,2.9520295652187145,3.10770786776589
grid_search,Full grid search,N64_B5_A10,"N=64, B=+/-5, A=10",64,5.0,10,False,10000,62,0.0011673616983203375,0.006610724676264864,0.0726618290341257,1.5441924333572388,1.5392500162124634,1.5842080116271973,0.4102218747138977,0.4091250002384186,0.4236660897731781,16.299124457999824,100,64,1.17232114579269,1.6472862229684742,1.8102894427977605
grid_search,Full grid search,N64_B5_A15,"N=64, B=+/-5, A=15",64,5.0,15,False,10000,62,0.0010772385695710352,0.006932765239791071,0.047461616872716716,2.2307703495025635,2.2260000705718994,2.281040906906128,0.5707290768623352,0.5690420269966125,0.5847500562667847,23.347325458999876,101,64,0.972135173676131,1.1402908065587143,2.168610321145238
grid_search,Full grid search,N64_B10_A0,"N=64, B=+/-10, A=0",64,10.0,0,False,10000,62,0.014907618523562729,0.10891936147120042,1.088975560864598,0.13989679515361786,0.14058299362659454,0.1477919965982437,0.08722375333309174,0.08854199945926666,0.09241700172424316,1.7374020420002125,102,64,17.327095530738347,18.182882018764815,2.42400513407087
grid_search,Full grid search,N64_B10_A1,"N=64, B=+/-10, A=1",64,10.0,1,False,10000,62,0.009222031010597716,0.08103822848977955,0.705772368842028,0.2929883897304535,0.2931250035762787,0.30295801162719727,0.11921768635511398,0.11937499791383743,0.1252090036869049,3.4167726669998046,103,64,11.595784190165132,8.68200587546062,3.3974301375383327
grid_search,Full grid search,N64_B10_A2,"N=64, B=+/-10, A=2",64,10.0,2,False,10000,62,0.004625302540276186,0.04077013851345976,0.3413174714082411,0.4386545419692993,0.43712499737739563,0.45341700315475464,0.15412317216396332,0.1538739949464798,0.16045799851417542,4.929087375000108,104,64,5.72582200349792,5.798929858703193,2.511657828342116
grid_search,Full grid search,N64_B10_A5,"N=64, B=+/-10, A=5",64,10.0,5,False,10000,62,0.002043812880446407,0.016295218060595876,0.1322954704809764,0.857509970664978,0.8557080030441284,0.8734580874443054,0.25040581822395325,0.25037699937820435,0.25779199600219727,9.242232500000227,105,64,2.3100410367857984,2.966410896784028,1.9808832216890855
grid_search,Full grid search,N64_B10_A10,"N=64, B=+/-10, A=10",64,10.0,10,False,10000,62,0.0012252001126107721,0.005891181898717036,0.041718193190740924,1.5474650859832764,1.5383340120315552,1.606085181236267,0.4111420810222626,0.40821000933647156,0.43171191215515137,16.332302917000106,106,64,0.9203035463105266,1.6438024638631707,1.4241376064221332
grid_search,Full grid search,N64_B10_A15,"N=64, B=+/-10, A=15",64,10.0,15,False,10000,62,0.0011864342537825196,0.006971930810520947,0.045170166971972785,2.222203254699707,2.222917079925537,2.2704579830169678,0.570765495300293,0.5699160099029541,0.5846670269966125,23.25604166600033,107,64,0.9861139642962592,1.1446868848301117,2.191345660963978
grid_search,Full grid search,N64_B15_A0,"N=64, B=+/-15, A=0",64,15.0,0,False,10000,62,0.015549945288653841,0.1284315541445945,1.0816060539572574,0.13673193752765656,0.1368750035762787,0.14516599476337433,0.08494265377521515,0.08516699820756912,0.09125000238418579,1.7008493749999616,108,64,18.350370662845055,18.60375101147841,2.509081735081472
grid_search,Full grid search,N64_B15_A1,"N=64, B=+/-15, A=1",64,15.0,1,False,10000,62,0.009879322385497066,0.08829084701296465,0.7778344922499578,0.29700279235839844,0.29683399200439453,0.3072110414505005,0.1212325468659401,0.12195800244808197,0.12720799446105957,3.461779999999635,109,64,12.655514244774999,8.56465658414411,3.7587230694296627
grid_search,Full grid search,N64_B15_A2,"N=64, B=+/-15, A=2",64,15.0,2,False,10000,62,0.005189772859449465,0.04381075460548357,0.39208048668270634,0.4389400780200958,0.4379580020904541,0.4496660530567169,0.15399903059005737,0.1539590060710907,0.15983299911022186,4.931136040999718,110,64,6.403762432414346,5.795157581771525,2.8108679817061115
grid_search,Full grid search,N64_B15_A5,"N=64, B=+/-15, A=5",64,15.0,5,False,10000,62,0.0020177341595293825,0.01579091264099397,0.13961493922533505,0.8595494031906128,0.8577499985694885,0.875791072845459,0.2509353458881378,0.25099900364875793,0.2581239938735962,9.263667665999947,111,64,2.3350022253434766,2.959372563856517,2.0070497692427383
grid_search,Full grid search,N64_B15_A10,"N=64, B=+/-15, A=10",64,15.0,10,False,10000,62,0.00120320620944967,0.005986837767227422,0.04736046389773948,1.5466324090957642,1.5460419654846191,1.582293152809143,0.41200506687164307,0.4113770127296448,0.4217509925365448,16.324453749999975,112,64,0.9615134077273302,1.6446874552232669,1.4871077981711984
grid_search,Full grid search,N64_B15_A15,"N=64, B=+/-15, A=15",64,15.0,15,False,10000,62,0.00120871746437845,0.007197556388680637,0.044592259050590055,2.2200045585632324,2.2179999351501465,2.261837959289551,0.5690430402755737,0.5684599876403809,0.5812079906463623,23.232110750000174,113,64,0.998231083079931,1.145820584588268,2.21607755493696
grid_search,Full grid search,N64_B20_A0,"N=64, B=+/-20, A=0",64,20.0,0,False,10000,62,0.020815389170916996,0.15217252866262007,1.4513697196334947,0.1363610327243805,0.1367499977350235,0.14346104860305786,0.08427512645721436,0.08466699719429016,0.08912499994039536,1.7006495420000647,114,64,23.67427267455582,18.654353595451617,3.228248270901013
grid_search,Full grid search,N64_B20_A1,"N=64, B=+/-20, A=1",64,20.0,1,False,10000,62,0.011723350031703448,0.0966496076933489,0.8768837851766651,0.29246586561203003,0.2922919988632202,0.30250000953674316,0.11932419240474701,0.11937599629163742,0.125791996717453,3.4119004160002078,115,64,14.291578142251586,8.697517283797893,4.1797987723355785
grid_search,Full grid search,N64_B20_A2,"N=64, B=+/-20, A=2",64,20.0,2,False,10000,62,0.0048401993041910125,0.0450482302176536,0.4167740957541784,0.4372674226760864,0.43654200434684753,0.45008304715156555,0.15271396934986115,0.1530420035123825,0.15941505134105682,4.914096209000036,116,64,6.553662905394257,5.817325483599664,2.8657032877296196
grid_search,Full grid search,N64_B20_A5,"N=64, B=+/-20, A=5",64,20.0,5,False,10000,62,0.0022673364972025712,0.01728880995350297,0.1959477349989913,0.8622245192527771,0.8610000014305115,0.880794107913971,0.25026142597198486,0.25016701221466064,0.25816500186920166,9.301984167000228,117,64,2.898428183997933,2.950190889127107,2.4990958475363176
grid_search,Full grid search,N64_B20_A10,"N=64, B=+/-20, A=10",64,20.0,10,False,10000,62,0.00114423470535517,0.0063798579534503725,0.0706534596554431,1.5372105836868286,1.5357500314712524,1.5614160299301147,0.40912166237831116,0.40912601351737976,0.4181670844554901,16.22404495899991,118,64,1.1401535785688601,1.6547680246779832,1.7526561480044638
grid_search,Full grid search,N64_B20_A15,"N=64, B=+/-20, A=15",64,20.0,15,False,10000,62,0.001165897205194793,0.007040780738353891,0.04668865481945194,2.223883867263794,2.220082998275757,2.265291929244995,0.5687462091445923,0.567999005317688,0.5805459022521973,23.273068375000094,119,64,0.9952547864822338,1.1438218328420517,2.2133310634749117
grid_search,Full grid search,N64_B25_A0,"N=64, B=+/-25, A=0",64,25.0,0,False,10000,62,0.025004885405576265,0.18179935094507638,1.6593555336555013,0.13903594017028809,0.13920900225639343,0.14633604884147644,0.0862196758389473,0.08624999970197678,0.09195805341005325,1.7287622499998179,120,64,27.75582912441909,18.2954631584182,3.859057797519472
grid_search,Full grid search,N64_B25_A1,"N=64, B=+/-25, A=1",64,25.0,1,False,10000,62,0.014707150008399183,0.11433777703618961,1.0976693388263679,0.29562491178512573,0.296875,0.3064579963684082,0.12119737267494202,0.12250000238418579,0.12758304178714752,3.4463186250000035,121,64,17.590185382611292,8.604575662183858,5.200097002018471
grid_search,Full grid search,N64_B25_A2,"N=64, B=+/-25, A=2",64,25.0,2,False,10000,62,0.007033930338190667,0.05047276902597896,0.5428262448411141,0.4379566013813019,0.4384160041809082,0.44987499713897705,0.15265807509422302,0.15287400782108307,0.1592089980840683,4.9230027919998065,122,64,8.352485910591222,5.808171204769389,3.65802634248774
grid_search,Full grid search,N64_B25_A5,"N=64, B=+/-25, A=5",64,25.0,5,False,10000,62,0.002588210918224432,0.018040423715246418,0.21750436679912455,0.860649824142456,0.8589590191841125,0.8792520761489868,0.251809298992157,0.251583993434906,0.2594580054283142,9.276333457999954,123,64,3.1832120045872885,2.9555887304294637,2.7396308519562047
grid_search,Full grid search,N64_B25_A10,"N=64, B=+/-25, A=10",64,25.0,10,False,10000,62,0.0011230880352555205,0.0065375615610591695,0.08221777818444603,1.5419384241104126,1.5407500267028809,1.5717520713806152,0.41222479939460754,0.4118320047855377,0.4229610562324524,16.27394816700007,124,64,1.229304183921526,1.6496942298776232,1.8955113561082946
grid_search,Full grid search,N64_B25_A15,"N=64, B=+/-25, A=15",64,25.0,15,False,10000,62,0.0011342106130326692,0.006613208620673826,0.046854292038409066,2.225924253463745,2.2198328971862793,2.271040916442871,0.5723104476928711,0.5712900161743164,0.5849160552024841,23.295742125000288,125,64,0.968103915484631,1.1427733522932182,2.154925985350456
grid_search,Full grid search,N64_B30_A0,"N=64, B=+/-30, A=0",64,30.0,0,False,10000,62,0.1189189004068809,1.1948770800009874,13.285542943746831,0.13887374103069305,0.13854199647903442,0.14937704801559448,0.08629899471998215,0.08608300238847733,0.09350000321865082,1.7257472080000298,126,64,188.1628817405705,18.316831549308834,26.13088331042891
grid_search,Full grid search,N64_B30_A1,"N=64, B=+/-30, A=1",64,30.0,1,False,10000,62,0.28008061256931055,1.8738246746540306,17.554539647266118,0.2966559827327728,0.2953749895095825,0.30720800161361694,0.12258101999759674,0.12216600030660629,0.1290440410375595,3.4561998340000173,127,64,295.5398926416421,8.574669209934417,87.6736772883445
grid_search,Full grid search,N64_B30_A2,"N=64, B=+/-30, A=2",64,30.0,2,False,10000,62,0.1888556169746364,1.6195560361712118,16.882718798129904,0.43990811705589294,0.43674999475479126,0.4601669907569885,0.1539645493030548,0.1531669944524765,0.1632080376148224,4.944038334000197,128,64,254.00209648703336,5.782405057914281,111.73758399386008
grid_search,Full grid search,N64_B30_A5,"N=64, B=+/-30, A=5",64,30.0,5,False,10000,62,0.25795105712377286,2.0473355359508076,23.67854493217501,0.858729898929596,0.856124997138977,0.8801670074462891,0.25083404779434204,0.2505419850349426,0.2605820596218109,9.255573957999786,129,64,343.9729816680551,2.962196756223686,295.37988378232075
grid_search,Full grid search,N64_B30_A10,"N=64, B=+/-30, A=10",64,30.0,10,False,10000,62,0.22683317387134974,2.0512210653670526,27.696596744661903,1.5491153001785278,1.544458031654358,1.5794609785079956,0.414119154214859,0.4132100045681,0.4252549409866333,16.352512250000018,130,64,366.1624928789891,1.642051382998019,567.2279200703532
grid_search,Full grid search,N64_B30_A15,"N=64, B=+/-30, A=15",64,30.0,15,False,10000,62,0.1984677149081389,1.8238943613183602,27.723451440967203,2.224393129348755,2.2250421047210693,2.2585442066192627,0.5726370811462402,0.5722900032997131,0.5832480788230896,23.27834225000015,131,64,348.15108960064185,1.1435599613752991,774.4248916829505
grid_search,Full grid search,N64_B35_A0,"N=64, B=+/-35, A=0",64,35.0,0,False,10000,62,0.5149580132004997,2.5859692461375055,34.05835990489276,0.14022918045520782,0.14000000059604645,0.14925412833690643,0.0878349244594574,0.08741699904203415,0.09470900148153305,1.741373083000326,132,64,517.0007766434207,18.13978312377047,72.49859520341285
grid_search,Full grid search,N64_B35_A1,"N=64, B=+/-35, A=1",64,35.0,1,False,10000,62,0.6766434922689226,3.3278285368390494,38.49772600951145,0.29578205943107605,0.29462501406669617,0.305292010307312,0.12169918417930603,0.121458999812603,0.12800000607967377,3.4488762080000015,133,64,628.7285867687318,8.600004090762946,185.9666362176455
grid_search,Full grid search,N64_B35_A2,"N=64, B=+/-35, A=2",64,35.0,2,False,10000,62,0.6410380650529514,3.4824096782152405,44.26284109710376,0.4402579963207245,0.44108399748802185,0.45270800590515137,0.15657499432563782,0.157041996717453,0.16379104554653168,4.943902958000308,134,64,669.9246166438519,5.777809698721424,294.9396694095517
grid_search,Full grid search,N64_B35_A5,"N=64, B=+/-35, A=5",64,35.0,5,False,10000,62,0.7245088990337146,4.601541949338887,54.61187488697194,0.8608973622322083,0.859499990940094,0.8832941055297852,0.25239917635917664,0.2520819902420044,0.2627910077571869,9.277693333000116,135,64,822.7625502337793,2.954738895338174,708.3141092397053
grid_search,Full grid search,N64_B35_A10,"N=64, B=+/-35, A=10",64,35.0,10,False,10000,62,1.1727753712888058,8.897668692274964,71.6989700955255,1.5471588373184204,1.5448750257492065,1.5786690711975098,0.41417744755744934,0.41370800137519836,0.42508694529533386,16.329832875000193,136,64,1272.623179730097,1.6441278424201116,1968.950199095688
grid_search,Full grid search,N64_B35_A15,"N=64, B=+/-35, A=15",64,35.0,15,False,10000,62,1.3803908148194397,10.823514094165638,83.48952676444719,2.2214598655700684,2.2175419330596924,2.2607920169830322,0.5714651346206665,0.5705410242080688,0.5838330984115601,23.247144916999787,137,64,1507.3587467692334,1.1450699427463096,3348.536958963848
grid_search,Full grid search,N64_B40_A0,"N=64, B=+/-40, A=0",64,40.0,0,False,10000,62,0.6613562064964766,3.223945083621168,38.744469144273836,0.14009469747543335,0.1404999941587448,0.1479160487651825,0.08762888610363007,0.08791700005531311,0.09375,1.737756625000202,138,64,621.6445415920481,18.15719628880033,87.08910399159242
grid_search,Full grid search,N64_B40_A1,"N=64, B=+/-40, A=1",64,40.0,1,False,10000,62,0.523888780094738,3.4944329461063215,43.02779210208899,0.2970398962497711,0.29691699147224426,0.3087089955806732,0.122490294277668,0.12241599708795547,0.1290840059518814,3.4608782499999506,139,64,629.4748815304284,8.56358675449646,186.97915350163544
grid_search,Full grid search,N64_B40_A2,"N=64, B=+/-40, A=2",64,40.0,2,False,10000,62,0.46159206386453344,3.890367303930166,47.67333666969667,0.44104844331741333,0.4418329894542694,0.45375001430511475,0.1568371057510376,0.1572510004043579,0.16379199922084808,4.953000125000017,140,64,666.1826472335113,5.767454708486242,293.81881952741367
grid_search,Full grid search,N64_B40_A5,"N=64, B=+/-40, A=5",64,40.0,5,False,10000,62,0.4936852570524922,4.795740812945219,55.40674567792719,0.8619095683097839,0.8592090010643005,0.8772940039634705,0.25236108899116516,0.2519589960575104,0.2600410580635071,9.288845542000217,141,64,775.4154330934261,2.951268920322842,668.3379811982991
grid_search,Full grid search,N64_B40_A10,"N=64, B=+/-40, A=10",64,40.0,10,False,10000,62,0.6272034991889164,6.403997101035929,67.82346440640228,1.5421137809753418,1.5421249866485596,1.5724589824676514,0.4126110374927521,0.41237398982048035,0.4219629168510437,16.2756550830004,142,64,980.1295510150185,1.649506639823107,1511.4712877614343
grid_search,Full grid search,N64_B40_A15,"N=64, B=+/-40, A=15",64,40.0,15,False,10000,62,0.9039300275587264,8.719911154545398,81.03468378567334,2.225450277328491,2.2199580669403076,2.2711691856384277,0.5719252228736877,0.5707489848136902,0.5876631140708923,23.291149167000185,143,64,1262.397966096836,1.1430167400258082,2809.4039037491266
grid_search,Full grid search,N128_B5_A0,"N=128, B=+/-5, A=0",128,5.0,0,False,10000,126,0.05867679943533824,0.2890644948526604,2.3645040524927876,0.180960550904274,0.18187500536441803,0.1905830055475235,0.12586162984371185,0.12745900452136993,0.13483299314975739,2.180926083000031,144,128,47.17119776023526,14.056803587137313,8.536125933506627
grid_search,Full grid search,N128_B5_A1,"N=128, B=+/-5, A=1",128,5.0,1,False,10000,126,0.01793446167120799,0.10373901818000196,1.2193144150637092,0.3346971571445465,0.335207998752594,0.34683606028556824,0.15852917730808258,0.15962499380111694,0.1684190034866333,3.8671615839998594,145,128,18.89137485009232,7.600085231626204,6.322889456877883
grid_search,Full grid search,N128_B5_A2,"N=128, B=+/-5, A=2",128,5.0,2,False,10000,126,0.008244519918741337,0.055239787384116265,0.6539186907960622,0.4750868082046509,0.4716250002384186,0.5038770437240601,0.18916332721710205,0.18779100477695465,0.20766903460025787,5.320100207999985,146,128,9.741865335535785,5.354236062024677,4.628231708219226
grid_search,Full grid search,N128_B5_A5,"N=128, B=+/-5, A=5",128,5.0,5,False,10000,126,0.0022879945703628965,0.019507188095918036,0.2522076844877346,0.8901023268699646,0.8880839943885803,0.9109610319137573,0.28738200664520264,0.28733301162719727,0.2996670603752136,9.592522999999801,147,128,3.4328686472161714,2.8577915642873686,3.0556043707260616
grid_search,Full grid search,N128_B5_A10,"N=128, B=+/-5, A=10",128,5.0,10,False,10000,126,0.0011780165326959406,0.006576813005939699,0.06987275734393608,1.5665435791015625,1.561790943145752,1.5960021018981934,0.4451010823249817,0.44408300518989563,0.457207053899765,16.538867499999924,148,128,1.1525122989647505,1.6237830565431257,1.8054607417788102
grid_search,Full grid search,N128_B5_A15,"N=128, B=+/-5, A=15",128,5.0,15,False,10000,126,0.001058174829598505,0.006490098135335793,0.04630094900663486,2.245431423187256,2.239000082015991,2.297960042953491,0.6087371110916138,0.6072090268135071,0.6290001273155212,23.506511083000078,149,128,0.9376542522629526,1.1328455168187122,2.105438322116384
grid_search,Full grid search,N128_B10_A0,"N=128, B=+/-10, A=0",128,10.0,0,False,10000,126,0.013344241304260604,0.09230285853141208,0.9127659724950623,0.18011988699436188,0.18000000715255737,0.19141604006290436,0.12467411905527115,0.12470900267362595,0.13500000536441803,2.172895250000238,150,128,14.799527120354476,14.122410154305543,2.665689152488242
grid_search,Full grid search,N128_B10_A1,"N=128, B=+/-10, A=1",128,10.0,1,False,10000,126,0.0077773451915668,0.06969762555117386,0.5998622013520442,0.3308367133140564,0.33070799708366394,0.34174999594688416,0.154582679271698,0.1545410007238388,0.163332998752594,3.8266669999998157,151,128,9.877320878901363,7.688768563804574,3.267780375924034
grid_search,Full grid search,N128_B10_A2,"N=128, B=+/-10, A=2",128,10.0,2,False,10000,126,0.00445682103676877,0.03765626780616741,0.2846451418033356,0.47329267859458923,0.47279098629951477,0.48670804500579834,0.18756788969039917,0.18800100684165955,0.19645799696445465,5.299698249999892,152,128,5.1067561884661705,5.374532580210134,2.4169903153686487
grid_search,Full grid search,N128_B10_A5,"N=128, B=+/-10, A=5",128,10.0,5,False,10000,126,0.0018369958199186852,0.014620112552737192,0.1108239324289923,0.8944441676139832,0.8910409808158875,0.9259160161018372,0.28854015469551086,0.2877509891986847,0.30621010065078735,9.641030041999784,153,128,2.0138679969766735,2.843919177054038,1.8012924842402402
grid_search,Full grid search,N128_B10_A10,"N=128, B=+/-10, A=10",128,10.0,10,False,10000,126,0.0012363588970223018,0.005884238896133683,0.04127413626920009,1.5712106227874756,1.5644170045852661,1.6073329448699951,0.44944605231285095,0.4485020041465759,0.4657500088214874,16.588848708000114,154,128,0.9196351455902055,1.6189598543884154,1.4449405098400376
grid_search,Full grid search,N128_B10_A15,"N=128, B=+/-10, A=15",128,10.0,15,False,10000,126,0.001187363670076673,0.006962416331781379,0.045915523913819895,2.2432663440704346,2.2400829792022705,2.2840890884399414,0.6038255095481873,0.6041669845581055,0.6181262731552124,23.469835500000045,155,128,0.991566260332426,1.1339388779247315,2.224347219719514
grid_search,Full grid search,N128_B15_A0,"N=128, B=+/-15, A=0",128,15.0,0,False,10000,126,0.01329030550973913,0.10571901649571099,0.9051213223426157,0.183732807636261,0.18370899558067322,0.18904200196266174,0.1279609352350235,0.12937499582767487,0.13291600346565247,2.211804249999659,156,128,15.349671088211245,13.84470717999043,2.820238165330194
grid_search,Full grid search,N128_B15_A1,"N=128, B=+/-15, A=1",128,15.0,1,False,10000,126,0.00896913794441092,0.07647995137005878,0.6221519677772033,0.32911044359207153,0.32908299565315247,0.34141701459884644,0.1527860313653946,0.15370799601078033,0.16216903924942017,3.811924916999942,157,128,10.682869796544777,7.729098151119331,3.5158440175771943
grid_search,Full grid search,N128_B15_A2,"N=128, B=+/-15, A=2",128,15.0,2,False,10000,126,0.00465460524111872,0.03914122537285596,0.29139626616915604,0.4707830548286438,0.47049999237060547,0.48329201340675354,0.18589399755001068,0.186832994222641,0.1941249966621399,5.271417584000119,158,128,5.280224470086595,5.403182835472725,2.4858402062083242
grid_search,Full grid search,N128_B15_A5,"N=128, B=+/-15, A=5",128,15.0,5,False,10000,126,0.0018865875449499536,0.015284077016444122,0.12031870708598395,0.8830705285072327,0.8813329935073853,0.910629153251648,0.2826686501502991,0.2830829918384552,0.2957080006599426,9.514220500000192,159,128,2.1299609097467616,2.8805478599557963,1.880905706269819
grid_search,Full grid search,N128_B15_A10,"N=128, B=+/-15, A=10",128,15.0,10,False,10000,126,0.0012274977319832489,0.0058722983629584564,0.042569629895675254,1.5641655921936035,1.559749960899353,1.591418981552124,0.44739004969596863,0.44670799374580383,0.4594629108905792,16.498802209000132,160,128,0.926493865210178,1.6262516793469364,1.4491898253402187
grid_search,Full grid search,N128_B15_A15,"N=128, B=+/-15, A=15",128,15.0,15,False,10000,126,0.001128550612623319,0.006998795381097309,0.0445704006384996,2.2480452060699463,2.2440829277038574,2.2821290493011475,0.6053775548934937,0.6045010089874268,0.6209610104560852,23.520901875000163,161,128,0.9671779712808811,1.1315283670511724,2.174259801754441
grid_search,Full grid search,N128_B20_A0,"N=128, B=+/-20, A=0",128,20.0,0,False,10000,126,0.016533853398946172,0.12932645502481932,1.1396278710603904,0.17987503111362457,0.1806669980287552,0.19120800495147705,0.12526755034923553,0.12645800411701202,0.13595804572105408,2.1688103749997936,162,128,19.097035659386474,14.141634363219127,3.43507988341014
grid_search,Full grid search,N128_B20_A1,"N=128, B=+/-20, A=1",128,20.0,1,False,10000,126,0.009848013282223454,0.08592092124151317,0.738854862844061,0.335902601480484,0.3338339924812317,0.3598330020904541,0.15953786671161652,0.1588750034570694,0.17854613065719604,3.8818397080003706,163,128,12.241982048040462,7.57281101685464,4.112113617214175
grid_search,Full grid search,N128_B20_A2,"N=128, B=+/-20, A=2",128,20.0,2,False,10000,126,0.004612595067729544,0.04015165701807977,0.32879531184852767,0.476085364818573,0.47333401441574097,0.4884580671787262,0.18924850225448608,0.1888750046491623,0.19758599996566772,5.332205166999756,164,128,5.598888623194296,5.343005916703422,2.665548932752014
grid_search,Full grid search,N128_B20_A5,"N=128, B=+/-20, A=5",128,20.0,5,False,10000,126,0.0018543518015161882,0.015428903597976513,0.13202891062283353,0.8951136469841003,0.8913750052452087,0.9267920255661011,0.2900184094905853,0.289249986410141,0.30820706486701965,9.64548854099985,165,128,2.2166216956990756,2.8417921340514725,1.9841283300212802
grid_search,Full grid search,N128_B20_A10,"N=128, B=+/-20, A=10",128,20.0,10,False,10000,126,0.0012185015522880086,0.006015197027382764,0.04999618711483304,1.5745232105255127,1.5693750381469727,1.6104999780654907,0.45032840967178345,0.4494990110397339,0.46595901250839233,16.622942290999617,166,128,0.9869163246492282,1.6155537778528835,1.553922660006742
grid_search,Full grid search,N128_B20_A15,"N=128, B=+/-20, A=15",128,20.0,15,False,10000,126,0.0011785999099818108,0.006947322014910325,0.04367044536874228,2.2545478343963623,2.2487080097198486,2.289417028427124,0.6070798635482788,0.6055430173873901,0.6188769936561584,23.60116195899991,167,128,0.9715013260795269,1.1282647820877156,2.1902962108257915
grid_search,Full grid search,N128_B25_A0,"N=128, B=+/-25, A=0",128,25.0,0,False,10000,126,0.019167567903071173,0.14569552829578505,1.290772022154872,0.1782287359237671,0.17920799553394318,0.18741604685783386,0.12296044826507568,0.12366700172424316,0.13125203549861908,2.1524437910002234,168,128,21.712608599358038,14.27226035070775,3.869810784271098
grid_search,Full grid search,N128_B25_A1,"N=128, B=+/-25, A=1",128,25.0,1,False,10000,126,0.010569060631990675,0.09351751418782543,0.8154616090564925,0.3358144164085388,0.3344169855117798,0.35758399963378906,0.15811288356781006,0.15733300149440765,0.1750820428133011,3.8815910420003092,169,128,13.369308447704617,7.5747996416775125,4.4896065141516734
grid_search,Full grid search,N128_B25_A2,"N=128, B=+/-25, A=2",128,25.0,2,False,10000,126,0.0046252647542651,0.04466462540796644,0.42993499160051407,0.4759553074836731,0.47574999928474426,0.48987704515457153,0.1894947737455368,0.1899999976158142,0.19846104085445404,5.329260250000061,170,128,6.577411934917305,5.344465921663877,3.130554119930347
grid_search,Full grid search,N128_B25_A5,"N=128, B=+/-25, A=5",128,25.0,5,False,10000,126,0.002225829924284313,0.017561421387505185,0.18988960808920016,0.8954066634178162,0.8932909965515137,0.915336012840271,0.28966715931892395,0.28949999809265137,0.3017910122871399,9.648909291000109,171,128,2.8539999345229625,2.8408621747039478,2.5554905587658716
grid_search,Full grid search,N128_B25_A10,"N=128, B=+/-25, A=10",128,25.0,10,False,10000,126,0.0011688857137833488,0.006056124101094057,0.05500981868195043,1.5775580406188965,1.57212495803833,1.6236250400543213,0.4522300660610199,0.4511699974536896,0.4740440845489502,16.65282845799993,172,128,1.013362953038829,1.6124458533922503,1.598638874631714
grid_search,Full grid search,N128_B25_A15,"N=128, B=+/-25, A=15",128,25.0,15,False,10000,126,0.0011706923976553991,0.0071316800981203994,0.04363693139089433,2.2523105144500732,2.2477920055389404,2.2905828952789307,0.6076080799102783,0.6062489748001099,0.6208378076553345,23.577546665999762,173,128,0.9776660766782016,1.1293855375454847,2.202007584123465
grid_search,Full grid search,N128_B30_A0,"N=128, B=+/-30, A=0",128,30.0,0,False,10000,126,0.26216705122506473,1.7435285842874968,17.587834370039655,0.17743508517742157,0.17854200303554535,0.18491700291633606,0.12328937649726868,0.12425000220537186,0.13079200685024261,2.139285624999957,174,128,284.9045319649779,14.336098852929846,50.55205989663928
grid_search,Full grid search,N128_B30_A1,"N=128, B=+/-30, A=1",128,30.0,1,False,10000,126,0.34792695804487794,2.3347208550502083,21.633902422673263,0.3315306007862091,0.33229100704193115,0.3407079875469208,0.15673759579658508,0.15712499618530273,0.1652500033378601,3.8271487919996616,175,128,366.1452763593925,7.672676112097089,121.38836344646195
grid_search,Full grid search,N128_B30_A2,"N=128, B=+/-30, A=2",128,30.0,2,False,10000,126,0.34580066180304886,2.367681442011408,24.920977717291652,0.47802403569221497,0.476749986410141,0.4972100853919983,0.1939089298248291,0.1940010040998459,0.20754200220108032,5.343821500000104,176,128,391.9847942068032,5.321336859971976,187.37815325671843
grid_search,Full grid search,N128_B30_A5,"N=128, B=+/-30, A=5",128,30.0,5,False,10000,126,0.3497242681254389,2.5248557971497574,31.182511142331258,0.8892372250556946,0.8886659741401672,0.9048749804496765,0.2864750623703003,0.28712600469589233,0.2956260144710541,9.572595833999912,177,128,447.7413931096373,2.860571790527803,398.14831395138475
grid_search,Full grid search,N128_B30_A10,"N=128, B=+/-30, A=10",128,30.0,10,False,10000,126,0.30314492612947863,2.4426361461028443,33.48552548467243,1.5822499990463257,1.5780409574508667,1.6139580011367798,0.4504747986793518,0.4493739902973175,0.464042067527771,16.702450709000004,178,128,448.7733084497045,1.607664353050865,710.0715668665613
grid_search,Full grid search,N128_B30_A15,"N=128, B=+/-30, A=15",128,30.0,15,False,10000,126,0.26634362039478476,2.3026239564679774,33.98758945700312,2.2642621994018555,2.259458065032959,2.304374933242798,0.6102237105369568,0.6083750128746033,0.6262102127075195,23.704287833000308,179,128,436.1317098224661,1.1234241872489472,987.516544511509
grid_search,Full grid search,N128_B35_A0,"N=128, B=+/-35, A=0",128,35.0,0,False,10000,126,0.510266972665718,2.5291321647423457,34.36274725306349,0.18195785582065582,0.1820410043001175,0.19308604300022125,0.1266513615846634,0.12679199874401093,0.1366250067949295,2.190976958000192,180,128,515.3998417884262,13.979758717253358,93.78105010212728
grid_search,Full grid search,N128_B35_A1,"N=128, B=+/-35, A=1",128,35.0,1,False,10000,126,0.6397164282263988,3.2274715165121117,38.945535923172635,0.3360171914100647,0.33558300137519836,0.34750205278396606,0.1600763499736786,0.16029199957847595,0.16899999976158142,3.882267250000041,181,128,617.4825223785714,7.570228506485132,207.48474291444998
grid_search,Full grid search,N128_B35_A2,"N=128, B=+/-35, A=2",128,35.0,2,False,10000,126,0.6192266716834178,3.4916301304395696,44.861838385162194,0.4808269441127777,0.4792500138282776,0.5039590001106262,0.1949615180492401,0.19466599822044373,0.21116599440574646,5.380092500000046,182,128,668.9929600351425,5.290316926342865,321.6698406066592
grid_search,Full grid search,N128_B35_A5,"N=128, B=+/-35, A=5",128,35.0,5,False,10000,126,0.61730881668562,4.5036846793565095,55.186594231181104,0.8900931477546692,0.8892080187797546,0.9082080721855164,0.29096847772598267,0.2913750112056732,0.30075106024742126,9.588297583999974,183,128,793.6030115516692,2.8578210353582616,706.3806026196103
grid_search,Full grid search,N128_B35_A10,"N=128, B=+/-35, A=10",128,35.0,10,False,10000,126,1.010736758943667,7.711501737603718,68.68428362672385,1.5826153755187988,1.5760420560836792,1.622710108757019,0.4535394012928009,0.4519149959087372,0.4706270396709442,16.70726508300004,184,128,1150.9667471291611,1.607293193551643,1821.5376707174678
grid_search,Full grid search,N128_B35_A15,"N=128, B=+/-35, A=15",128,35.0,15,False,10000,126,1.4459007660537377,11.354132111143805,85.74868240558936,2.256824254989624,2.252458095550537,2.2936294078826904,0.6113720536231995,0.6101660132408142,0.6265000700950623,23.62554229200032,185,128,1566.7885444040185,1.1271267204159139,3535.9663894508762
grid_search,Full grid search,N128_B40_A0,"N=128, B=+/-40, A=0",128,40.0,0,False,10000,126,0.6661466204266602,3.2378455504535735,39.11281048882053,0.18421809375286102,0.18445800244808197,0.19608299434185028,0.12896384298801422,0.1292089968919754,0.14008399844169617,2.214135416999852,186,128,626.3726459793327,13.808236038388804,115.38917482124833
grid_search,Full grid search,N128_B40_A1,"N=128, B=+/-40, A=1",128,40.0,1,False,10000,126,0.4735497350266893,3.5117357608869395,43.30052830086839,0.34310775995254517,0.3407500088214874,0.3607940375804901,0.16419148445129395,0.16387499868869781,0.17645800113677979,3.963066875000095,187,128,618.7391899761592,7.413784291656251,212.29421746757228
grid_search,Full grid search,N128_B40_A2,"N=128, B=+/-40, A=2",128,40.0,2,False,10000,126,0.45266679544111393,4.008706664247302,47.96955366107205,0.47812432050704956,0.47699999809265137,0.4915860593318939,0.19338837265968323,0.1936669945716858,0.20246200263500214,5.3507112499996765,188,128,671.5048903965245,5.320220729169199,321.06281943799905
grid_search,Full grid search,N128_B40_A5,"N=128, B=+/-40, A=5",128,40.0,5,False,10000,126,0.43962910754383755,4.826565579973222,55.3238861474285,0.8998234272003174,0.8942919969558716,0.9342079758644104,0.29287979006767273,0.29145801067352295,0.3106720745563507,9.696640874999957,189,128,761.6107422061601,2.8269178643147974,685.3151882445244
grid_search,Full grid search,N128_B40_A10,"N=128, B=+/-40, A=10",128,40.0,10,False,10000,126,0.45276547407423234,6.158206718938579,68.4217948790793,1.5840797424316406,1.5809170007705688,1.615752100944519,0.45482417941093445,0.4541270136833191,0.4711689352989197,16.721446249999644,190,128,926.1136971103828,1.6058073674856777,1467.0379467810296
grid_search,Full grid search,N128_B40_A15,"N=128, B=+/-40, A=15",128,40.0,15,False,10000,126,0.9384214500584935,8.87963981620162,80.84203625066752,2.257927656173706,2.254333019256592,2.295962333679199,0.611031711101532,0.6100850105285645,0.625,23.635254083999826,191,128,1277.6727318123021,1.1265759175792875,2884.8925966980073
grid_search,Full grid search,N256_B5_A0,"N=256, B=+/-5, A=0",256,5.0,0,False,10000,254,0.058210862850557786,0.286154755231036,2.327785760489125,0.2608593702316284,0.25837498903274536,0.29066699743270874,0.20422622561454773,0.2022079974412918,0.23150412738323212,3.009394084000178,192,256,46.63228254521826,9.75133428721712,12.164467857208994
grid_search,Full grid search,N256_B5_A1,"N=256, B=+/-5, A=1",256,5.0,1,False,10000,254,0.01715743688235307,0.0976758423365809,1.1543739949906744,0.41430792212486267,0.4136660099029541,0.4310860335826874,0.23369945585727692,0.23329100012779236,0.24720799922943115,4.701253041999735,193,256,17.908400396819406,6.139701379677995,7.419592156986314
grid_search,Full grid search,N256_B5_A2,"N=256, B=+/-5, A=2",256,5.0,2,False,10000,254,0.007977520567815985,0.052929220039780275,0.6337721802280726,0.5606091022491455,0.5591250061988831,0.5773749947547913,0.26697587966918945,0.26604101061820984,0.28108298778533936,6.220637667000119,194,256,9.409970593088355,4.537434213743932,5.275315166382122
grid_search,Full grid search,N256_B5_A5,"N=256, B=+/-5, A=5",256,5.0,5,False,10000,254,0.00219645020237259,0.018400568624355206,0.23523607589468792,0.9843396544456482,0.9818329811096191,1.015546202659607,0.36747118830680847,0.36537399888038635,0.3902490735054016,10.574761040999874,195,256,3.22829395471206,2.5841963285671925,3.177737755830244
grid_search,Full grid search,N256_B5_A10,"N=256, B=+/-5, A=10",256,5.0,10,False,10000,254,0.0011773811429981109,0.006508043099325013,0.06575384326493222,1.6653887033462524,1.661916971206665,1.6943329572677612,0.5263824462890625,0.5243759751319885,0.5434210300445557,17.56409533299984,196,256,1.1179673336065432,1.5274073349785864,1.8618501680984683
grid_search,Full grid search,N256_B5_A15,"N=256, B=+/-5, A=15",256,5.0,15,False,10000,254,0.0010489325909267936,0.0068029954462453315,0.048204770099277566,2.3579418659210205,2.353874921798706,2.396756172180176,0.6877862215042114,0.6847909688949585,0.7093865275382996,24.6726545839997,197,256,0.9640897680778737,1.0787911940687114,2.2732676266569056
grid_search,Full grid search,N256_B10_A0,"N=256, B=+/-10, A=0",256,10.0,0,False,10000,254,0.012129012282199796,0.07672187082993032,0.7647156495058569,0.25727608799934387,0.2567499876022339,0.2704600989818573,0.2006126493215561,0.20024999976158142,0.21337704360485077,2.9686354579998806,198,256,12.627272357151172,9.887148630338434,3.2486952341501074
grid_search,Full grid search,N256_B10_A1,"N=256, B=+/-10, A=1",256,10.0,1,False,10000,254,0.006094898303659194,0.055697160058319484,0.46274751546999443,0.41616514325141907,0.41533300280570984,0.4334160089492798,0.23449201881885529,0.23399999737739563,0.24862703680992126,4.721302666000156,199,256,7.734940809647999,6.11230172043696,3.219012750088407
grid_search,Full grid search,N256_B10_A2,"N=256, B=+/-10, A=2",256,10.0,2,False,10000,254,0.004297743657429185,0.03552167583348506,0.2645312425818301,0.5652503967285156,0.5606250166893005,0.6070020794868469,0.2722683548927307,0.2690419852733612,0.30579307675361633,6.264218166999854,200,256,4.812438975422971,4.500177152999453,2.7202330400896058
grid_search,Full grid search,N256_B10_A5,"N=256, B=+/-10, A=5",256,10.0,5,False,10000,254,0.0018267901239094623,0.014161472743929569,0.10465705776149543,0.9799365997314453,0.9798750281333923,0.9988330006599426,0.36479851603507996,0.3644990026950836,0.3783359229564667,10.524087624999993,201,256,1.943140505960219,2.5958076489628605,1.9041545002110971
grid_search,Full grid search,N256_B10_A10,"N=256, B=+/-10, A=10",256,10.0,10,False,10000,254,0.0012396104887833787,0.005876499530401538,0.04100035790812565,1.6721136569976807,1.6668330430984497,1.7016249895095825,0.5293840765953064,0.5268769860267639,0.5464238524436951,17.634895250000227,202,256,0.9180820680809189,1.5212643652757818,1.535137564282779
grid_search,Full grid search,N256_B10_A15,"N=256, B=+/-10, A=15",256,10.0,15,False,10000,254,0.0011398822330787653,0.006782963309971664,0.04482400312877697,2.357820749282837,2.350250005722046,2.394552230834961,0.6882098913192749,0.6846650242805481,0.7092530131340027,24.66930845800016,203,256,0.9621441102300249,1.078846609461407,2.268563346900626
grid_search,Full grid search,N256_B15_A0,"N=256, B=+/-15, A=0",256,15.0,0,False,10000,254,0.010711556664036474,0.08209585296888364,0.656264429193714,0.25772836804389954,0.2571670114994049,0.2700440585613251,0.2017897516489029,0.20129099488258362,0.2136690467596054,2.9699606250001125,204,256,11.6725906687159,9.869797959719605,3.008357743892599
grid_search,Full grid search,N256_B15_A1,"N=256, B=+/-15, A=1",256,15.0,1,False,10000,254,0.007426265023551021,0.06651990146837715,0.5363778223898367,0.4155866205692291,0.41266700625419617,0.4282940626144409,0.23474565148353577,0.23304200172424316,0.2469169944524765,4.712791958000253,205,256,9.154377225437697,6.120810428394926,3.8044366945355685
grid_search,Full grid search,N256_B15_A2,"N=256, B=+/-15, A=2",256,15.0,2,False,10000,254,0.004660812067015619,0.037497409166402616,0.26709407364877835,0.5622949004173279,0.5587080121040344,0.6036270260810852,0.27014681696891785,0.2675830125808716,0.30345800518989563,6.2305001660001835,206,256,5.021640732240772,4.523830678872638,2.8236429754669223
grid_search,Full grid search,N256_B15_A5,"N=256, B=+/-15, A=5",256,15.0,5,False,10000,254,0.0020060295435587183,0.014925067879073833,0.10131874025753594,0.9779407382011414,0.9780840277671814,0.9973329901695251,0.3642493486404419,0.3640410006046295,0.3777490556240082,10.50245862499969,207,256,2.0017403467763875,2.6011053857522737,1.957583432413509
grid_search,Full grid search,N256_B15_A10,"N=256, B=+/-15, A=10",256,15.0,10,False,10000,254,0.0012379738174287686,0.005859645485412996,0.04096898453166182,1.6694722175598145,1.66758394241333,1.6992151737213135,0.5275424718856812,0.5259159803390503,0.5451690554618835,17.606240125000113,208,256,0.9166201406714615,1.5236713102057988,1.5302718589067739
grid_search,Full grid search,N256_B15_A15,"N=256, B=+/-15, A=15",256,15.0,15,False,10000,254,0.0011921432227354086,0.007118761195944252,0.04443190902143504,2.3465688228607178,2.3429999351501465,2.397252082824707,0.6868340373039246,0.6840029954910278,0.708540141582489,24.550985666000088,209,256,0.9888816408430262,1.0840197382237733,2.3204788279015953
grid_search,Full grid search,N256_B20_A0,"N=256, B=+/-20, A=0",256,20.0,0,False,10000,254,0.010664572834626048,0.0955787632437942,0.8332566027327476,0.2545113265514374,0.2537910044193268,0.2685830593109131,0.19877974689006805,0.19837500154972076,0.21262499690055847,2.935388625000087,210,256,13.625489464373807,9.994552916557328,3.4678413984904117
grid_search,Full grid search,N256_B20_A1,"N=256, B=+/-20, A=1",256,20.0,1,False,10000,254,0.008460930667749361,0.07645600696072412,0.60173548038004,0.41260218620300293,0.4103749990463257,0.43396103382110596,0.23336198925971985,0.23212599754333496,0.2512940466403961,4.677291125000011,211,256,10.3898617853341,6.165083477841809,4.286879686975885
grid_search,Full grid search,N256_B20_A2,"N=256, B=+/-20, A=2",256,20.0,2,False,10000,254,0.004855109565996427,0.039079107595992056,0.301922418180848,0.558816134929657,0.5548329949378967,0.6052541136741638,0.26738423109054565,0.26429200172424316,0.30266809463500977,6.192359500000293,212,256,5.411212527303683,4.5519926181117585,3.023872869790785
grid_search,Full grid search,N256_B20_A5,"N=256, B=+/-20, A=5",256,20.0,5,False,10000,254,0.002129476731464112,0.015495016610963093,0.11036891253299512,0.9802789092063904,0.9768339991569519,1.0153340101242065,0.36532413959503174,0.3627089858055115,0.38846203684806824,10.529056625000067,213,256,2.13006286042744,2.594901203312516,2.0880556973608546
grid_search,Full grid search,N256_B20_A10,"N=256, B=+/-20, A=10",256,20.0,10,False,10000,254,0.0012339483104675242,0.005871372963114644,0.04138430281277956,1.664899230003357,1.6615420579910278,1.6924580335617065,0.5244899392127991,0.5222899913787842,0.5421250462532043,17.558856083000137,214,256,0.9192206688899841,1.527856386284961,1.5304097838381052
grid_search,Full grid search,N256_B20_A15,"N=256, B=+/-20, A=15",256,20.0,15,False,10000,254,0.0010999944313509948,0.006623061994628489,0.044029948223417166,2.3441073894500732,2.3419580459594727,2.375627040863037,0.6851505637168884,0.6830430030822754,0.7018311619758606,24.52452533299993,215,256,0.9379332886121512,1.0851580147436422,2.198616352646952
grid_search,Full grid search,N256_B25_A0,"N=256, B=+/-25, A=0",256,25.0,0,False,10000,254,0.013509456425436155,0.1126244682474938,0.9421570005237937,0.2541012465953827,0.2533330023288727,0.26899999380111694,0.19838400185108185,0.1977909952402115,0.2130020409822464,2.9332409999997253,216,256,16.009724604283708,10.010682573045532,4.06809097959726
grid_search,Full grid search,N256_B25_A1,"N=256, B=+/-25, A=1",256,25.0,1,False,10000,254,0.009967392132333655,0.08402219339991454,0.6940540875898685,0.41366761922836304,0.40995898842811584,0.45329105854034424,0.23477360606193542,0.23199999332427979,0.26962703466415405,4.686963749999904,217,256,11.846968993686808,6.149204827359939,4.900707458690658
grid_search,Full grid search,N256_B25_A2,"N=256, B=+/-25, A=2",256,25.0,2,False,10000,254,0.004484296587259344,0.04163902548318945,0.3359433170941804,0.5559188723564148,0.5549579858779907,0.5730829834938049,0.2653374969959259,0.26466700434684753,0.27991700172424316,6.160555250000016,218,256,5.6873543546460334,4.575716075799438,3.161707619526168
grid_search,Full grid search,N256_B25_A5,"N=256, B=+/-25, A=5",256,25.0,5,False,10000,254,0.0019573281214689047,0.015322883538295064,0.12208585494112616,0.979285717010498,0.9753749966621399,1.0143002271652222,0.36572813987731934,0.3628329932689667,0.39081794023513794,10.516539958000067,219,256,2.164256411241333,2.5975329537602905,2.1194253914770362
grid_search,Full grid search,N256_B25_A10,"N=256, B=+/-25, A=10",256,25.0,10,False,10000,254,0.0012377883830061989,0.00587548067706106,0.041679873794432346,1.6572167873382568,1.6543749570846558,1.6851249933242798,0.5259939432144165,0.5237510204315186,0.5426660776138306,17.48762987500004,220,256,0.9226866112405446,1.5349391464753122,1.5290917416000784
grid_search,Full grid search,N256_B25_A15,"N=256, B=+/-25, A=15",256,25.0,15,False,10000,254,0.0011977635495544695,0.007189219467096663,0.04510847349025454,2.3430016040802,2.3425419330596924,2.379499912261963,0.6862205266952515,0.6841660141944885,0.7023330330848694,24.5140042500002,221,256,0.9987920267412344,1.085670157737746,2.3401713207972263
grid_search,Full grid search,N256_B30_A0,"N=256, B=+/-30, A=0",256,30.0,0,False,10000,254,0.36566942310552264,2.272400003293569,21.75292220348758,0.24698686599731445,0.24791699647903442,0.26649999618530273,0.19118891656398773,0.1919579952955246,0.210207998752594,2.860728124999696,222,256,368.9488707968762,10.299037201068018,91.12552531136853
grid_search,Full grid search,N256_B30_A1,"N=256, B=+/-30, A=1",256,30.0,1,False,10000,254,0.3415358186539683,2.4523832329682436,22.59226970468766,0.41692817211151123,0.41233399510383606,0.460999995470047,0.2382458746433258,0.2347089946269989,0.27521008253097534,4.72448812499988,223,256,377.13367027434657,6.101115470799129,157.2376517891887
grid_search,Full grid search,N256_B30_A2,"N=256, B=+/-30, A=2",256,30.0,2,False,10000,254,0.36293152812683116,2.542549853040692,26.322608533108763,0.556593656539917,0.5557500123977661,0.5732920169830322,0.26794883608818054,0.2673340141773224,0.2823341488838196,6.167267625000022,224,256,415.34006407711286,4.570168723974876,231.17564497220366
grid_search,Full grid search,N256_B30_A5,"N=256, B=+/-30, A=5",256,30.0,5,False,10000,254,0.36934632633916387,2.701636000240133,34.60649794816335,0.9816837906837463,0.9763749837875366,1.0394294261932373,0.3697441518306732,0.36604100465774536,0.41067004203796387,10.542696041999989,225,256,487.16867518940325,2.591187656577102,478.24559176231213
grid_search,Full grid search,N256_B30_A10,"N=256, B=+/-30, A=10",256,30.0,10,False,10000,254,0.39527381610887363,3.0956147545324035,42.54280534706312,1.6640111207962036,1.6624159812927246,1.6952952146530151,0.5290101766586304,0.5267930030822754,0.5469990372657776,17.547844499999883,226,256,572.5394249554787,1.5286718275442828,952.71197022018
grid_search,Full grid search,N256_B30_A15,"N=256, B=+/-30, A=15",256,30.0,15,False,10000,254,0.3886370584075897,3.292096781517894,47.01635787406283,2.346801519393921,2.3438329696655273,2.37929105758667,0.6889092326164246,0.6868739724159241,0.705669105052948,24.556362541999988,227,256,613.7305937182296,1.0839122525105913,1440.3038898364744
grid_search,Full grid search,N256_B35_A0,"N=256, B=+/-35, A=0",256,35.0,0,False,10000,254,0.4964970828830922,2.4107946012949144,34.43424373099867,0.2623092234134674,0.25850000977516174,0.3030419945716858,0.20601454377174377,0.20262500643730164,0.24387499690055847,3.0198122080000758,228,256,506.72839941305307,9.697436056497217,132.91953293158727
grid_search,Full grid search,N256_B35_A1,"N=256, B=+/-35, A=1",256,35.0,1,False,10000,254,0.6269916900830909,3.2145461467152163,39.27376072090199,0.4149778187274933,0.414124995470047,0.4315020442008972,0.23701488971710205,0.23637500405311584,0.25154104828834534,4.699235499999304,229,256,615.9288344239282,6.1297900906649465,255.59680420060909
grid_search,Full grid search,N256_B35_A2,"N=256, B=+/-35, A=2",256,35.0,2,False,10000,254,0.6020663115073872,3.505032164885152,45.14818433835036,0.5619425773620605,0.5587080121040344,0.577875018119812,0.2714080214500427,0.2697499990463257,0.2853740453720093,6.228440250000858,230,256,667.1453248987493,4.526667000430216,374.89736334865245
grid_search,Full grid search,N256_B35_A5,"N=256, B=+/-35, A=5",256,35.0,5,False,10000,254,0.6290666597479538,4.5622386226690015,54.76306644675088,0.9835492372512817,0.9775829911231995,1.0332183837890625,0.3706496059894562,0.367000013589859,0.4075103998184204,10.567744082999525,231,256,796.2913742303999,2.5862730860231045,783.1917737540848
grid_search,Full grid search,N256_B35_A10,"N=256, B=+/-35, A=10",256,35.0,10,False,10000,254,1.015183146695812,7.827498361580277,68.78878895690687,1.6617658138275146,1.6599169969558716,1.6929579973220825,0.5295720100402832,0.5274590253829956,0.547294020652771,17.52153383299992,232,256,1158.3424257315282,1.5307373036051473,1924.8938437866905
grid_search,Full grid search,N256_B35_A15,"N=256, B=+/-35, A=15",256,35.0,15,False,10000,254,1.143655279653942,9.711802187320213,82.12512346377528,2.359139919281006,2.3446669578552246,2.440098524093628,0.6935462951660156,0.6870459914207458,0.7400453090667725,24.696180832999744,233,256,1381.4650956762446,1.0782433463534429,3259.0694543031827
grid_search,Full grid search,N256_B40_A0,"N=256, B=+/-40, A=0",256,40.0,0,False,10000,254,0.6553089481344906,3.1893611765497267,39.356351481622355,0.24870146811008453,0.24891699850559235,0.2690410017967224,0.1929018795490265,0.19295799732208252,0.2127079963684082,2.879366707999907,234,256,623.0376601611018,10.228033394461486,154.95038076993796
grid_search,Full grid search,N256_B40_A1,"N=256, B=+/-40, A=1",256,40.0,1,False,10000,254,0.47209030266890534,3.567261406556277,43.47219214810044,0.41506409645080566,0.4147079885005951,0.42991700768470764,0.23648196458816528,0.23579099774360657,0.2500830590724945,4.700340667000091,235,256,622.2211003342296,6.128515915572647,258.2616388028531
grid_search,Full grid search,N256_B40_A2,"N=256, B=+/-40, A=2",256,40.0,2,False,10000,254,0.4144318501297292,4.116362128919139,47.6759846950803,0.5602284073829651,0.5594170093536377,0.5765860080718994,0.2715539336204529,0.2710829973220825,0.2858320474624634,6.1981070419997195,236,256,663.945903626839,4.540517559550819,371.96135617730766
grid_search,Full grid search,N256_B40_A5,"N=256, B=+/-40, A=5",256,40.0,5,False,10000,254,0.4158625926438294,4.880259212882088,55.13992626850473,0.9813665747642517,0.9771249890327454,1.0208393335342407,0.37125056982040405,0.3682500123977661,0.3973025381565094,10.531002334000732,237,256,756.2872580088637,2.5920252294027932,742.1950359300064
grid_search,Full grid search,N256_B40_A10,"N=256, B=+/-40, A=10",256,40.0,10,False,10000,254,0.4444489619821764,6.173152826843969,68.0631116651051,1.6583019495010376,1.6572920083999634,1.6831250190734863,0.5291652083396912,0.5272489786148071,0.5456241369247437,17.473432167000283,238,256,921.8444924580148,1.533934710652013,1528.6965189799205
grid_search,Full grid search,N256_B40_A15,"N=256, B=+/-40, A=15",256,40.0,15,False,10000,254,0.4916049765831377,6.942272313801036,76.9564059949227,2.416652202606201,2.3816659450531006,2.5771291255950928,0.7133172154426575,0.6984580159187317,0.7843320965766907,25.327340875000118,239,256,1037.6055736959754,1.0525829568434797,2507.53179510885
grid_search,Full grid search,N512_B5_A0,"N=512, B=+/-5, A=0",512,5.0,0,False,10000,510,0.05793338988356216,0.28434079994021005,2.2983649981124947,0.35168734192848206,0.3454580008983612,0.4106753170490265,0.28716257214546204,0.28075000643730164,0.34517431259155273,3.9729729579994455,240,512,46.250393339914204,7.232921455554766,16.265677896861195
grid_search,Full grid search,N512_B5_A1,"N=512, B=+/-5, A=1",512,5.0,1,False,10000,510,0.016825931032819375,0.09297018847838263,1.1111466135184334,0.5121017694473267,0.49970901012420654,0.5932909846305847,0.31821227073669434,0.3084999918937683,0.39346224069595337,5.746931458999825,241,512,17.27319503401555,4.967229314256809,8.84563374092814
grid_search,Full grid search,N512_B5_A2,"N=512, B=+/-5, A=2",512,5.0,2,False,10000,510,0.007579332077440808,0.0493671351981024,0.599316911547895,0.6670482158660889,0.6449580192565918,0.7929766774177551,0.35861340165138245,0.3414590060710907,0.4661332666873932,7.351825583999926,242,512,8.876222485370166,3.813407877538197,5.9208683724966304
grid_search,Full grid search,N512_B5_A5,"N=512, B=+/-5, A=5",512,5.0,5,False,10000,510,0.0021449613749411835,0.017591021280623773,0.2285178584198685,1.1501232385635376,1.1126660108566284,1.3190829753875732,0.49904999136924744,0.4751259982585907,0.6126240491867065,12.338294249999308,243,512,3.1259521402968122,2.2116994386258693,3.5952301991927915
grid_search,Full grid search,N512_B5_A10,"N=512, B=+/-5, A=10",512,5.0,10,False,10000,510,0.0011887780653608313,0.00649031791895234,0.06378554482130273,1.8363351821899414,1.812250018119812,1.9858895540237427,0.6533340811729431,0.6382930278778076,0.755133330821991,19.385875333000513,244,512,1.1053237768579378,1.3852192920728088,2.0297449391552953
grid_search,Full grid search,N512_B5_A15,"N=512, B=+/-5, A=15",512,5.0,15,False,10000,510,0.0010627210659627834,0.0066101809797666855,0.04930058392021589,2.543264865875244,2.5173330307006836,2.7085041999816895,0.8203706741333008,0.8047099709510803,0.9280478954315186,26.66740554200078,245,512,0.9671638884219647,1.0001816779732613,2.4597539369668677
grid_search,Full grid search,N512_B10_A0,"N=512, B=+/-10, A=0",512,10.0,0,False,10000,510,0.011418196963095609,0.06887619639615561,0.6942578462429755,0.35567325353622437,0.34779199957847595,0.43430858850479126,0.2903765141963959,0.2824169993400574,0.368335098028183,4.024618292000014,246,512,11.53770217837303,7.1518645155095175,4.103652072113919
grid_search,Full grid search,N512_B10_A1,"N=512, B=+/-10, A=1",512,10.0,1,False,10000,510,0.0053336741484314495,0.04537239626360756,0.3927150764881388,0.5141981244087219,0.5034999847412109,0.6061794757843018,0.32052430510520935,0.3114579916000366,0.4049273133277893,5.76798804200007,247,512,6.519923534055285,4.946978217796073,3.352532452499513
grid_search,Full grid search,N512_B10_A2,"N=512, B=+/-10, A=2",512,10.0,2,False,10000,510,0.0041802298443151245,0.032822969469548734,0.24345662452014263,0.6677234768867493,0.6475830078125,0.7867141962051392,0.35985028743743896,0.34333398938179016,0.46400415897369385,7.360797041999831,248,512,4.495902261549609,3.8095514223067783,3.002019489824904
grid_search,Full grid search,N512_B10_A5,"N=512, B=+/-10, A=5",512,10.0,5,False,10000,510,0.0018462182908726074,0.013888071465166204,0.10474181867707745,1.1221866607666016,1.1043330430984497,1.248469352722168,0.48462510108947754,0.47233399748802185,0.5783782005310059,12.024562792000324,249,512,1.9363448476408303,2.2667591854494527,2.1729403586666773
grid_search,Full grid search,N512_B10_A10,"N=512, B=+/-10, A=10",512,10.0,10,False,10000,510,0.001234267286432253,0.005851454545062318,0.04108844540476821,1.8379511833190918,1.8117090463638306,1.99755859375,0.6563852429389954,0.6391670107841492,0.7655060291290283,19.403780290999748,250,512,0.9161427647971597,1.3840013511609788,1.683825678648164
grid_search,Full grid search,N512_B10_A15,"N=512, B=+/-10, A=15",512,10.0,15,False,10000,510,0.0012074370684229813,0.006708774951734839,0.0471499701271925,2.5376031398773193,2.514625072479248,2.690294027328491,0.8181062936782837,0.8041660189628601,0.9167519807815552,26.60630616599974,251,512,0.9945655488812183,1.0024132147016966,2.523812659654789
grid_search,Full grid search,N512_B15_A0,"N=512, B=+/-15, A=0",512,15.0,0,False,10000,510,0.008362321562576656,0.0672779398266664,0.551654362840408,0.36159199476242065,0.3504999876022339,0.4532940983772278,0.2959194779396057,0.2848750054836273,0.38596007227897644,4.083788541000104,252,512,9.558160052392653,7.0347987730006745,3.4561541596031424
grid_search,Full grid search,N512_B15_A1,"N=512, B=+/-15, A=1",512,15.0,1,False,10000,510,0.006633955875370414,0.0551371331301608,0.4348754402747208,0.5348018407821655,0.5132499933242798,0.6559190154075623,0.3360370695590973,0.3174169957637787,0.4409211575984955,5.9937605410004835,253,512,7.643621042296057,4.756391483920956,4.087822603661226
grid_search,Full grid search,N512_B15_A2,"N=512, B=+/-15, A=2",512,15.0,2,False,10000,510,0.0046163002780551556,0.034730434501710636,0.2384030088203158,0.6556336879730225,0.6432089805603027,0.7442582845687866,0.3507652282714844,0.3405419886112213,0.43246009945869446,7.232604082999387,254,512,4.664003950219661,3.8797989910277617,3.0578781106032618
grid_search,Full grid search,N512_B15_A5,"N=512, B=+/-15, A=5",512,15.0,5,False,10000,510,0.0020022699801145495,0.014324866998684141,0.09698824468153201,1.1261545419692993,1.10337495803833,1.2637665271759033,0.48862001299858093,0.4727090001106262,0.5917099714279175,12.068151499999658,255,512,1.9400876820205113,2.258772509706655,2.1848385549260887
grid_search,Full grid search,N512_B15_A10,"N=512, B=+/-15, A=10",512,15.0,10,False,10000,510,0.001240371273972334,0.005839288749778151,0.04065908082063269,1.829785943031311,1.8074170351028442,1.9738210439682007,0.6521601676940918,0.6382520198822021,0.750586986541748,19.31416079199971,256,512,0.9139772379146116,1.3901773214343767,1.6723827021867406
grid_search,Full grid search,N512_B15_A15,"N=512, B=+/-15, A=15",512,15.0,15,False,10000,510,0.0012007366913529408,0.007178198518234335,0.0468257998401444,2.5370466709136963,2.5102920532226562,2.707977533340454,0.8192732334136963,0.8043779730796814,0.9250001311302185,26.596244500000466,257,512,1.012084917013614,1.0026330813084494,2.5677066693913537
grid_search,Full grid search,N512_B20_A0,"N=512, B=+/-20, A=0",512,20.0,0,False,10000,510,0.010234741451516162,0.07926114803703463,0.6146036983125434,0.35785260796546936,0.3495829999446869,0.43725207448005676,0.2921680212020874,0.2840839922428131,0.36950623989105225,4.046662292000292,258,512,11.096801397479789,7.108309020139927,3.9710193201630073
grid_search,Full grid search,N512_B20_A1,"N=512, B=+/-20, A=1",512,20.0,1,False,10000,510,0.007257567174921757,0.06424552076127098,0.5299974782166618,0.5261049866676331,0.5104579925537109,0.6390020251274109,0.33058491349220276,0.3163760006427765,0.4333401620388031,5.895478917000219,259,512,8.95494195420752,4.835017697120866,4.7112396174277755
grid_search,Full grid search,N512_B20_A2,"N=512, B=+/-20, A=2",512,20.0,2,False,10000,510,0.004643953118812049,0.036073615856146476,0.24701891621963973,0.6558141708374023,0.6435419917106628,0.7470881342887878,0.35180845856666565,0.34174999594688416,0.43362799286842346,7.230789917000038,260,512,4.799034667221965,3.8787312537536116,3.1472749411041216
grid_search,Full grid search,N512_B20_A5,"N=512, B=+/-20, A=5",512,20.0,5,False,10000,510,0.0019743829683369378,0.014561731132624219,0.10321434469064886,1.1289632320404053,1.1088329553604126,1.2636291980743408,0.48984959721565247,0.4753339886665344,0.5910512804985046,12.1002008330006,261,512,1.9906777871474455,2.2531530247306617,2.247402028529022
grid_search,Full grid search,N512_B20_A10,"N=512, B=+/-20, A=10",512,20.0,10,False,10000,510,0.0012405826925377807,0.005855769840725482,0.0411330608926678,1.8487392663955688,1.8144999742507935,2.023977518081665,0.6601711511611938,0.641040027141571,0.7730441689491272,19.517187082999953,262,512,0.9183874235468231,1.3759251871362967,1.6978588916748703
baseline,Baseline setting,Baseline,"baseline: N=512, B=+/-20, A=15",512,20.0,15,True,10000,510,0.0012334938612239843,0.007182952627592761,0.04403101806087573,2.543726921081543,2.5160839557647705,2.7132151126861572,0.8223134875297546,0.8071669936180115,0.9286026358604431,26.666064875000302,263,512,1.0,1.0,2.543726921081543
grid_search,Full grid search,N512_B25_A0,"N=512, B=+/-25, A=0",512,25.0,0,False,10000,510,0.011304252948598489,0.09080179462729417,0.7380463990291719,0.35804858803749084,0.35054099559783936,0.43971630930900574,0.29255226254463196,0.2851249873638153,0.3723085820674896,4.045468332999917,264,512,12.855891353050046,7.104418243970822,4.603033746922956
grid_search,Full grid search,N512_B25_A1,"N=512, B=+/-25, A=1",512,25.0,1,False,10000,510,0.009183058809155369,0.07341833302316601,0.5740949801548604,0.5198635458946228,0.5102909803390503,0.609544038772583,0.3249503970146179,0.3162910044193268,0.4072100818157196,5.82892370800073,265,512,10.234789118454799,4.893066538651203,5.320693762603613
grid_search,Full grid search,N512_B25_A2,"N=512, B=+/-25, A=2",512,25.0,2,False,10000,510,0.00467309791991427,0.03800503418677485,0.2783524905349179,0.6661592125892639,0.6456249952316284,0.7888422608375549,0.3600597083568573,0.3435409963130951,0.4670470952987671,7.344550208000328,266,512,5.133748687723888,3.818496949392093,3.4198939834453124
grid_search,Full grid search,N512_B25_A5,"N=512, B=+/-25, A=5",512,25.0,5,False,10000,510,0.0020017752010134484,0.014969927147708206,0.10310020805923989,1.1283687353134155,1.104915976524353,1.275171160697937,0.48362037539482117,0.4682930111885071,0.5930041074752808,12.108520374999898,267,512,2.0161588818648464,2.254340129669578,2.2749706477207465
grid_search,Full grid search,N512_B25_A10,"N=512, B=+/-25, A=10",512,25.0,10,False,10000,510,0.0012340878333549402,0.005853162853301923,0.04100998258434286,1.8375085592269897,1.8110419511795044,1.9908485412597656,0.6568938493728638,0.6410830020904541,0.7617192268371582,19.397159541000292,268,512,0.9155795497581137,1.3843347331952827,1.6823852593337276
grid_search,Full grid search,N512_B25_A15,"N=512, B=+/-25, A=15",512,25.0,15,False,10000,510,0.001207458104036744,0.007327710375909198,0.043796006756599504,2.538361072540283,2.5150411128997803,2.6955955028533936,0.8206968903541565,0.807125985622406,0.9236250519752502,26.605911958000434,269,512,0.9979027431026469,1.0021139027852684,2.5330374772729254
grid_search,Full grid search,N512_B30_A0,"N=512, B=+/-30, A=0",512,30.0,0,False,10000,510,0.32663403337064567,2.2207067158262745,22.19569987627318,0.3713160455226898,0.3559170067310333,0.4694211483001709,0.3053341209888458,0.2901670038700104,0.4020860493183136,4.185989499999778,270,512,359.35326417301343,6.850570967114603,133.43363299839385
grid_search,Full grid search,N512_B30_A1,"N=512, B=+/-30, A=1",512,30.0,1,False,10000,510,0.4766460566197197,2.8856428949151893,27.094550761595777,0.5322787761688232,0.5205000042915344,0.6334190964698792,0.33319196105003357,0.32337498664855957,0.4190010726451874,5.962916957999369,271,512,467.8352828264454,4.7789373444316094,249.01879179145564
grid_search,Full grid search,N512_B30_A2,"N=512, B=+/-30, A=2",512,30.0,2,False,10000,510,0.4444954985618249,2.8573359723418994,30.25328969905897,0.6667394638061523,0.6521250009536743,0.7674610018730164,0.3590874671936035,0.3478339910507202,0.44729703664779663,7.349089000000276,272,512,481.7464405740968,3.8151737810154662,321.19936347889575
grid_search,Full grid search,N512_B30_A5,"N=512, B=+/-30, A=5",512,30.0,5,False,10000,510,0.4240953808644761,2.94762143277597,37.972012751126385,1.1151083707809448,1.095458984375,1.2769891023635864,0.47124725580215454,0.45854198932647705,0.593338131904602,11.978730167000322,273,512,538.8573966268265,2.281147723158147,600.8843936358019
grid_search,Full grid search,N512_B30_A10,"N=512, B=+/-30, A=10",512,30.0,10,False,10000,510,0.43995869312351876,3.4047686830472044,47.0069305424648,1.846723198890686,1.8112499713897705,2.0318894386291504,0.6621975302696228,0.6439589858055115,0.7805019617080688,19.506499333000647,274,512,632.7568034052007,1.3774272845056272,1168.5266681042972
grid_search,Full grid search,N512_B30_A15,"N=512, B=+/-30, A=15",512,30.0,15,False,10000,510,0.39557458772169557,3.520412380733858,49.99248004778485,2.564972162246704,2.521791934967041,2.7629611492156982,0.8306339979171753,0.8120009899139404,0.9547100067138672,26.90600783300033,275,512,648.7311076335735,0.9917171650133809,1663.9772318635864
grid_search,Full grid search,N512_B35_A0,"N=512, B=+/-35, A=0",512,35.0,0,False,10000,510,0.4980367939182385,2.3565330214895632,34.57479778840638,0.3627631366252899,0.3533340096473694,0.4417749047279358,0.29662662744522095,0.28737500309944153,0.3693957030773163,4.09936879199995,276,512,505.69046453653385,7.01208767998123,183.44585907677296
grid_search,Full grid search,N512_B35_A1,"N=512, B=+/-35, A=1",512,35.0,1,False,10000,510,0.6107950040055228,3.202155876000572,39.67773544240308,0.5399768352508545,0.5219169855117798,0.6752183437347412,0.3409459590911865,0.3247089982032776,0.45350921154022217,6.0422602499993445,277,512,614.0351949778343,4.710807492139576,331.5647813167723
grid_search,Full grid search,N512_B35_A2,"N=512, B=+/-35, A=2",512,35.0,2,False,10000,510,0.578839438524062,3.5181971902056963,45.59061828205858,0.6721623539924622,0.6567500233650208,0.7942121624946594,0.36219173669815063,0.35112500190734863,0.4534190595149994,7.414970249999897,278,512,664.8289581630364,3.7843936155788773,446.8729975212227
grid_search,Full grid search,N512_B35_A5,"N=512, B=+/-35, A=5",512,35.0,5,False,10000,510,0.5986111589652533,4.55728729162809,54.84266596122829,1.1126290559768677,1.090041995048523,1.2808359861373901,0.47106245160102844,0.45512300729751587,0.5978370904922485,11.956848208000338,279,512,788.4340585182312,2.2862308937709686,877.2346422291499
grid_search,Full grid search,N512_B35_A10,"N=512, B=+/-35, A=10",512,35.0,10,False,10000,510,0.7558315608447917,6.5470386997790815,67.2095464646096,1.8458515405654907,1.8151249885559082,2.0276312828063965,0.6619186401367188,0.6462929844856262,0.7728341221809387,19.49546191599984,280,512,1016.8797636095802,1.3780777409120633,1877.0090782286156
grid_search,Full grid search,N512_B35_A15,"N=512, B=+/-35, A=15",512,35.0,15,False,10000,510,1.1449169836678879,9.74135802460948,82.94938668087283,2.5566670894622803,2.5195000171661377,2.7488789558410645,0.830787718296051,0.8133320212364197,0.9522573351860046,26.813187417000336,281,512,1389.4176450171929,0.994938657272168,3552.2783665336424
grid_search,Full grid search,N512_B40_A0,"N=512, B=+/-40, A=0",512,40.0,0,False,10000,510,0.6537730302492414,3.1695054167350776,39.52846909090574,0.363857626914978,0.35454198718070984,0.4350041449069977,0.2975219786167145,0.28883299231529236,0.3644326329231262,4.1112763340006495,282,512,623.0041741649771,6.990995194051357,226.68482036979424
grid_search,Full grid search,N512_B40_A1,"N=512, B=+/-40, A=1",512,40.0,1,False,10000,510,0.4365146959044683,3.6158931822427034,43.64625305220898,0.530039370059967,0.5195000171661377,0.6428002715110779,0.33299246430397034,0.3235419988632202,0.4266005754470825,5.935307000000648,283,512,616.1818516042525,4.799128262479358,326.6006404667021
grid_search,Full grid search,N512_B40_A2,"N=512, B=+/-40, A=2",512,40.0,2,False,10000,510,0.4001680939121868,4.166810803781011,47.66209151608006,0.6800292730331421,0.6590840220451355,0.8218811750411987,0.3689993917942047,0.35329100489616394,0.48446738719940186,7.495303249999779,284,512,662.327288740303,3.740613855835543,450.4019446720802
grid_search,Full grid search,N512_B40_A5,"N=512, B=+/-40, A=5",512,40.0,5,False,10000,510,0.4103486086262238,4.900301501957219,55.24886343766126,1.1115409135818481,1.0846669673919678,1.2880431413650513,0.4716651737689972,0.4535830020904541,0.602293074131012,11.945968291999634,285,512,756.5519721189502,2.288468998306679,840.9384702612468
grid_search,Full grid search,N512_B40_A10,"N=512, B=+/-40, A=10",512,40.0,10,False,10000,510,0.4373810428431897,6.357818693902709,69.11891266783515,1.8561406135559082,1.8148339986801147,2.053218364715576,0.6664972901344299,0.6464149951934814,0.792419970035553,19.619103624999298,286,512,936.4969864194924,1.3704386954867545,1738.2700909659357
grid_search,Full grid search,N512_B40_A15,"N=512, B=+/-40, A=15",512,40.0,15,False,10000,510,0.4855669925378644,6.9582554235308836,77.00531709106198,2.553924560546875,2.515000104904175,2.750920295715332,0.8286126255989075,0.8123310208320618,0.9459274411201477,26.78582279099919,287,512,1037.0858910043644,0.9960070709907154,2648.6391284326855
grid_search,Full grid search,N1024_B5_A0,"N=1024, B=+/-5, A=0",1024,5.0,0,False,10000,1022,0.05795569392974116,0.28407773795641894,2.285046783675486,0.541580080986023,0.5220419764518738,0.7160078287124634,0.46507030725479126,0.4473339915275574,0.6251192688941956,5.9526671250005165,288,1024,46.143388489300236,4.696862034604982,24.99034007500474
grid_search,Full grid search,N1024_B5_A1,"N=1024, B=+/-5, A=1",1024,5.0,1,False,10000,1022,0.016910376254412187,0.09160066879024842,1.0961713023692126,0.7189436554908752,0.6920419931411743,0.9342769980430603,0.5033838152885437,0.48283401131629944,0.6816681623458862,7.904965749999974,289,1024,17.11909152435033,3.538145029383082,12.307662239199287
grid_search,Full grid search,N1024_B5_A2,"N=1024, B=+/-5, A=2",1024,5.0,2,False,10000,1022,0.00738286190386254,0.04675376304873136,0.5799123085120673,0.9055144786834717,0.8588749766349792,1.2065856456756592,0.5658544898033142,0.5296260118484497,0.7996192574501038,9.854904875000102,290,1024,8.55495174240526,2.8091510196279468,7.746632667186357
grid_search,Full grid search,N1024_B5_A5,"N=1024, B=+/-5, A=5",1024,5.0,5,False,10000,1022,0.0020061748984687108,0.016565459391116352,0.2165773599876256,1.3562813997268677,1.320459008216858,1.6691644191741943,0.6677519679069519,0.6397910118103027,0.9013496041297913,14.498626749999858,291,1024,2.950460164916688,1.8755155984545735,4.00165424231157
grid_search,Full grid search,N1024_B5_A10,"N=1024, B=+/-5, A=10",1024,5.0,10,False,10000,1022,0.0011995560850248457,0.006589300849487456,0.06293464877585402,2.095989942550659,2.0642499923706055,2.4014713764190674,0.841234564781189,0.8157519698143005,1.0624630451202393,22.131390999999894,292,1024,1.10638815383382,1.213615995688425,2.3189784429928784
grid_search,Full grid search,N1024_B5_A15,"N=1024, B=+/-5, A=15",1024,5.0,15,False,10000,1022,0.0010638880241924799,0.006407291409071966,0.05042558474646711,2.7853827476501465,2.7617499828338623,3.1226015090942383,0.9957128763198853,0.9740830063819885,1.2236918210983276,29.230820667000444,293,1024,0.9665806428409693,0.9132414291097073,2.692297046781824
grid_search,Full grid search,N1024_B10_A0,"N=1024, B=+/-10, A=0",1024,10.0,0,False,10000,1022,0.01083231801242716,0.061631638591571114,0.6237835355588285,0.6927017569541931,0.6647499799728394,0.9450410604476929,0.5940525531768799,0.5671250224113464,0.8328330516815186,7.6231946249999964,294,1024,10.509664744661125,3.6721819968615357,7.2800632336263025
grid_search,Full grid search,N1024_B10_A1,"N=1024, B=+/-10, A=1",1024,10.0,1,False,10000,1022,0.0039954186482189,0.03492228332458777,0.3247739908946728,0.8235340118408203,0.7932080030441284,1.0874284505844116,0.5749779343605042,0.5527920126914978,0.7899346947669983,9.062034416000643,295,1024,5.158987588127208,3.0887940079070058,4.248601745487397
grid_search,Full grid search,N1024_B10_A2,"N=1024, B=+/-10, A=2",1024,10.0,2,False,10000,1022,0.0038568911748083565,0.029453074849754513,0.21784601069876602,1.0153627395629883,0.9607080221176147,1.3625268936157227,0.6300941109657288,0.5902500152587891,0.8917350172996521,11.053942375000588,296,1024,4.05825777366864,2.5052395779033234,4.120603730924984
grid_search,Full grid search,N1024_B10_A5,"N=1024, B=+/-10, A=5",1024,10.0,5,False,10000,1022,0.0017805400707226304,0.012621616727802178,0.09316135731679666,1.4101929664611816,1.3529590368270874,1.7740893363952637,0.6952046155929565,0.6572499871253967,0.9604990482330322,15.085146334000456,297,1024,1.7721560062583597,1.8038147839191936,2.4990819354974767
grid_search,Full grid search,N1024_B10_A10,"N=1024, B=+/-10, A=10",1024,10.0,10,False,10000,1022,0.0012450524559439516,0.0059163491344286995,0.04144655284395242,2.0327699184417725,1.98170804977417,2.376462697982788,0.8180656433105469,0.7885010242462158,1.067089319229126,21.46686129199952,298,1024,0.9247798295800661,1.251359978325263,1.8798646187520671
grid_search,Full grid search,N1024_B10_A15,"N=1024, B=+/-10, A=15",1024,10.0,15,False,10000,1022,0.0010925222065438836,0.005845672651296727,0.04245043494139919,2.745882749557495,2.703624963760376,3.0674209594726562,0.9947076439857483,0.9705410003662109,1.2251659631729126,28.810197791000064,299,1024,0.8878807876847777,0.9263785649592904,2.438016538567152
grid_search,Full grid search,N1024_B15_A0,"N=1024, B=+/-15, A=0",1024,15.0,0,False,10000,1022,0.0068735019420649865,0.052121698636127124,0.4071317162186274,0.6287943124771118,0.6150839924812317,0.8327142000198364,0.5385658740997314,0.5242499709129333,0.7264367938041687,6.918060875000265,300,1024,7.358388361212008,4.045403831756406,4.626912750527886
grid_search,Full grid search,N1024_B15_A1,"N=1024, B=+/-15, A=1",1024,15.0,1,False,10000,1022,0.0055913802697061254,0.04443563112362617,0.33806683989939007,0.8293325901031494,0.7835000157356262,1.1551437377929688,0.5809261798858643,0.546750009059906,0.8400124311447144,9.118752458999552,301,1024,6.132382943857489,3.0671975892870234,5.0857850303337075
grid_search,Full grid search,N1024_B15_A2,"N=1024, B=+/-15, A=2",1024,15.0,2,False,10000,1022,0.0043923940498317255,0.0324403423944491,0.2140055911819497,0.9635050892829895,0.9230419993400574,1.2701711654663086,0.5970490574836731,0.5667930245399475,0.8383168578147888,10.480286999999407,302,1024,4.3125235041912395,2.640076268797402,4.155138343940771
grid_search,Full grid search,N1024_B15_A5,"N=1024, B=+/-15, A=5",1024,15.0,5,False,10000,1022,0.0018663435918736412,0.013298131869687743,0.09082582460926104,1.3753608465194702,1.3285839557647705,1.691837191581726,0.6767812371253967,0.6457089781761169,0.9125850796699524,14.702754124999956,303,1024,1.8090566416932248,1.8494978445247845,2.4881056741208636
grid_search,Full grid search,N1024_B15_A10,"N=1024, B=+/-15, A=10",1024,15.0,10,False,10000,1022,0.0012460573655230284,0.005851898377869036,0.04078908001519303,2.0337398052215576,1.9851670265197754,2.3596272468566895,0.8170239329338074,0.7887930274009705,1.0543341636657715,21.469950541999424,304,1024,0.917083132585384,1.2507632070487142,1.8651084714361748
grid_search,Full grid search,N1024_B15_A15,"N=1024, B=+/-15, A=15",1024,15.0,15,False,10000,1022,0.0012806278195040773,0.007176861207712803,0.04664042259247496,2.7742042541503906,2.6989998817443848,3.1652045249938965,1.0059622526168823,0.9717490077018738,1.2553393840789795,29.12121337500048,305,1024,1.0322088605587807,0.9169212819409247,2.863558212133897
grid_search,Full grid search,N1024_B20_A0,"N=1024, B=+/-20, A=0",1024,20.0,0,False,10000,1022,0.008094384883042274,0.06313139891715251,0.5111420698863739,0.6524143815040588,0.6327499747276306,0.8629181385040283,0.5585217475891113,0.5402500033378601,0.7569829821586609,7.1787865830001465,306,1024,8.986633964431956,3.89894366708671,5.8630092397082425
grid_search,Full grid search,N1024_B20_A1,"N=1024, B=+/-20, A=1",1024,20.0,1,False,10000,1022,0.006137614192985677,0.05093750891960117,0.4002913511024112,0.8347102403640747,0.792792022228241,1.1430041790008545,0.5861180424690247,0.5537909865379333,0.8303391933441162,9.175261125000361,307,1024,7.052787510426371,3.047437060281,5.88703395806474
grid_search,Full grid search,N1024_B20_A2,"N=1024, B=+/-20, A=2",1024,20.0,2,False,10000,1022,0.00472543094465477,0.034281804401406456,0.22803317214004634,0.9689090847969055,0.9349160194396973,1.2468578815460205,0.599389374256134,0.5742909908294678,0.8171280026435852,10.540307708,308,1024,4.59417165410322,2.6253515020088156,4.451334652777036
grid_search,Full grid search,N1024_B20_A5,"N=1024, B=+/-20, A=5",1024,20.0,5,False,10000,1022,0.0019469116424991985,0.013931597932207137,0.0928987735247626,1.4148348569869995,1.3576250076293945,1.785457968711853,0.6973248720169067,0.6611250042915344,0.9700503349304199,15.124796582999807,309,1024,1.875918787082765,1.7978967004662343,2.6541152888414694
grid_search,Full grid search,N1024_B20_A10,"N=1024, B=+/-20, A=10",1024,20.0,10,False,10000,1022,0.0012427986240590582,0.005841793601424281,0.040763578219388114,2.1313388347625732,2.085124969482422,2.4990482330322266,0.8589840531349182,0.8290830254554749,1.101305365562439,22.510567999999694,310,1024,0.9155405229538399,1.1934878113197374,1.951327071370354
grid_search,Full grid search,N1024_B20_A15,"N=1024, B=+/-20, A=15",1024,20.0,15,False,10000,1022,0.001131845702418599,0.00671287182571513,0.042847764684880746,2.746129035949707,2.705291986465454,3.055166482925415,0.9970294237136841,0.9740009903907776,1.210085153579712,28.815009375000045,311,1024,0.9417587235822072,0.9262954827619139,2.5861909756880332
grid_search,Full grid search,N1024_B25_A0,"N=1024, B=+/-25, A=0",1024,25.0,0,False,10000,1022,0.009309593855482398,0.07130906023873769,0.5574388325374634,0.6577363610267639,0.6387500166893005,0.8597121834754944,0.5633118152618408,0.5456669926643372,0.7536017298698425,7.239218582999456,312,1024,10.045006008123352,3.8673959230574395,6.606965698275033
grid_search,Full grid search,N1024_B25_A1,"N=1024, B=+/-25, A=1",1024,25.0,1,False,10000,1022,0.007637296547715039,0.06178839713827752,0.47075230911187227,0.8393518328666687,0.7974590063095093,1.1463812589645386,0.5888211727142334,0.557083010673523,0.8368517160415649,9.222874750000301,313,1024,8.495021598975688,3.0305848173272705,7.1303119493421825
grid_search,Full grid search,N1024_B25_A2,"N=1024, B=+/-25, A=2",1024,25.0,2,False,10000,1022,0.004740876177696742,0.03653130166917108,0.2560924208382962,1.0036958456039429,0.9475420117378235,1.3696025609970093,0.6221283078193665,0.5833330154418945,0.8996281623840332,10.919212792000508,314,1024,4.915156373653193,2.534360316646458,4.933322032729452
grid_search,Full grid search,N1024_B25_A5,"N=1024, B=+/-25, A=5",1024,25.0,5,False,10000,1022,0.001947313079247648,0.014534723637323678,0.10221234458510468,1.3828978538513184,1.340999960899353,1.700670599937439,0.6756468415260315,0.6460000276565552,0.9121301174163818,14.785899707999306,315,1024,1.9745236761726588,1.8394177950290107,2.730564554157785
grid_search,Full grid search,N1024_B25_A10,"N=1024, B=+/-25, A=10",1024,25.0,10,False,10000,1022,0.001250603959458321,0.005850257062356405,0.04059621763317256,2.0800764560699463,2.0472919940948486,2.4098432064056396,0.8369347453117371,0.8098750114440918,1.0710041522979736,21.96911083299983,316,1024,0.9167755652880802,1.222900684087165,1.9069632688559517
grid_search,Full grid search,N1024_B25_A15,"N=1024, B=+/-25, A=15",1024,25.0,15,False,10000,1022,0.0012080089973018587,0.006920953103601418,0.04267818081639668,3.037816286087036,2.7786669731140137,4.712709903717041,1.096906065940857,0.9954590201377869,1.7222243547439575,31.899703584000235,317,1024,0.9707131532500659,0.837353770447415,2.9488482260619513
grid_search,Full grid search,N1024_B30_A0,"N=1024, B=+/-30, A=0",1024,30.0,0,False,10000,1022,0.42892908803806556,2.5344537491584953,24.284220965241936,0.7102531790733337,0.6899579763412476,0.9175481796264648,0.6091179847717285,0.5904579758644104,0.8020880818367004,7.807266124999842,318,1024,417.3677603330413,3.5814368679072155,296.4367786192598
grid_search,Full grid search,N1024_B30_A1,"N=1024, B=+/-30, A=1",1024,30.0,1,False,10000,1022,0.4906508857616395,3.053821482661829,28.287811382379715,0.9477222561836243,0.8755419850349426,1.3405503034591675,0.6651567220687866,0.6144999861717224,0.9680041074752808,10.40592629099956,319,1024,488.4578885963704,2.6840426132070148,462.9224122312416
grid_search,Full grid search,N1024_B30_A2,"N=1024, B=+/-30, A=2",1024,30.0,2,False,10000,1022,0.5172121623263095,3.0174935174684387,33.166064857285534,1.0595108270645142,1.0107500553131104,1.4014958143234253,0.6546410322189331,0.6198340058326721,0.9188351631164551,11.521556332999353,320,1024,530.8802673475407,2.4008503321567796,562.4733911296232
grid_search,Full grid search,N1024_B30_A5,"N=1024, B=+/-30, A=5",1024,30.0,5,False,10000,1022,0.48933779714603765,3.3040371786431346,42.27812534906543,1.5449150800704956,1.4381660223007202,2.0859692096710205,0.7666159868240356,0.6986250281333923,1.1040462255477905,16.53070000000025,321,1024,605.6271618608625,1.6465156913126064,935.6425352591415
grid_search,Full grid search,N1024_B30_A10,"N=1024, B=+/-30, A=10",1024,30.0,10,False,10000,1022,0.467433740098184,3.665358316151533,50.67477880389893,2.257619857788086,2.179874897003174,2.745220422744751,0.9143491387367249,0.8662930130958557,1.2145038843154907,23.868985625000278,322,1024,680.0416472956503,1.1267295121924432,1535.2755270575817
grid_search,Full grid search,N1024_B30_A15,"N=1024, B=+/-30, A=15",1024,30.0,15,False,10000,1022,0.4448883500833205,3.9435770345041887,54.892185143926476,2.94726300239563,2.888124942779541,3.44730544090271,1.0674349069595337,1.029541015625,1.3618370294570923,30.95306045899997,323,1024,718.787697786751,0.8630810752260386,2118.4563882640223
grid_search,Full grid search,N1024_B35_A0,"N=1024, B=+/-35, A=0",1024,35.0,0,False,10000,1022,0.49709928110653867,2.3067741346427804,34.67706148877985,0.6963800191879272,0.679332971572876,0.9121499061584473,0.5978972911834717,0.5815830230712891,0.79808509349823,7.645856707999883,324,1024,503.90217546216064,3.6527856213448953,350.9074066171777
grid_search,Full grid search,N1024_B35_A1,"N=1024, B=+/-35, A=1",1024,35.0,1,False,10000,1022,0.6018526562199036,3.1902039830263793,39.78517886727066,0.8804096579551697,0.8407920002937317,1.1897982358932495,0.620279848575592,0.5898339748382568,0.8689273595809937,9.660727667000174,325,1024,611.8774090921789,2.8892537673764016,538.7027804493407
grid_search,Full grid search,N1024_B35_A2,"N=1024, B=+/-35, A=2",1024,35.0,2,False,10000,1022,0.5782411461229564,3.545093805698553,45.858802046541804,1.0135570764541626,0.970209002494812,1.3505710363388062,0.6291934847831726,0.5973340272903442,0.8883106708526611,11.020844334000685,326,1024,667.9457114549697,2.509702689838189,677.0011025323947
grid_search,Full grid search,N1024_B35_A5,"N=1024, B=+/-35, A=5",1024,35.0,5,False,10000,1022,0.5561193102216319,4.53655064225363,55.09040348373441,1.4260293245315552,1.3791669607162476,1.7536036968231201,0.7078365683555603,0.6756669878959656,0.950472354888916,15.247893374999876,327,1024,777.8644384195935,1.7837830382044542,1109.2574996966105
grid_search,Full grid search,N1024_B35_A10,"N=1024, B=+/-35, A=10",1024,35.0,10,False,10000,1022,0.7766157899544118,6.713357124458021,67.29163390063061,2.103748321533203,2.071624994277954,2.4240124225616455,0.853018581867218,0.8275430202484131,1.0814273357391357,22.221062875000825,328,1024,1030.8360295921532,1.209140321132941,2168.6195670304437
grid_search,Full grid search,N1024_B35_A15,"N=1024, B=+/-35, A=15",1024,35.0,15,False,10000,1022,1.1851624845037916,10.24493844964952,84.56179793037126,2.7723405361175537,2.7232089042663574,3.123647928237915,0.9998335242271423,0.971373975276947,1.2446763515472412,29.099168208000265,329,1024,1435.8692631399608,0.91753768627711,3980.7185627681556
grid_search,Full grid search,N1024_B40_A0,"N=1024, B=+/-40, A=0",1024,40.0,0,False,10000,1022,0.6538565456020813,3.1673761643049576,39.666443443900356,0.7030007243156433,0.668874979019165,0.980666995048523,0.6038431525230408,0.5724999904632568,0.8655830025672913,7.7353042920003645,330,1024,623.9724563971189,3.6183844953471542,438.65308880018574
grid_search,Full grid search,N1024_B40_A1,"N=1024, B=+/-40, A=1",1024,40.0,1,False,10000,1022,0.43385403638921854,3.599912627711372,43.751086319027195,0.8592579364776611,0.8150839805603027,1.1650310754776,0.604911744594574,0.5724160075187683,0.85054612159729,9.43730158300059,331,1024,615.5148836033077,2.960376405144411,528.886048756266
grid_search,Full grid search,N1024_B40_A2,"N=1024, B=+/-40, A=2",1024,40.0,2,False,10000,1022,0.384749242312556,4.205376222161692,47.69180694852677,0.9903234243392944,0.9480410218238831,1.3100019693374634,0.6124718189239502,0.5817499756813049,0.8559990525245667,10.778550166000059,332,1024,660.1752056373294,2.5685819991369176,653.7869703106579
grid_search,Full grid search,N1024_B40_A5,"N=1024, B=+/-40, A=5",1024,40.0,5,False,10000,1022,0.39886434041855456,4.927994190138646,55.13594466552162,1.402238368988037,1.3564579486846924,1.7337130308151245,0.696572482585907,0.6641669869422913,0.9428662061691284,14.985679666000578,333,1024,753.8787888119301,1.8140474382520937,1057.1177632383178
grid_search,Full grid search,N1024_B40_A10,"N=1024, B=+/-40, A=10",1024,40.0,10,False,10000,1022,0.4382086061309281,6.539232481152084,69.4407893393024,2.078880548477173,2.0517919063568115,2.3932101726531982,0.8398755788803101,0.8161659836769104,1.0667973756790161,21.95221712500006,334,1024,947.5760842711628,1.2236041762692333,1969.8974897934868
grid_search,Full grid search,N1024_B40_A15,"N=1024, B=+/-40, A=15",1024,40.0,15,False,10000,1022,0.4862578290856948,7.177131818463935,77.97659302176953,2.756901264190674,2.678208112716675,3.135718584060669,0.9952467679977417,0.955374002456665,1.258223533630371,28.93543837499965,335,1024,1054.7827623341764,0.9226761052787609,2907.931930925622
