time_s,reference_q_j1,reference_q_j2,reference_dq_j1,reference_dq_j2,reference_ddq_j1,reference_ddq_j2,before_q_j1,before_q_j2,before_dq_j1,before_dq_j2,before_ddq_j1,before_ddq_j2,after_q_j1,after_q_j2,after_dq_j1,after_dq_j2,after_ddq_j1,after_ddq_j2,analytical_q_j1,analytical_q_j2,analytical_dq_j1,analytical_dq_j2,analytical_ddq_j1,analytical_ddq_j2
0.0,-0.29502118,-0.36544865,-0.23770255,-0.2589683,0.9529809,3.8065143,-0.29502118,-0.36544865,-0.23770255,-0.2589683,0.17329845,4.941248,-0.29502118,-0.36544865,-0.23770255,-0.2589683,0.93617934,3.7939162,-0.29502118,-0.36544865,-0.23770255,-0.2589683,1.0179784,3.7841716
0.002000800333917141,-0.29549485,-0.36595917,-0.23578994,-0.25135574,0.95886105,3.8029697,-0.2954959,-0.36594683,-0.23735595,-0.2490858,0.16323636,5.0296597,-0.29549283,-0.36595142,-0.23583019,-0.25138047,0.98049545,3.856318,-0.2954925,-0.36595145,-0.23566659,-0.25139996,0.94249606,3.780934
0.004001600667834282,-0.2959647,-0.36645448,-0.23386559,-0.2437504,0.964721,3.799319,-0.29596996,-0.3664249,-0.23702948,-0.23902647,0.08461292,5.043277,-0.29596058,-0.36643875,-0.2338692,-0.24366784,0.9250076,3.8171363,-0.29596007,-0.36643913,-0.23378159,-0.2438381,0.99550116,3.8226905
0.006002401001751423,-0.29643068,-0.36693457,-0.23192953,-0.23615246,0.9705621,3.795558,-0.29644367,-0.36688277,-0.23686025,-0.22893992,0.13507293,5.1029887,-0.29642463,-0.36691082,-0.23201919,-0.23603357,0.98662615,3.8543198,-0.29642364,-0.36691153,-0.23179059,-0.23619272,0.94353586,3.7795146
0.008003201335668564,-0.29689276,-0.36739945,-0.2299818,-0.22856215,0.9763815,3.7916934,-0.29691684,-0.36732024,-0.2365901,-0.21873394,0.07948447,5.063762,-0.29688472,-0.36736748,-0.23004593,-0.22832493,0.93360716,3.8087897,-0.29688346,-0.3673688,-0.22990352,-0.22863369,1.0011123,3.8111684
0.010004001669585705,-0.29735094,-0.36784917,-0.22802246,-0.22097968,0.9821759,3.7877321,-0.29738972,-0.36773744,-0.23643114,-0.2086064,0.14231226,5.1029205,-0.29734108,-0.36780888,-0.22817871,-0.22070736,0.9983144,3.8456469,-0.29733926,-0.36781082,-0.2279013,-0.22101136,0.9501644,3.7649403
0.012004802003502846,-0.2978052,-0.36828372,-0.22605154,-0.21340524,0.9879489,3.7836661,-0.29786202,-0.36813423,-0.23614651,-0.19840057,0.0892676,5.0581017,-0.29779345,-0.3682349,-0.22618207,-0.21301606,0.94526935,3.800148,-0.29779127,-0.3682378,-0.22600096,-0.21348147,1.0095903,3.796589
0.014005602337419987,-0.2982555,-0.36870313,-0.2240691,-0.20583902,0.9936954,3.7795053,-0.29833397,-0.3685108,-0.23596798,-0.18828437,0.15302427,5.094255,-0.29824203,-0.36864573,-0.22429153,-0.20541577,1.0099399,3.8369179,-0.29823923,-0.36864957,-0.22398178,-0.20588829,0.95777357,3.7499487
0.016006402671337128,-0.29870182,-0.3691074,-0.2220752,-0.19828123,0.99941766,3.775246,-0.2988053,-0.368867,-0.23566192,-0.17809586,0.10044214,5.0484867,-0.29868656,-0.3690412,-0.22227165,-0.19774194,0.95694065,3.7913845,-0.29868338,-0.36904636,-0.22206624,-0.19838838,1.0201114,3.7840152
0.018007203936576843,-0.29914415,-0.36949655,-0.22006986,-0.19073205,1.0051098,3.770899,-0.29927623,-0.369203,-0.23546104,-0.1679989,0.16423821,5.0837994,-0.29912728,-0.3694215,-0.22035778,-0.19015917,1.0214187,3.8278997,-0.29912344,-0.369428,-0.22002602,-0.19082035,0.96752197,3.7378225
0.02000800333917141,-0.29958245,-0.36987063,-0.21805316,-0.18319166,1.0107763,3.7664557,-0.29974648,-0.36951867,-0.23513256,-0.1578313,0.11184731,5.037675,-0.2995639,-0.36978653,-0.21831495,-0.18250337,0.96848726,3.7822838,-0.29955962,-0.3697947,-0.21809097,-0.1833447,1.0316344,3.7738323
0.022008802741765976,-0.3000167,-0.37022963,-0.21602516,-0.17566025,1.0164117,3.7619276,-0.3002163,-0.3698142,-0.23490886,-0.14775595,0.1755978,5.0724545,-0.29999667,-0.3701364,-0.21637797,-0.1749388,1.0327878,3.8185313,-0.29999167,-0.3701463,-0.21602769,-0.17579705,0.9787406,3.7281506
0.02400960400700569,-0.3004469,-0.37057358,-0.2139859,-0.16813798,1.022017,3.7573128,-0.3006854,-0.3700894,-0.23455767,-0.13761105,0.12336129,5.0260525,-0.3004253,-0.370471,-0.2143124,-0.16730173,0.9799186,3.772855,-0.3004198,-0.37048298,-0.21407022,-0.16834074,1.0429085,3.7644577
0.026010405272245407,-0.30087298,-0.37090248,-0.21193548,-0.16062504,1.027589,3.7526155,-0.30115402,-0.37034452,-0.23431095,-0.12755895,0.18704475,5.060358,-0.30085,-0.3707905,-0.21235257,-0.15975602,1.0440272,3.8088357,-0.30084378,-0.3708046,-0.2119844,-0.16081183,0.9900061,3.7188513
0.028011204674839973,-0.30129495,-0.37121636,-0.20987393,-0.15312158,1.0331302,3.747833,-0.30162188,-0.3705794,-0.23393686,-0.11743823,0.13495146,5.0137014,-0.30127054,-0.3710948,-0.21026452,-0.15213835,0.99122,3.7630978,-0.30126378,-0.37111136,-0.21000439,-0.15337412,1.0539794,3.7549634
0.03001200407743454,-0.3017128,-0.3715152,-0.20780133,-0.14562777,1.0386382,3.742968,-0.3020892,-0.3707942,-0.23366696,-0.107410826,0.19857055,5.047539,-0.30168712,-0.37138402,-0.20828208,-0.14461216,1.0551374,3.7988281,-0.30167958,-0.3714031,-0.20789643,-0.14586419,1.0011321,3.7093086
0.032012805342674255,-0.3021265,-0.3717991,-0.20571774,-0.13814376,1.0441096,3.73803,-0.30255574,-0.37098885,-0.23326981,-0.09731574,0.14661992,5.000641,-0.30209947,-0.37165806,-0.20617181,-0.13701451,1.0023909,3.753035,-0.30209136,-0.37168,-0.20589416,-0.13844557,1.0649129,3.745176
0.03401360660791397,-0.302536,-0.37206802,-0.20362324,-0.13066971,1.0495493,3.733007,-0.3030217,-0.3711635,-0.23297657,-0.087314464,0.21015573,5.0340347,-0.3025078,-0.37191707,-0.20416702,-0.12950844,1.0661068,3.7885258,-0.30249888,-0.3719419,-0.20376433,-0.13095522,1.0121268,3.699464
0.036014407873153687,-0.30294132,-0.372322,-0.2015179,-0.12320579,1.0549498,3.7279146,-0.30348682,-0.37131798,-0.23255625,-0.0772464,0.15834554,4.9868927,-0.30291185,-0.37216094,-0.20203482,-0.12193138,1.0134207,3.7426794,-0.30290237,-0.37218902,-0.20174009,-0.12355629,1.0757129,3.7350824
0.038015205413103104,-0.3033424,-0.37256104,-0.19940178,-0.115752146,1.0603148,3.722746,-0.3039513,-0.37145254,-0.23223956,-0.06727261,0.22179845,5.0198464,-0.30331185,-0.37238982,-0.20000798,-0.11444602,1.0769316,3.7779324,-0.30330154,-0.37242118,-0.19958866,-0.116086125,1.0229875,3.6893187
0.04001600667834282,-0.30373925,-0.37278518,-0.19727497,-0.1083089,1.0656422,3.7175045,-0.3044149,-0.371567,-0.23179597,-0.057232916,0.17012624,4.9724774,-0.30370757,-0.3726036,-0.19785412,-0.10689016,1.024305,3.732039,-0.30369663,-0.37263858,-0.19754268,-0.10870749,1.0863714,3.7246988
0.042016807943582535,-0.30413184,-0.37299445,-0.19513753,-0.100876205,1.0709298,3.7121959,-0.30487782,-0.37166157,-0.23145571,-0.047287963,0.23349142,5.004991,-0.30409917,-0.37280244,-0.1958055,-0.099426076,1.0876089,3.7670643,-0.30408737,-0.3728411,-0.19536994,-0.10125809,1.0337042,3.6788914
0.04401760548353195,-0.30452013,-0.37318885,-0.19298956,-0.09345423,1.0761797,3.706814,-0.30533978,-0.37173614,-0.23098873,-0.03727798,0.18195617,4.957398,-0.30448642,-0.37298623,-0.1936303,-0.091891944,1.0350361,3.7211394,-0.30447397,-0.3730289,-0.19330254,-0.09390031,1.0968835,3.7140386
0.04601840674877167,-0.3049041,-0.3733684,-0.19083112,-0.08604307,1.0813888,3.7013657,-0.30580103,-0.37179086,-0.23062481,-0.027363185,0.24522935,4.989485,-0.30486953,-0.37315512,-0.19156022,-0.084449664,1.0981258,3.7559402,-0.30485618,-0.37320185,-0.19110878,-0.08647223,1.044274,3.668192
0.04801920801401138,-0.30528376,-0.37353316,-0.1886623,-0.07864287,1.086555,3.6958563,-0.3062613,-0.37182564,-0.23013435,-0.017384214,0.1938291,4.9416695,-0.30524826,-0.373309,-0.18936397,-0.07693778,1.0456057,3.7099893,-0.30523422,-0.37336013,-0.18902023,-0.07913584,1.1072434,3.7031136
0.0500200092792511,-0.30565906,-0.37368312,-0.18648319,-0.07125377,1.0916834,3.6902745,-0.3067208,-0.37184063,-0.2297467,-0.007500875,0.25701097,4.9733377,-0.30562282,-0.373448,-0.18727276,-0.0695178,1.1084772,3.7445786,-0.30560783,-0.3735036,-0.18680574,-0.071729615,1.0546914,3.6572318
0.052020810544490814,-0.30602998,-0.3738183,-0.18429385,-0.06387589,1.0967668,3.6846356,-0.30717927,-0.37183574,-0.22923268,0.0024458012,0.20574927,4.9253073,-0.30599293,-0.37357208,-0.1850558,-0.062028643,1.0560126,3.6985986,-0.30597723,-0.37363243,-0.18469636,-0.06441515,1.1174464,3.6919334
0.05402160808444023,-0.3063965,-0.37393874,-0.1820944,-0.056509376,1.1018075,3.678935,-0.30763692,-0.37181115,-0.22882119,0.012296416,0.2688275,4.956558,-0.3063588,-0.37368134,-0.18294378,-0.054631446,1.118665,3.7329767,-0.30634215,-0.37374648,-0.18246147,-0.05703128,1.0649489,3.6460261
0.05602240934967995,-0.30675864,-0.37404445,-0.1798849,-0.049154315,1.1068063,3.6731694,-0.3080935,-0.37176675,-0.22828354,0.022209533,0.21770062,4.908321,-0.30672023,-0.37377566,-0.18070644,-0.04716549,1.0662518,3.6869829,-0.30670282,-0.37384596,-0.18033157,-0.049739227,1.127487,3.6805122
0.05802321061491966,-0.30711633,-0.37413543,-0.17766543,-0.041810844,1.1117595,3.6673481,-0.3085492,-0.3717027,-0.22784814,0.032026175,0.28067032,4.9391737,-0.30707738,-0.37385523,-0.17857394,-0.039791524,1.1286771,3.7211533,-0.307059,-0.37393072,-0.1780766,-0.042378202,1.0750457,3.6345823
0.06002400815486908,-0.30746958,-0.37421176,-0.17543611,-0.034479097,1.1166698,3.6614645,-0.30900377,-0.3716189,-0.2272868,0.041904524,0.22967876,4.890724,-0.30743,-0.37391993,-0.17631659,-0.032349218,1.0763172,3.675147,-0.30741084,-0.37400094,-0.1759265,-0.035109036,1.1373612,3.66886
0.062024809420108795,-0.30781835,-0.37427342,-0.173197,-0.02715916,1.1215338,3.6555274,-0.30945742,-0.3715155,-0.22682744,0.051685974,0.29254523,4.9211764,-0.30777833,-0.37396994,-0.17416395,-0.024998924,1.1385193,3.7091203,-0.30775815,-0.3740565,-0.17365178,-0.027771316,1.0849725,3.6229174
0.06402561068534851,-0.30816263,-0.37432045,-0.1709482,-0.01985116,1.1263517,3.6495342,-0.3099099,-0.37139246,-0.22624235,0.061528325,0.241694,4.8725214,-0.3081221,-0.3740051,-0.17188692,-0.017580682,1.0862094,3.6631079,-0.30810112,-0.37409753,-0.17148183,-0.020525482,1.1470635,3.6569898
0.06602641195058823,-0.3085024,-0.37435287,-0.16868982,-0.012555208,1.1311244,3.6434846,-0.31036142,-0.3712499,-0.22575895,0.07127337,0.30444834,4.902568,-0.30846152,-0.3740256,-0.1697145,-0.010254467,1.1481783,3.6968896,-0.3084395,-0.37412396,-0.16918771,-0.013211502,1.0947304,3.6110325
0.06802721321582794,-0.30883765,-0.3743707,-0.16642192,-0.005271416,1.1358504,3.6373816,-0.31081173,-0.37108776,-0.22515006,0.08107851,0.2537334,4.853715,-0.30879635,-0.37403134,-0.16741814,-0.0028606872,1.0959241,3.6508687,-0.3087735,-0.37413594,-0.16699825,-0.0059894365,1.156593,3.644909
0.07002801448106766,-0.30916834,-0.37437397,-0.16414462,0.0020001144,1.1405293,3.6312246,-0.31126103,-0.37090617,-0.22464259,0.090785936,0.31636924,4.8833814,-0.3091268,-0.37402245,-0.1652263,0.0044410503,1.1576574,3.6844583,-0.30910286,-0.37413335,-0.16468507,0.0013003815,1.1043155,3.598945
0.07202881574630737,-0.30949447,-0.3743627,-0.161858,0.0092592705,1.1451598,3.625018,-0.31170905,-0.37070507,-0.22400986,0.1005527,0.26579145,4.834333,-0.30945262,-0.37399882,-0.16291098,0.011809967,1.1054536,3.6384501,-0.30942783,-0.37411636,-0.16247644,0.008498272,1.1659465,3.6326275
0.07402960956096649,-0.309816,-0.37433693,-0.15956219,0.016505927,1.1497427,3.6187596,-0.312156,-0.37048462,-0.22347827,0.11022136,0.32831475,4.8636055,-0.309774,-0.37396064,-0.16070008,0.019086868,1.1669505,3.671853,-0.3097481,-0.37408483,-0.16014454,0.015763527,1.1137244,3.5866642
0.07603041082620621,-0.31013295,-0.37429667,-0.15725723,0.023740038,1.154278,3.6124494,-0.31260163,-0.3702447,-0.22282164,0.11994857,0.27787948,4.814355,-0.31009075,-0.37390777,-0.15836619,0.026430573,1.1148027,3.625849,-0.31006396,-0.37403896,-0.15791708,0.022936855,1.1751187,3.6201558
0.07803121209144592,-0.31044528,-0.37424195,-0.15494324,0.030961474,1.1587653,3.6060886,-0.31304616,-0.36998555,-0.22226588,0.12957728,0.34028283,4.843243,-0.31040302,-0.37384042,-0.15613659,0.03368227,1.1760547,3.6590748,-0.3103751,-0.3739786,-0.15556684,0.030177167,1.1229542,3.5741928
0.08003201335668564,-0.31075296,-0.37417278,-0.15262033,0.038170137,1.1632029,3.59968,-0.31348932,-0.36970702,-0.22158532,0.13926376,0.2899903,4.793794,-0.31071058,-0.37375844,-0.15378448,0.041000422,1.1239618,3.6130779,-0.31068173,-0.37390396,-0.15332094,0.037325554,1.1841116,3.6074972
0.08203281462192535,-0.311056,-0.3740892,-0.1502886,0.04536593,1.1675923,3.5932214,-0.31393132,-0.36940932,-0.22100534,0.14885135,0.35227025,4.8223104,-0.31101364,-0.373662,-0.15153655,0.04822658,1.1849712,3.6461275,-0.31098363,-0.37381488,-0.15095271,0.044540547,1.1320055,3.5615413
0.08403361588716507,-0.31135434,-0.37399125,-0.14794813,0.05254875,1.1719315,3.5867162,-0.3143719,-0.36909235,-0.2203008,0.15849598,0.30212912,4.772653,-0.31131196,-0.37355095,-0.14916661,0.055518836,1.1329365,3.6001477,-0.311281,-0.37371156,-0.1486887,0.05166363,1.1929209,3.594666
0.08603441715240479,-0.311648,-0.37387893,-0.14559902,0.059718512,1.176222,3.5801635,-0.31481132,-0.36875626,-0.21969654,0.16804129,0.36429182,4.8007812,-0.31160575,-0.3734255,-0.14690074,0.06271913,1.1937015,3.6330166,-0.3115736,-0.37359384,-0.14630286,0.058852963,1.1408758,3.5487187
0.0880352109670639,-0.31193697,-0.37375227,-0.14324139,0.066875085,1.1804607,3.573566,-0.31524926,-0.368401,-0.21896796,0.17764285,0.31430474,4.7509217,-0.31189477,-0.37328553,-0.14451334,0.069985166,1.1417257,3.5870595,-0.31186163,-0.37346193,-0.14402111,0.0659504,1.2015482,3.5816643
0.09003601223230362,-0.3122212,-0.3736113,-0.14087532,0.07401843,1.184651,3.5669198,-0.31568596,-0.3680267,-0.21833935,0.1871447,0.37633747,4.778678,-0.31217924,-0.37313122,-0.14222988,0.077159286,1.202243,3.6197598,-0.31214488,-0.3733157,-0.14161801,0.07311373,1.149564,3.5357347
0.09203681349754333,-0.3125007,-0.37345606,-0.13850093,0.081148446,1.1887919,3.5602262,-0.31612113,-0.3676333,-0.21758668,0.19670205,0.3265022,4.728629,-0.3124589,-0.37296242,-0.1398254,0.084398806,1.1503282,3.573829,-0.31242353,-0.37315533,-0.13931888,0.080185205,1.2099916,3.568504
0.09403761476278305,-0.3127754,-0.37328658,-0.1361183,0.08826502,1.1928794,3.5534933,-0.316555,-0.367221,-0.21693368,0.20615931,0.38841504,4.7560124,-0.31273395,-0.3727793,-0.13752475,0.09154646,1.2105901,3.6063633,-0.31269732,-0.37298068,-0.1368989,0.08732221,1.1580734,3.5225918
0.09603841602802277,-0.31304535,-0.37310287,-0.13372754,0.09536807,1.1969178,3.5467126,-0.3169873,-0.36678967,-0.21615686,0.21567133,0.33873922,4.705758,-0.31300417,-0.37258178,-0.13510357,0.09875919,1.1587456,3.5604506,-0.3129665,-0.37279195,-0.13458276,0.0943674,1.2182535,3.5551906
0.09803921729326248,-0.3133105,-0.37290496,-0.13132875,0.102457516,1.2009065,3.5398862,-0.31741828,-0.3663395,-0.21547937,0.22508284,0.40052518,4.7327695,-0.31326973,-0.37237003,-0.13278608,0.10588009,1.2187582,3.5928273,-0.31323078,-0.372589,-0.13214625,0.10147778,1.1664037,3.5093002
0.1000400185585022,-0.31357086,-0.37269288,-0.12892203,0.10953326,1.2048442,3.533016,-0.31784764,-0.36587042,-0.21467832,0.23454839,0.351018,4.6823134,-0.31353045,-0.3721439,-0.13034856,0.11306574,1.1669799,3.5469477,-0.31349042,-0.372372,-0.12981345,0.10849638,1.2263345,3.5417316
0.10204081982374191,-0.31382638,-0.37246665,-0.12650748,0.11659521,1.2087301,3.526103,-0.3182756,-0.36538258,-0.21397628,0.24391302,0.41266894,4.7089577,-0.31378648,-0.37190357,-0.12801461,0.12015964,1.2267376,3.579161,-0.31374514,-0.37214085,-0.12736078,0.11557984,1.1745582,3.495866
0.10404162108898163,-0.31407708,-0.37222633,-0.1240852,0.12364329,1.2125671,3.5191426,-0.3187019,-0.3648759,-0.21315095,0.25333095,0.36332995,4.658296,-0.3140376,-0.37164894,-0.12556113,0.12731797,1.1750363,3.5333095,-0.31399515,-0.3718957,-0.12501165,0.12257157,1.2342377,3.5281367
0.10604241490364075,-0.31432292,-0.3719719,-0.121655315,0.13067737,1.216353,3.5121393,-0.31912675,-0.36435062,-0.2124243,0.26264754,0.42486203,4.684569,-0.31428403,-0.37138018,-0.12321106,0.13438459,1.2345359,3.5653794,-0.31424025,-0.37163645,-0.12254318,0.12962785,1.1825377,3.4823005
0.10804321616888046,-0.3145639,-0.37170342,-0.119217895,0.13769743,1.2200868,3.5050955,-0.31954992,-0.36380658,-0.21157457,0.27201667,0.37569955,4.633698,-0.3145255,-0.37109715,-0.12074199,0.14151534,1.1829122,3.5195634,-0.3144806,-0.37136325,-0.1201781,0.13659245,1.2419674,3.5144112
0.11004401743412018,-0.3148,-0.3714209,-0.116773054,0.14470334,1.2237698,3.4980075,-0.31997156,-0.363244,-0.21082316,0.28128406,0.43709984,4.6596193,-0.31476226,-0.37080005,-0.118376166,0.14855447,1.2421631,3.5514839,-0.31471598,-0.37107602,-0.11769417,0.14362127,1.1903489,3.4686089
0.1120448186993599,-0.31503117,-0.37112436,-0.11432089,0.15169503,1.2274039,3.4908721,-0.32039145,-0.3626628,-0.20994896,0.2906033,0.38812262,4.608533,-0.31499404,-0.37048873,-0.11589184,0.15565744,1.1906213,3.505712,-0.31494662,-0.3707749,-0.11531347,0.15055849,1.2495284,3.5005686
0.11404561996459961,-0.31525746,-0.37081388,-0.111861505,0.15867239,1.2309848,3.4836986,-0.32080978,-0.36206314,-0.20917271,0.29982036,0.44940445,4.6340833,-0.31522107,-0.37016338,-0.113510594,0.16266887,1.2496215,3.5374885,-0.31517226,-0.37045977,-0.11281441,0.15755962,1.1979982,3.4548013
0.11604642122983932,-0.3154788,-0.37048945,-0.109395005,0.16563536,1.2345173,3.4764776,-0.32122633,-0.36144495,-0.2082739,0.30908853,0.40061763,4.582776,-0.3154431,-0.3698239,-0.11101135,0.16974385,1.1981696,3.4917672,-0.3153931,-0.37013084,-0.11041842,0.16446923,1.256926,3.4866216
0.11804722249507904,-0.3156952,-0.3701511,-0.10692149,0.17258385,1.237998,3.4692156,-0.32164127,-0.36080843,-0.20747267,0.31825408,0.4617779,4.607987,-0.31566033,-0.36947045,-0.10861501,0.17672738,1.2569222,3.5234087,-0.3156089,-0.36978796,-0.10790457,0.17144246,1.2054895,3.4408944
0.12004801630973816,-0.31590664,-0.36979887,-0.10444107,0.17951773,1.2414305,3.4619055,-0.32205436,-0.3601535,-0.20654911,0.32747006,0.41319516,4.556453,-0.31587252,-0.3691029,-0.10610117,0.1837742,1.2055678,3.4777339,-0.3158199,-0.36943132,-0.10549359,0.17832425,1.2641727,3.472583
0.12204881757497787,-0.3161131,-0.36943278,-0.10195382,0.18643697,1.2448114,3.4545536,-0.3224658,-0.35948032,-0.20572272,0.33658296,0.47423238,4.581331,-0.3160799,-0.36872143,-0.103690036,0.19072968,1.2640712,3.5092673,-0.31602582,-0.36906078,-0.10296524,0.18526942,1.212836,3.4269
0.12404961884021759,-0.3163146,-0.36905286,-0.09945986,0.19334145,1.2481425,3.4471579,-0.32287535,-0.35878882,-0.20477426,0.34574562,0.42586064,4.5295606,-0.31628224,-0.36832592,-0.10116189,0.19774821,1.2128212,3.463643,-0.3162269,-0.36867654,-0.10053957,0.19212322,1.2712792,3.4584708
0.1260504275560379,-0.3165111,-0.3686591,-0.09695927,0.20023112,1.2514241,3.4397173,-0.3232832,-0.3580792,-0.20392254,0.35480475,0.48678514,4.5541196,-0.3164797,-0.36791655,-0.09873625,0.2046755,1.2710913,3.4950876,-0.31642288,-0.36827847,-0.09799702,0.19904016,1.2200474,3.4128363
0.12805122137069702,-0.31670257,-0.36825162,-0.09445219,0.2071058,1.2546575,3.4322283,-0.3236891,-0.35735136,-0.20294897,0.363913,0.43863276,4.502106,-0.3166721,-0.3674932,-0.096194066,0.21166568,1.219947,3.449519,-0.316614,-0.36786675,-0.09555692,0.20586583,1.2782605,3.4443128
0.13005201518535614,-0.31688905,-0.3678304,-0.09193868,0.21396546,1.25784,3.4246988,-0.32409325,-0.35660553,-0.20207171,0.3729172,0.4994534,4.5263605,-0.3168596,-0.36705607,-0.09375417,0.21856472,1.2779939,3.4808865,-0.3168,-0.36744124,-0.093000405,0.21275446,1.22714,3.398725
0.13205282390117645,-0.31707048,-0.36739543,-0.08941884,0.22081006,1.2609756,3.4171195,-0.3244954,-0.35584158,-0.20107281,0.38196993,0.4515269,4.474091,-0.317042,-0.366605,-0.09119818,0.2255265,1.2269597,3.4353635,-0.31698108,-0.36700213,-0.09054612,0.2195519,1.2851417,3.4301307
0.13405361771583557,-0.31724685,-0.3669468,-0.0868928,0.22763939,1.2640612,3.409496,-0.32489574,-0.35505974,-0.20016976,0.3909181,0.51225793,4.498073,-0.3172195,-0.36614022,-0.08874427,0.23239723,1.2848135,3.4666965,-0.31715703,-0.3665493,-0.08797584,0.22641216,1.2341306,3.3845918
0.13605442643165588,-0.3174182,-0.3664845,-0.08436061,0.23445347,1.2671002,3.4018238,-0.32529402,-0.3542599,-0.19914524,0.39991426,0.4645625,4.445531,-0.31739184,-0.36566156,-0.08617464,0.23933062,1.2338794,3.4212222,-0.31732804,-0.36608294,-0.08550758,0.23318134,1.2919453,3.4159684
0.138055220246315,-0.31758443,-0.3660086,-0.0818224,0.24125211,1.2700875,3.3941119,-0.32569045,-0.3534423,-0.19821611,0.40880534,0.52521664,4.469288,-0.31755924,-0.36516923,-0.08370688,0.24617307,1.29158,3.4525714,-0.3174939,-0.3656029,-0.08292369,0.24001329,1.2410357,3.3704677
0.14005602896213531,-0.3177456,-0.36551914,-0.079278246,0.24803531,1.2730318,3.3863425,-0.3260848,-0.35260683,-0.19716568,0.41774392,0.47775432,4.416434,-0.3177215,-0.36466306,-0.08112372,0.25307822,1.2407277,3.407123,-0.31765476,-0.3651094,-0.08044162,0.24675423,1.2987024,3.4018672
0.14205682277679443,-0.31790167,-0.3650161,-0.07672827,0.25480288,1.2759274,3.378528,-0.3264772,-0.35175368,-0.19621018,0.4265768,0.5383611,4.4400163,-0.31787878,-0.36414328,-0.078642264,0.25989246,1.2983203,3.4385593,-0.31781045,-0.3646023,-0.07784421,0.25355795,1.24787,3.3563797
0.14405763149261475,-0.31805262,-0.36449954,-0.07417253,0.2615548,1.2787768,3.3706632,-0.32686746,-0.35088277,-0.19513345,0.4354568,0.49111158,4.3868237,-0.31803086,-0.36360973,-0.076045625,0.2667696,1.2474972,3.3930905,-0.31796116,-0.36408177,-0.07534847,0.2602707,1.3054451,3.3878708
0.14605842530727386,-0.31819847,-0.36396948,-0.07161115,0.2682909,1.2815783,3.3627532,-0.32725576,-0.3499943,-0.19415122,0.44423047,0.55171734,4.4102883,-0.31817797,-0.36306262,-0.07355063,0.27355576,1.3050615,3.4246874,-0.31810662,-0.36354768,-0.072737575,0.26704645,1.2546352,3.3423414
0.14805921912193298,-0.3183392,-0.36342594,-0.06904421,0.27501112,1.2843364,3.3547864,-0.32764184,-0.3490882,-0.19304779,0.45305103,0.5046527,4.356672,-0.31831986,-0.3625018,-0.0709405,0.28040513,1.25418,3.379092,-0.31824708,-0.3630002,-0.0702283,0.27373114,1.312196,3.3740022
0.1500600278377533,-0.31847477,-0.362869,-0.06647178,0.2817154,1.2870477,3.3467712,-0.3280259,-0.34816468,-0.19203849,0.46176437,0.56530964,4.380098,-0.3184567,-0.36192748,-0.068432145,0.28716332,1.3118038,3.4109292,-0.3183823,-0.36243924,-0.06760391,0.28047913,1.261303,3.3283272
0.15206082165241241,-0.31860518,-0.36229864,-0.06389398,0.28840354,1.2897141,3.3387048,-0.32840773,-0.34722364,-0.19090787,0.47052455,0.51836056,4.325968,-0.31858832,-0.3613395,-0.065808535,0.2939852,1.2606928,3.3650613,-0.31851247,-0.36186498,-0.065081306,0.28713578,1.3189431,3.3602326
0.15406163036823273,-0.31873044,-0.36171493,-0.06131088,0.29507554,1.2923373,3.3305826,-0.32878748,-0.3462653,-0.18987115,0.4791765,0.5791364,4.349426,-0.3187149,-0.36073807,-0.06328715,0.3007153,1.3184769,3.397177,-0.31863737,-0.36127728,-0.06244342,0.29385623,1.2677929,3.3142393
0.15606242418289185,-0.31885052,-0.36111787,-0.058722593,0.30173117,1.2949139,3.3224125,-0.3291649,-0.34528953,-0.18871288,0.48787534,0.53218234,4.2946277,-0.31883618,-0.36012304,-0.060650192,0.30750966,1.2669156,3.350803,-0.31875718,-0.36067632,-0.059907835,0.30048472,1.3256081,3.3464274
0.15806323289871216,-0.3189654,-0.36050752,-0.056129172,0.30837044,1.2974502,3.314182,-0.3295402,-0.3442966,-0.18764852,0.4964646,0.59314907,4.318165,-0.3189524,-0.35949463,-0.05811636,0.31421128,1.3249359,3.383178,-0.31887168,-0.36006197,-0.057256617,0.30717757,1.2739682,3.2998774
0.16006402671337128,-0.3190751,-0.3598839,-0.05353074,0.31499317,1.2999425,3.305898,-0.3299131,-0.3432864,-0.18646222,0.50510097,0.5460368,4.2625003,-0.31906334,-0.35885268,-0.055466488,0.32097763,1.2727064,3.336048,-0.31898108,-0.35943443,-0.054708682,0.31377733,1.332028,3.3323112
0.1620648205280304,-0.3191796,-0.35924706,-0.050927367,0.32159925,1.3023938,3.2975557,-0.33028385,-0.34225914,-0.18537015,0.513626,0.60726035,4.2860966,-0.31916916,-0.3581974,-0.052921075,0.3276497,1.3309883,3.3685875,-0.31908518,-0.35879356,-0.052044626,0.32044196,1.2796957,3.284976
0.1640656292438507,-0.3192789,-0.358597,-0.04831911,0.32818863,1.3048027,3.2891572,-0.33065215,-0.34121475,-0.18415563,0.5221982,0.5598276,4.229377,-0.3192697,-0.35752863,-0.0502591,0.3343869,1.2779987,3.3205924,-0.31918415,-0.35813954,-0.049485236,0.3270119,1.3380181,3.3175473
0.16606642305850983,-0.31937295,-0.3579338,-0.045706093,0.3347611,1.3071688,3.2807045,-0.3310182,-0.34015343,-0.18303597,0.53065693,0.6213455,4.2529573,-0.31936508,-0.35684657,-0.047703102,0.34102806,1.3365203,3.353164,-0.31927776,-0.35747224,-0.0468092,0.333647,1.284939,3.2693427
0.16806723177433014,-0.3194618,-0.35725743,-0.04308836,0.34131667,1.3094985,3.272183,-0.3313818,-0.3390751,-0.18179327,0.5391629,0.5734969,4.195093,-0.31945515,-0.3561511,-0.04503006,0.3477344,1.2828784,3.3043764,-0.31936625,-0.35679188,-0.044239324,0.3401857,1.3434899,3.3019347
0.17006802558898926,-0.3195454,-0.35656798,-0.04046603,0.34785506,1.3117865,3.2636063,-0.3317431,-0.33797997,-0.18064629,0.54755306,0.63531274,4.2185307,-0.31954008,-0.3554424,-0.042464305,0.35434315,1.3415711,3.3369238,-0.31944937,-0.3560983,-0.041552342,0.34678957,1.2897841,3.2529764
0.17206883430480957,-0.31962374,-0.35586545,-0.037839137,0.3543763,1.3140358,3.2549665,-0.33210185,-0.336868,-0.17937566,0.5559901,0.5870914,4.159539,-0.31961966,-0.35472038,-0.03978116,0.361017,1.2874551,3.2875473,-0.3195273,-0.3553917,-0.038972773,0.35329553,1.3485031,3.2855268
0.1740696281194687,-0.3196968,-0.3551499,-0.035207804,0.3608801,1.3162473,3.2462623,-0.33245826,-0.33573937,-0.17820148,0.5643092,0.6491759,4.1827354,-0.31969407,-0.3539852,-0.03720625,0.3675921,1.346272,3.320045,-0.31959984,-0.35467198,-0.036275767,0.3598666,1.2943528,3.2360091
0.1760704219341278,-0.3197646,-0.35442135,-0.032572083,0.36736646,1.3184209,3.2374954,-0.33281207,-0.334594,-0.17690313,0.57267463,0.60068935,4.122774,-0.3197631,-0.35323673,-0.03451371,0.37423217,1.2918205,3.2702515,-0.31966722,-0.3539393,-0.033687063,0.3663386,1.3531882,3.2685068
0.17807123064994812,-0.31982714,-0.35367984,-0.029932031,0.37383524,1.3205568,3.2286634,-0.33316347,-0.33343217,-0.17570175,0.58092016,0.66301394,4.1456676,-0.31982696,-0.3524752,-0.031930067,0.38077268,1.3507248,3.3027017,-0.31972918,-0.35319355,-0.030980686,0.37287563,1.2987263,3.218588
0.18007202446460724,-0.3198844,-0.35292542,-0.027287759,0.38028622,1.3226597,3.2197585,-0.33351222,-0.33225375,-0.17437573,0.5892115,0.6143901,4.08488,-0.3198854,-0.35170043,-0.029228617,0.3873781,1.2960218,3.2525861,-0.31978595,-0.35243493,-0.028383233,0.3793128,1.3576425,3.2510495
0.18207283318042755,-0.31993634,-0.3521581,-0.0246393,0.38671938,1.3247248,3.2107916,-0.33385852,-0.33105898,-0.17314695,0.5973813,0.676924,4.1074653,-0.3199387,-0.35091266,-0.026636573,0.39388326,1.3549947,3.2850075,-0.3198373,-0.3516633,-0.025667947,0.3858149,1.3029351,3.200813
0.18407362699508667,-0.31998298,-0.35137793,-0.021986758,0.39313447,1.3267566,3.2017515,-0.3342021,-0.32984778,-0.1717931,0.60559624,0.6282302,4.0459666,-0.31998655,-0.35011175,-0.023926582,0.40045327,1.3000681,3.2345977,-0.31988344,-0.35087886,-0.023062076,0.39221653,1.3619195,3.2332406
0.18607443571090698,-0.3200243,-0.35058495,-0.01933017,0.39953148,1.3287538,3.192642,-0.3345432,-0.3286204,-0.17053664,0.6136882,0.69096494,4.068226,-0.3200292,-0.3492979,-0.021326445,0.40692246,1.3591052,3.2669802,-0.31992412,-0.3500815,-0.020338237,0.398683,1.3069953,3.1827192
0.1880752295255661,-0.3200603,-0.3497792,-0.016669638,0.40591013,1.3307173,3.1834617,-0.3348815,-0.32737675,-0.1691547,0.6218246,0.6422527,4.006043,-0.32006642,-0.348471,-0.018608235,0.4134564,1.3039722,3.2163045,-0.31995955,-0.34927142,-0.017724246,0.40504846,1.366042,3.2151096
0.1900760382413864,-0.320091,-0.34896067,-0.014005187,0.4122704,1.3326513,3.174203,-0.33521727,-0.32611707,-0.1678702,0.6298367,0.70517623,4.0279775,-0.32009843,-0.34763122,-0.01600029,0.41988903,1.363069,3.2486486,-0.31998953,-0.34844846,-0.014992162,0.41147867,1.3109168,3.1643124
0.19207683205604553,-0.32011637,-0.34812945,-0.01133692,0.418612,1.3345522,3.1648731,-0.3355502,-0.3248413,-0.16645984,0.6378926,0.6564564,3.9651556,-0.32012498,-0.34677845,-0.013274151,0.42638633,1.3077418,3.1976995,-0.32001427,-0.34761283,-0.0123703275,0.41780728,1.3700243,3.1966634
0.19407762587070465,-0.32013637,-0.34728557,-0.008664878,0.42493486,1.3364252,3.155461,-0.3358805,-0.32354966,-0.16514693,0.64582294,0.71957237,3.9867475,-0.3201463,-0.3459129,-0.010658667,0.43278173,1.3668971,3.230003,-0.32003352,-0.34676442,-0.009630279,0.4242006,1.3147048,3.145595
0.19607843458652496,-0.32015103,-0.34642905,-0.005989101,0.43123886,1.3382654,3.145977,-0.3362079,-0.32224205,-0.1637078,0.65379643,0.67087525,3.9232674,-0.32016215,-0.34503442,-0.007924873,0.43924174,1.311383,3.1787655,-0.32004753,-0.34590343,-0.007000869,0.43049178,1.3738736,3.1778994
0.19807922840118408,-0.32016033,-0.34555992,-0.0033096876,0.43752375,1.3400797,3.1364067,-0.33653262,-0.32091877,-0.16236605,0.66164297,0.73417866,3.9445267,-0.32017276,-0.3441432,-0.005302107,0.44559926,1.3705974,3.2110198,-0.32005602,-0.34502974,-0.004253122,0.43684757,1.3183686,3.1265526
0.2000800371170044,-0.32016426,-0.34467825,-0.00062665413,0.44378945,1.3418646,3.1267593,-0.33685443,-0.3195797,-0.16089769,0.669532,0.6855062,3.8803873,-0.32017788,-0.34323916,-0.0025609122,0.4520213,1.3149042,3.1595159,-0.32005924,-0.34414354,-0.0016163848,0.44310066,1.3775995,3.1588037
0.2020808309316635,-0.32016283,-0.34378406,0.0020599065,0.45003572,1.3436252,3.117024,-0.3371735,-0.31822512,-0.15952668,0.67729276,0.74900156,3.901294,-0.32017773,-0.34232247,6.889645e-05,0.45834035,1.3741834,3.1917114,-0.32005697,-0.3432447,0.0011388143,0.44941828,1.321915,3.1071792
0.20408163964748383,-0.320156,-0.3428774,0.004749979,0.4562625,1.3453565,3.1072094,-0.33748955,-0.31685492,-0.15802868,0.68509537,0.70036054,3.8364973,-0.3201721,-0.34139302,0.0028172634,0.46472377,1.3183112,3.1399198,-0.3200494,-0.34233344,0.0037826444,0.45563263,1.38121,3.1393704
0.20608243346214294,-0.32014382,-0.34195828,0.007443473,0.4624695,1.3470652,3.0973055,-0.3378028,-0.31546938,-0.15662795,0.69276834,0.76405734,3.8570278,-0.3201612,-0.340451,0.005453886,0.4710036,1.3776604,3.1720426,-0.32003632,-0.34140962,0.0065450645,0.46191138,1.325351,3.087459
0.20808324217796326,-0.32012624,-0.34102678,0.010140383,0.46865663,1.3487502,3.0873117,-0.338113,-0.3140684,-0.15509984,0.70048237,0.7154683,3.791543,-0.32014477,-0.3394963,0.008209207,0.47734767,1.3216178,3.1199589,-0.32001793,-0.34047344,0.009195766,0.4680863,1.3847116,3.1195805
0.21008403599262238,-0.32010326,-0.3400829,0.012840621,0.47482362,1.3504133,3.0772264,-0.33842036,-0.3126523,-0.1536689,0.70806545,0.77936435,3.8116956,-0.32012308,-0.33852914,0.010852443,0.4835876,1.3810296,3.1520128,-0.319994,-0.3395248,0.01196519,0.47432548,1.3286871,3.067379
0.2120848298072815,-0.32007486,-0.33912674,0.01554416,0.48097035,1.3520502,3.067058,-0.33872458,-0.3112209,-0.15211016,0.7156888,0.73082745,3.745531,-0.32009584,-0.33754936,0.013614503,0.48989162,1.3248237,3.0996382,-0.31996477,-0.3385639,0.014622564,0.48046023,1.3881149,3.099426
0.2140856385231018,-0.32004106,-0.33815828,0.01825098,0.4870967,1.3536706,3.0567873,-0.33902588,-0.30977455,-0.1506485,0.7231799,0.7949278,3.765285,-0.32006332,-0.33655718,0.01626415,0.4960909,1.3843075,3.1316035,-0.31992996,-0.33759058,0.017398795,0.48665908,1.3319291,3.0469303
0.21608643233776093,-0.32000184,-0.33717757,0.020961,0.49320236,1.3552707,3.0464213,-0.339324,-0.30831313,-0.14905865,0.73071045,0.7464617,3.6984172,-0.32002527,-0.33555248,0.019032765,0.5023541,1.327943,3.0789263,-0.31988984,-0.33660507,0.020062653,0.49275294,1.3914262,3.0788956
0.21808724105358124,-0.3199572,-0.33618468,0.02367422,0.49928722,1.3568509,3.0359604,-0.33961913,-0.3068369,-0.14756574,0.73810726,0.81077445,3.7177548,-0.31998187,-0.33453545,0.021688651,0.50851196,1.3875012,3.1107967,-0.31984416,-0.33560726,0.022845507,0.49891073,1.3350862,3.0260963
0.22008803486824036,-0.3199071,-0.33517963,0.026390564,0.505351,1.3584114,3.0254042,-0.339911,-0.3053458,-0.1459442,0.74554276,0.76238024,3.6501884,-0.31993294,-0.333506,0.024463654,0.51473355,1.3309886,3.0578086,-0.31979313,-0.33459735,0.02551568,0.5049629,1.394656,3.05797
0.22208884358406067,-0.31985158,-0.33416247,0.029110037,0.5113936,1.3599586,3.0147407,-0.34019986,-0.30384013,-0.14441943,0.75284314,0.8269024,3.669121,-0.3198787,-0.33246428,0.02712563,0.52084917,1.3906167,3.0895858,-0.3197365,-0.3335752,0.02830499,0.51107883,1.3381671,3.0048625
0.2240896373987198,-0.3197906,-0.33313325,0.03183257,0.51741475,1.3614889,3.0039754,-0.3404854,-0.30231977,-0.14276563,0.76018137,0.7785833,3.6008325,-0.31981888,-0.33141023,0.029906863,0.5270283,1.3339623,3.036284,-0.31967455,-0.33254102,0.030981325,0.51708853,1.397811,3.036638
0.2260904312133789,-0.31972417,-0.33209202,0.034558143,0.52341425,1.3630035,2.993109,-0.3407678,-0.300785,-0.14120845,0.76738304,0.8433221,3.6193326,-0.31975374,-0.33034402,0.032574788,0.5331009,1.3936694,3.0679495,-0.319607,-0.3314947,0.033776946,0.5231618,1.3411808,2.9832137
0.22809123992919922,-0.3196523,-0.33103877,0.037286755,0.52939194,1.3645052,2.9821336,-0.34104684,-0.29923576,-0.1395218,0.7746217,0.79510534,3.550306,-0.31968302,-0.32926553,0.03536213,0.5392368,1.3368814,3.014323,-0.31953406,-0.33043644,0.036459308,0.52912825,1.4009019,3.0148816
0.23009203374385834,-0.31957495,-0.3299736,0.04001834,0.5353475,1.3659925,2.9710534,-0.3413227,-0.2976723,-0.1379316,0.78172237,0.86006355,3.568373,-0.31960693,-0.328175,0.038035892,0.54526544,1.3966672,3.045881,-0.31945553,-0.32936612,0.03926111,0.53515804,1.3441361,2.9611342
0.23209284245967865,-0.31949216,-0.32889655,0.042752914,0.54128087,1.3674725,2.959856,-0.3415951,-0.2960946,-0.13621147,0.7888591,0.8119415,3.4986117,-0.31952527,-0.3270723,0.040829226,0.5513572,1.3397406,2.9919162,-0.31937164,-0.32828397,0.041949384,0.5410803,1.4039347,2.9926925
0.23409363627433777,-0.3194039,-0.32780764,0.045490414,0.5471916,1.3689382,2.948553,-0.3418643,-0.29450288,-0.13458759,0.79585636,0.8771241,3.5162191,-0.31943825,-0.3259576,0.04350871,0.55734104,1.3996094,3.0233483,-0.3192821,-0.32718983,0.044757254,0.5470657,1.3470404,2.9386134
0.23609444499015808,-0.31931013,-0.32670692,0.04823086,0.5530797,1.3703992,2.937126,-0.34212995,-0.2928971,-0.13283333,0.8028888,0.8291109,3.4457068,-0.31934562,-0.32483083,0.04630793,0.56338775,1.3425612,2.9690564,-0.31918722,-0.32608396,0.047451336,0.55294293,1.406922,2.970047
0.2380952388048172,-0.3192109,-0.32559446,0.050974198,0.55894476,1.3718494,2.9255888,-0.3423923,-0.29127756,-0.13117512,0.80978024,0.8945214,3.4628522,-0.31924763,-0.32369217,0.04899305,0.56932586,1.4025168,3.0003548,-0.3190867,-0.3249662,0.050265178,0.558883,1.3499051,2.9156318
0.24009603261947632,-0.31910616,-0.32447028,0.05372043,0.5647866,1.373294,2.913931,-0.34265107,-0.28964415,-0.12938607,0.81670594,0.8466236,3.3915744,-0.31914404,-0.3225415,0.051798087,0.57532656,1.3453524,2.9457054,-0.31898078,-0.32383677,0.05296499,0.56471425,1.4098725,2.9469361
0.24209684133529663,-0.31899592,-0.32333443,0.056469563,0.5706051,1.3747303,2.902156,-0.34290645,-0.2879972,-0.12769282,0.82348907,0.91226596,3.4082484,-0.31903505,-0.32137907,0.054488793,0.58121794,1.4053972,2.9768643,-0.3188692,-0.32269555,0.055784736,0.57060814,1.3527379,2.892175
0.24409763514995575,-0.3188802,-0.32218695,0.05922155,0.5763998,1.3761654,2.8902535,-0.3431582,-0.28633657,-0.12586829,0.8303056,0.8644958,3.336194,-0.31892046,-0.32020473,0.057299588,0.5871717,1.348119,2.9218576,-0.31875223,-0.32154277,0.058490213,0.5763925,1.4127936,2.9233396
0.24609844386577606,-0.31875896,-0.3210279,0.061976425,0.58217067,1.377595,2.8782287,-0.34340647,-0.2846626,-0.1241393,0.83697796,0.9303766,3.3523817,-0.31880048,-0.3190187,0.059995826,0.5930154,1.4082565,2.952863,-0.3186296,-0.3203783,0.0613158,0.58223915,1.3555498,2.8682237
0.24809923768043518,-0.31863222,-0.31985736,0.06473414,0.58791727,1.3790224,2.8660781,-0.34365103,-0.28297523,-0.12227855,0.8436827,0.8827383,3.2795284,-0.31867486,-0.31782085,0.06281234,0.5989211,1.3508791,2.89749,-0.31850153,-0.31920236,0.0640269,0.5879756,1.415696,2.8992436
0.2501000463962555,-0.31849992,-0.3186753,0.06749473,0.5936395,1.3804499,2.8537953,-0.34389204,-0.28127474,-0.120513074,0.8502418,0.9488564,3.2952213,-0.31854382,-0.3166114,0.0655141,0.6047161,1.4111133,2.9283404,-0.3183678,-0.3180148,0.06685829,0.5937741,1.358347,2.8437645
0.2521008551120758,-0.31836212,-0.31748185,0.07025817,0.599337,1.3818774,2.841382,-0.34412926,-0.27956107,-0.11861536,0.8568322,0.9013617,3.2215793,-0.31840715,-0.31539026,0.06833633,0.6105728,1.3536309,2.8726006,-0.31822866,-0.31681588,0.06957499,0.5994616,1.4185878,2.8746288
0.25410163402557373,-0.31821877,-0.31627703,0.07302443,0.60500944,1.383304,2.8288398,-0.34436288,-0.27783453,-0.11681264,0.86327535,0.9677215,3.2367704,-0.31826505,-0.31415763,0.071043596,0.616318,1.4139615,2.903288,-0.31808385,-0.31560546,0.07241216,0.6052109,1.3611428,2.8187816
0.25610244274139404,-0.31806988,-0.31506085,0.07579359,0.61065674,1.3847347,2.8161588,-0.34459263,-0.27609503,-0.114877194,0.8697489,0.92037416,3.1623216,-0.31811732,-0.3129134,0.073871516,0.62212455,1.3563905,2.8471613,-0.3179336,-0.31438377,0.07513445,0.6108485,1.4214817,2.849482
0.25810325145721436,-0.31791544,-0.31383342,0.07856561,0.6162785,1.386168,2.803342,-0.3448187,-0.2743429,-0.113036446,0.87607354,0.9869803,3.176998,-0.31796417,-0.31165776,0.076584294,0.6278189,1.4168222,2.877678,-0.31777763,-0.31315067,0.07797741,0.61654747,1.3639454,2.7932546
0.2601040303707123,-0.31775546,-0.31259477,0.08134047,0.62187445,1.387607,2.7903857,-0.34504083,-0.27257803,-0.11106248,0.8824275,0.93979055,3.101724,-0.31780532,-0.31039062,0.07941794,0.63357425,1.3591603,2.821165,-0.31761622,-0.3119064,0.0807053,0.622134,1.4243841,2.8237853
0.2621048390865326,-0.31758994,-0.31134495,0.084118254,0.6274444,1.3890535,2.777283,-0.3452592,-0.27080077,-0.1091829,0.888631,1.006646,3.1158762,-0.31764105,-0.3091122,0.08213626,0.6392166,1.4196997,2.8514948,-0.31744912,-0.31065083,0.08355407,0.62778157,1.3667626,2.76717
0.2641056478023529,-0.31741884,-0.31008402,0.08689894,0.632988,1.390504,2.7640436,-0.34547353,-0.26901105,-0.10716961,0.8948627,0.9596188,3.0397742,-0.3174711,-0.30782235,0.08497566,0.6449196,1.3619635,2.7945726,-0.31727654,-0.3093842,0.086287595,0.6333159,1.4273057,2.7975216
0.2661064565181732,-0.3172422,-0.308812,0.089682534,0.6385049,1.3919655,2.7506528,-0.34568402,-0.26720917,-0.10525037,0.90094227,1.0267282,3.053396,-0.3172957,-0.30652133,0.087699585,0.6505087,1.4226128,2.8247075,-0.31709826,-0.30810636,0.0891422,0.63891095,1.3696061,2.7405097
0.26810723543167114,-0.31706,-0.307529,0.092469014,0.64399487,1.3934348,2.7371178,-0.3458904,-0.26539508,-0.10319692,0.90704906,0.9798717,2.976462,-0.31711462,-0.305209,0.09054481,0.6561581,1.3648013,2.7673774,-0.3169145,-0.3068176,0.09188142,0.64439195,1.4302566,2.7706718
0.27010804414749146,-0.31687218,-0.30623502,0.09525849,0.64945763,1.3949151,2.7234323,-0.34609288,-0.26356906,-0.10123718,0.91300195,1.0472388,2.9895399,-0.31692806,-0.30388564,0.093274415,0.66169286,1.4255598,2.7973156,-0.31672502,-0.30551773,0.09474193,0.6499333,1.3724854,2.713256
0.27210885286331177,-0.3166788,-0.30493012,0.09805094,0.65489286,1.3964086,2.7095916,-0.34629115,-0.2617311,-0.0991427,0.918981,1.0005566,2.9117684,-0.3167358,-0.30255106,0.096125536,0.66728747,1.3676908,2.7395651,-0.31653005,-0.30420703,0.097486906,0.6553598,1.4332469,2.743221
0.2741096317768097,-0.31647983,-0.3036144,0.10084635,0.6603002,1.3979151,2.6955976,-0.34648544,-0.25988147,-0.097141586,0.92480457,1.0681806,2.9242978,-0.3165381,-0.30120552,0.09886092,0.6727666,1.4285647,2.769298,-0.31632933,-0.30288532,0.1003534,0.66084623,1.3754095,2.6853936
0.27611044049263,-0.31627527,-0.30228788,0.103644826,0.66567945,1.3994346,2.6814492,-0.34667546,-0.25802016,-0.09500522,0.93065315,1.0216837,2.8456655,-0.31633466,-0.2998489,0.101718046,0.6783052,1.3706303,2.7111166,-0.31612313,-0.3015529,0.10310422,0.666217,1.4362854,2.715153
0.2781112492084503,-0.3160651,-0.30095062,0.10644636,0.6710302,1.4009712,2.667139,-0.3468614,-0.25614747,-0.092961855,0.9363445,1.0895699,2.8576412,-0.31612575,-0.29848146,0.10445931,0.68372744,1.4316295,2.740616,-0.31591117,-0.3002096,0.10597679,0.6716473,1.3783911,2.6569011
0.28011205792427063,-0.3158493,-0.2996027,0.10925099,0.6763522,1.4025246,2.6526678,-0.34704295,-0.25426334,-0.09078272,0.9420598,1.0432642,2.7781394,-0.3159111,-0.29710305,0.107322566,0.6892087,1.373645,2.6819954,-0.3156937,-0.2988557,0.10873357,0.6769611,1.4393843,2.6864495
0.28211283683776855,-0.3156279,-0.29824415,0.1120587,0.681645,1.404094,2.638038,-0.34722033,-0.25236812,-0.08869619,0.9476161,1.1114146,2.789554,-0.31569096,-0.2957139,0.110069856,0.6945727,1.4347637,2.7112803,-0.3154705,-0.297491,0.11161234,0.682334,1.3814338,2.6277661
0.28411364555358887,-0.31540087,-0.29687503,0.11486961,0.6869084,1.4056859,2.623236,-0.34739327,-0.25046173,-0.08647336,0.9531952,1.0653001,2.7091925,-0.3154651,-0.2943139,0.11293938,0.6999952,1.376731,2.6522155,-0.31524172,-0.29611585,0.11437521,0.6875895,1.4425477,2.6570916
0.2861144542694092,-0.31516823,-0.29549542,0.11768372,0.69214207,1.4072939,2.6082747,-0.34756196,-0.2485445,-0.08434276,0.9586136,1.1337178,2.7200408,-0.3152337,-0.2929033,0.11569284,0.7052997,1.4379797,2.6812568,-0.3150072,-0.29473004,0.11726031,0.6929037,1.3845547,2.5979676
0.2881152629852295,-0.31492996,-0.29410538,0.12050108,0.6973456,1.4089277,2.593137,-0.3477261,-0.2466164,-0.08207533,0.96405363,1.0877978,2.6388106,-0.31499657,-0.29148197,0.1185688,0.7106622,1.3799074,2.6217325,-0.31476715,-0.29333383,0.12002942,0.6980996,1.4457928,2.6270652
0.2901160418987274,-0.31468603,-0.29270497,0.12332168,0.70251864,1.4105818,2.5778315,-0.3478859,-0.24467774,-0.07989973,0.96933126,1.1564811,2.6490881,-0.31475392,-0.29005015,0.121328615,0.71590567,1.4412855,2.650533,-0.3145213,-0.29192713,0.122921005,0.70335376,1.3877568,2.5674922
0.29211685061454773,-0.31443647,-0.29129422,0.12614566,0.7076609,1.4122603,2.562352,-0.3480411,-0.24272847,-0.07758676,0.97462946,1.1107683,2.5669792,-0.3145055,-0.28860775,0.124211185,0.7212067,1.3831815,2.590539,-0.31426993,-0.29051015,0.12569652,0.70848876,1.4491231,2.5963504
0.29411765933036804,-0.31418124,-0.2898732,0.12897302,0.7127721,1.4139637,2.546697,-0.34819183,-0.24076894,-0.07536522,0.97976345,1.179718,2.5766785,-0.31425154,-0.28715497,0.12697755,0.7263878,1.4446911,2.6190903,-0.31401274,-0.2890828,0.12859477,0.71368146,1.3910555,2.5363195
0.29611843824386597,-0.31392035,-0.28844202,0.13180378,0.71785164,1.4156927,2.530866,-0.34833783,-0.23879911,-0.07300579,0.9849168,1.1342201,2.4936888,-0.3139918,-0.2856917,0.12986693,0.731626,1.3865609,2.5586224,-0.31374997,-0.28764528,0.13137688,0.7187541,1.4525521,2.5649333
0.2981192469596863,-0.3136538,-0.2870007,0.13463807,0.72289944,1.4174497,2.5148532,-0.3484793,-0.2368193,-0.07073735,0.98990417,1.2034367,2.5028157,-0.31372654,-0.28421822,0.13264005,0.7367432,1.4482117,2.5869102,-0.3134814,-0.2861975,0.13428198,0.723884,1.394456,2.5044377
0.3001200556755066,-0.31338158,-0.28554928,0.1374759,0.727915,1.4192361,2.4986582,-0.34861597,-0.23482947,-0.068330474,0.9949098,1.1581451,2.4189508,-0.31345546,-0.2827344,0.13553648,0.741917,1.3900585,2.5259554,-0.31320724,-0.28473973,0.1370709,0.72889286,1.4560859,2.5328004
0.3021208643913269,-0.31310368,-0.28408787,0.14031732,0.732898,1.4210494,2.4822848,-0.348748,-0.23282997,-0.066014186,0.99974775,1.2276392,2.4274864,-0.31317884,-0.28124046,0.1383166,0.7469689,1.451849,2.5539708,-0.31292728,-0.28327182,0.13998307,0.7339585,1.397968,2.4718273
0.30412164330482483,-0.31282008,-0.28261656,0.14316237,0.737848,1.4228964,2.4657195,-0.3488751,-0.23082078,-0.06355891,1.0046027,1.1825573,2.3427298,-0.3128964,-0.2797363,0.1412203,0.75207686,1.3936844,2.4925213,-0.3126417,-0.281794,0.14277901,0.73890215,1.4597359,2.4999273
0.30612245202064514,-0.3125308,-0.28113535,0.14601119,0.7427647,1.4247743,2.4489686,-0.3489975,-0.2288022,-0.06119379,1.0092881,1.2523185,2.3506832,-0.3126084,-0.27822217,0.14400767,0.7570619,1.455617,2.5202637,-0.3123503,-0.28030622,0.14569847,0.743902,1.4016042,2.4384706
0.30812326073646545,-0.3122358,-0.27964434,0.14886379,0.7476477,1.4266856,2.4320276,-0.3491149,-0.22677423,-0.058689155,1.0139894,1.2074611,2.2650452,-0.31231454,-0.27669796,0.14691891,0.7621024,1.3974448,2.458307,-0.3120533,-0.27880865,0.14850168,0.74877894,1.4635118,2.466304
0.3101240396499634,-0.3119351,-0.2781436,0.15172021,0.75249654,1.4286288,2.4148998,-0.34922743,-0.2247372,-0.05627423,1.0185195,1.277491,2.272421,-0.31201512,-0.27516392,0.1497138,0.76701903,1.4595214,2.485768,-0.31175044,-0.27730122,0.1514287,0.7537115,1.4053705,2.4043553
0.3121248483657837,-0.31162867,-0.2766332,0.1545806,0.757311,1.4306073,2.3975782,-0.34933487,-0.22269107,-0.05371925,1.0230644,1.2328508,2.1858957,-0.31170985,-0.27361995,0.15263285,0.7719906,1.4013523,2.423299,-0.31144196,-0.2757842,0.15423945,0.75852025,1.4674209,2.4319146
0.314125657081604,-0.31131652,-0.2751132,0.15744498,0.76209056,1.4326236,2.3800585,-0.3494374,-0.2206362,-0.051253546,1.0274361,1.3031518,2.192685,-0.31139898,-0.27206627,0.15543555,0.77683717,1.4635831,2.4504664,-0.3111276,-0.27425742,0.15717429,0.7633841,1.4092741,2.3694687
0.3161264657974243,-0.31099865,-0.27358365,0.16031344,0.7668349,1.4346787,2.3623388,-0.3495347,-0.21857256,-0.048647244,1.0318215,1.2587303,2.1052792,-0.31108224,-0.27050278,0.15836272,0.7817381,1.4054124,2.387479,-0.31080762,-0.27272117,0.15999284,0.76812303,1.4714731,2.3967423
0.31812724471092224,-0.31067502,-0.27204466,0.163186,0.77154356,1.4367696,2.3444254,-0.34962696,-0.21650049,-0.04612978,1.0360321,1.3293016,2.1114814,-0.3107599,-0.26892975,0.16117354,0.7865131,1.4677979,2.4143476,-0.31048176,-0.27117532,0.1629358,0.7729165,1.4133284,2.3337867
0.32012805342674255,-0.31034565,-0.27049628,0.16606283,0.7762162,1.4389015,2.326308,-0.3497139,-0.21441998,-0.04347118,1.0402551,1.285101,2.0231977,-0.3104317,-0.26734707,0.16410914,0.7913418,1.4096355,2.350829,-0.31015024,-0.26962015,0.16576245,0.7775841,1.4756761,2.360771
0.32212886214256287,-0.31001052,-0.26893857,0.16894397,0.78085244,1.4410732,2.3079898,-0.3497957,-0.21233137,-0.04090098,1.0443015,1.3559407,2.0288203,-0.31009784,-0.26575497,0.16692841,0.79604346,1.4721755,2.3773892,-0.3098128,-0.26805553,0.16871381,0.7823056,1.4175403,2.2973018
0.3241296410560608,-0.3096696,-0.26737165,0.17182945,0.7854517,1.443286,2.2894676,-0.34987208,-0.21023466,-0.0381891,1.0483592,1.3119624,1.9396654,-0.3097581,-0.26415336,0.16987276,0.80079824,1.4140347,2.3133376,-0.30946973,-0.26648173,0.17154889,0.7869002,1.4800403,2.3239908
0.3261304497718811,-0.30932292,-0.26579556,0.17471944,0.7900138,1.4455407,2.2707415,-0.34994322,-0.20813018,-0.035565175,1.0522385,1.3830678,1.9447119,-0.3094127,-0.26254252,0.17270084,0.8054249,1.4767357,2.3395832,-0.3091207,-0.26489863,0.17450897,0.7915482,1.4219167,2.2599964
0.3281312584877014,-0.30897045,-0.26421037,0.17761397,0.7945382,1.4478395,2.2518063,-0.35000882,-0.20601793,-0.03279904,1.0561279,1.3393073,1.8546964,-0.30906138,-0.2609223,0.1756543,0.8101041,1.4186116,2.2749827,-0.308766,-0.2633065,0.1773528,0.7960682,1.4845713,2.2863839
0.33013206720352173,-0.30861217,-0.26261616,0.18051316,0.7990245,1.4501812,2.2326639,-0.35006905,-0.20389825,-0.030120425,1.0598373,1.4106764,1.8591679,-0.3087044,-0.259293,0.17849153,0.81465405,1.4814746,2.3009102,-0.30840537,-0.26170522,0.18032195,0.80064094,1.4264656,2.2218604
0.33213284611701965,-0.3082481,-0.26101303,0.18341704,0.8034723,1.4525685,2.213312,-0.35012364,-0.20177114,-0.027299073,1.0635557,1.3671324,1.7682905,-0.3083415,-0.2576545,0.18145448,0.8192559,1.4233752,2.2357655,-0.308039,-0.26009506,0.18317488,0.80508465,1.489278,2.2479389
0.33413365483283997,-0.30787823,-0.25940102,0.18632577,0.8078812,1.4550035,2.1937442,-0.3501728,-0.19963695,-0.024564808,1.0670923,1.4387603,1.7721965,-0.3079729,-0.25600705,0.18430123,0.8237274,1.4864063,2.261363,-0.3076667,-0.2584759,0.18615344,0.8095805,1.4311945,2.1828814
0.3361344635486603,-0.3075025,-0.25778022,0.18923943,0.8122507,1.457484,2.1739647,-0.35021615,-0.19749568,-0.021687288,1.0706367,1.3954372,1.6804606,-0.30759835,-0.25435054,0.18727404,0.82825017,1.4283375,2.1956582,-0.30728865,-0.256848,0.18901584,0.81394625,1.4941679,2.208643
0.3381352424621582,-0.30712095,-0.25615075,0.19215806,0.81658036,1.4600114,2.1539736,-0.35025394,-0.19534768,-0.018896414,1.0739976,1.4673252,1.6837988,-0.3072181,-0.25268525,0.19013071,0.8326415,1.4915346,2.2209241,-0.30690464,-0.2552113,0.19200417,0.81836355,1.4361125,2.1430447
0.3401360511779785,-0.30673355,-0.25451264,0.19508183,0.82086986,1.4625889,2.133763,-0.35028586,-0.19319294,-0.015961763,1.0773652,1.4242171,1.5912392,-0.30683187,-0.25101107,0.19311377,0.83708334,1.4334999,2.1546588,-0.3065149,-0.253566,0.1948764,0.82264966,1.4992487,2.1684856
0.34213685989379883,-0.3063403,-0.25286597,0.1980108,0.8251187,1.4652157,2.1133356,-0.35031208,-0.19103184,-0.013113328,1.0805477,1.496356,1.5940316,-0.3064399,-0.24932829,0.19598077,0.84139264,1.496871,2.1795828,-0.30611914,-0.25191203,0.1978749,0.8269866,1.4412247,2.1023395
0.34413766860961914,-0.3059412,-0.25121084,0.2009451,0.8293265,1.4678938,2.0926876,-0.35033232,-0.18886437,-0.010120616,1.0837357,1.4534534,1.5006388,-0.30604196,-0.24763678,0.19897452,0.8457518,1.4388795,2.112732,-0.30571762,-0.25024965,0.20075735,0.8311913,1.5045254,2.1274557
0.34613844752311707,-0.3055362,-0.24954736,0.20388475,0.8334927,1.470622,2.0718215,-0.35034674,-0.1866909,-0.0072137094,1.086737,1.5258424,1.5028895,-0.30563825,-0.24593683,0.20185228,0.8499773,1.5024205,2.1373107,-0.30531007,-0.24857876,0.2037664,0.83544624,1.4465395,2.0607522
0.3481392562389374,-0.30512533,-0.24787557,0.20682995,0.837617,1.4734002,2.0507376,-0.35035506,-0.18451141,-0.0041620247,1.0897428,1.4831498,1.4086809,-0.30522853,-0.24422832,0.20485711,0.8542519,1.4444779,2.0698912,-0.30489674,-0.24689962,0.20665948,0.8395677,1.510007,2.0855374
0.3501400649547577,-0.30470854,-0.24619557,0.20978077,0.8416988,1.476235,2.0294228,-0.35035744,-0.18232629,-0.001195725,1.0925602,1.5557812,1.4104003,-0.30481303,-0.24251154,0.20774607,0.8583917,1.5081946,2.0941205,-0.3044774,-0.24521214,0.2096795,0.8437388,1.4520626,2.0182767
0.3521408438682556,-0.30428585,-0.24450746,0.21273726,0.84573776,1.4791191,2.0078933,-0.3503536,-0.18013552,0.0019158376,1.095381,1.5132879,1.3154,-0.3043915,-0.24078637,0.21076246,0.86257994,1.4503003,2.0261178,-0.30405223,-0.2435166,0.21258363,0.84777534,1.5156995,2.0427256
0.3541416525840759,-0.30385724,-0.24281129,0.21569963,0.8497334,1.4820573,1.9861381,-0.3503437,-0.17793949,0.0049424134,1.0980119,1.5861565,1.3166014,-0.30396417,-0.23905312,0.21366306,0.86663216,1.5141928,2.0499964,-0.303621,-0.24181287,0.21561503,0.85186076,1.4577986,1.9749036
0.35614246129989624,-0.3034227,-0.24110718,0.21866792,0.8536853,1.4850515,1.9641545,-0.35032746,-0.1757382,0.008114726,1.1006451,1.5438612,1.2208184,-0.30353078,-0.23731165,0.21669145,0.8707321,1.4563493,1.9814063,-0.30318394,-0.24010125,0.21853063,0.8558106,1.5216058,1.999013
0.35814327001571655,-0.3029822,-0.2393952,0.22164227,0.85759306,1.488101,1.941945,-0.35030505,-0.17353202,0.011202449,1.1030867,1.6169602,1.2215195,-0.3030916,-0.23556225,0.21960415,0.87469494,1.5204197,2.0049286,-0.30274078,-0.23838162,0.22157383,0.8598086,1.463754,1.9306244
0.3601440489292145,-0.30253577,-0.23767547,0.22462273,0.86145604,1.4912059,1.9195088,-0.35027617,-0.17132096,0.01443637,1.1055298,1.5748464,1.1249727,-0.3026463,-0.23380484,0.22264498,0.8787048,1.4626329,1.9357473,-0.30229178,-0.23665428,0.22450134,0.8636699,1.5277345,1.9543887
0.3621448576450348,-0.30208337,-0.23594804,0.2276095,0.86527395,1.4943652,1.8968481,-0.350241,-0.1691054,0.017586064,1.1077797,1.6481718,1.1251801,-0.30219516,-0.23203969,0.22557025,0.8825763,1.5268812,1.9589107,-0.30183667,-0.23491913,0.22755681,0.8675786,1.4699367,1.8854257
0.3641456663608551,-0.30162498,-0.23421301,0.23060265,0.86904633,1.4975863,1.8739493,-0.35019925,-0.16688533,0.020882407,1.11003,1.6062443,1.0278943,-0.3017379,-0.2302667,0.22862402,0.8864941,1.46916,1.8891282,-0.3013757,-0.23317643,0.23049669,0.87134945,1.5340887,1.9088469
0.3661464750766754,-0.3011606,-0.23247048,0.2336023,0.87277263,1.5008605,1.8508291,-0.35015106,-0.16466115,0.024094896,1.1120858,1.6797881,1.0276225,-0.30127478,-0.22848617,0.23156233,0.8902724,1.5335938,1.9119201,-0.30090857,-0.23142609,0.23356487,0.87516713,1.4763447,1.8393122
0.36814725399017334,-0.3006902,-0.23072056,0.23660852,0.8764524,1.5041919,1.8274807,-0.35009617,-0.16243288,0.027454473,1.1141411,1.638031,0.9296252,-0.3008055,-0.22669797,0.23462951,0.8940962,1.475931,1.841546,-0.30043554,-0.2296684,0.23651756,0.87884575,1.5406725,1.8623824
0.37014806270599365,-0.30021378,-0.22896332,0.2396215,0.8800853,1.5075827,1.8038993,-0.3500347,-0.16020088,0.030730534,1.1160004,1.7117826,0.92889917,-0.30033034,-0.2249024,0.23758137,0.8977793,1.5405452,1.8639715,-0.29995635,-0.22790325,0.23959891,0.8825705,1.4829882,1.7922671
0.37214887142181396,-0.2997313,-0.22719884,0.24264133,0.88367075,1.511032,1.7800866,-0.3499664,-0.15796517,0.0341541,1.1178582,1.67019,0.83020544,-0.299849,-0.2230994,0.24066246,0.90150726,1.4829497,1.7929957,-0.29947123,-0.22613093,0.24256489,0.88615507,1.5474912,1.8149852
0.3741496503353119,-0.29924282,-0.22542726,0.24566807,0.8872083,1.5145414,1.7560412,-0.34989142,-0.15572613,0.037494477,1.1195186,1.7441444,0.829039,-0.29936174,-0.2212892,0.24362835,0.90509325,1.5477488,1.8150517,-0.2989799,-0.22435136,0.24565987,0.88978505,1.489868,1.7442935
0.3761504590511322,-0.29874825,-0.22364862,0.24870193,0.89069754,1.5181092,1.7317648,-0.34980947,-0.15348378,0.040982764,1.1211767,1.7027036,0.72967213,-0.2988683,-0.21947175,0.24672385,0.90872335,1.4902261,1.7434751,-0.29848263,-0.22256482,0.24863961,0.89327365,1.5545465,1.7666591
0.3781512677669525,-0.2982476,-0.22186306,0.251743,0.894138,1.5217342,1.7072618,-0.3497207,-0.1512385,0.04438817,1.1226361,1.7768512,0.7280857,-0.2983689,-0.21764733,0.2497043,0.9122103,1.5552086,1.7651619,-0.29797912,-0.22077121,0.2517487,0.89680696,1.4969864,1.6953866
0.3801520764827728,-0.29774088,-0.22007066,0.25479138,0.8975292,1.5254234,1.6825179,-0.3496248,-0.14899032,0.047941875,1.1240922,1.735553,0.62807715,-0.29786327,-0.21581584,0.2528147,0.9157406,1.4977537,1.692975,-0.29746965,-0.2189708,0.25474268,0.90019774,1.5618415,1.717397
0.38215285539627075,-0.29722804,-0.21827155,0.25784716,0.90087056,1.529171,1.6575458,-0.349522,-0.14673962,0.05141298,1.1253483,1.8098819,0.62609464,-0.29735166,-0.21397759,0.25581023,0.9191266,1.5629213,1.7142862,-0.29695392,-0.21716353,0.25786635,0.9036325,1.5043472,1.6455443
0.38415366411209106,-0.29670906,-0.21646579,0.26091054,0.9041618,1.5329762,1.6323465,-0.34941193,-0.14448641,0.055032745,1.1266005,1.7687159,0.52548474,-0.29683378,-0.21213248,0.25893608,0.92255515,1.5055398,1.6414965,-0.29643217,-0.21534969,0.26087505,0.9069236,1.5693786,1.6672003
0.3861544728279114,-0.29618394,-0.21465348,0.26398158,0.9074024,1.536846,1.6069067,-0.34929478,-0.1422311,0.058570176,1.1276515,1.8432181,0.5231218,-0.2963099,-0.2102808,0.26194715,0.9258381,1.5708939,1.6624273,-0.29590413,-0.21352917,0.2640138,0.910258,1.5119513,1.5947633
0.3881552517414093,-0.2956527,-0.21283476,0.2670604,0.91059184,1.5407724,1.5812429,-0.34917027,-0.13997371,0.062256612,1.1286978,1.8021668,0.4219237,-0.2957797,-0.20842248,0.26508895,0.929163,1.5135857,1.5890391,-0.29537004,-0.21170227,0.2670377,0.9134475,1.57716,1.6160616
0.3901560604572296,-0.29511526,-0.2110097,0.27014717,0.9137297,1.5447623,1.5553412,-0.34903854,-0.13771462,0.06586094,1.1295416,1.8768324,0.4192089,-0.29524347,-0.2065578,0.26811612,0.93234104,1.5791239,1.6095979,-0.29482967,-0.20986891,0.270192,0.9166796,1.5198011,1.5430478
0.3921568691730499,-0.29457167,-0.2091784,0.273242,0.9168156,1.5488114,1.5292104,-0.3488993,-0.13545386,0.069614604,1.13038,1.835889,0.3174712,-0.29470092,-0.20468667,0.27127436,0.9355602,1.521897,1.5355992,-0.2942832,-0.20802937,0.2732316,0.9197657,1.5851866,1.5639888
0.39415767788887024,-0.29402187,-0.20734099,0.27634498,0.9198489,1.5529208,1.5028495,-0.34875274,-0.13319184,0.073286384,1.131015,1.910705,0.3144304,-0.2941523,-0.20280941,0.27431816,0.9386314,1.5876186,1.555785,-0.2937304,-0.20618358,0.27640197,0.9228937,1.5278962,1.4903953
0.39615845680236816,-0.29346585,-0.20549758,0.2794562,0.9228292,1.5570905,1.4762584,-0.3485985,-0.13092855,0.077107795,1.1316438,1.8698517,0.21216422,-0.2935973,-0.20092592,0.2774934,0.94174296,1.5304642,1.4811827,-0.2931715,-0.20433183,0.27945775,0.9258745,1.5934563,1.5109826
0.3981592655181885,-0.2929036,-0.20364824,0.28257588,0.9257561,1.5613208,1.4494376,-0.3484368,-0.1286644,0.0808475,1.1320682,1.9448066,0.20882565,-0.2930362,-0.19903651,0.28055432,0.9447053,1.5963688,1.5009918,-0.2926062,-0.20247404,0.28264466,0.9288964,1.5362381,1.4368116
0.4001600742340088,-0.2923351,-0.20179309,0.28570408,0.9286291,1.565613,1.4223834,-0.34826732,-0.12639943,0.084737115,1.1324859,1.9040296,0.10608831,-0.2924687,-0.1971411,0.28374708,0.9477073,1.5393008,1.4257987,-0.29203478,-0.2006105,0.28571713,0.93177,1.6019733,1.4570458
0.4021608531475067,-0.29176033,-0.19993228,0.28884086,0.93144774,1.5699633,1.3951055,-0.34809023,-0.124134034,0.08854517,1.132698,1.9791105,0.10246967,-0.29189503,-0.19523998,0.2868257,0.9505589,1.6053864,1.4452432,-0.29145694,-0.19874114,0.2889211,0.9346841,1.5448232,1.3823001
0.404161661863327,-0.29117927,-0.19806585,0.29198647,0.9342116,1.5743746,1.3675964,-0.34790522,-0.12186823,0.09250339,1.132903,1.938397,-0.0007113656,-0.29131496,-0.19333307,0.29003647,0.95344937,1.5483835,1.3694481,-0.2908729,-0.19686624,0.29201072,0.9374487,1.6107329,1.4021809
0.40616247057914734,-0.2905919,-0.19619395,0.29514095,0.9369202,1.5788443,1.3398633,-0.34771246,-0.11960243,0.09638019,1.1329015,2.0135934,-0.004571772,-0.2907287,-0.1914207,0.29313323,0.95618826,1.6146517,1.388519,-0.29028243,-0.19498573,0.29523218,0.940253,1.5536529,1.3268661
0.40816327929496765,-0.2899982,-0.19431669,0.29830444,0.9395731,1.5833762,1.3118987,-0.34751165,-0.117336646,0.10040738,1.1328924,1.9729216,-0.10815363,-0.29013595,-0.18950278,0.29636252,0.9589653,1.5577278,1.3121367,-0.28968576,-0.19309992,0.2983395,0.94290674,1.619735,1.3463979
0.4101640582084656,-0.2893982,-0.1924342,0.30147702,0.9421698,1.5879648,1.2837133,-0.34730294,-0.1150713,0.10435322,1.132676,2.048219,-0.112229064,-0.28953698,-0.1875796,0.29947796,0.9615896,1.6241773,1.3308381,-0.2890826,-0.19120872,0.30157897,0.94559956,1.562724,1.2705188
0.4121648669242859,-0.2887918,-0.19054656,0.30465886,0.9447099,1.5926118,1.2553048,-0.34708604,-0.112806395,0.10844966,1.1324515,2.0075817,-0.21619074,-0.28893152,-0.1856511,0.30272633,0.9642513,1.5673316,1.2538747,-0.2884732,-0.18931244,0.30470443,0.9481406,1.6289767,1.2897038
0.4141656756401062,-0.28817904,-0.18865389,0.30785006,0.9471929,1.5973175,1.226673,-0.34686112,-0.11054236,0.11246482,1.1320192,2.082968,-0.22045234,-0.2883198,-0.18371758,0.305861,0.966759,1.633959,1.2722162,-0.28785726,-0.18741101,0.3079624,0.95072,1.5720344,1.2132638
0.4161664843559265,-0.2875599,-0.1867563,0.31105074,0.9496184,1.6020817,1.1978178,-0.34662786,-0.1082792,0.11663076,1.1315782,2.04234,-0.3247427,-0.28770155,-0.18177897,0.3091289,0.9693034,1.5771899,1.1946613,-0.28723505,-0.18550472,0.31110644,0.9531465,1.6384561,1.2321061
0.41816726326942444,-0.28693435,-0.18485394,0.31426096,0.9519859,1.6069025,1.1687448,-0.34638643,-0.10601734,0.12071544,1.1309288,2.117799,-0.32916364,-0.28707698,-0.17983559,0.31228328,0.97169274,1.6439879,1.2126497,-0.28660628,-0.1835935,0.31438336,0.95561075,1.5815811,1.1551108
0.42016807198524475,-0.28630236,-0.18294688,0.31748092,0.95429504,1.6117791,1.1394545,-0.34613654,-0.1037568,0.124951035,1.1302705,2.0771706,-0.4337374,-0.28644583,-0.17788735,0.31557125,0.97411805,1.5872853,1.1345301,-0.2859712,-0.18167765,0.31754652,0.95792097,1.6481695,1.1736153
0.42216888070106506,-0.2856639,-0.18103525,0.32071072,0.9565454,1.6167114,1.1099478,-0.34587833,-0.10149799,0.12910537,1.129403,2.1526892,-0.4382845,-0.28580832,-0.17593458,0.31874582,0.97638714,1.6542577,1.1521668,-0.28532952,-0.17975712,0.32084286,0.9602682,1.591358,1.0960733
0.424169659614563,-0.28501898,-0.17911921,0.32395038,0.9587365,1.6217006,1.0802238,-0.3456115,-0.09924094,0.13341075,1.1285264,2.1120343,-0.54309446,-0.2851642,-0.1739772,0.32205433,0.97869146,1.5976311,1.0734779,-0.28468147,-0.1778322,0.32402557,0.96246034,1.6581103,1.114245
0.4261704683303833,-0.28436756,-0.17719883,0.3272001,0.9608679,1.626744,1.0502875,-0.34533623,-0.096986055,0.13763481,1.1274402,2.1876016,-0.54773664,-0.2845137,-0.17201552,0.32524958,0.9808384,1.6647761,1.0907634,-0.28402677,-0.17590283,0.3273418,0.96468884,1.6013625,1.0361615
0.4281712770462036,-0.28370965,-0.17527424,0.33046,0.9629392,1.6318408,1.0201409,-0.3450522,-0.094733365,0.14201002,1.1263448,2.1469088,-0.6527596,-0.28385654,-0.17004947,0.32857913,0.98301995,1.6082137,1.0115129,-0.2833657,-0.17396931,0.33054453,0.9667612,1.6682756,1.0540063
0.4301720857620239,-0.2830452,-0.17334557,0.33373016,0.96494997,1.6369901,0.9897862,-0.3447596,-0.09248329,0.14630383,1.1250393,2.2225018,-0.6574483,-0.28319296,-0.16807939,0.33179554,0.985043,1.6755202,1.0284654,-0.28269795,-0.17203158,0.33388108,0.9688692,1.6115872,0.9753943
0.43217286467552185,-0.2823742,-0.17141296,0.33701062,0.96689975,1.642193,0.9592222,-0.3444581,-0.090235844,0.15074883,1.1237245,2.1817431,-0.76261824,-0.28252268,-0.1661052,0.33514658,0.98709995,1.6190271,0.9486658,-0.28202373,-0.17008995,0.33710426,0.97082,1.6786585,0.9929173
0.43417367339134216,-0.28169662,-0.16947648,0.34030157,0.9687882,1.6474465,0.9284543,-0.3441479,-0.087991446,0.15511233,1.1221992,2.2573545,-0.767338,-0.2818459,-0.1641272,0.33838463,0.9889973,1.686497,0.9652849,-0.2813428,-0.16814433,0.34046158,0.97280586,1.6220274,0.9137833
0.4361744821071625,-0.28101245,-0.16753629,0.3436031,0.9706149,1.6527506,0.8974837,-0.34382865,-0.08575012,0.15962704,1.1206645,2.2165217,-0.8726339,-0.28116238,-0.16214535,0.34175763,0.9909279,1.630063,0.8849488,-0.28065538,-0.16619506,0.34370562,0.9746334,1.6892526,0.9309941
0.4381752610206604,-0.28032166,-0.16559252,0.34691525,0.97237945,1.6581059,0.86630946,-0.34350052,-0.08351228,0.16406009,1.1189193,2.2921348,-0.8773378,-0.28047234,-0.16015995,0.34501776,0.9926978,1.6976905,0.9012472,-0.27996123,-0.16424207,0.34708413,0.9764954,1.6326742,0.851347
0.4401760697364807,-0.27962422,-0.16364527,0.3502382,0.9740814,1.6635064,0.83494323,-0.34316322,-0.081277944,0.16864435,1.1171646,2.2511947,-0.9827011,-0.2797755,-0.15817094,0.34841314,0.9945003,1.6413114,0.8203947,-0.27926052,-0.16228567,0.3503495,0.97819805,1.7000499,0.8682521
0.442176878452301,-0.27892014,-0.16169466,0.353572,0.9757204,1.6689568,0.8033774,-0.34281692,-0.079047546,0.17314674,1.1151992,2.3267932,-0.9873741,-0.2790721,-0.15617865,0.35169578,0.9961411,1.7090932,0.83637553,-0.278553,-0.1603258,0.35374957,0.9799346,1.643522,0.7881045
0.44417768716812134,-0.27820936,-0.15974085,0.35691676,0.97729605,1.6744534,0.77161837,-0.34246132,-0.076821096,0.17780033,1.1132245,2.2857401,-1.0927492,-0.2783619,-0.15418303,0.35511395,0.9978138,1.6527697,0.7550005,-0.27783895,-0.15836278,0.35703662,0.98151076,1.7110425,0.8047155
0.44617846608161926,-0.2774919,-0.15778397,0.3602725,0.978808,1.6799928,0.73967445,-0.34209657,-0.07459902,0.18237181,1.111039,2.3613038,-1.0973307,-0.27764505,-0.15218438,0.35841948,0.99932384,1.7207028,0.7706728,-0.27711803,-0.15639654,0.3604587,0.9831202,1.6545593,0.7240785
0.4481792747974396,-0.2767677,-0.15582411,0.3636394,0.98025584,1.6855779,0.70753944,-0.34172237,-0.07238133,0.18709442,1.1088444,2.3201098,-1.2026883,-0.27692133,-0.15018265,0.36186087,1.0008652,1.6644267,0.68880767,-0.2763905,-0.1544274,0.36376783,0.98456836,1.7222221,0.74039996
0.4501800835132599,-0.27603674,-0.1538614,0.36701757,0.9816392,1.6912042,0.67522347,-0.3413389,-0.07016846,0.19173464,1.106439,2.3956301,-1.2071589,-0.27619097,-0.14817816,0.36518973,1.0022428,1.7325052,0.70418435,-0.27565607,-0.1524553,0.36721227,0.9860492,1.6657795,0.6592886
0.4521808624267578,-0.27529904,-0.15189603,0.37040696,0.9829577,1.6968732,0.64272445,-0.34094584,-0.06796041,0.1965259,1.1040246,2.354275,-1.3124483,-0.27545366,-0.14617085,0.36865473,1.0036511,1.676264,0.62182623,-0.27491498,-0.15048057,0.37054384,0.98736775,1.7335789,0.6753327
0.4541816711425781,-0.27455452,-0.14992805,0.3738078,0.984211,1.7025816,0.6100478,-0.34054336,-0.06575761,0.20123444,1.1013998,2.4297318,-1.3167669,-0.27470964,-0.14416106,0.37200725,1.0048949,1.7444822,0.6369146,-0.27416697,-0.14850312,0.374011,0.9887184,1.6771713,0.5937585
0.45618247985839844,-0.2738032,-0.14795764,0.37722006,0.98539877,1.7083278,0.57719874,-0.34013116,-0.063560076,0.2060939,1.0987662,2.3881936,-1.421942,-0.27395865,-0.14214872,0.3754962,1.0061687,1.6882876,0.55408925,-0.27341223,-0.14652331,0.37736535,0.9899059,1.7451018,0.60953695
0.45818328857421875,-0.27304503,-0.1459849,0.38064387,0.98652065,1.7141126,0.5441746,-0.33970943,-0.06136823,0.2108703,1.0959224,2.463574,-1.4260774,-0.2732009,-0.14013417,0.37887278,1.0072769,1.7566389,0.56890786,-0.2726505,-0.14454105,0.38085556,0.991125,1.688723,0.5275159
0.4601840674877167,-0.27228,-0.14401002,0.38407925,0.98757625,1.7199311,0.5109869,-0.33927783,-0.05918209,0.21579744,1.0930701,2.421836,-1.5310885,-0.27243614,-0.13811734,0.38238606,1.0084147,1.700465,0.48563278,-0.27188206,-0.1425567,0.384233,0.99218,1.7567788,0.54303855
0.462184876203537,-0.2715081,-0.14203307,0.38752636,0.98856527,1.7257859,0.4776309,-0.33883655,-0.05700207,0.2206411,1.090008,2.4971237,-1.5350062,-0.27166456,-0.13609856,0.38578698,1.0093861,1.7689463,0.50018436,-0.27110657,-0.14057016,0.38774654,0.99326605,1.7004244,0.46058694
0.4641856849193573,-0.27072927,-0.14005421,0.39098522,0.9894874,1.7316709,0.44411764,-0.33838528,-0.054828197,0.22563535,1.086938,2.4551654,-1.6398059,-0.2708859,-0.13407779,0.38932487,1.0103865,1.7128047,0.4164654,-0.2703243,-0.13858178,0.3911474,0.99418724,1.7686018,0.4758644
0.4661864638328552,-0.26994354,-0.1380736,0.39445582,0.9903423,1.7375873,0.41044766,-0.33792418,-0.05266088,0.23054568,1.0836585,2.530346,-1.6434706,-0.2701004,-0.13205534,0.39275047,1.0112194,1.7814018,0.43077847,-0.26953492,-0.13659151,0.3946846,0.99513894,1.7122613,0.3929982
0.46818727254867554,-0.26915082,-0.1360913,0.39793834,0.99112976,1.7435334,0.3766224,-0.33745298,-0.050500136,0.23560637,1.0803715,2.4881413,-1.7480185,-0.2693078,-0.13003118,0.39631328,1.0120809,1.7252738,0.34664372,-0.2687387,-0.13459966,0.39810914,0.99592495,1.7805523,0.4080447
0.47018808126449585,-0.26835114,-0.13410752,0.40143278,0.99184936,1.7495066,0.34264955,-0.33697182,-0.048346385,0.24058266,1.0768754,2.5631967,-1.751394,-0.26850826,-0.12800564,0.39976382,1.0127742,1.7939883,0.36072257,-0.26793534,-0.13260618,0.40167025,0.99674106,1.7242224,0.324782
0.47218888998031616,-0.26754445,-0.13212235,0.4049392,0.99250084,1.7555064,0.30852863,-0.3364804,-0.04619964,0.24570905,1.0733726,2.5207326,-1.8556403,-0.26770157,-0.12597865,0.4033518,1.0134957,1.7378612,0.27618843,-0.2671251,-0.13061139,0.4051187,0.9973906,1.7926214,0.33960992
0.4741896688938141,-0.26673073,-0.13013598,0.4084576,0.9930839,1.7615287,0.2742703,-0.3359789,-0.044060316,0.2507505,1.0696614,2.5956457,-1.8586872,-0.2668879,-0.123950556,0.40682754,1.0140481,1.8066834,0.29004434,-0.26630768,-0.12861525,0.40870395,0.9980698,1.7362933,0.2559658
0.4761904776096344,-0.26590994,-0.12814848,0.41198814,0.9935983,1.7675741,0.23987205,-0.335467,-0.04192843,0.2559418,1.065944,2.552902,-1.9625912,-0.26606703,-0.1219213,0.4104409,1.0146282,1.750567,0.2051349,-0.26548332,-0.12661809,0.41217655,0.99858177,1.8047926,0.27059123
0.4781912863254547,-0.2650821,-0.12616003,0.41553077,0.9940437,1.773638,0.20534459,-0.3349449,-0.03980439,0.2610476,1.0620188,2.6276624,-1.9652781,-0.26523915,-0.11989123,0.41394204,1.0150385,1.8194882,0.21879262,-0.26465175,-0.12461984,0.41578615,0.999123,1.7484591,0.18658668
0.48019206523895264,-0.26424715,-0.12417077,0.4190855,0.99441993,1.7797211,0.17068738,-0.3344123,-0.037688214,0.2663029,1.0580882,2.5846093,-2.0687993,-0.264404,-0.11786027,0.41758102,1.0154761,1.7633554,0.13351001,-0.26381317,-0.12262085,0.41928306,0.99949616,1.8170522,0.20102215
0.48219287395477295,-0.26340508,-0.12218081,0.42265248,0.99472666,1.7858202,0.13590644,-0.33386937,-0.035580315,0.27147213,1.0539505,2.6591952,-2.0710888,-0.2635618,-0.11582878,0.42110774,1.0157431,1.8323727,0.14697443,-0.26296735,-0.120621055,0.42291716,0.9998982,1.760706,0.11667487
0.48419368267059326,-0.26255587,-0.12019031,0.42623168,0.9949637,1.7919344,0.10100406,-0.3333158,-0.033480696,0.27679053,1.0498084,2.6158261,-2.174164,-0.26271224,-0.11379671,0.42477247,1.0160371,1.7762282,0.061366037,-0.26211447,-0.11862079,0.42643857,1.0001315,1.8293856,0.13093562
0.4861944913864136,-0.26169947,-0.11819939,0.42982313,0.9951308,1.7980607,0.06598716,-0.33275175,-0.031389777,0.28202218,1.0454601,2.690228,-2.1760263,-0.2618556,-0.111764394,0.42832494,1.0161599,1.8453274,0.07466659,-0.26125428,-0.116620004,0.43009734,1.0003934,1.773017,0.046268515
0.4881952702999115,-0.2608359,-0.11620825,0.4334268,0.9952277,1.8041965,0.03086155,-0.33217695,-0.029307561,0.28740263,1.041108,2.6465087,-2.2786262,-0.26099157,-0.10973178,0.4320156,1.0163093,1.7891445,-0.011264442,-0.260387,-0.11461903,0.43364337,1.0004859,1.8417758,0.060371332
0.4901960790157318,-0.25996506,-0.114216946,0.4370428,0.9952542,1.8103403,-0.0043701753,-0.33159158,-0.02723446,0.29269564,1.0365508,2.72071,-2.280028,-0.2601204,-0.10769921,0.43559387,1.0162867,1.858324,0.001872344,-0.25951234,-0.11261782,0.4373269,1.0006067,1.785375,-0.024594992
0.4921968877315521,-0.259087,-0.11222567,0.4406711,0.9952102,1.8164903,-0.03970323,-0.3309953,-0.025170477,0.29813707,1.0319906,2.6766276,-2.3821042,-0.25924176,-0.10566663,0.43931052,1.0162904,1.8021156,-0.08434261,-0.25863054,-0.11061671,0.44089764,1.0005574,1.8542045,-0.0106337685
0.49419769644737244,-0.25820166,-0.11023454,0.44431168,0.9950953,1.8226439,-0.07513181,-0.3303883,-0.023116024,0.3034903,1.0272264,2.7506158,-2.3830185,-0.25835592,-0.10363439,0.44291475,1.0161217,1.8713588,-0.07133553,-0.25774133,-0.10861564,0.44460607,1.0005362,1.7977626,-0.09587719
0.49619847536087036,-0.25730905,-0.10824375,0.44796455,0.99490947,1.828799,-0.110651046,-0.32977033,-0.021071102,0.30899155,1.0224605,2.7061622,-2.4845383,-0.2574626,-0.10160243,0.44665748,1.015979,1.8150973,-0.15782216,-0.25684494,-0.10661495,0.4482016,1.0003444,1.8666558,-0.082043216
0.4981992840766907,-0.25640908,-0.10625337,0.4516298,0.99465245,1.834953,-0.14625621,-0.32914153,-0.01903612,0.31440386,1.0174913,2.7799196,-2.484921,-0.25656202,-0.0995711,0.45028767,1.0156634,1.8844008,-0.14493677,-0.25594106,-0.104614586,0.4519349,1.0001804,1.8101649,-0.16754256
0.500200092792511,-0.25550178,-0.10426358,0.45530733,0.99432415,1.8411047,-0.18194354,-0.3285016,-0.017011076,0.3199637,1.0125215,2.7350552,-2.5858307,-0.25565392,-0.097540356,0.45405647,1.0153735,1.8280872,-0.23166576,-0.25502995,-0.102614895,0.45555523,0.99984527,1.8791124,-0.15381506
0.5022009015083313,-0.2545871,-0.102274515,0.4589972,0.9939244,1.8472503,-0.21770495,-0.32785076,-0.014996376,0.3254338,1.0073498,2.8085718,-2.585662,-0.25473848,-0.095510535,0.45771265,1.0149101,1.8974384,-0.21886924,-0.25411132,-0.10061582,0.45931345,0.99953765,1.8225607,-0.23954585
0.5042017102241516,-0.25366506,-0.10028632,0.46269932,0.99345297,1.8533866,-0.25353348,-0.32718867,-0.012992019,0.33105093,1.0021785,2.7632937,-2.685918,-0.25381547,-0.09348159,0.46150753,1.0144724,1.8410552,-0.30582538,-0.2531854,-0.0986177,0.46295857,0.99905854,1.8915542,-0.22590934
0.5062024593353271,-0.2527356,-0.0982992,0.46641362,0.9929098,1.8595152,-0.28943202,-0.32651553,-0.0109984055,0.33657753,0.99680674,2.8365507,-2.6851616,-0.2528851,-0.09145387,0.46518964,1.0138607,1.9104452,-0.29310745,-0.2522519,-0.09662049,0.46674168,0.99860674,1.8349326,-0.31184816
0.5082032680511475,-0.2517987,-0.09631318,0.47014028,0.9922947,1.8656281,-0.32538447,-0.32583103,-0.009015532,0.34225065,0.9914364,2.7908335,-2.7847307,-0.25194708,-0.08942732,0.46901053,1.0132744,1.8539853,-0.38025394,-0.25131106,-0.09462453,0.47041154,0.99798304,1.9039629,-0.29828295
0.5102040767669678,-0.25085428,-0.09432846,0.47387916,0.99160767,1.8717284,-0.361396,-0.32513535,-0.0070437985,0.34783232,0.98586696,2.8638227,-2.7833583,-0.25100163,-0.08740229,0.4727185,1.0125139,1.9234053,-0.36759448,-0.25036263,-0.09262975,0.47421947,0.99738646,1.8472606,-0.38440526
0.5122048854827881,-0.2499024,-0.09234519,0.47763023,0.99084854,1.877809,-0.39745188,-0.32442823,-0.0050831977,0.35355997,0.98030025,2.8176513,-2.8822024,-0.2500485,-0.085378736,0.47656533,1.0117787,1.8668542,-0.45490038,-0.2494068,-0.090636514,0.477914,0.9966176,1.9163193,-0.3708929
0.5142056941986084,-0.24894299,-0.09036352,0.48139343,0.9900172,1.8838712,-0.43355483,-0.32370985,-0.0031341258,0.35919526,0.9745358,2.8903556,-2.8801823,-0.24908789,-0.083357,0.48029903,1.0108689,1.9362955,-0.44227487,-0.2484433,-0.088644765,0.48174664,0.99587584,1.8595248,-0.45717266
0.5162065029144287,-0.24797603,-0.08838358,0.48516873,0.98911357,1.8899103,-0.4696937,-0.3229799,-0.0011965749,0.36497596,0.96877545,2.8437152,-2.978264,-0.24811955,-0.08133703,0.48417163,1.0099844,1.8796332,-0.5297213,-0.24747238,-0.08665484,0.4854657,0.9949615,1.9286021,-0.4436936
0.518207311630249,-0.24700151,-0.086405516,0.4889561,0.9881376,1.8959236,-0.50586313,-0.32223856,0.00072906306,0.3706634,0.9628189,2.9161267,-2.9755738,-0.24714369,-0.07931918,0.4879309,1.008925,1.9490846,-0.51711565,-0.24649373,-0.08466669,0.4893229,0.9940741,1.871706,-0.53010595
0.5202080607414246,-0.24601944,-0.08442954,0.49275535,0.9870893,1.9019097,-0.5420599,-0.32148558,0.0026427987,0.37649566,0.95686775,2.8689973,-3.0728505,-0.24616003,-0.077303395,0.49182907,1.0078907,1.892318,-0.6046736,-0.2455076,-0.082680665,0.4930663,0.9930139,1.9407929,-0.5166403
0.5222088694572449,-0.24502972,-0.08245567,0.49656668,0.9859685,1.9078645,-0.5782753,-0.32072112,0.0045442428,0.38223365,0.95072204,2.9411004,-3.069452,-0.2451688,-0.07529003,0.4956137,1.0066813,1.9617755,-0.5920673,-0.2445137,-0.0806967,0.49694788,0.9919806,1.8837805,-0.60315996
0.5242096781730652,-0.24403235,-0.08048412,0.5003899,0.9847752,1.9137866,-0.61450577,-0.3199449,0.006433409,0.38811585,0.9445831,2.8934672,-3.165902,-0.24416973,-0.07327904,0.49953726,1.0054972,1.9048747,-0.6797104,-0.24351227,-0.07871515,0.50071543,0.9907743,1.9528679,-0.5896906
0.5262104868888855,-0.24302733,-0.07851503,0.5042249,0.9835094,1.9196742,-0.6507474,-0.3191571,0.008309912,0.39390278,0.9382513,2.965251,-3.1617763,-0.24316303,-0.071270764,0.503347,1.0041378,1.9743226,-0.6670806,-0.24250303,-0.076735966,0.50462115,0.9895949,1.8957324,-0.6762876
0.5282112956047058,-0.24201463,-0.07654855,0.50807166,0.9821711,1.9255208,-0.6869863,-0.31835744,0.010173768,0.3998333,0.93192774,2.917095,-3.2573445,-0.24214844,-0.06926516,0.5072956,1.0028036,1.917286,-0.7547787,-0.2414862,-0.07475948,0.5084126,0.9882423,1.9648091,-0.6627899
0.5302121043205261,-0.24099422,-0.07458481,0.51193005,0.98076034,1.9313282,-0.7232256,-0.3175461,0.0120245945,0.40566748,0.9254131,2.988551,-3.2524734,-0.24112618,-0.06726257,0.51113015,1.001294,1.9867156,-0.7421042,-0.24046153,-0.07278565,0.5123422,0.9869167,1.9075338,-0.7494405
0.5322129130363464,-0.23996606,-0.07262397,0.51580006,0.9792771,1.937091,-0.7594549,-0.3167228,0.013862411,0.41164458,0.9189081,2.9398613,-3.3471453,-0.24009597,-0.06526295,0.5151036,0.9998098,1.9295267,-0.82981884,-0.23942922,-0.07081482,0.51615727,0.98541784,1.9765908,-0.7358965
0.534213662147522,-0.2389302,-0.070666224,0.5196814,0.9777214,1.9428079,-0.7956683,-0.31588775,0.015686838,0.4175243,0.9122138,3.0109737,-3.3414955,-0.23905805,-0.06326665,0.5189626,0.99815017,1.9989235,-0.81707,-0.238389,-0.068846926,0.5201104,0.983946,1.9191687,-0.8225708
0.5362144708633423,-0.23788652,-0.06871161,0.52357423,0.97609323,1.9484744,-0.83185923,-0.31504065,0.017497899,0.42354625,0.9055308,2.9617467,-3.4352317,-0.23801212,-0.06127362,0.5229605,0.99651605,1.9415735,-0.9047892,-0.2373411,-0.06688233,0.5239488,0.9823009,1.9881957,-0.8089581
0.5382152795791626,-0.23683505,-0.066760324,0.5274784,0.97439265,1.9540889,-0.8680234,-0.31418172,0.01929522,0.42946973,0.89866036,3.0325058,-3.4287736,-0.23695843,-0.059284206,0.5268436,0.99470645,2.0109293,-0.89195246,-0.23628525,-0.06492096,0.5279252,0.98068297,1.9306105,-0.8956309
0.5402160882949829,-0.23577575,-0.06481251,0.5313937,0.9726198,1.9596511,-0.9041578,-0.31331065,0.021078825,0.43553475,0.8918028,2.982706,-3.5215454,-0.23589669,-0.057298362,0.5308655,0.99292254,1.9533976,-0.9796294,-0.23522168,-0.06296318,0.53178644,0.97889173,1.9995973,-0.88192904
0.5422168970108032,-0.2347086,-0.06286832,0.5353201,0.9707746,1.9651529,-0.9402474,-0.31242764,0.022848345,0.44150016,0.8847597,3.0531015,-3.514267,-0.23482715,-0.055316437,0.5347723,0.9909633,2.0227025,-0.9666791,-0.23415011,-0.061008923,0.5357856,0.97712785,1.9418398,-0.96856946
0.5442177057266235,-0.2336336,-0.06092789,0.53925747,0.9688573,1.9705946,-0.9762918,-0.31153244,0.024603808,0.44760635,0.8777312,3.0027354,-3.6060336,-0.23374951,-0.05333838,0.5388177,0.98902994,1.9649837,-1.0542912,-0.23307078,-0.05905854,0.5396693,0.9751907,2.0107763,-0.9547569
0.5462185144424438,-0.2325507,-0.05899137,0.5432056,0.9668679,1.9759741,-1.0122854,-0.31062523,0.026344847,0.45361182,0.87051916,3.07276,-3.5979102,-0.23266402,-0.051364537,0.5427477,0.98692137,2.0342271,-1.041203,-0.2319834,-0.05711198,0.5436908,0.9732812,1.9528332,-1.041339
0.5482192635536194,-0.23145992,-0.05705896,0.5471644,0.9648066,1.9812852,-1.0482156,-0.3097057,0.028071493,0.45975733,0.86332333,3.0218039,-3.6886563,-0.2315704,-0.04939486,0.5468161,0.98483896,1.9763005,-1.1287264,-0.2308882,-0.055169582,0.54759645,0.9711985,2.0217085,-1.0273926
0.5502200722694397,-0.23036118,-0.05513069,0.5511338,0.9626734,1.9865298,-1.0840861,-0.3087741,0.029783385,0.46580094,0.855946,3.0914476,-3.6796715,-0.23046885,-0.0474297,0.55076873,0.9825815,2.0454683,-1.1154785,-0.22978492,-0.053231295,0.55163985,0.9691437,1.9635662,-1.1138865
0.55222088098526,-0.22925448,-0.05320676,0.5551137,0.96046853,1.9917026,-1.1198858,-0.30783015,0.03148056,0.47198385,0.8485867,3.0398943,-3.7693574,-0.22935914,-0.045468997,0.5548597,0.98035055,1.9873337,-1.2028694,-0.22867379,-0.051297463,0.55556697,0.9669159,2.0323708,-1.0997875
0.5542216897010803,-0.22813982,-0.051287312,0.5591038,0.9581921,1.9968007,-1.1556072,-0.30687404,0.033162653,0.47806364,0.84104794,3.1091487,-3.759483,-0.22824147,-0.043513108,0.5588344,0.9779448,2.0564187,-1.1894333,-0.22755453,-0.04936803,0.5596317,0.9647163,1.9740183,-1.1861625
0.5562224984169006,-0.22701716,-0.04937249,0.56310403,0.9558443,2.0018218,-1.1912465,-0.30590546,0.034829713,0.48428193,0.833529,3.056982,-3.848096,-0.22711557,-0.041561976,0.5629472,0.9755659,1.9980441,-1.2766851,-0.22642738,-0.04744334,0.56357974,0.962344,2.0427408,-1.1718872
0.558223307132721,-0.2258865,-0.047462437,0.56711423,0.9534252,2.0067613,-1.226793,-0.30492467,0.03648138,0.4903959,0.8258328,3.1258354,-3.8373146,-0.22598168,-0.03961595,0.5669433,0.97301257,2.0670333,-1.2630477,-0.22529204,-0.04552334,0.5676652,0.9600002,1.9841669,-1.2581174
0.5602241158485413,-0.22474779,-0.045557294,0.57113427,0.9509352,2.011619,-1.2622459,-0.3039314,0.038117696,0.49664757,0.81815815,3.0730524,-3.924821,-0.22483952,-0.03767498,0.57107735,0.97048646,2.008431,-1.3501025,-0.22414878,-0.043608375,0.5716336,0.957484,2.052797,-1.2436438
0.5622248649597168,-0.22360107,-0.043657262,0.5751638,0.9483744,2.01639,-1.2975934,-0.3029258,0.039738312,0.50279367,0.8103085,3.1414995,-3.913117,-0.22368933,-0.035739407,0.5750942,0.96778625,2.077313,-1.3362327,-0.22299731,-0.04169838,0.57573915,0.9549967,1.9939862,-1.3296984
0.5642256736755371,-0.22244625,-0.041762367,0.5792029,0.9457429,2.0210738,-1.332836,-0.30190763,0.041343275,0.50907665,0.8024823,3.0880852,-3.9994972,-0.22253084,-0.033809178,0.57924885,0.96511376,2.018443,-1.423077,-0.22183785,-0.039793707,0.5797271,0.9523373,2.062514,-1.3150051
0.5662264823913574,-0.22128333,-0.039872807,0.5832513,0.94304097,2.025665,-1.3679618,-0.30087712,0.042932242,0.5152528,0.7944833,3.1561158,-3.9868522,-0.22136427,-0.03188464,0.58328575,0.9622676,2.08721,-1.4089632,-0.22067015,-0.037894294,0.5838521,0.9497073,2.003456,-1.4008558
0.5682272911071777,-0.2201123,-0.037988722,0.58730876,0.9402689,2.030163,-1.4029684,-0.29983398,0.04450526,0.5215651,0.7865096,3.102065,-4.072076,-0.22018935,-0.029965742,0.58746016,0.95944965,2.0280795,-1.4955564,-0.21949443,-0.036000483,0.58785903,0.9469056,2.0718706,-1.3859206
0.570228099822998,-0.21893314,-0.036110256,0.5913752,0.93742687,2.0345626,-1.4378445,-0.29877844,0.046061993,0.5277692,0.77836543,3.1696746,-4.058472,-0.21900631,-0.028052824,0.5915163,0.9564585,2.096714,-1.4811566,-0.21831043,-0.034112215,0.59200275,0.94413376,2.0125523,-1.4715389
0.5722289085388184,-0.21774583,-0.034237545,0.5954503,0.93451524,2.0388627,-1.4725877,-0.29771024,0.04760249,0.5341086,0.7702485,3.1149697,-4.1425285,-0.21781489,-0.02614583,0.59570974,0.9534962,2.037297,-1.5674772,-0.21711837,-0.032229833,0.59602785,0.94119066,2.080843,-1.4563402
0.5742297172546387,-0.21655037,-0.03237073,0.59953386,0.93153423,2.0430593,-1.5071898,-0.29662955,0.049126416,0.5403385,0.7619634,3.1821492,-4.127954,-0.21661532,-0.024245108,0.5997843,0.95036125,2.1057963,-1.5527877,-0.21591799,-0.030353278,0.60018957,0.93827796,2.0212522,-1.5416942
0.576230525970459,-0.21534672,-0.030509949,0.6036257,0.92848414,2.0471518,-1.5416486,-0.29553613,0.050633833,0.5467028,0.7537075,3.1267946,-4.2108116,-0.21540733,-0.022350596,0.6039959,0.9472557,2.046087,-1.6387987,-0.21470952,-0.028482888,0.6042321,0.93519455,2.0894089,-1.5262104
0.5782312750816345,-0.21413492,-0.028655393,0.60772556,0.9253653,2.0511343,-1.5759503,-0.29443023,0.052124403,0.5529564,0.7452859,3.1935344,-4.195239,-0.21419115,-0.02046264,0.6080881,0.9439781,2.1144352,-1.6237872,-0.21349269,-0.026618604,0.6084109,0.93214214,2.0295327,-1.6112735
0.5802320837974548,-0.21291487,-0.026807092,0.6118334,0.922178,2.055009,-1.6100998,-0.29331154,0.053598195,0.55934346,0.73689544,3.1375117,-4.276884,-0.21296652,-0.018581178,0.61231697,0.9407305,2.0544198,-1.7094643,-0.21226776,-0.024760764,0.61247,0.9289196,2.0975444,-1.5954813
0.5822328925132751,-0.2116866,-0.024965236,0.61594886,0.9189224,2.0587661,-1.6440779,-0.2921803,0.05505488,0.56561846,0.7283417,3.2038102,-4.260316,-0.21173367,-0.016706554,0.6164258,0.9373116,2.1226058,-1.6941075,-0.21103443,-0.022909306,0.61666507,0.9257287,2.037373,-1.6802258
0.5842337012290955,-0.21045008,-0.023129962,0.6200717,0.9155991,2.0624084,-1.6778877,-0.29103625,0.056494523,0.5720261,0.7198211,3.1471152,-4.3407154,-0.21049233,-0.014838708,0.62067103,0.93392336,2.062273,-1.779419,-0.20979296,-0.02106457,0.6207398,0.9223682,2.1052299,-1.6641055
0.5862345099449158,-0.20920531,-0.021301406,0.6242017,0.9122083,2.0659318,-1.7115215,-0.28987962,0.0579168,0.5783203,0.7111397,3.2129643,-4.3231306,-0.20924273,-0.012977978,0.62479556,0.93036455,2.1302867,-1.7636943,-0.20854306,-0.01922649,0.6249503,0.91904,2.0447483,-1.7484995
0.5882353186607361,-0.20795228,-0.0194797,0.6283387,0.9087504,2.069332,-1.744969,-0.28871012,0.059321787,0.58474624,0.7024934,3.1555922,-4.4022775,-0.20798463,-0.011124304,0.62905616,0.92683715,2.0696208,-1.8486136,-0.20728499,-0.017395403,0.62903976,0.915543,2.1124399,-1.732028
0.5902361273765564,-0.20669095,-0.017664978,0.63248235,0.90522575,2.0726085,-1.7782294,-0.287528,0.060709164,0.5910574,0.69368887,3.220987,-4.3836617,-0.20671824,-0.009278024,0.6331954,0.9231399,2.1374536,-1.8325057,-0.20601846,-0.015571245,0.63326466,0.912079,2.0516376,-1.8160456
0.5922368764877319,-0.20542136,-0.01585743,0.6366323,0.9016349,2.0757585,-1.811295,-0.286333,0.062079005,0.5974994,0.68492156,3.1629312,-4.4615474,-0.2054433,-0.0074390736,0.6374703,0.9194749,2.0764484,-1.9169977,-0.20474373,-0.013754351,0.63736796,0.9084469,2.1191537,-1.7992024
0.5942376852035522,-0.20414342,-0.014057079,0.64078856,0.8979779,2.0787766,-1.844157,-0.28512534,0.063431,0.6038252,0.67599845,3.2278655,-4.4418936,-0.20416005,-0.0056077917,0.6416232,0.9156409,2.144088,-1.900478,-0.20346051,-0.0119446535,0.6416063,0.9048485,2.058019,-1.8828146
0.5962384939193726,-0.20285717,-0.01226411,0.6449507,0.8942554,2.0816636,-1.8768133,-0.2839048,0.06476523,0.61028093,0.6671147,3.1691227,-4.5184846,-0.20286822,-0.0037841117,0.6459114,0.91183996,2.0827236,-1.9845154,-0.20216908,-0.0101424875,0.6457223,0.9010829,2.1253498,-1.8655798
0.5982393026351929,-0.20156257,-0.010478655,0.6491185,0.89046776,2.084415,-1.9092562,-0.28267154,0.06608138,0.61661917,0.6580777,3.2335896,-4.497774,-0.20156807,-0.0019683698,0.65007687,0.90787095,2.150162,-1.9675672,-0.20086913,-0.008347784,0.64997303,0.89735174,2.0638716,-1.9487585
0.6002401113510132,-0.20025963,-0.008700842,0.65329164,0.88661546,2.087028,-1.9414779,-0.28142536,0.06737955,0.62308633,0.6490822,3.1741464,-4.573057,-0.20025931,-0.0001604982,0.65437716,0.9039358,2.08843,-2.0511274,-0.19956093,-0.0065608756,0.6541008,0.89345425,2.1310067,-1.9311104
0.6022409200668335,-0.19894834,-0.0069308016,0.65746987,0.8826989,2.0895007,-1.9734751,-0.28016648,0.068659425,0.62943465,0.6399361,3.2381432,-4.5512867,-0.1989422,0.0016391691,0.658554,0.89983356,2.155652,-2.033724,-0.1982442,-0.0047816914,0.6583628,0.88959205,2.0691748,-2.013828
0.6042417287826538,-0.19762868,-0.0051686615,0.6616529,0.87871855,2.0918298,-2.0052404,-0.27889466,0.06992109,0.6359109,0.6308335,3.1780088,-4.6252556,-0.19761647,0.0034307013,0.66286534,0.89576614,2.093548,-2.1167653,-0.1969192,-0.0030105626,0.66250116,0.8855644,2.1361048,-1.9957455
0.6062424778938293,-0.19630069,-0.0034146006,0.6658404,0.874675,2.0940158,-2.0367718,-0.27761012,0.07116426,0.6422669,0.621583,3.2415323,-4.602413,-0.19628237,0.0052137664,0.66705245,0.8915326,2.1605468,-2.098884,-0.19558565,-0.0012474167,0.6667734,0.8815729,2.0739043,-2.0779762
0.6082432866096497,-0.19496427,-0.0016686411,0.6700322,0.87056845,2.0960522,-2.0680592,-0.27631262,0.072389014,0.64875,0.6123782,3.1806905,-4.675051,-0.19493963,0.006988436,0.67137355,0.8873348,2.098042,-2.1813972,-0.1942438,0.00050741725,0.6709212,0.87741697,2.1406198,-2.05944
0.61024409532547,-0.19361947,6.9039525e-05,0.6742279,0.8663996,2.0979378,-2.0990975,-0.2750024,0.07359507,0.6551114,0.60302806,3.2437341,-4.6511245,-0.1935885,0.00875438,0.67556965,0.882972,2.1648097,-2.1630287,-0.1928934,0.0022540134,0.6752024,0.8732981,2.0780442,-2.141155
0.6122449040412903,-0.19226627,0.0017983172,0.6784272,0.86216885,2.0996714,-2.1298828,-0.2736792,0.07478252,0.66159886,0.5937258,3.1821868,-4.722411,-0.19222869,0.010511672,0.6798993,0.87864596,2.1019151,-2.2449706,-0.19153468,0.0039920453,0.67935854,0.8690158,2.1445343,-2.1221442
0.6142457127571106,-0.19090466,0.0035190685,0.6826299,0.8578768,2.1012504,-2.1604104,-0.27234328,0.075951084,0.6679632,0.58428097,3.2447479,-4.697397,-0.19086048,0.012259984,0.68410313,0.874156,2.1684399,-2.2260885,-0.19016738,0.0057215886,0.68364763,0.86477154,2.0815706,-2.2033188
0.6162465214729309,-0.18953465,0.0052311714,0.6868355,0.8535239,2.1026707,-2.190671,-0.27099437,0.07710086,0.6744527,0.5748862,3.1824913,-4.7673264,-0.1894836,0.013999392,0.68844,0.8697038,2.1051333,-2.3074424,-0.18879177,0.0074423184,0.6878108,0.8603649,2.1478274,-2.183815
0.6182473301887512,-0.18815622,0.0069345045,0.69104385,0.8491107,2.1039312,-2.2206607,-0.26963273,0.07823156,0.6808177,0.56535155,3.2445645,-4.7412095,-0.1880983,0.01572957,0.6926503,0.86508894,2.1714077,-2.288026,-0.18740755,0.009154313,0.6921064,0.85599726,2.084467,-2.2644222
0.6202480792999268,-0.1867694,0.008628897,0.69525445,0.844638,2.1050313,-2.250378,-0.26825812,0.0793433,0.6873069,0.5558691,3.1815963,-4.8097606,-0.18670431,0.017450597,0.6969931,0.8605129,2.1076713,-2.3687654,-0.18601501,0.010857251,0.69627535,0.85146844,2.1504807,-2.2444067
0.6222488880157471,-0.18537411,0.010314332,0.6994672,0.84010595,2.1059644,-2.2798104,-0.2668708,0.0804358,0.6936701,0.54624957,3.243179,-4.7825384,-0.18530189,0.019162148,0.7012085,0.85577536,2.173686,-2.348803,-0.18461385,0.01255121,0.7005763,0.8469796,2.0867136,-2.3244216
0.6242496967315674,-0.18397039,0.011990641,0.7036816,0.83551526,2.1067333,-2.3089612,-0.26547047,0.081509165,0.70015645,0.5366845,3.179496,-4.8497057,-0.18389077,0.020864304,0.70555586,0.85107774,2.109535,-2.4288962,-0.18320435,0.014235872,0.7047497,0.84233075,2.1524749,-2.3038735
0.6262505054473877,-0.18255824,0.013657707,0.70789737,0.8308666,2.1073306,-2.3378148,-0.26405746,0.08256313,0.70651543,0.5269851,3.2405844,-4.8213696,-0.18247123,0.022556745,0.7097749,0.84621996,2.1752791,-2.40836,-0.18178624,0.015911318,0.70905465,0.837723,2.0882902,-2.3832726
0.628251314163208,-0.18113765,0.0153154135,0.7121142,0.82616043,2.107759,-2.3663762,-0.26263148,0.08359782,0.7129966,0.5173424,3.176183,-4.887142,-0.18104298,0.024239551,0.71412545,0.84140325,2.1106741,-2.487792,-0.18035978,0.01757723,0.7132312,0.8329565,2.1537921,-2.362178
0.6302521228790283,-0.17970863,0.016963648,0.7163317,0.8213974,2.108013,-2.3946333,-0.26119277,0.08461295,0.71934897,0.5075681,3.236773,-4.8576818,-0.17960629,0.025912406,0.7183468,0.8364277,2.1761396,-2.4666705,-0.17892471,0.019233696,0.7175388,0.8282321,2.0891826,-2.440935
0.6322529315948486,-0.17827117,0.018602295,0.7205496,0.8165782,2.1080925,-2.422586,-0.25974113,0.08560865,0.7258225,0.49785274,3.1716561,-4.9220476,-0.17816089,0.027575394,0.72269905,0.83149433,2.111097,-2.545401,-0.17748128,0.020880397,0.7217171,0.82335025,2.1544144,-2.4192715
0.6342536807060242,-0.17682531,0.020231195,0.72476727,0.8117035,2.1079934,-2.4502225,-0.2582768,0.08658467,0.7321658,0.48800865,3.231744,-4.891456,-0.17670704,0.029228201,0.72692126,0.82640356,2.176275,-2.5236683,-0.17602922,0.02251742,0.72602594,0.8185117,2.0893693,-2.4973638
0.6362544894218445,-0.17537098,0.021850336,0.7289847,0.80677366,2.107716,-2.4775462,-0.25679952,0.087541126,0.7386293,0.47822574,3.1659086,-4.9544044,-0.1752445,0.030870914,0.73127383,0.82135624,2.1107666,-2.6016984,-0.17456882,0.024144454,0.7302047,0.813517,2.1543243,-2.4751174
0.6382552981376648,-0.1739082,0.02345956,0.73320144,0.8017895,2.107258,-2.5045488,-0.2553096,0.08847776,0.7449611,0.46831694,3.2254946,-4.922681,-0.1737735,0.03250322,0.7354954,0.8161528,2.1756518,-2.5793476,-0.17309979,0.025761588,0.73451334,0.80856675,2.0888362,-2.552521
0.6402561068534851,-0.172437,0.025058756,0.73741704,0.7967517,2.1066153,-2.5312233,-0.2538068,0.0893947,0.7514121,0.45847157,3.1589413,-4.984204,-0.1722938,0.03412521,0.7398467,0.8109941,2.109687,-2.6566286,-0.17162241,0.027368512,0.73869103,0.80346173,2.1535058,-2.529674
0.6422569155693054,-0.17095736,0.02664782,0.7416312,0.7916608,2.1057887,-2.5575693,-0.25229135,0.09029171,0.75772995,0.44850317,3.218018,-4.951336,-0.17080566,0.035736572,0.74406606,0.8056808,2.1742694,-2.633636,-0.1701364,0.028965317,0.74299806,0.79840237,2.0875673,-2.6063664
0.6442577242851257,-0.16946928,0.028226644,0.7458435,0.7865175,2.1047735,-2.5835767,-0.25076303,0.09116891,0.764166,0.43860048,3.1507466,-5.0114236,-0.16930883,0.0373374,0.7484146,0.80041355,2.1078205,-2.7101643,-0.16864206,0.030551696,0.7471732,0.79318964,2.151944,-2.5829031
0.646258533000946,-0.16797277,0.029795127,0.7500536,0.78132254,2.1035712,-2.6092482,-0.2492221,0.09202606,0.7704675,0.42857763,3.2093155,-4.977411,-0.16780357,0.038927387,0.75263023,0.7949932,2.1720924,-2.6865203,-0.1671391,0.032127745,0.75147706,0.7880238,2.0855448,-2.6588643
0.6482592821121216,-0.16646789,0.03135312,0.75426096,0.7760767,2.1021774,-2.634572,-0.24766833,0.09286331,0.77688617,0.41862282,3.1413205,-5.036049,-0.16628963,0.040506627,0.7569744,0.78962016,2.1051736,-2.762267,-0.1656278,0.033693157,0.75564814,0.7827061,2.1496205,-2.6347685
0.6502600908279419,-0.16495456,0.03290061,0.75846547,0.7707803,2.1005902,-2.6595461,-0.24610199,0.09368041,0.7831688,0.4085507,3.199377,-5.0008845,-0.16476727,0.04207482,0.76118475,0.78409564,2.1691258,-2.7379477,-0.16410792,0.03524803,0.75994736,0.77743655,2.0827584,-2.7099748
0.6522608995437622,-0.1634328,0.03443745,0.7626666,0.7654344,2.0988111,-2.684172,-0.24452285,0.09447751,0.78956753,0.39854893,3.1306672,-5.05807,-0.16323622,0.043632057,0.765523,0.77861977,2.1017153,-2.8128932,-0.16257969,0.036792062,0.7641129,0.7720166,2.1465263,-2.6852312
0.6542617082595825,-0.16190265,0.03596355,0.76686394,0.7600395,2.0968342,-2.708436,-0.2429312,0.09525438,0.7958289,0.3884328,3.188209,-5.0217423,-0.16169676,0.045178045,0.76972646,0.772994,2.1653435,-2.78789,-0.16104287,0.038325354,0.7684059,0.76664615,2.0791886,-2.7596653
0.6562625169754028,-0.1603641,0.03747881,0.7710572,0.7545965,2.094661,-2.7323403,-0.2413268,0.096011154,0.8022053,0.37838933,3.118775,-5.077467,-0.16014865,0.046712883,0.77405715,0.7674182,2.097439,-2.862015,-0.15949774,0.03984761,0.7725643,0.7611268,2.1426418,-2.7342606
0.6582633256912231,-0.15881717,0.038983125,0.77524585,0.749106,2.0922892,-2.7558799,-0.23970991,0.09674762,0.8084429,0.3682344,3.1758022,-5.039985,-0.15859215,0.04823627,0.778252,0.7616942,2.1607356,-2.8363159,-0.15794404,0.041358925,0.77684957,0.75565827,2.0748267,-2.8078985
0.6602641344070435,-0.15726186,0.04047641,0.77942955,0.7435688,2.0897167,-2.77905,-0.23808032,0.09746393,0.8147945,0.35815442,3.1056554,-5.0942364,-0.157027,0.049748313,0.78257346,0.75602156,2.092338,-2.909604,-0.15638204,0.04285901,0.78099924,0.7500425,2.137958,-2.7818177
0.662264883518219,-0.15569824,0.04195853,0.78360784,0.73798573,2.086943,-2.8018467,-0.2364383,0.09815986,0.8210058,0.34796596,3.162162,-5.055583,-0.15545349,0.051248718,0.7867581,0.75020236,2.155297,-2.8831935,-0.15481149,0.044347968,0.78527516,0.7444789,2.0696564,-2.8546436
0.6642656922340393,-0.15412621,0.043429475,0.78778046,0.73235726,2.0839643,-2.8242645,-0.23478365,0.098835565,0.8273302,0.3378548,3.0912952,-5.108359,-0.15387136,0.05273759,0.79106873,0.74443597,2.0863912,-2.9556198,-0.15323266,0.045825507,0.78941447,0.7387696,2.1324599,-2.8278737
0.6662665009498596,-0.15254584,0.044889115,0.79194695,0.72668433,2.080782,-2.8463035,-0.23311663,0.09949084,0.8335128,0.3276381,3.1472852,-5.068544,-0.15228087,0.054214638,0.79524153,0.73852473,2.1490085,-2.9284883,-0.1516453,0.047291733,0.79367936,0.7331138,2.063668,-2.8998682
0.6682673096656799,-0.15095714,0.04633736,0.7961068,0.7209677,2.077393,-2.867956,-0.23143701,0.10012585,0.83980733,0.317501,3.075705,-5.1198373,-0.1506818,0.055679973,0.79953957,0.73266774,2.079595,-3.0000372,-0.15004969,0.048746362,0.7978067,0.7273141,2.1261373,-2.8723967
0.6702681183815002,-0.14936012,0.04777412,0.8002597,0.7152081,2.073798,-2.8892238,-0.22974509,0.10074037,0.84595877,0.30726135,3.1311703,-5.0788465,-0.14907439,0.05713331,0.8036988,0.72666764,2.1418614,-2.972166,-0.14844556,0.050189503,0.80205894,0.7215693,2.0568497,-2.943542
0.6722689270973206,-0.1477548,0.04919932,0.8044052,0.7094064,2.0699928,-2.910097,-0.22804065,0.10133458,0.85222113,0.29710364,3.0588775,-5.12864,-0.14745842,0.058574755,0.8079825,0.72072333,2.0719285,-3.0428228,-0.14683321,0.051620867,0.8061726,0.7156822,2.118979,-2.9153566
0.6742697358131409,-0.1461412,0.050612867,0.8085429,0.7035633,2.0659788,-2.9305768,-0.22632398,0.101908274,0.8583389,0.28684637,3.1138175,-5.08647,-0.14583416,0.06000403,0.81212634,0.7146377,2.1338382,-3.0142047,-0.1452124,0.05304057,0.81041056,0.7098515,2.0491908,-2.9856367
0.6762704849243164,-0.14451937,0.05201464,0.8126722,0.69767976,2.0617547,-2.9506598,-0.22459485,0.10246162,0.8645665,0.27667344,3.0408115,-5.1347666,-0.14420137,0.06142125,0.81639403,0.7086093,2.063395,-3.083953,-0.14358337,0.054448333,0.8145089,0.70388025,2.1109738,-2.956725
0.6782712936401367,-0.14288925,0.053404644,0.81679296,0.6917563,2.0573168,-2.9703379,-0.22285356,0.10299443,0.87064815,0.2664039,3.095229,-5.09142,-0.14256033,0.062826134,0.8205208,0.7024414,2.1249442,-3.0545745,-0.14194591,0.055844266,0.8187309,0.6979668,2.0406811,-3.0261235
0.680272102355957,-0.14125088,0.05478276,0.8209047,0.6857939,2.0526664,-2.9896138,-0.22109988,0.10350687,0.8768386,0.2562211,3.0215166,-5.13822,-0.14091079,0.0642188,0.8247707,0.6963322,2.0539732,-3.1234,-0.14030029,0.057228096,0.82281226,0.69191456,2.1021132,-2.9964752
0.6822729110717773,-0.1396043,0.056148905,0.82500684,0.6797933,2.0478008,-3.0084786,-0.21933413,0.10399876,0.88288164,0.24594465,3.0754082,-5.093693,-0.13925304,0.065598965,0.82887864,0.6900854,2.1151595,-3.093256,-0.13864626,0.058599938,0.8270165,0.6859216,2.031312,-3.064976
0.6842737197875977,-0.13794953,0.057503007,0.82909906,0.67375535,2.042722,-3.0269377,-0.21755606,0.104470275,0.8890325,0.23575726,3.0009863,-5.1389785,-0.13758682,0.066966765,0.83310896,0.6838989,2.0436664,-3.161142,-0.1369841,0.05995952,0.8310791,0.6797916,2.0923886,-3.034582
0.686274528503418,-0.13628657,0.05884499,0.8331809,0.6676809,2.0374255,-3.04498,-0.215766,0.10492124,0.89503443,0.2254793,3.0543506,-5.0932684,-0.13591242,0.06832192,0.8371963,0.67757666,2.104481,-3.1302168,-0.13531357,0.061306965,0.8352639,0.67372245,2.0210755,-3.1021705
0.6882753372192383,-0.13461547,0.060174786,0.8372519,0.6615708,2.0319142,-3.0626104,-0.21396372,0.10535182,0.90114313,0.21529277,2.9792268,-5.137041,-0.1342296,0.06966455,0.8414053,0.6713162,2.0324605,-3.1971538,-0.13363495,0.062642,0.83930606,0.6675181,2.0817912,-3.0710192
0.6902760863304138,-0.13293627,0.061492283,0.8413116,0.65542597,2.026182,-3.0798135,-0.21214952,0.105761856,0.9071016,0.20501868,3.0320632,-5.0901437,-0.13253866,0.0709944,0.8454702,0.6649219,2.0928993,-3.1654365,-0.13194801,0.063964754,0.8434696,0.66137606,2.009963,-3.1376822
0.6922768950462341,-0.13124892,0.06279749,0.8453597,0.649247,2.0202332,-3.096601,-0.21032318,0.106151536,0.9131657,0.19483839,2.9562364,-5.132397,-0.13083935,0.07231158,0.849656,0.65859103,2.0203462,-3.2314115,-0.13025303,0.065274954,0.84748954,0.6551007,2.070314,-3.1057656
0.6942777037620544,-0.12955348,0.0640903,0.84939563,0.6430348,2.0140643,-3.1129627,-0.20848502,0.10652068,0.9190782,0.18457359,3.0085435,-5.084315,-0.12913196,0.073615834,0.8536967,0.6521282,2.080408,-3.198907,-0.12854977,0.06657273,0.85163015,0.6488892,1.997969,-3.17149
0.6962785124778748,-0.12784998,0.06537064,0.85341907,0.63679034,2.0076752,-3.128897,-0.20663483,0.10686949,0.92509526,0.17440496,2.9320238,-5.125049,-0.12741624,0.074907295,0.8578575,0.6457304,2.0073297,-3.2638962,-0.12683852,0.067857824,0.8556261,0.6425462,2.0579507,-3.1387997
0.6982793211936951,-0.12613843,0.06663846,0.85742944,0.63051444,2.001067,-3.1444056,-0.20477292,0.1071978,0.9309593,0.16415486,2.983799,-5.0757747,-0.12569249,0.0761857,0.8618722,0.6392026,2.0670087,-3.2305837,-0.12511903,0.06913036,0.859742,0.63626856,1.9850863,-3.2035725
0.7002801299095154,-0.124418885,0.0678937,0.8614264,0.6242079,1.9942349,-3.159478,-0.20289907,0.107505806,0.9369269,0.1540033,2.9065828,-5.1149755,-0.12396047,0.077451184,0.8660062,0.63274145,1.9933915,-3.2945907,-0.123391606,0.07039008,0.86371213,0.6298614,2.044695,-3.1701002
0.7022809386253357,-0.12269135,0.069136284,0.8654095,0.6178717,1.9871829,-3.1741202,-0.2010136,0.10779335,0.9427401,0.14377336,2.9578276,-5.0645075,-0.12222049,0.078703485,0.869993,0.6261523,2.052685,-3.2604692,-0.121656,0.071637124,0.86780155,0.6235212,1.9713106,-3.2339108
0.7042816877365112,-0.12095591,0.07036613,0.8693781,0.6115068,1.9799085,-3.1883268,-0.19911629,0.10806064,0.9486557,0.13364434,2.8799171,-5.10218,-0.12047229,0.07994275,0.87409836,0.61963135,1.9785423,-3.323474,-0.11991251,0.07287123,0.87174416,0.6170534,2.0305426,-3.1996496
0.7062824964523315,-0.11921249,0.07158325,0.873332,0.60511374,1.9724091,-3.2020922,-0.19720747,0.108307526,0.95441556,0.12343998,2.9306295,-5.0505214,-0.11871618,0.08116872,0.87805545,0.6129844,2.0374475,-3.2885368,-0.1181609,0.07409254,0.87580526,0.6106541,1.9566364,-3.262486
0.7082833051681519,-0.11746118,0.072787546,0.87727076,0.59869355,1.9646884,-3.2154217,-0.19528691,0.1085342,0.96027684,0.11333894,2.852036,-5.0866547,-0.11695192,0.08238153,0.8821303,0.60640734,1.9627619,-3.3505337,-0.116401464,0.0753008,0.87971854,0.60412914,2.0154889,-3.2274294
0.7102841138839722,-0.115702,0.073978975,0.8811938,0.5922471,1.9567425,-3.228307,-0.19335495,0.10874053,0.9659809,0.10316563,2.9022157,-5.0338016,-0.11517981,0.08358094,0.8860558,0.5997063,2.021276,-3.3147757,-0.11463396,0.07649615,0.88374954,0.59767425,1.9410605,-3.2892826
0.7122849225997925,-0.113934994,0.07515748,0.8851007,0.5857754,1.9485738,-3.2407506,-0.19141138,0.10892673,0.9717853,0.09309802,2.8229382,-5.0684075,-0.11339961,0.084767096,0.8900984,0.59307677,1.9460634,-3.3757534,-0.1128587,0.07767834,0.88763165,0.5910957,1.9995298,-3.253424
0.7142857313156128,-0.11216018,0.07632301,0.88899106,0.5792792,1.9401791,-3.2527466,-0.18945651,0.10909265,0.9774312,0.08296121,2.8725867,-5.014364,-0.11161163,0.08593975,0.8939905,0.5863253,2.0041826,-3.3391674,-0.11107544,0.07884751,0.8916307,0.5845888,1.9245791,-3.314284
0.7162865400314331,-0.1103776,0.07747552,0.8928644,0.57275945,1.9315618,-3.2642999,-0.18749015,0.10923852,0.98317635,0.07293248,2.7926335,-5.047421,-0.10981563,0.087099046,0.89799887,0.57964694,1.9284344,-3.399123,-0.109284475,0.08000343,0.89547986,0.57796025,1.9826634,-3.2776186
0.7182873487472534,-0.108587295,0.07861496,0.8967203,0.566217,1.9227175,-3.2754004,-0.18551263,0.1093642,0.9887616,0.06283764,2.8417518,-4.9921837,-0.10801192,0.08824474,0.90185577,0.5728487,1.9861561,-3.3617022,-0.107485585,0.08114624,0.8994452,0.571405,1.9071901,-3.337478
0.720288097858429,-0.10678934,0.079741254,0.9005581,0.55965304,1.9136508,-3.2860558,-0.18352374,0.109469905,0.9944451,0.05285327,2.7611163,-5.0237107,-0.10620026,0.08937699,0.90582806,0.5661253,1.9098787,-3.4206226,-0.105679065,0.0822757,0.9032596,0.56473005,1.9648865,-3.3000011
0.7222889065742493,-0.10498367,0.08085443,0.9043777,0.553068,1.9043572,-3.2962577,-0.18152381,0.10955552,0.99996734,0.04280585,2.8097012,-4.967284,-0.104380965,0.090495564,0.9096478,0.55928403,1.9672021,-3.3823664,-0.103864685,0.083391964,0.90718937,0.55813,1.8888924,-3.35885
0.7242897152900696,-0.10317038,0.08195441,0.90817845,0.54646295,1.8948375,-3.306005,-0.17951263,0.109621264,1.0055867,0.032871284,2.728406,-4.997264,-0.1025538,0.091600604,0.9135822,0.5525193,1.8903923,-3.4402468,-0.10204275,0.08449479,0.9109672,0.55141234,1.9461999,-3.320558
0.7262905240058899,-0.1013495,0.083041154,0.91195995,0.5398389,1.8850936,-3.3153012,-0.17749055,0.10966702,1.0110435,0.022876754,2.7764592,-4.9396467,-0.10071907,0.09269188,0.917363,0.5456388,1.9473144,-3.4011536,-0.10021303,0.085584335,0.9148596,0.54477125,1.8696833,-3.3783913
0.7282913327217102,-0.09952108,0.084114626,0.9157217,0.5331967,1.8751248,-3.3241432,-0.17545736,0.10969301,1.0165964,0.012997461,2.694494,-4.9680867,-0.09887656,0.09376956,0.9212576,0.5388365,1.8699763,-3.4579844,-0.09837583,0.08666036,0.91859895,0.5380145,1.926599,-3.3392806
0.7302921414375305,-0.09768515,0.08517479,0.91946334,0.52653724,1.8649291,-3.3325262,-0.17341338,0.10969914,1.0219854,0.003061287,2.7420158,-4.909277,-0.097026564,0.0948334,0.92499757,0.5319205,1.9264985,-3.4180489,-0.09653092,0.08772303,0.92245215,0.5313359,1.8495656,-3.3960896
0.7322929501533508,-0.09584176,0.08622161,0.92318434,0.51986146,1.8545103,-3.3404565,-0.17135844,0.10968562,1.0274694,-0.0067572678,2.6593902,-4.9361715,-0.095168866,0.09588356,0.9288506,0.5250844,1.8486353,-3.4738295,-0.09467862,0.08877212,0.9261513,0.5245437,1.9060884,-3.3561556
0.7342936992645264,-0.093991,0.08725503,0.9268841,0.5131705,1.8438665,-3.3479278,-0.16929287,0.10965236,1.0327882,-0.01662961,2.7063825,-4.8761783,-0.09330377,0.096919835,0.93254787,0.51813674,1.9047567,-3.4330537,-0.09281869,0.08980778,0.92996347,0.5178314,1.8285358,-3.4119384
0.7362945079803467,-0.09213279,0.08827508,0.9305625,0.50646484,1.8329979,-3.3549423,-0.16721646,0.1095996,1.038201,-0.026381968,2.6231098,-4.901534,-0.09143105,0.097942375,0.9363574,0.51127064,1.8263655,-3.4877806,-0.09095145,0.0908298,0.9336205,0.5110075,1.8846645,-3.371181
0.738295316696167,-0.090267256,0.0892817,0.9342189,0.4997456,1.8219024,-3.3614929,-0.16512957,0.10952723,1.0434471,-0.036185037,2.6695735,-4.8403535,-0.08955103,0.09895097,0.94001013,0.5042951,1.8820829,-3.4461586,-0.08907667,0.09183833,0.93738985,0.5042651,1.8065991,-3.4259295
0.7402961254119873,-0.088394426,0.09027486,0.93785286,0.49301374,1.810585,-3.3675885,-0.163032,0.1094355,1.0487863,-0.045865744,2.5856452,-4.8641734,-0.08766349,0.099945776,0.9437743,0.4974028,1.8031722,-3.49982,-0.08719466,0.092833154,0.941003,0.49741328,1.8623328,-3.3843455
0.7422969341278076,-0.08651435,0.09125455,0.941464,0.48627013,1.7990425,-3.3732216,-0.16092408,0.10932431,1.0539576,-0.05559409,2.63158,-4.801811,-0.08576872,0.100926585,0.9473806,0.49040315,1.8584867,-3.4573553,-0.08530521,0.09381444,0.9447277,0.49064457,1.7837535,-3.4380572
0.7442977428436279,-0.08462706,0.09222072,0.9450518,0.4795157,1.7872753,-3.378392,-0.15880564,0.10919392,1.0592208,-0.06519771,2.5470123,-4.824091,-0.08386653,0.10189356,0.95109755,0.48348844,1.7790637,-3.5099578,-0.08340862,0.09478198,0.94829524,0.48376846,1.8390915,-3.395646
0.7462985515594482,-0.082732625,0.09317338,0.94861585,0.47275138,1.775287,-3.3831058,-0.15667701,0.10904423,1.0643148,-0.074845895,2.5924194,-4.7605495,-0.08195722,0.102846496,0.95465565,0.47646853,1.8339714,-3.4666426,-0.08150467,0.09573594,0.95197344,0.47697717,1.7600043,-3.4483166
0.7482993006706238,-0.08083114,0.09411246,0.9521556,0.4659783,1.7630745,-3.3873546,-0.154538,0.1088755,1.0694997,-0.08436699,2.5072155,-4.781297,-0.080040574,0.10378557,0.9583236,0.46953526,1.7540315,-3.5181816,-0.07959369,0.0966761,0.95549345,0.47008052,1.8149464,-3.4050777
0.7503001093864441,-0.07892254,0.09503801,0.9556708,0.45919698,1.7506393,-3.3911417,-0.15238898,0.10868764,1.0745142,-0.09392959,2.5520978,-4.7165794,-0.07811691,0.104710564,0.9618317,0.4624989,1.8085366,-3.4740214,-0.07767544,0.097602636,0.9591234,0.46327037,1.7353531,-3.4567049
0.7523009181022644,-0.07700693,0.095949985,0.95916086,0.45240855,1.737983,-3.3944685,-0.15022974,0.108480915,1.0796183,-0.10336275,2.4662635,-4.7357936,-0.07618601,0.105621666,0.96544874,0.45555085,1.7280871,-3.524492,-0.075750254,0.09851535,0.9625941,0.45635694,1.7898992,-3.4126382
0.7543017268180847,-0.07508436,0.09684837,0.9626254,0.44561392,1.7251041,-3.3973312,-0.14806063,0.108255245,1.0845509,-0.112834334,2.5106218,-4.6699038,-0.0742482,0.10651867,0.9689049,0.44850186,1.7821887,-3.4794888,-0.07381791,0.09941441,0.9661739,0.44953167,1.7098037,-3.4632194
0.756302535533905,-0.07315488,0.097733155,0.9660639,0.43881404,1.7120053,-3.3997333,-0.14588149,0.108010896,1.0895721,-0.122174144,2.424162,-4.6875935,-0.072303265,0.10740176,0.9724693,0.44154286,1.7012353,-3.528886,-0.071878724,0.10029962,0.96959347,0.44260523,1.7639537,-3.4183254
0.7583033442497253,-0.07121856,0.09860433,0.96947604,0.43200982,1.698687,-3.401675,-0.14369264,0.10774779,1.0944204,-0.13154933,2.4680004,-4.6205416,-0.07035152,0.10827073,0.97587174,0.43448508,1.7549347,-3.4830391,-0.06993248,0.10117116,0.97312135,0.43576857,1.6833613,-3.46786
0.7603041529655457,-0.06927543,0.09946189,0.9728613,0.42520216,1.6851476,-3.403152,-0.14149393,0.10746621,1.0993564,-0.14079042,2.3809261,-4.6367087,-0.06839275,0.10912576,0.9793816,0.427519,1.6734782,-3.5313692,-0.06797951,0.102028824,0.97648805,0.42883286,1.7371159,-3.42214
0.7623049020767212,-0.067325614,0.1003058,0.9762191,0.4183922,1.6713897,-3.4041672,-0.1392857,0.10716609,1.1041182,-0.15006384,2.4242446,-4.568496,-0.0664273,0.10996667,0.9827286,0.42045626,1.7267764,-3.4846842,-0.06601958,0.102872804,0.9799623,0.42198858,1.65603,-3.4706268
0.7643057107925415,-0.06536905,0.10113611,0.9795493,0.4115805,1.657414,-3.4047222,-0.13706776,0.10684769,1.1089667,-0.15920083,2.3365598,-4.583152,-0.064454935,0.11079365,0.98618215,0.4134869,1.644827,-3.5319488,-0.06405303,0.103702895,0.98327434,0.41504732,1.7093899,-3.4240823
0.7663065195083618,-0.06340585,0.10195279,0.98285127,0.40476814,1.6432202,-3.404815,-0.13484049,0.10651095,1.1136398,-0.16836713,2.3793645,-4.5137887,-0.06247599,0.11160649,0.9894718,0.406423,1.6977229,-3.484423,-0.062079642,0.10451929,0.98669314,0.40819916,1.6278156,-3.4715214
0.7683073282241821,-0.061436072,0.10275584,0.98612463,0.39795604,1.628811,-3.40445,-0.13260369,0.10615616,1.1183985,-0.17739472,2.291076,-4.5269356,-0.060490254,0.112405404,0.99286723,0.39945415,1.6152874,-3.5306182,-0.060099743,0.1053218,0.98994875,0.4012561,1.6807817,-3.4241545
0.7703081369400024,-0.059459776,0.103545256,0.989369,0.39114514,1.6141847,-3.403622,-0.13035773,0.10578327,1.1229807,-0.18644859,2.333365,-4.456424,-0.05849806,0.11319019,0.9960978,0.3923929,1.6677836,-3.4822557,-0.058113124,0.10611062,0.99331033,0.3944078,1.5987246,-3.4705465
0.7723089456558228,-0.057477016,0.10432105,0.9925838,0.38433635,1.5993439,-3.4023345,-0.12810244,0.105392545,1.1276474,-0.19536144,2.2444878,-4.468072,-0.05649919,0.11396105,0.9994334,0.3854284,1.5848616,-3.5273864,-0.05612011,0.10688555,0.99650776,0.38746673,1.6512983,-3.42236
0.7743097543716431,-0.055487856,0.10508322,0.9957688,0.3775306,1.5842885,-3.4005878,-0.12583816,0.10498395,1.1321363,-0.20429757,2.2862687,-4.396423,-0.054493986,0.1147178,1.0026032,0.37837362,1.6369599,-3.4781933,-0.05412049,0.10764679,0.99981034,0.380622,1.5687639,-3.4677062
0.7763105034828186,-0.053492412,0.10583176,0.9989233,0.370729,1.5690218,-3.3983853,-0.12356474,0.10455777,1.1367089,-0.21309042,2.1967988,-4.4065847,-0.052482232,0.115460634,1.0058771,0.37141722,1.5535631,-3.5222628,-0.05211459,0.10839417,1.0029478,0.37368658,1.620946,-3.4187028
0.7783113121986389,-0.051490627,0.10656671,1.0020472,0.36393207,1.5535417,-3.3957236,-0.12128254,0.10411396,1.1411024,-0.22190359,2.2380726,-4.333803,-0.050464265,0.11618938,1.0089842,0.3643727,1.6052659,-3.4722428,-0.05010221,0.109127864,1.0061897,0.36684918,1.5379394,-3.4630058
0.7803121209144592,-0.049482625,0.10728808,1.0051398,0.35714093,1.5378504,-3.3926053,-0.11899138,0.10365282,1.1455786,-0.2305712,2.148028,-4.342481,-0.048439875,0.11690424,1.0121948,0.35742822,1.5213982,-3.515251,-0.04808368,0.10984771,1.0092655,0.35992318,1.5897324,-3.4131904
0.7823129296302795,-0.047468465,0.10799586,1.0082009,0.35035646,1.5219486,-3.3890305,-0.116691634,0.10317431,1.1498747,-0.23925616,2.1888015,-4.26858,-0.0464094,0.11760503,1.0152376,0.3503977,1.5727056,-3.4644063,-0.046058793,0.110553905,1.012445,0.3530968,1.5062613,-3.4564517
0.7843137383460999,-0.045448214,0.108690076,1.0112299,0.34357962,1.5058389,-3.3850029,-0.11438313,0.102678716,1.1542523,-0.24779332,2.0981858,-4.2757936,-0.044372633,0.11829197,1.018383,0.3434689,1.4883755,-3.5063565,-0.044027876,0.11124627,1.0154575,0.3461839,1.5576667,-3.4058273
0.7863145470619202,-0.04342193,0.10937074,1.0142264,0.33681127,1.4895198,-3.3805192,-0.11206623,0.10216603,1.1584487,-0.2563449,2.1384628,-4.2007833,-0.042329915,0.11896488,1.0213598,0.33645618,1.5392919,-3.454695,-0.04199073,0.11192502,1.0185728,0.33937225,1.4737359,-3.4480517
0.7883153557777405,-0.04138969,0.11003787,1.0171902,0.33005238,1.4729948,-3.3755846,-0.10974078,0.10163654,1.1627256,-0.2647465,2.047285,-4.206543,-0.04028104,0.119623974,1.0244384,0.32954678,1.4545037,-3.495594,-0.03994769,0.11258997,1.0215203,0.33247614,1.5247561,-3.3966238
0.790316104888916,-0.03935161,0.11069147,1.0201206,0.323304,1.4562654,-3.3702,-0.10740714,0.101090215,1.1668202,-0.27315956,2.0870702,-4.130431,-0.038226344,0.12026908,1.0273474,0.3225556,1.505032,-3.4431198,-0.037898548,0.11324134,1.0245697,0.32568288,1.4403734,-3.4378133
0.7923169136047363,-0.03730764,0.1113316,1.0230174,0.31656665,1.4393308,-3.3643649,-0.10506515,0.100527376,1.1709943,-0.28142044,1.9953398,-4.1347485,-0.03616563,0.12090042,1.0303575,0.31566936,1.4197928,-3.482969,-0.035843648,0.11387895,1.0274504,0.31880724,1.4910107,-3.3855872
0.7943177223205566,-0.035257906,0.11195826,1.0258801,0.3098414,1.4221927,-3.3580804,-0.10271518,0.099948,1.1749849,-0.28968993,2.0346382,-4.0575514,-0.034099236,0.12151783,1.033197,0.30870342,1.469933,-3.4296896,-0.033782784,0.114503026,1.0304325,0.31203607,1.4061825,-3.4257472
0.796318531036377,-0.03320248,0.11257147,1.0287083,0.30312917,1.4048518,-3.3513472,-0.10035707,0.09935239,1.1790543,-0.29780504,1.9423648,-4.0604463,-0.03202696,0.12212152,1.0361369,0.30184403,1.3842558,-3.4684978,-0.031716295,0.11511339,1.0332448,0.30518457,1.4564397,-3.3727286
0.7983193397521973,-0.031141432,0.11317127,1.0315017,0.29643086,1.3873118,-3.344171,-0.09799119,0.09874054,1.1829389,-0.30592594,1.9811798,-3.9821725,-0.029949151,0.12271134,1.0389054,0.29490703,1.4340125,-3.4144154,-0.029643979,0.11571027,1.0361577,0.29843912,1.371174,-3.4118638
0.8003201484680176,-0.02907483,0.113757685,1.0342597,0.28974736,1.3695719,-3.3365495,-0.09561739,0.09811276,1.1869013,-0.31389028,1.8883785,-3.983659,-0.027865604,0.12328749,1.0417734,0.2880782,1.3478998,-3.4521863,-0.02756618,0.116293505,1.0389,0.2916154,1.4210535,-3.3580587
0.8023209571838379,-0.027002744,0.11433074,1.036982,0.28307956,1.3516334,-3.328484,-0.09323604,0.09746905,1.1906781,-0.3218576,1.9267173,-3.9043214,-0.025776666,0.12384984,1.0444692,0.28117383,1.3972776,-3.3973145,-0.025482696,0.1168633,1.0417421,0.28489926,1.3353578,-3.3961754
0.8043217062950134,-0.02492531,0.114890456,1.0396682,0.27642855,1.3335004,-3.3199806,-0.09084697,0.096809715,1.1945316,-0.32966626,1.8333949,-3.9044151,-0.023682138,0.1243986,1.0472637,0.2743792,1.3107404,-3.4340603,-0.02339387,0.11741952,1.0444129,0.27810693,1.3848633,-3.3415904
0.8063225150108337,-0.022842476,0.1154369,1.042318,0.2697948,1.3151703,-3.3110352,-0.08845057,0.09613477,1.1981983,-0.3374751,1.8712642,-3.8240306,-0.021582367,0.124933615,1.0498853,0.26751107,1.3597407,-3.3784022,-0.021299504,0.11796237,1.0471826,0.27142376,1.2987444,-3.3786945
0.808323323726654,-0.020754376,0.11597008,1.0449309,0.26317936,1.2966461,-3.3016515,-0.08604669,0.09544452,1.2019409,-0.34512314,1.7774264,-3.8227499,-0.019477157,0.12545513,1.0526048,0.26075426,1.2727885,-3.414118,-0.019199943,0.1184917,1.04978,0.26466638,1.3478792,-3.323337
0.8103241324424744,-0.018661087,0.11649005,1.0475066,0.25658312,1.2779311,-3.2918346,-0.083635695,0.09473898,1.2054957,-0.35276863,1.8148335,-3.741332,-0.017366856,0.12596297,1.0551504,0.253926,1.3214183,-3.3576825,-0.017094992,0.119007744,1.0524758,0.25801972,1.2613463,-3.3594353
0.8123249411582947,-0.016562682,0.11699684,1.0500445,0.25000697,1.2590246,-3.2815833,-0.081217445,0.09401848,1.2091254,-0.3602513,1.7204998,-3.7387023,-0.01525127,0.1264574,1.0577933,0.24721064,1.2340482,-3.3923943,-0.014984995,0.119510345,1.0549985,0.25130084,1.3101139,-3.3033128
0.814325749874115,-0.014459236,0.11749049,1.0525445,0.24345177,1.2399291,-3.2709005,-0.07879231,0.09328303,1.2125664,-0.3677287,1.7574534,-3.6562717,-0.013130747,0.12693824,1.0602614,0.24042585,1.2823075,-3.3351924,-0.012869758,0.11999974,1.0576187,0.24469422,1.2231747,-3.3384137
0.8163265585899353,-0.0123508265,0.117971055,1.055006,0.23691837,1.220646,-3.2597883,-0.07636015,0.09253295,1.2160813,-0.37504125,1.6626245,-3.6523087,-0.011005094,0.12740575,1.062826,0.23375547,1.194554,-3.3688872,-0.010749627,0.12047577,1.060065,0.2380174,1.2715786,-3.2815337
0.8183273077011108,-0.010237594,0.11843855,1.0574288,0.23040783,1.2011775,-3.248249,-0.07392134,0.09176826,1.2194065,-0.38234586,1.6991295,-3.5688791,-0.008874664,0.12785979,1.0652151,0.2270177,1.242448,-3.3109205,-0.00862441,0.12093868,1.0626082,0.23145433,1.1842422,-3.3156443
0.8203281164169312,-0.00811949,0.11889306,1.0598125,0.22392061,1.1815228,-3.2362823,-0.07147573,0.09098929,1.2228048,-0.3894836,1.6038297,-3.5636065,-0.006739264,0.12830058,1.0677,0.22039586,1.1542878,-3.3436317,-0.006494457,0.12138832,1.0649767,0.22482304,1.2322863,-3.2580159
0.8223289251327515,-0.005996656,0.11933461,1.0621567,0.21745776,1.1616855,-3.2238925,-0.069023706,0.09019607,1.2260125,-0.39661083,1.6398957,-3.4791973,-0.004599246,0.12872799,1.0700086,0.2137086,1.2018217,-3.284916,-0.004359574,0.121824935,1.0674412,0.21830702,1.1445613,-3.2911446
0.8243297338485718,-0.003869172,0.119763255,1.064461,0.21102011,1.1416676,-3.2110834,-0.06656512,0.08938894,1.2292923,-0.40356922,1.5441272,-3.4726455,-0.0024544215,0.12914227,1.0724123,0.20713876,1.1132919,-3.3166325,-0.002220113,0.12224838,1.0697304,0.21172473,1.1922501,-3.2327764
0.8263305425643921,-0.0017371173,0.12017905,1.0667251,0.20460851,1.1214705,-3.1978564,-0.064100355,0.088567905,1.2323805,-0.4105145,1.5797635,-3.387279,-0.00030514365,0.12954327,1.0746388,0.2005055,1.16047,-3.2571754,-7.5883e-05,0.1226589,1.072115,0.20525917,1.1041447,-3.2649336
0.8283313512802124,0.0003994268,0.12058204,1.0689486,0.1982238,1.1010945,-3.1842115,-0.061629273,0.08773333,1.23554,-0.41728905,1.48355,-3.379473,0.0018487759,0.12993126,1.0769597,0.19399114,1.0715615,-3.2879179,0.0020727634,0.12305636,1.0743232,0.1987293,1.1514823,-3.2058353
0.8303321599960327,0.0025403788,0.12097228,1.0711312,0.1918668,1.0805428,-3.170154,-0.05915226,0.08688523,1.2385072,-0.424048,1.5187641,-3.2931633,0.004006982,0.13030608,1.0791029,0.1874153,1.1183894,-3.2277324,0.004226016,0.123440996,1.0766262,0.19231763,1.0630077,-3.2370293
0.832332968711853,0.0046856566,0.121349834,1.0732725,0.18553834,1.0598172,-3.1556864,-0.056669172,0.08602396,1.2415447,-0.43063432,1.422107,-3.2841332,0.006169661,0.130668,1.0813396,0.18095984,1.0291204,-3.2575018,0.0063835206,0.12381268,1.0787522,0.18584357,1.1099988,-3.1772103
0.8343337178230286,0.006835113,0.12171474,1.075372,0.1792394,1.0389193,-3.14081,-0.054180395,0.08514955,1.2443889,-0.43720257,1.4569094,-3.196907,0.0083364565,0.1310169,1.0833979,0.17444482,1.0756016,-3.1965957,0.008545465,0.12417166,1.0809722,0.17948915,1.0211619,-3.2074535
0.8363345265388489,0.008988792,0.12206709,1.0774297,0.17297047,1.0178504,-3.1255279,-0.051685788,0.084262356,1.2473028,-0.4435964,1.3598307,-3.1866715,0.010507555,0.131353,1.0855491,0.16805163,0.9859817,-3.225414,0.010711494,0.124517806,1.0830145,0.17307425,1.0678113,-3.1469243
0.8383353352546692,0.011146545,0.12240692,1.079445,0.16673252,0.9966127,-3.1098437,-0.04918574,0.083362415,1.2500224,-0.44996974,1.3942326,-3.0985494,0.012682597,0.13167621,1.0875211,0.1616008,1.0321211,-3.1637962,0.012881794,0.12485137,1.0851501,0.1667804,0.97862417,-3.1762252
0.8403361439704895,0.0133082885,0.12273431,1.0814177,0.16052635,0.9752074,-3.0937579,-0.04668012,0.082450084,1.2528108,-0.45616683,1.2967348,-3.0871465,0.014861768,0.13198675,1.0895853,0.1552732,0.94215655,-3.191674,0.0150560085,0.12517223,1.0871074,0.16042794,1.0249372,-3.114996
0.8423369526863098,0.015473936,0.12304931,1.0833473,0.15435275,0.9536361,-3.0772731,-0.04416931,0.0815254,1.2554044,-0.46234113,1.3307443,-2.9981518,0.017044708,0.13228454,1.0914696,0.14888985,0.9879607,-3.1293595,0.017234324,0.12548062,1.0891573,0.15419795,0.93540674,-3.143368
0.8443377614021301,0.017643401,0.12335199,1.0852337,0.14821254,0.93190366,-3.060398,-0.04165318,0.08058873,1.2580658,-0.46833745,1.2328557,-2.9856098,0.019231599,0.1325698,1.0934455,0.14263113,0.89766634,-3.1563046,0.01941638,0.12577644,1.0910282,0.1479112,0.98138815,-3.0814507
0.8463385701179504,0.019816596,0.12364242,1.0870764,0.14210647,0.91000783,-3.0431278,-0.039132114,0.07964011,1.2605315,-0.47430867,1.2664872,-2.8957725,0.02142208,0.13284244,1.0952408,0.13631852,0.9431396,-3.0933037,0.021602362,0.12605993,1.092991,0.14174831,0.89152753,-3.1089027
0.848339319229126,0.02199337,0.123920664,1.088875,0.13603553,0.8879541,-3.0254712,-0.036605984,0.07867991,1.2630645,-0.4801002,1.168214,-2.8821259,0.023616334,0.1331027,1.0971271,0.13013192,0.85252225,-3.1193302,0.023791911,0.126331,1.094774,0.1355305,0.93718266,-3.0463066
0.8503401279449463,0.024173765,0.1241868,1.0906295,0.13000013,0.8657415,-3.0074272,-0.034075182,0.077708185,1.2654009,-0.48586446,1.2014769,-2.7914684,0.025813999,0.13335049,1.0988321,0.12389325,0.8976726,-3.0556564,0.025985207,0.12658988,1.0966483,0.1294379,0.8469986,-3.0728557
0.8523409366607666,0.026357623,0.12444089,1.0923393,0.12400121,0.84337413,-2.9890022,-0.031539574,0.07672529,1.2678038,-0.4914474,1.1028352,-2.7767544,0.028015254,0.13358605,1.1006274,0.11778194,0.80674297,-3.0807776,0.028181892,0.12683646,1.0983423,0.123292185,0.89233315,-3.0095947
0.8543417453765869,0.028544858,0.12468302,1.0940042,0.11803954,0.8208523,-2.9701962,-0.028999556,0.075731285,1.2700095,-0.4970009,1.1357406,-2.6852999,0.030219736,0.13380928,1.1022409,0.11162038,0.8515738,-3.0164413,0.030382145,0.12707101,1.100127,0.117272995,0.80183905,-3.03525
0.8563425540924072,0.03073538,0.12491327,1.0956239,0.112115875,0.79817986,-2.951016,-0.026454993,0.074726544,1.272281,-0.5023715,1.0367477,-2.6695485,0.032427624,0.13402046,1.1039441,0.1055875,0.7603456,-3.0406704,0.032585606,0.12729341,1.1017307,0.11120249,0.84685886,-2.9713352
0.8583433628082275,0.032929096,0.1251317,1.097198,0.10623096,0.7753576,-2.9314623,-0.023906283,0.07371112,1.2743546,-0.5077106,1.0693101,-2.577331,0.034638554,0.13421947,1.1054647,0.099506155,0.8048642,-2.9756844,0.034792453,0.12750393,1.1034244,0.10525982,0.75606304,-2.9961123
0.8603441715240479,0.035125915,0.12533839,1.0987264,0.10038553,0.7523885,-2.9115405,-0.021353297,0.07268539,1.2764932,-0.51286525,0.9699803,-2.5605862,0.036852702,0.13440658,1.1070744,0.09355479,0.713344,-2.9990432,0.037002325,0.12770246,1.1049366,0.099267595,0.8007738,-2.9315567
0.8623449206352234,0.03732568,0.12553342,1.1002086,0.09458051,0.72927356,-2.8912506,-0.01879643,0.07164942,1.2784332,-0.5179864,1.0022115,-2.4676306,0.039069705,0.1345817,1.1085011,0.0875567,0.7575555,-2.9334216,0.0392154,0.12788928,1.1065382,0.09340448,0.7096882,-2.9554684
0.8643457293510437,0.03952843,0.12571688,1.1016445,0.08881627,0.70601594,-2.8706002,-0.016235556,0.07060357,1.2804376,-0.5229217,0.9025608,-2.4499257,0.041289736,0.13474508,1.1100162,0.08168986,0.6657572,-2.9559133,0.041431315,0.12806426,1.1079576,0.08749354,0.75409657,-2.8902843
0.866346538066864,0.041734006,0.12588885,1.1030338,0.08309371,0.68261683,-2.8495898,-0.013671071,0.06954793,1.2822427,-0.52782154,0.93447554,-2.35627,0.04351243,0.13489664,1.1113478,0.07577803,0.7096701,-2.8896718,0.043650247,0.12822768,1.1094658,0.08171297,0.66273004,-2.9133463
0.8683473467826843,0.043942317,0.12604941,1.1043761,0.077413544,0.6590781,-2.8282225,-0.011102848,0.06848286,1.2841116,-0.53253406,0.83452255,-2.3376453,0.045737963,0.13503663,1.1127671,0.06999869,0.61760044,-2.911319,0.04587183,0.12837945,1.1107913,0.07588628,0.70684135,-2.8475475
0.8703481554985046,0.046153266,0.12619866,1.105671,0.07177648,0.6354034,-2.8065052,-0.008531286,0.06740844,1.2857807,-0.53720933,0.8661354,-2.2433133,0.047965966,0.13516499,1.1140023,0.06417605,0.6612197,-2.844467,0.048096243,0.12851983,1.112205,0.07019118,0.61520725,-2.8697731
0.872348964214325,0.04836676,0.12633668,1.1069186,0.06618322,0.6115943,-2.78444,-0.0059562605,0.06632505,1.2875129,-0.54169595,0.7658954,-2.2238188,0.050196614,0.13528197,1.1153247,0.058487117,0.56889457,-2.865284,0.050323114,0.12864874,1.1134354,0.064451635,0.6590285,-2.8033721
0.8743497729301453,0.0505827,0.12646355,1.1081183,0.06063445,0.58765185,-2.7620282,-0.0033781708,0.06523277,1.2890447,-0.5461436,0.7972188,-2.1288443,0.05242954,0.13538748,1.1164625,0.052756548,0.6122272,-2.7978396,0.05255262,0.12876643,1.1147535,0.05884489,0.5671354,-2.8247802
0.8763505220413208,0.052800927,0.12657934,1.10927,0.055131026,0.5635809,-2.739278,-0.0007968922,0.06413197,1.2906392,-0.5504013,0.69671077,-2.1085162,0.054664914,0.1354818,1.1176869,0.047160868,0.5196598,-2.8178442,0.0547844,0.12887283,1.1158878,0.05319533,0.61067295,-2.757792
0.8783513307571411,0.055021476,0.12668419,1.1103734,0.049673297,0.5393808,-2.7161896,0.0017871731,0.06302273,1.2920326,-0.5546183,0.72776026,-2.012934,0.056902368,0.13556485,1.1187261,0.041525178,0.56271386,-2.7498195,0.057018615,0.12896818,1.1171091,0.04767975,0.51853436,-2.7783945
0.8803521394729614,0.057244185,0.12677816,1.1114283,0.044262096,0.5150551,-2.6927683,0.0043741493,0.061905444,1.2934881,-0.5586442,0.626997,-1.9918151,0.05914207,0.1356369,1.1198516,0.03602554,0.4699071,-2.7690313,0.059254907,0.12905243,1.1181462,0.04212296,0.5617951,-2.710833
0.8823529481887817,0.059468955,0.12686135,1.1124344,0.038898088,0.49060616,-2.669018,0.006963634,0.06078019,1.2947421,-0.5626278,0.6577884,-1.8956583,0.061383653,0.13569787,1.1207914,0.030487476,0.5126875,-2.7004442,0.061493445,0.12912583,1.1192697,0.03670129,0.46942025,-2.730649
0.884353756904602,0.061695687,0.12693384,1.1133914,0.033581927,0.46603578,-2.6449418,0.00955575,0.05964735,1.2960577,-0.5664191,0.5567963,-1.8737984,0.06362729,0.13574804,1.1218168,0.025086587,0.41966352,-2.7188714,0.06373386,0.12918831,1.1202086,0.031239994,0.51241076,-2.6625283
0.8863545656204224,0.06392429,0.12699576,1.1142992,0.02831426,0.44134608,-2.6205435,0.012150092,0.058507018,1.2971712,-0.5701667,0.5873471,-1.7771056,0.0658726,0.13578734,1.1226561,0.019648844,0.4621789,-2.6497338,0.06597633,0.12924014,1.1212335,0.025914937,0.4198125,-2.6815748
0.8883553743362427,0.06615466,0.12704718,1.1151575,0.023095727,0.41654018,-2.5958285,0.014746784,0.057359576,1.2983459,-0.57372093,0.48613733,-1.7545499,0.068119764,0.13581604,1.1235805,0.014349377,0.3689373,-2.6674032,0.068220474,0.12928124,1.122073,0.020551788,0.46254006,-2.6129103
0.8903561234474182,0.06838663,0.1270882,1.115966,0.01792711,0.3916206,-2.5708005,0.017345421,0.056205116,1.2993182,-0.57723004,0.51646245,-1.6573567,0.0703684,0.13583407,1.1243184,0.00901457,0.41119456,-2.597735,0.07046647,0.12931189,1.1229981,0.015325967,0.36972854,-2.6312025
0.8923569321632385,0.07062023,0.12711895,1.1167245,0.012808727,0.36658832,-2.5454628,0.019946124,0.055044025,1.3003511,-0.58054477,0.41505736,-1.6341537,0.072618686,0.13584171,1.1251408,0.0038191,0.31776187,-2.61466,0.07271395,0.12933202,1.1237376,0.010063563,0.4122008,-2.5620098
0.8943577408790588,0.0728553,0.1271395,1.1174328,0.007741345,0.34144658,-2.5198205,0.022548487,0.0538764,1.3011813,-0.5838131,0.44517145,-1.5364939,0.074870236,0.1358389,1.1257763,-0.0014102203,0.35976836,-2.5444698,0.07496307,0.1293419,1.124562,0.0049395426,0.31918812,-2.5795677
0.8963585495948792,0.075091735,0.12714995,1.1180907,0.0027255705,0.31619838,-2.4938786,0.025152631,0.052702628,1.3020717,-0.58688605,0.3435911,-1.512686,0.077123225,0.1358259,1.1264958,-0.00649916,0.26614115,-2.560675,0.07721347,0.12934147,1.1252004,-0.00021959282,0.36141178,-2.509862
0.8983593583106995,0.077329434,0.12715043,1.118698,-0.0022380007,0.29084417,-2.467638,0.02775815,0.051522806,1.3027589,-0.5899114,0.37351334,-1.414599,0.07937728,0.13580266,1.1270281,-0.01162051,0.30790442,-2.4899852,0.07946532,0.129331,1.1259232,-0.0052393167,0.26820993,-2.5267031
0.9003601670265198,0.0795683,0.12714103,1.1192545,-0.0071487767,0.26538762,-2.4411054,0.030365162,0.050337326,1.303506,-0.5927406,0.27177092,-1.3902446,0.08163257,0.13576946,1.127644,-0.016600482,0.21410489,-2.5054822,0.08171824,0.12931041,1.1264596,-0.010292724,0.31019258,-2.4564998
0.9023609757423401,0.081808224,0.12712185,1.1197599,-0.012006178,0.239831,-2.4142847,0.03297326,0.049146283,1.3040496,-0.5955211,0.30151775,-1.2917696,0.08388872,0.13572623,1.1280721,-0.021611447,0.25563392,-2.4343073,0.0839724,0.12928,1.12708,-0.015205724,0.21681285,-2.4726431
0.9043617248535156,0.084049046,0.12709302,1.1202141,-0.016809491,0.21417846,-2.3871834,0.035582565,0.047950074,1.3046527,-0.59810466,0.19964226,-1.2669133,0.086145885,0.13567327,1.1285834,-0.026480062,0.16166951,-2.4491243,0.08622743,0.1292397,1.1275136,-0.020151012,0.258562,-2.4019582
0.9063625335693359,0.08629079,0.12705463,1.1206169,-0.021558441,0.18842913,-2.3598006,0.038192667,0.0467488,1.3050519,-0.6006385,0.2292326,-1.1680924,0.0884037,0.1356105,1.1289067,-0.03137831,0.20296924,-2.3774784,0.08848349,0.12918979,1.1280308,-0.024954928,0.16501677,-2.4174218
0.9083633422851562,0.08853329,0.1270068,1.1209681,-0.02625233,0.16258739,-2.3321435,0.04080369,0.045542847,1.3055104,-0.6029747,0.12723501,-1.1427906,0.09066233,0.13553824,1.1293126,-0.036133267,0.10885333,-2.391624,0.09074021,0.12913021,1.1283609,-0.029789772,0.20654072,-2.346272
0.9103641510009766,0.09077644,0.12694962,1.1212674,-0.03089061,0.13665535,-2.3042166,0.04341522,0.044332325,1.3057649,-0.6052603,0.15668441,-1.0436606,0.09292139,0.1354564,1.1295303,-0.040916514,0.14993598,-2.319527,0.09299776,0.12906125,1.1287739,-0.034482315,0.11284021,-2.3610778
0.9123649597167969,0.09302014,0.12688322,1.1215148,-0.03547275,0.11063575,-2.2760246,0.046027377,0.04311763,1.3060783,-0.6073476,0.054590426,-1.0179617,0.09518105,0.13536529,1.1298302,-0.04555557,0.055676132,-2.3330307,0.09525576,0.12898284,1.1289996,-0.03920447,0.15414621,-2.2894797
0.9143657684326172,0.09526428,0.12680772,1.1217101,-0.03999822,0.08453067,-2.2475715,0.048639752,0.041898865,1.3061875,-0.6093835,0.08391943,-0.9185644,0.09744093,0.13526484,1.1299416,-0.05022163,0.09654726,-2.2605019,0.097514376,0.12889527,1.1293079,-0.04378343,0.060305435,-2.3036444
0.9163665771484375,0.09750876,0.12672321,1.121853,-0.0444665,0.058343418,-2.2188632,0.051252462,0.040676422,1.3063554,-0.61122066,-0.018254582,-0.89251876,0.099701196,0.13515536,1.1301347,-0.054742634,0.0021648738,-2.2733796,0.099773236,0.12879848,1.1294285,-0.04839072,0.101401806,-2.2316139
0.918367326259613,0.0997534,0.12662983,1.1219435,-0.048876956,0.03207583,-2.1899025,0.0538651,0.03945041,1.3063189,-0.6130057,0.010972274,-0.79289716,0.10196147,0.13503678,1.130139,-0.059289392,0.042833596,-2.200433,0.1020325,0.12869278,1.1296313,-0.05285395,0.007428873,-2.2451608
0.9203681349754333,0.10199824,0.12652767,1.1219813,-0.053229354,0.0057297787,-2.1606941,0.05647778,0.03822123,1.3063408,-0.6145915,-0.09125786,-0.7665641,0.10422192,0.1349094,1.1302247,-0.06369026,-0.051668692,-2.212711,0.10429179,0.12857808,1.1296462,-0.057344273,0.04832385,-2.1727173
0.9223689436912537,0.1042431,0.12641686,1.1219664,-0.057523068,-0.020691214,-2.1312444,0.059090097,0.03698898,1.3061583,-0.61612463,-0.06211757,-0.666756,0.10648216,0.13477318,1.1301214,-0.06811568,-0.011194678,-2.139365,0.106551275,0.1284547,1.1297429,-0.06168971,-0.045765284,-2.1856644
0.924369752407074,0.10648788,0.12629752,1.1218984,-0.061757617,-0.047184814,-2.1015575,0.061702166,0.035754066,1.3060341,-0.61745816,-0.16438274,-0.6401866,0.108742364,0.13462839,1.1300989,-0.07239441,-0.105796024,-2.1510592,0.108810574,0.12832257,1.1296513,-0.066061035,-0.0050636735,-2.112823
0.9263705611228943,0.10873247,0.12616977,1.1217774,-0.065932535,-0.07375013,-2.0716348,0.064313576,0.034516588,1.3057053,-0.61873853,-0.1353068,-0.5402353,0.11100214,0.134475,1.1298873,-0.07669653,-0.06550722,-2.077333,0.11106986,0.128182,1.1296412,-0.070286684,-0.09926021,-2.1251934
0.9283713698387146,0.11097676,0.12603372,1.1216033,-0.070047356,-0.10038159,-2.0414875,0.066924445,0.03327695,1.3054347,-0.619819,-0.23759058,-0.5134875,0.113261655,0.13431329,1.1297563,-0.0808512,-0.16020527,-2.088472,0.11332874,0.12803292,1.1294427,-0.07453707,-0.058743358,-2.0519729
0.9303721785545349,0.113220654,0.12588951,1.1213757,-0.07410164,-0.12707843,-2.0111167,0.06953436,0.032035258,1.3049595,-0.620846,-0.20856218,-0.41343683,0.11552053,0.13414323,1.1294359,-0.08502814,-0.12009426,-2.014383,0.11558739,0.12787564,1.1293252,-0.07864101,-0.15303208,-2.0637877
0.9323729276657104,0.11546397,0.12573725,1.1210947,-0.07809482,-0.1538373,-1.9805282,0.07214344,0.030791912,1.3045424,-0.62167287,-0.3108394,-0.38655904,0.11777892,0.13396512,1.1291957,-0.08905691,-0.21486437,-2.0249782,0.11784543,0.1277101,1.1290191,-0.08276859,-0.11269176,-1.9902053
0.9343737363815308,0.117706746,0.12557705,1.1207601,-0.0820267,-0.18065627,-1.9497268,0.07475129,0.02954702,1.3039207,-0.622446,-0.28183764,-0.28645042,0.12003645,0.1337789,1.128766,-0.093106866,-0.1749215,-1.950544,0.12010302,0.12753661,1.1287937,-0.086749,-0.20706442,-2.0014846
0.9363745450973511,0.11994879,0.12540905,1.1203717,-0.08589674,-0.20753293,-1.9187171,0.077358,0.028300982,1.3033571,-0.6230189,-0.38409278,-0.25950384,0.122293286,0.13358489,1.1284161,-0.09700795,-0.2697642,-1.9606305,0.122359775,0.1273551,1.1283796,-0.09075197,-0.16689193,-1.9275596
0.9383753538131714,0.122190006,0.12523337,1.1199296,-0.08970453,-0.23446485,-1.8875029,0.07996318,0.027053906,1.3025889,-0.62353796,-0.3550993,-0.15938368,0.12454904,0.13338304,1.1278765,-0.100929216,-0.22997987,-1.8858714,0.12461586,0.12716588,1.1280458,-0.094607085,-0.26133218,-1.9383252
0.9403761625289917,0.124430284,0.12505013,1.1194334,-0.09344967,-0.26144835,-1.8560916,0.08256693,0.025806192,1.3018787,-0.6238567,-0.45730445,-0.13241881,0.12680387,0.13317363,1.1274166,-0.10470096,-0.32487577,-1.8954601,0.12687092,0.12696892,1.1275232,-0.098483734,-0.22131898,-1.8640745
0.942376971244812,0.12666951,0.12485946,1.1188833,-0.09713177,-0.28848252,-1.8244853,0.08516886,0.02455795,1.3009641,-0.62412155,-0.42829996,-0.03232723,0.1290574,0.13295664,1.1267668,-0.10849188,-0.2852439,-1.8203921,0.12912507,0.12676449,1.1270806,-0.102211885,-0.31581718,-1.8743515
0.9443777799606323,0.12890759,0.12466149,1.118279,-0.10075044,-0.3155628,-1.7926928,0.087769076,0.023309577,1.3001075,-0.6241862,-0.5304397,-0.005401645,0.1313098,0.13273238,1.1261963,-0.11213267,-0.38018098,-1.8295166,0.13137797,0.12655257,1.1264489,-0.105960585,-0.27595508,-1.7997932
0.9463785290718079,0.13114433,0.124456346,1.1176205,-0.10430521,-0.3426866,-1.7607183,0.09036717,0.022061184,1.2990466,-0.624197,-0.50140613,0.094620034,0.13356067,0.1325008,1.125436,-0.1157917,-0.34069002,-1.7541623,0.13362975,0.12633345,1.1258969,-0.10956017,-0.37049648,-1.8096019
0.9483793377876282,0.13337977,0.124244146,1.1169076,-0.10779593,-0.36985317,-1.7285645,0.092963256,0.020813169,1.2980438,-0.62400776,-0.603456,0.12144923,0.13581018,0.1322622,1.1247545,-0.11930002,-0.43565544,-1.7628382,0.13588007,0.12610708,1.1251559,-0.11317937,-0.33077636,-1.7347543
0.9503801465034485,0.13561374,0.12402503,1.1161404,-0.11122215,-0.39705876,-1.6962386,0.09555693,0.01956564,1.296837,-0.6237649,-0.57437295,0.2213591,0.13805795,0.13201655,1.1238832,-0.1228257,-0.39629772,-1.6872131,0.13812906,0.12587379,1.1244943,-0.11664888,-0.4253515,-1.744119
0.9523809552192688,0.13784611,0.12379912,1.1153187,-0.114583515,-0.42430112,-1.6637442,0.09814831,0.018318996,1.2956883,-0.6233221,-0.67631584,0.24803904,0.14030413,0.13176416,1.1230906,-0.12620012,-0.4912839,-1.6954688,0.14037634,0.12563351,1.1236436,-0.12013712,-0.3857638,-1.6690024
0.9543817639350891,0.14007679,0.12356655,1.1144425,-0.1178797,-0.45157728,-1.6310877,0.10073698,0.017073344,1.2943356,-0.62282604,-0.6471653,0.3477899,0.14254835,0.13150498,1.1221081,-0.12959106,-0.45205048,-1.619593,0.14262208,0.12538655,1.1228721,-0.12347512,-0.48035914,-1.677944
0.9563825726509094,0.14230566,0.12332746,1.1135117,-0.1211104,-0.47888407,-1.5982759,0.103323065,0.015829083,1.2930412,-0.62213045,-0.74897367,0.37426782,0.14479075,0.13123932,1.121204,-0.13283025,-0.5470386,-1.6274492,0.1448659,0.12513289,1.1219114,-0.12683101,-0.44089544,-1.6025767
0.9583833813667297,0.1445326,0.12308196,1.1125262,-0.12427529,-0.50621957,-1.5653114,0.10590615,0.014586318,1.2915432,-0.62138194,-0.7197346,0.47381848,0.14703098,0.13096716,1.1201099,-0.13608515,-0.5079184,-1.551343,0.14710796,0.12487282,1.1210296,-0.13003616,-0.53549874,-1.6111193
0.9603841304779053,0.14675745,0.122830205,1.111486,-0.12737398,-0.5335815,-1.5321988,0.10848636,0.01334545,1.2901038,-0.6204343,-0.8214004,0.5000352,0.14926916,0.13068879,1.1190941,-0.13918784,-0.6029004,-1.5588253,0.14934787,0.124606304,1.1199586,-0.1332584,-0.49614966,-1.5355202
0.9623849391937256,0.14898024,0.12257231,1.110391,-0.13040638,-0.56096673,-1.4989454,0.11106329,0.012106582,1.288461,-0.61943424,-0.79205674,0.5993457,0.15150493,0.13040417,1.1178883,-0.1423055,-0.5638856,-1.4825088,0.1515858,0.12433364,1.1189663,-0.13632944,-0.59074897,-1.5436875
0.9643857479095459,0.15120079,0.12230841,1.1092412,-0.1333721,-0.5883728,-1.4655555,0.11363704,0.01087011,1.2868768,-0.6182355,-0.89354277,0.6252541,0.15373845,0.13011363,1.1167606,-0.14527051,-0.6588476,-1.489639,0.15382138,0.12405481,1.1177849,-0.13941681,-0.5515055,-1.467876
0.9663865566253662,0.15341897,0.12203865,1.1080366,-0.13627088,-0.6157963,-1.4320362,0.11620722,0.00963614,1.2850897,-0.616985,-0.86407274,0.72427976,0.15596934,0.12981713,1.1154429,-0.14824979,-0.61992973,-1.4131318,0.15605474,0.12377011,1.1166818,-0.14235257,-0.64608824,-1.4756912
0.9683873653411865,0.15563469,0.121763155,1.1067771,-0.13910247,-0.64323497,-1.3983912,0.118773945,0.008405067,1.2833616,-0.61553645,-0.9653733,0.7498204,0.15819775,0.12951498,1.114203,-0.15107605,-0.7148579,-1.4199344,0.15828551,0.1234795,1.1153896,-0.14530395,-0.6069422,-1.3996851
0.9703881740570068,0.15784784,0.12148206,1.1054627,-0.14186662,-0.670687,-1.3646251,0.1213368,0.0071769934,1.2814308,-0.6140368,-0.93576145,0.8485216,0.1604233,0.12920715,1.1127733,-0.15391591,-0.6760272,-1.343252,0.16051386,0.123183295,1.1141757,-0.14810333,-0.70149505,-1.4071732
0.9723889827728271,0.16005829,0.1211955,1.1040933,-0.1445631,-0.69814944,-1.3307437,0.12389592,0.005952314,1.2795594,-0.61233974,-1.0368474,0.8736416,0.16264613,0.12889394,1.1114212,-0.15660241,-0.7709148,-1.3497556,0.16273941,0.12288146,1.1127727,-0.15091768,-0.66243666,-1.3309922
0.9743897914886475,0.16226596,0.12090362,1.102669,-0.14719167,-0.7256196,-1.2967522,0.1264509,0.004731129,1.2774857,-0.6105924,-1.0070724,0.97197413,0.16486588,0.12857534,1.1098794,-0.15930192,-0.7321608,-1.272921,0.1649623,0.1225743,1.1114478,-0.15357967,-0.7569494,-1.3381763
0.976390540599823,0.16447064,0.12060655,1.1011897,-0.14975207,-0.7530921,-1.2626603,0.12900184,0.0035138319,1.2754716,-0.6086485,-1.1079273,0.99662304,0.16708271,0.12825164,1.108415,-0.16184777,-0.8269889,-1.2791466,0.16718218,0.122261785,1.1099339,-0.15625602,-0.71796894,-1.2618415
0.9783913493156433,0.1666724,0.12030442,1.0996555,-0.15224421,-0.7805697,-1.2284647,0.13154835,0.0023005214,1.2732557,-0.60665524,-1.0779731,1.0945516,0.16929623,0.12792283,1.106761,-0.16440606,-0.78830206,-1.2021792,0.16939917,0.12194423,1.1084979,-0.15877971,-0.8124277,-1.2687447
0.9803921580314636,0.16887102,0.119997375,1.0980662,-0.15466785,-0.8080444,-1.1941807,0.13409054,0.001091589,1.2710998,-0.60446614,-1.1785768,1.1186761,0.1715066,0.12758921,1.1051843,-0.16681042,-0.88306427,-1.2081536,0.17161292,0.121621594,1.106873,-0.1613172,-0.77351665,-1.1922736
0.9823929667472839,0.1710664,0.119685546,1.096422,-0.1570228,-0.8355174,-1.159805,0.13662803,-0.00011286861,1.2687427,-0.60222876,-1.1484234,1.2161559,0.17371343,0.12725076,1.1034182,-0.16922674,-0.84443665,-1.131075,0.17382357,0.12129419,1.105326,-0.16370174,-0.8679109,-1.1989216
0.9843937754631042,0.17325844,0.119369075,1.0947227,-0.1593089,-0.86298466,-1.1253473,0.13916093,-0.0013124616,1.2664459,-0.5997965,-1.2487553,1.2397116,0.1759169,0.12690778,1.1017294,-0.17148888,-0.9391129,-1.1368212,0.17603074,0.120961994,1.1035903,-0.1660996,-0.8290598,-1.1223341
0.9863945841789246,0.17544702,0.119048096,1.0929686,-0.16152596,-0.89044344,-1.090812,0.14168882,-0.0025070957,1.2639483,-0.59731704,-1.218388,1.3367093,0.1781166,0.12656026,1.0998511,-0.17376253,-0.9005348,-1.0596477,0.1782346,0.1206253,1.1019322,-0.16834426,-0.9233756,-1.1287494
0.9883953928947449,0.17763203,0.11872275,1.0911595,-0.16367386,-0.9178913,-1.056204,0.14421184,-0.003696383,1.2615116,-0.5946436,-1.318432,1.359635,0.18031271,0.1262085,1.0980501,-0.17588183,-0.99512327,-1.0651923,0.18043478,0.120284095,1.1000854,-0.17060176,-0.8845751,-1.0520653
0.9903961420059204,0.17981331,0.11839319,1.0892955,-0.16575238,-0.94532436,-1.0215318,0.14672959,-0.004880232,1.2588747,-0.5919243,-1.2878312,1.456105,0.18250483,0.12585248,1.0960599,-0.17801222,-0.9565861,-0.9879448,0.18263142,0.11993869,1.0983162,-0.17270589,-0.9788024,-1.0582744
0.9923969507217407,0.18199088,0.11805953,1.0873767,-0.16776153,-0.97274184,-0.9867976,0.14924219,-0.006058256,1.256299,-0.5890121,-1.3875632,1.4783632,0.18469313,0.1254925,1.0941467,-0.17998812,-1.0510651,-0.9933085,0.18482414,0.11958904,1.0963585,-0.17482243,-0.940044,-0.98151237
0.994397759437561,0.18416454,0.11772192,1.0854031,-0.16970113,-1.0001409,-0.9520066,0.15174924,-0.007230367,1.253524,-0.58605534,-1.356714,1.5742745,0.18687722,0.12512855,1.0920446,-0.18197474,-1.012557,-0.9160064,0.18701309,0.11923547,1.0944785,-0.17678545,-1.0341669,-0.98753756
0.9963985681533813,0.18633421,0.1173805,1.0833746,-0.17157106,-1.0275182,-0.91716516,0.15425086,-0.00839618,1.2508105,-0.5829068,-1.4561188,1.5958099,0.18905726,0.12476094,1.0900195,-0.18380675,-1.106922,-0.9212196,0.18919791,0.11887795,1.0924102,-0.17876053,-0.9954404,-0.9107175
0.9983993768692017,0.18849976,0.117035404,1.0812914,-0.17337124,-1.0548711,-0.8822799,0.15674666,-0.009555611,1.2478982,-0.57971513,-1.4250064,1.6911265,0.19123287,0.12438964,1.0878056,-0.18564919,-1.0684357,-0.8438857,0.19137876,0.11851678,1.0904193,-0.18058196,-1.0894524,-0.91658556
1.000400185585022,0.19066109,0.11668678,1.0791535,-0.17510158,-1.0821975,-0.8473537,0.15923676,-0.010708276,1.2450482,-0.57633287,-1.5240655,1.7118971,0.19340421,0.124014966,1.0856688,-0.18733695,-1.1626699,-0.8489659,0.19355524,0.11815195,1.0882404,-0.18241513,-1.0507487,-0.8397278
1.0024009943008423,0.19281809,0.11633476,1.0769609,-0.176762,-1.1094944,-0.8123944,0.16172075,-0.011854094,1.242,-0.57290906,-1.4926723,1.8065811,0.1955709,0.123636894,1.0833435,-0.18903488,-1.124193,-0.7716186,0.19572751,0.117783755,1.0861388,-0.18409458,-1.1446339,-0.84545934
1.0044018030166626,0.19497064,0.11597949,1.0747137,-0.17835245,-1.1367596,-0.77740526,0.16419879,-0.012992687,1.2390146,-0.5692959,-1.5913676,1.8265446,0.19773309,0.12325574,1.0810951,-0.19057812,-1.2182873,-0.77659845,0.19789521,0.11741219,1.0838495,-0.1857855,-1.1059433,-0.7685836
1.006402611732483,0.19711864,0.11562111,1.072412,-0.17987287,-1.1639895,-0.7423941,0.16667046,-0.0141239725,1.2358319,-0.5656428,-1.5596753,1.9205599,0.1998904,0.12287147,1.0786586,-0.19213131,-1.1798146,-0.69925493,0.20005849,0.11703754,1.0816376,-0.18732268,-1.1996914,-0.774207
1.0084034204483032,0.19926198,0.11525976,1.0700558,-0.18132322,-1.1911834,-0.7073624,0.16913588,-0.015247576,1.2327125,-0.5618017,-1.6579942,1.9396644,0.202043,0.122484416,1.076299,-0.19352981,-1.2737559,-0.7041543,0.20221697,0.1166598,1.0792383,-0.18887109,-1.161006,-0.6973309
1.010404109954834,0.20140043,0.1148956,1.0676454,-0.18270338,-1.2183352,-0.672322,0.17159468,-0.016363421,1.2293965,-0.55792236,-1.6259904,2.0329769,0.2041905,0.12209454,1.0737514,-0.19493812,-1.2352762,-0.6268352,0.2043708,0.11627927,1.0769163,-0.19026574,-1.2546046,-0.70286775
1.0124049186706543,0.20353413,0.11452872,1.0651807,-0.1840135,-1.2454462,-0.6372725,0.17404696,-0.017471135,1.2261444,-0.55385643,-1.7239071,2.0511887,0.20633306,0.12170216,1.071281,-0.19619179,-1.3290544,-0.63168025,0.2065196,0.11589593,1.0744071,-0.19167148,-1.2159151,-0.62601066
1.0144057273864746,0.20566283,0.11415929,1.0626616,-0.18525349,-1.2725127,-0.6022201,0.17649236,-0.018570643,1.2226967,-0.5497541,-1.6915799,2.143773,0.2084703,0.12130725,1.0686228,-0.19745515,-1.2905587,-0.5544081,0.20866355,0.11551008,1.0719752,-0.1929235,-1.3093525,-0.63148683
1.016406536102295,0.20778646,0.11378746,1.0600885,-0.18642335,-1.2995323,-0.5671696,0.178931,-0.019661576,1.2193135,-0.54546654,-1.7890865,2.161047,0.21060239,0.120910116,1.0660417,-0.19856396,-1.3841587,-0.55921906,0.21080227,0.1151217,1.0693566,-0.19418648,-1.2706487,-0.55466956
1.0184073448181152,0.20990486,0.11341335,1.0574614,-0.18752308,-1.3265009,-0.53213006,0.18136247,-0.020743864,1.2157353,-0.54114443,-1.7564188,2.2528653,0.21272893,0.12051075,1.0632734,-0.1996824,-1.345637,-0.4820114,0.21293591,0.11473111,1.0668153,-0.19529581,-1.3639147,-0.56010664
1.0204081535339355,0.21201797,0.11303711,1.0547804,-0.18855272,-1.3534181,-0.49710208,0.18378691,-0.02181714,1.2122225,-0.5366387,-1.8534911,2.2691627,0.2148501,0.120109454,1.0605822,-0.20064642,-1.4390504,-0.4868204,0.21506408,0.11433828,1.0640874,-0.19641602,-1.3251883,-0.48334765
1.0224089622497559,0.21412565,0.11265888,1.0520456,-0.1895123,-1.3802804,-0.46209288,0.18620394,-0.02288134,1.2085155,-0.5321004,-1.8204706,2.3601854,0.21696551,0.11970621,1.0577041,-0.20162006,-1.4004949,-0.40969464,0.21718696,0.11394351,1.061437,-0.19738272,-1.4182687,-0.48877287
1.0244097709655762,0.21622781,0.112278804,1.049257,-0.19040185,-1.407085,-0.42710912,0.1886137,-0.0239361,1.2048746,-0.52738,-1.9170957,2.3754654,0.21907532,0.119301334,1.0549031,-0.20243944,-1.493709,-0.41452312,0.21930416,0.11354679,1.0586004,-0.19836026,-1.3795111,-0.41208944
1.0264105796813965,0.21832435,0.111897014,1.046415,-0.19122145,-1.4338292,-0.39215565,0.19101578,-0.024981359,1.2010404,-0.5226291,-1.8837095,2.4656692,0.22117916,0.1188948,1.0519158,-0.20326848,-1.4551083,-0.337499,0.22141585,0.11314842,1.0558414,-0.19918445,-1.472398,-0.4175235
1.0284113883972168,0.22041513,0.11151365,1.0435195,-0.19197114,-1.4605108,-0.35723698,0.19341032,-0.026016755,1.197273,-0.51769775,-1.9798775,2.4798975,0.22327717,0.11848691,1.0490055,-0.20394348,-1.5481123,-0.34237397,0.22352163,0.112748384,1.0528966,-0.2000195,-1.4335991,-0.34093702
1.030412197113037,0.22250007,0.11112886,1.0405706,-0.192651,-1.4871286,-0.32235625,0.19579695,-0.02704223,1.1933132,-0.51273793,-1.9461135,2.569248,0.22536899,0.11807766,1.0459093,-0.20462823,-1.5094599,-0.2654711,0.2256217,0.112346984,1.0500294,-0.20070137,-1.5262785,-0.34640652
1.0324130058288574,0.22457907,0.11074278,1.0375686,-0.19326112,-1.513679,-0.28752065,0.19817579,-0.02805743,1.189421,-0.5075994,-2.041803,2.5823975,0.22745477,0.11766734,1.0428903,-0.20515917,-1.6022432,-0.27040696,0.22771566,0.1119442,1.0469768,-0.20139419,-1.4874295,-0.26993504
1.0344138145446777,0.226652,0.11035555,1.0345135,-0.19380158,-1.5401586,-0.25273752,0.20054646,-0.029062299,1.1853374,-0.5024346,-2.0076492,2.6708753,0.22953413,0.11725594,1.0396858,-0.20569998,-1.5635296,-0.1936441,0.22980367,0.11154033,1.0440019,-0.20193405,-1.5798924,-0.27546096
1.036414623260498,0.22871876,0.109967306,1.0314054,-0.1942725,-1.5665668,-0.21800782,0.2029091,-0.030056484,1.1813221,-0.49709287,-2.1028528,2.682901,0.23160726,0.11684377,1.0365587,-0.20608726,-1.6560812,-0.19866939,0.23188534,0.11113536,1.0408422,-0.20248498,-1.5409853,-0.19912209
1.0384154319763184,0.23077925,0.10957819,1.0282447,-0.194674,-1.5928997,-0.18334031,0.20526333,-0.031039938,1.1771164,-0.49172708,-2.0682983,2.7704747,0.23367375,0.1164308,1.0332466,-0.2064846,-1.6172965,-0.12206805,0.23396087,0.1107296,1.0377603,-0.20288323,-1.6332185,-0.20473097
1.0404161214828491,0.23283324,0.10918836,1.0250316,-0.19500618,-1.6191552,-0.14873765,0.2076093,-0.03201231,1.1729798,-0.48618615,-2.1629937,2.7813559,0.23573378,0.11601734,1.030012,-0.20672874,-1.7096055,-0.12720846,0.23602985,0.11032301,1.0344938,-0.2032927,-1.5942441,-0.12854466
1.0424169301986694,0.23488086,0.108797915,1.0217657,-0.19526921,-1.6453314,-0.11420649,0.2099466,-0.032973558,1.1686538,-0.48062342,-2.1280282,2.8680112,0.23778696,0.11560337,1.0265929,-0.20698316,-1.6707419,-0.0507852,0.23809245,0.10991591,1.0313053,-0.20354979,-1.6862382,-0.13425627
1.0444177389144897,0.2369219,0.10840701,1.0184476,-0.19546324,-1.6714272,-0.07974779,0.2122754,-0.03392333,1.1643978,-0.4748874,-2.222214,2.8777049,0.23983346,0.1151892,1.0232514,-0.20708473,-1.7627919,-0.056061935,0.24014832,0.109508276,1.0279329,-0.2038183,-1.6471878,-0.058238998
1.04641854763031,0.23895626,0.10801579,1.0150774,-0.1955884,-1.6974374,-0.04537305,0.2145953,-0.034861594,1.1599534,-0.46913198,-2.1868272,2.96341,0.2418729,0.11477481,1.0197258,-0.20719686,-1.7238401,0.020168277,0.2421976,0.10910041,1.0246385,-0.20393479,-1.7389318,-0.0640793
1.0484193563461304,0.24098381,0.10762439,1.0116552,-0.19564486,-1.7233611,-0.011083422,0.21690646,-0.035788003,1.1555797,-0.46320516,-2.280476,2.9719005,0.24390547,0.1143605,1.0162781,-0.20715652,-1.8156315,0.014729779,0.24423993,0.10869228,1.0211607,-0.20406295,-1.6997968,0.011749607
1.0504201650619507,0.24300447,0.10723294,1.0081812,-0.1956328,-1.7491978,0.02311898,0.2192085,-0.036702525,1.1510187,-0.45726135,-2.2446578,3.0566406,0.24593076,0.113946244,1.0126469,-0.20712706,-1.7765831,0.09074574,0.24627545,0.108284205,1.0177611,-0.20403945,-1.7912807,0.005762148
1.052420973777771,0.24501812,0.10684159,1.0046556,-0.19555241,-1.7749405,0.057220463,0.22150156,-0.03760482,1.1465294,-0.45114806,-2.3377752,3.0638912,0.24794894,0.11353235,1.0090938,-0.20694557,-1.8680977,0.085128546,0.24830382,0.10787615,1.0141785,-0.20402794,-1.7520525,0.08138396
1.0544217824935913,0.24702469,0.10645046,1.0010786,-0.19540389,-1.8005916,0.09122523,0.22378527,-0.03849486,1.1418539,-0.4450203,-2.3015206,3.1476462,0.24995966,0.1131188,1.0053576,-0.20677531,-1.8289434,0.16090995,0.25032517,0.10746842,1.0106744,-0.20386517,-1.8432643,0.07522391
1.0564225912094116,0.24902403,0.1060597,0.9974504,-0.19518743,-1.8261483,0.125128,0.22605976,-0.03937231,1.1372509,-0.438725,-2.3940792,3.1536474,0.25196305,0.112705894,1.0016997,-0.20645349,-1.9201727,0.1550889,0.25233915,0.10706099,1.0069878,-0.20371473,-1.8039348,0.15062311
1.058423399925232,0.25101608,0.10566944,0.99377114,-0.19490325,-1.8516034,0.15891278,0.2283247,-0.040237144,1.1324627,-0.4324177,-2.3573759,3.2363985,0.25395876,0.11229361,0.99785936,-0.2061433,-1.8809052,0.2306227,0.25434592,0.10665417,1.00338,-0.20341349,-1.8948662,0.14426887
1.0604242086410522,0.2530007,0.10527982,0.990041,-0.19455159,-1.8769612,0.1925893,0.2305802,-0.04108903,1.127748,-0.4259449,-2.4493785,3.2411172,0.25594696,0.11188225,0.99409753,-0.20568205,-1.971839,0.2245687,0.2563451,0.10624792,0.9995902,-0.20312496,-1.855427,0.21942605
1.0624250173568726,0.25497782,0.104890965,0.9862603,-0.19413267,-1.9022139,0.2261415,0.23282589,-0.041927956,1.1228492,-0.41946265,-2.4122205,3.3228452,0.25792727,0.11147178,0.99015385,-0.20523292,-1.9324514,0.29983592,0.25833684,0.105842546,0.99587935,-0.2026861,-1.9460655,0.21285613
1.0644258260726929,0.2569473,0.10450302,0.98242915,-0.19364673,-1.9273651,0.25957584,0.23506194,-0.04275359,1.1180248,-0.41281697,-2.5036473,3.3262646,0.25989985,0.11106251,0.98628896,-0.20463325,-2.0230784,0.29354176,0.2603208,0.105438024,0.9919872,-0.20226039,-1.9065087,0.28775573
1.0664266347885132,0.25890908,0.10411611,0.9785478,-0.19309403,-1.9524072,0.2928773,0.23728798,-0.043565918,1.1130176,-0.40616444,-2.4660263,3.406953,0.26186433,0.11065442,0.9822428,-0.20404616,-1.9835604,0.3685246,0.26229715,0.10503466,0.9881742,-0.20168488,-1.9968467,0.28094813
1.068427324295044,0.26086292,0.103730395,0.9746167,-0.19247487,-1.9773377,0.32604066,0.23950416,-0.04436462,1.1080855,-0.39935052,-2.5568728,3.4090495,0.2638209,0.110247806,0.9782757,-0.2033091,-2.0738728,0.36195338,0.2642655,0.10463241,0.9841805,-0.20112298,-1.9571645,0.35557285
1.0704281330108643,0.26280898,0.10334597,0.9706356,-0.19178945,-2.0021615,0.35907444,0.2417101,-0.045149684,1.1029718,-0.39253244,-2.518785,3.488687,0.26576915,0.109842636,0.97412795,-0.20258519,-2.034217,0.43663836,0.26622605,0.10423158,0.98026615,-0.20041184,-2.0471911,0.34850878
1.0724289417266846,0.26474702,0.10296298,0.9666049,-0.19103809,-2.0268698,0.39196146,0.24390596,-0.045920793,1.0979342,-0.38555506,-2.609038,3.4894445,0.26770929,0.10943921,0.9700595,-0.20171191,-2.1242065,0.42978114,0.2681784,0.10383215,0.9761718,-0.19971482,-2.0073752,0.42284104
1.0744297504425049,0.26667693,0.10258155,0.9625249,-0.19022107,-2.051464,0.42470413,0.2460914,-0.046677947,1.0927162,-0.37857616,-2.5704763,3.56802,0.2696409,0.1090375,0.9658111,-0.20085235,-2.084404,0.5041433,0.2701227,0.103434406,0.97215706,-0.19886914,-2.0970793,0.41549698
1.0764305591583252,0.26859865,0.10220183,0.9583958,-0.1893387,-2.0759392,0.45729235,0.24826655,-0.047420826,1.0875753,-0.3714401,-2.6601315,3.5674248,0.2715642,0.10863782,0.96164227,-0.19984406,-2.1740565,0.4969745,0.27205864,0.10303833,0.9679629,-0.19803815,-2.0571213,0.4895219
1.0784313678741455,0.27051204,0.10182393,0.95421785,-0.18839127,-2.100296,0.48972765,0.25043106,-0.048149437,1.082255,-0.36430526,-2.6210911,3.644923,0.27347878,0.10824012,0.95729417,-0.19885011,-2.134103,0.5710076,0.27398634,0.10264421,0.96384865,-0.1970591,-2.146497,0.48187867
1.0804321765899658,0.27241704,0.101448,0.9499913,-0.1873791,-2.1245296,0.52199906,0.25258508,-0.048863467,1.0770128,-0.3570154,-2.710137,3.6429636,0.2753848,0.1078447,0.95302594,-0.1977081,-2.2234108,0.5635064,0.27590546,0.10225202,0.9595557,-0.19609533,-2.10639,0.55557823
1.0824329853057861,0.2743135,0.10107416,0.9457164,-0.18630253,-2.1486406,0.55410886,0.25472826,-0.049562927,1.0715925,-0.34972948,-2.6706128,3.7193758,0.27728197,0.10745154,0.94857913,-0.19658108,-2.1832957,0.6371879,0.27781615,0.10186205,0.9553429,-0.19498418,-2.1954253,0.5476165
1.0844337940216064,0.2762014,0.10070253,0.9413934,-0.18516187,-2.1726263,0.5860508,0.25686076,-0.05024751,1.0662513,-0.34229073,-2.7590473,3.716037,0.2791704,0.10706093,0.94421256,-0.1953067,-2.272254,0.629339,0.27971804,0.10147427,0.95095205,-0.19388895,-2.1551626,0.6209772
1.0864346027374268,0.27808058,0.10033325,0.9370225,-0.18395749,-2.1964824,0.61781555,0.25898224,-0.050917227,1.0607332,-0.33485866,-2.7190363,3.791355,0.28104973,0.10667284,0.93966806,-0.19404803,-2.2319715,0.7026582,0.28161132,0.10108898,0.94664174,-0.192647,-2.243848,0.6126755
1.088435411453247,0.27995098,0.099966444,0.932604,-0.18268973,-2.2202103,0.6494059,0.26109284,-0.05157178,1.0552951,-0.32727593,-2.8068452,3.78662,0.28292012,0.106287554,0.9352041,-0.19264272,-2.3205636,0.69443643,0.28349563,0.10070614,0.94215405,-0.19142164,-2.2034218,0.6856817
1.0904362201690674,0.2818125,0.09960224,0.9281382,-0.18135893,-2.243805,0.6808119,0.2631922,-0.052211184,1.0496814,-0.31970268,-2.7663422,3.8608325,0.28478125,0.10590505,0.930563,-0.19125384,-2.2801046,0.767375,0.28537112,0.10032604,0.9377472,-0.19005027,-2.2917516,0.67702293
1.0924370288848877,0.283665,0.09924076,0.9236253,-0.1799655,-2.2672675,0.71203524,0.26528051,-0.052835148,1.0441487,-0.31198102,-2.8535228,3.8547015,0.28663325,0.10552561,0.92600274,-0.1897191,-2.3683298,0.7587583,0.28723747,0.099948645,0.9331637,-0.18869624,-2.2511532,0.7496554
1.094437837600708,0.28550845,0.098882124,0.91906554,-0.17850977,-2.2905936,0.7430674,0.2673574,-0.053443693,1.0384417,-0.3042716,-2.8125265,3.9278028,0.28847578,0.10514921,0.9212661,-0.18820158,-2.3276906,0.8313029,0.28909478,0.09957425,0.9286614,-0.18719693,-2.339114,0.74062026
1.0964385271072388,0.2873426,0.098526485,0.9144595,-0.17699224,-2.3137817,0.7739063,0.26942304,-0.054036524,1.0328166,-0.296416,-2.899072,3.920261,0.290309,0.10477613,0.9166107,-0.18653896,-2.4155319,0.82228893,0.29094273,0.09920282,0.92398316,-0.18571569,-2.298339,0.81287056
1.098439335823059,0.2891676,0.098173924,0.909807,-0.17541312,-2.33683,0.8045446,0.27147707,-0.054613676,1.0270185,-0.2885755,-2.85758,3.9922473,0.29213256,0.10440634,0.91177964,-0.18489438,-2.3747041,0.8944264,0.2927815,0.09883464,0.9193865,-0.18408994,-2.3859267,0.80343926
1.1004401445388794,0.29098326,0.09782459,0.9051085,-0.17377289,-2.3597383,0.8349846,0.2735197,-0.055174857,1.0213034,-0.280591,-2.9434843,3.983295,0.29394662,0.10404013,0.9070302,-0.18310553,-2.4621623,0.88498276,0.29461074,0.098469675,0.9146147,-0.18248306,-2.3449671,0.8752895
1.1024409532546997,0.29278946,0.09747859,0.90036434,-0.17207196,-2.3825037,0.86522,0.2755505,-0.055720106,1.0154165,-0.27262443,-2.9014919,4.0541606,0.29575083,0.10367746,0.9021059,-0.18133557,-2.4211376,0.9566939,0.2964306,0.09810821,0.90992475,-0.18073249,-2.43217,0.86544645
1.10444176197052,0.29458612,0.09713606,0.89557475,-0.17031075,-2.4051251,0.8952458,0.27756974,-0.056249138,1.0096135,-0.26451612,-2.9867573,4.043788,0.29754534,0.10331862,0.89726365,-0.17942218,-2.508195,0.9468091,0.29824072,0.09775021,0.9050604,-0.1790016,-2.3910184,0.93688256
1.1064425706863403,0.29637316,0.09679711,0.89074004,-0.16848968,-2.4275975,0.9250549,0.27957702,-0.056761995,1.00364,-0.25642854,-2.9442668,4.113529,0.29932985,0.10296356,0.89224726,-0.17752856,-2.466968,1.0180864,0.3000413,0.09739596,0.9002784,-0.17712784,-2.4778302,0.9266075
1.1084433794021606,0.29815048,0.09646186,0.8858605,-0.16660918,-2.449923,0.95464975,0.28157252,-0.057258397,0.99775153,-0.24820147,-3.028877,4.101733,0.3011045,0.10261258,0.8873133,-0.17549239,-2.5536284,1.00774,0.30183193,0.09704541,0.89532274,-0.17527463,-2.4364815,0.99761707
1.110444188117981,0.299918,0.09613044,0.88093644,-0.16466968,-2.4720986,0.98402506,0.2835559,-0.057738394,0.9916938,-0.23999801,-2.9858854,4.1703486,0.3028689,0.102265626,0.882206,-0.1734769,-2.5121932,1.0785643,0.30361283,0.09669885,0.89044976,-0.17327939,-2.5228937,0.98689544
1.1124449968338013,0.30167562,0.095802955,0.87596816,-0.16267163,-2.4941218,1.0131745,0.28552735,-0.058201708,0.985722,-0.23165731,-3.0698438,4.157124,0.30462328,0.10192299,0.87718165,-0.17131978,-2.5984383,1.0677432,0.30538362,0.09635624,0.885404,-0.1713056,-2.4813402,1.0574633
1.1144458055496216,0.30342326,0.095479526,0.870956,-0.16061549,-2.515993,1.0421001,0.28748652,-0.058648393,0.9795823,-0.22334306,-3.0263493,4.2246094,0.30636725,0.10158462,0.8719848,-0.1691843,-2.5567899,1.1381041,0.3071445,0.09601786,0.8804413,-0.16919068,-2.567345,1.0462769
1.116446614265442,0.30516082,0.09516027,0.8659002,-0.1585017,-2.5377088,1.0707923,0.28943357,-0.05907818,0.97352964,-0.21489385,-3.1096513,4.2099643,0.308101,0.101250805,0.8668712,-0.16690809,-2.642614,1.1267909,0.3088951,0.095683664,0.8753066,-0.16709812,-2.5255816,1.1163911
1.1184474229812622,0.30688822,0.0948453,0.86080116,-0.15633075,-2.5592666,1.0992488,0.2913682,-0.059491128,0.9673103,-0.20647392,-3.0656543,4.276318,0.30982417,0.1009215,0.861586,-0.16465451,-2.6007457,1.1966779,0.31063563,0.09535393,0.8702555,-0.16486534,-2.611172,1.1047256
1.1204482316970825,0.30860537,0.09453473,0.8556591,-0.1541031,-2.5806673,1.1274701,0.29329056,-0.05988697,0.961179,-0.19792128,-3.1482975,4.260251,0.31153694,0.10059697,0.85638446,-0.16226116,-2.6861422,1.1848572,0.31236568,0.09502862,0.86503315,-0.16265589,-2.569192,1.1743718
1.1224490404129028,0.3103122,0.09422868,0.8504744,-0.15181923,-2.6019063,1.1554456,0.29520032,-0.060265772,0.95488244,-0.18940078,-3.103797,4.3254766,0.31323895,0.100277185,0.8510122,-0.15989144,-2.6440465,1.254253,0.31408548,0.094708,0.85989475,-0.16030714,-2.6543596,1.1622114
1.1244497299194336,0.31200853,0.093927264,0.8452477,-0.14947976,-2.6229832,1.1831765,0.29709765,-0.06062727,0.94867486,-0.18074982,-3.1857803,4.307984,0.3149304,0.09996242,0.8457241,-0.15738294,-2.7290123,1.2419128,0.31579465,0.09439204,0.854586,-0.15798272,-2.6121576,1.2313789
1.126450538635254,0.31369445,0.09363057,0.83997864,-0.1470849,-2.6438987,1.2106624,0.29898226,-0.06097154,0.9423033,-0.17213385,-3.1407773,4.3720775,0.31661093,0.099652626,0.8402661,-0.1548991,-2.6866863,1.3108095,0.31749338,0.094081,0.8493617,-0.15551996,-2.6968966,1.2187079
1.1284513473510742,0.31536978,0.09333872,0.8346679,-0.14463532,-2.6646488,1.237895,0.3008543,-0.06129832,0.93602175,-0.1633897,-3.2220955,4.3531613,0.31828073,0.09934807,0.83489275,-0.15227748,-2.77121,1.2979304,0.31918132,0.09377483,0.8439679,-0.15308255,-2.6544673,1.2873853
1.1304521560668945,0.31703445,0.09305183,0.82931584,-0.14213149,-2.6852322,1.2648729,0.30271345,-0.061607685,0.9295775,-0.15468338,-3.1765924,4.4161305,0.31993943,0.099048704,0.82935035,-0.14968163,-2.7286456,1.3663157,0.32085863,0.093473814,0.838659,-0.15050778,-2.7387693,1.2741891
1.1324529647827148,0.31868836,0.09277,0.82392275,-0.13957395,-2.7056496,1.291597,0.30455992,-0.061899386,0.92322433,-0.14585112,-3.2572422,4.3957987,0.32158723,0.09875481,0.8238931,-0.146949,-2.812721,1.3528857,0.322525,0.09317789,0.83318144,-0.1479594,-2.6961064,1.3423631
1.1344537734985352,0.32033145,0.09249335,0.81848896,-0.13696319,-2.7258964,1.3180563,0.30639333,-0.062173504,0.91670984,-0.13705952,-3.211239,4.457643,0.32322377,0.09846632,0.81826764,-0.14424323,-2.7699153,1.4207493,0.32418057,0.09288734,0.82778925,-0.14527467,-2.779965,1.3286247
1.1364545822143555,0.32196364,0.09222197,0.81301486,-0.13429976,-2.7459738,1.3442545,0.3082139,-0.062429793,0.9102874,-0.12814423,-3.2912216,4.4358964,0.32484922,0.09818352,0.8127278,-0.14140172,-2.853536,1.4067535,0.32582504,0.092602104,0.8222293,-0.14261742,-2.7370641,1.3962859
1.1384553909301758,0.32358482,0.09195597,0.8075008,-0.13158417,-2.7658792,1.3701866,0.3100213,-0.06266834,0.90370494,-0.11927244,-3.2447197,4.4966145,0.32646325,0.09790634,0.8070207,-0.13858822,-2.8104827,1.474084,0.32745856,0.092322454,0.8167552,-0.13982485,-2.8204744,1.3819968
1.140456199645996,0.32519493,0.09169545,0.801947,-0.12881696,-2.7856104,1.3958476,0.31181574,-0.0628889,0.8972155,-0.11027921,-3.3240316,4.4734645,0.32806605,0.09763506,0.80139977,-0.13564005,-2.893642,1.4595124,0.3290808,0.09204833,0.81111425,-0.13706087,-2.77733,1.4491323
1.1424570083618164,0.32679388,0.09144052,0.79635394,-0.12599869,-2.8051682,1.4212384,0.31359687,-0.06309156,0.8905674,-0.10133228,-3.277033,4.533067,0.3296573,0.09736962,0.79561245,-0.13272104,-2.8503354,1.526296,0.3306919,0.09178001,0.8055596,-0.1341626,-2.860283,1.4342766
1.1444578170776367,0.3283816,0.091191284,0.7907219,-0.1231299,-2.8245502,1.4463546,0.3153649,-0.0632761,0.88401335,-0.09226614,-3.35568,4.5085135,0.3312371,0.09711028,0.7899118,-0.12966844,-2.933029,1.511136,0.33229157,0.09151742,0.799839,-0.13129406,-2.81689,1.5008768
1.146458625793457,0.32995802,0.09094784,0.7850513,-0.12021113,-2.843751,1.4711858,0.3171195,-0.063442595,0.877302,-0.083249114,-3.308187,4.567,0.3328052,0.09685699,0.78404576,-0.12664618,-2.889467,1.5773691,0.33387998,0.091260836,0.79420525,-0.1282923,-2.899381,1.4854401
1.1484594345092773,0.33152306,0.090710275,0.7793424,-0.11724295,-2.862778,1.495746,0.3188609,-0.063590825,0.87068564,-0.07411511,-3.386159,4.541056,0.33436173,0.09661001,0.77826685,-0.123491436,-2.9716904,1.5616053,0.3354568,0.09101019,0.7884065,-0.12532143,-2.855734,1.5514935
1.1504602432250977,0.33307663,0.0904787,0.77359563,-0.11422592,-2.8816228,1.5200192,0.3205887,-0.06372089,0.8639133,-0.065033,-3.3381708,4.598433,0.3359064,0.096369274,0.7723235,-0.12036823,-2.927867,1.6272727,0.3370222,0.09076575,0.782695,-0.122218445,-2.9377577,1.5354688
1.152461051940918,0.33461866,0.09025322,0.76781136,-0.1111606,-2.9002864,1.5440048,0.32230318,-0.06383256,0.857237,-0.055836137,-3.4154763,4.5711,0.33743933,0.09613505,0.76646775,-0.11711368,-3.009607,1.6108997,0.3385758,0.09052746,0.77681947,-0.11914751,-2.8938527,1.6009666
1.1544617414474487,0.336149,0.090033926,0.76199025,-0.10804777,-2.918768,1.5677043,0.324004,-0.063925944,0.85040605,-0.046693936,-3.3669996,4.6273746,0.33896023,0.09590726,0.7604485,-0.11389188,-2.965516,1.6759919,0.34011787,0.09029557,0.77103174,-0.11594558,-2.9754026,1.5843376
1.156462550163269,0.33766776,0.0898209,0.756132,-0.10488763,-2.9370651,1.591111,0.32569134,-0.06400082,0.84367204,-0.037439186,-3.443633,4.598665,0.34046927,0.09568618,0.7545175,-0.11053989,-3.0467756,1.658994,0.34164804,0.09007002,0.7650809,-0.112776905,-2.9312365,1.649272
1.1584633588790894,0.33917475,0.08961424,0.75023735,-0.10168094,-2.9551787,1.6142262,0.32736492,-0.064057305,0.8367848,-0.028241854,-3.3946676,4.6538343,0.34196612,0.09547174,0.74842393,-0.1072219,-3.0024154,1.7235067,0.34316647,0.08985106,0.75921845,-0.10947836,-3.0123074,1.6320292
1.1604641675949097,0.3406699,0.089414045,0.7443066,-0.09842831,-2.973106,1.637045,0.3290249,-0.06409518,0.82999545,-0.018934185,-3.470628,4.6237597,0.34345096,0.09526419,0.7424191,-0.10377489,-3.0831869,1.7058707,0.34467286,0.08963863,0.75319386,-0.1062143,-2.9678738,1.6963868
1.16246497631073,0.34215316,0.0892204,0.73834026,-0.09513032,-2.9908469,1.6595678,0.330671,-0.06411455,0.8230542,-0.009686665,-3.421179,4.6778383,0.34492347,0.09506346,0.7362527,-0.10036315,-3.0385547,1.7697935,0.3461674,0.089432985,0.7472581,-0.10282153,-3.0484598,1.6785184
1.1644657850265503,0.34362444,0.089033395,0.73233855,-0.09178756,-3.0083978,1.6817861,0.33230343,-0.06411521,0.8162118,-0.0003309874,-3.4964702,4.6464,0.3463838,0.094869815,0.7301756,-0.096823566,-3.118828,1.7515192,0.3476497,0.089234054,0.7411612,-0.09946449,-3.0037565,1.7422949
1.1664665937423706,0.34508368,0.08885313,0.7263019,-0.08840065,-3.0257635,1.70371,0.33392188,-0.064097285,0.8092189,0.008961813,-3.4465375,4.699391,0.3478317,0.09468317,0.7239379,-0.093320526,-3.0739172,1.8148435,0.34912,0.0890421,0.73515373,-0.0959799,-3.083852,1.7237918
1.168467402458191,0.3465308,0.08867968,0.7202307,-0.08497018,-3.0429337,1.7253193,0.33552653,-0.06406056,0.8023258,0.018360596,-3.52116,4.666604,0.34926727,0.09450379,0.71779007,-0.08969084,-3.1536968,1.7959138,0.35057795,0.08885703,0.728986,-0.092532314,-3.038874,1.7869765
1.1704682111740112,0.34796575,0.088513136,0.71412534,-0.08149678,-3.059914,1.7466251,0.3371171,-0.064005174,0.79528344,0.027693804,-3.4707491,4.718515,0.35069025,0.09433159,0.71148264,-0.08609901,-3.1085043,1.8586304,0.35202378,0.08867911,0.72290826,-0.08895836,-3.1184762,1.7678261
1.1724690198898315,0.34938845,0.08835359,0.7079862,-0.07798106,-3.0767047,1.7676252,0.3386938,-0.063930914,0.78834194,0.037130833,-3.544701,4.68439,0.3521008,0.09416683,0.70526564,-0.082381755,-3.187775,1.8390355,0.35345712,0.08850827,0.7166713,-0.08542271,-3.0732203,1.8304123
1.1744698286056519,0.35079882,0.08820111,0.70181364,-0.07442363,-3.0933,1.7883122,0.3402563,-0.063837916,0.78125256,0.046499614,-3.4938126,4.735223,0.35349858,0.09400942,0.6988901,-0.07870369,-3.1422987,1.9011399,0.3548782,0.088344745,0.71052486,-0.08176188,-3.1523216,1.8106087
1.1764706373214722,0.3521968,0.0880558,0.6956081,-0.07082513,-3.1097007,1.8086842,0.34180483,-0.06372598,0.77426493,0.055970058,-3.5670955,4.6997633,0.3548838,0.09385962,0.6926055,-0.07490141,-3.2210615,1.8808764,0.35628662,0.08818846,0.70422024,-0.07814066,-3.1067839,1.8725874
1.1784714460372925,0.35358235,0.08791772,0.6893699,-0.06718618,-3.1259055,1.8287411,0.3433391,-0.063595235,0.76713073,0.06536958,-3.5157351,4.7495327,0.35625613,0.093717344,0.68616337,-0.071139656,-3.1752963,1.9423568,0.35768262,0.088039674,0.6980067,-0.074395485,-3.185383,1.8521202
1.1804722547531128,0.35495538,0.08778697,0.6830995,-0.06350741,-3.1419163,1.8484855,0.34485927,-0.0634455,0.7600993,0.07486865,-3.5883548,4.7127566,0.35761574,0.09358283,0.6798128,-0.067254946,-3.2535474,1.9214135,0.3590659,0.08789829,0.6916359,-0.07069124,-3.1395602,1.9134834
1.1824729442596436,0.35631573,0.08766363,0.6767977,-0.059789684,-3.1577253,1.8679029,0.34636512,-0.06327691,0.7529226,0.08429416,-3.536523,4.7614594,0.35896236,0.09345601,0.6733057,-0.063412115,-3.2074916,1.9822669,0.36043662,0.08776456,0.6853568,-0.066864274,-3.2176507,1.8923445
1.1844737529754639,0.35766354,0.08754775,0.67046404,-0.056033205,-3.17334,1.8870052,0.34785682,-0.063089274,0.74584955,0.093817085,-3.6084735,4.7233777,0.36029613,0.09333711,0.6668907,-0.05944758,-3.285226,1.9606396,0.36179447,0.0876384,0.6789215,-0.06307959,-3.171539,1.953086
1.1864745616912842,0.35899866,0.087439425,0.66409934,-0.052238826,-3.1887558,1.9057848,0.3493341,-0.062882744,0.7386326,0.10326384,-3.5561757,4.771028,0.36161676,0.09322606,0.6603202,-0.0555263,-3.2388756,2.0208561,0.36313963,0.087520055,0.67257845,-0.059173416,-3.2491183,1.9312671
1.1884753704071045,0.360321,0.08733873,0.657704,-0.048407193,-3.203973,1.9242443,0.35079712,-0.06265713,0.7315203,0.112805896,-3.6274633,4.731645,0.36292446,0.09312309,0.65384245,-0.05148459,-3.3160906,1.9985359,0.3644718,0.08740944,0.66608024,-0.055310883,-3.2027147,1.9913782
1.1904761791229248,0.3616305,0.08724574,0.6512784,-0.04453896,-3.2189877,1.9423735,0.35224566,-0.062412594,0.7242654,0.12226918,-3.5747035,4.7782493,0.3642189,0.09302812,0.64721024,-0.047487516,-3.2694457,2.0581136,0.36579114,0.08730678,0.6596748,-0.051328126,-3.2797763,1.9688702
1.1924769878387451,0.36292714,0.08716053,0.64482296,-0.04063478,-3.233799,1.9601709,0.3536799,-0.062148944,0.717116,0.13182569,-3.6453257,4.7375803,0.36550024,0.09294138,0.6406714,-0.04337129,-3.3461325,2.035094,0.36709738,0.087212004,0.6531153,-0.047390386,-3.2330792,2.0283487
1.1944777965545654,0.3642108,0.08708316,0.6383381,-0.036695316,-3.2484117,1.9776461,0.35509956,-0.061866343,0.70982534,0.14130084,-3.5921042,4.783145,0.3667682,0.09286278,0.6339791,-0.0393011,-3.2991872,2.0940235,0.36839068,0.08712534,0.6466491,-0.043333687,-3.309621,2.0051465
1.1964786052703857,0.3654815,0.087013714,0.6318242,-0.032721218,-3.2628212,1.9947907,0.35650483,-0.06156461,0.7026411,0.15086713,-3.6620693,4.7412,0.36802298,0.09279255,0.6273807,-0.035113055,-3.3753455,2.0702963,0.36967075,0.08704669,0.6400299,-0.039323393,-3.2626264,2.0639834
1.198479413986206,0.36673912,0.08695225,0.6252817,-0.028713156,-3.2770236,2.0115972,0.35789546,-0.06124391,0.695317,0.16034953,-3.6083944,4.7857347,0.36926425,0.092730604,0.62063,-0.030972462,-3.3280997,2.1285775,0.37093776,0.0869763,0.6335046,-0.035195425,-3.3386464,2.0400794
1.2004802227020264,0.36798364,0.08689883,0.61871094,-0.02467179,-3.2910275,2.0280805,0.35927168,-0.060904067,0.68810016,0.169921,-3.677697,4.74253,0.3704922,0.092677176,0.61397386,-0.026715307,-3.40373,2.104135,0.37219143,0.08691407,0.62682736,-0.031115266,-3.2913518,2.098268
1.2024810314178467,0.36921495,0.08685354,0.6121124,-0.020597791,-3.3048213,2.0442195,0.36063316,-0.060545254,0.68074477,0.17940606,-3.6235676,4.786039,0.37170652,0.09263216,0.6071664,-0.022507036,-3.3561795,2.1617572,0.37343192,0.08686023,0.6202447,-0.02691873,-3.3668432,2.073656
1.204481840133667,0.37043306,0.08681643,0.60548645,-0.016491832,-3.3184087,2.0600212,0.36198017,-0.060167298,0.6734976,0.18897814,-3.6922119,4.7415752,0.37290743,0.09259579,0.60045403,-0.018183522,-3.4312716,2.1365962,0.37465894,0.08681469,0.61351097,-0.022771418,-3.3192465,2.1311917
1.2064826488494873,0.37163788,0.08678757,0.5988335,-0.01235459,-3.3317928,2.075491,0.3633124,-0.059770375,0.6661132,0.1984613,-3.6376324,4.784064,0.3740946,0.09256797,0.5935915,-0.013910329,-3.3834152,2.1935577,0.3758727,0.08677767,0.6068725,-0.018509034,-3.3942072,2.1058643
1.2084834575653076,0.37282935,0.08676701,0.592154,-0.00818674,-3.344967,2.0906165,0.36463007,-0.059354316,0.6588379,0.20802942,-3.705618,4.738356,0.37526825,0.09254893,0.58682466,-0.009523213,-3.4579701,2.1676764,0.37707287,0.08674908,0.60008407,-0.014297305,-3.3463066,2.1627443
1.2104841470718384,0.37400737,0.08675483,0.5854488,-0.00398921,-3.357935,2.105406,0.36593294,-0.058919303,0.6514267,0.21750613,-3.6505919,4.7798324,0.37642807,0.09253855,0.5799087,-0.0051878598,-3.4098058,2.2239723,0.37825966,0.08672913,0.5933915,-0.009971816,-3.420735,2.1366956
1.2124849557876587,0.37517202,0.08675107,0.5787174,0.00023781322,-3.3706937,2.1198509,0.3672212,-0.05846517,0.64412546,0.22706579,-3.7179258,4.7328944,0.37757424,0.09253707,0.5730891,-0.00073991483,-3.4838226,2.1973588,0.37943277,0.08671773,0.58655,-0.0056984248,-3.3725271,2.1929114
1.214485764503479,0.37632316,0.086755805,0.5719607,0.0044934005,-3.3832471,2.13396,0.3684946,-0.05799211,0.6366896,0.23653157,-3.6624553,4.773365,0.37870649,0.09254438,0.56612146,0.0036548031,-3.435347,2.2529778,0.38059238,0.08671511,0.57980496,-0.0013126018,-3.44642,2.1661408
1.2164865732192993,0.37746078,0.086769074,0.56517905,0.008776868,-3.395587,2.1477182,0.36975333,-0.057499953,0.62936467,0.2460783,-3.7291358,4.7252054,0.379825,0.0925607,0.5592508,0.008160759,-3.5088184,2.2256377,0.3817382,0.08672115,0.5729121,0.0030196798,-3.3979023,2.2216868
1.2184873819351196,0.3785848,0.08679094,0.558373,0.01308752,-3.4077206,2.1611385,0.37099713,-0.056988895,0.6219064,0.25552872,-3.6732256,4.76468,0.38092947,0.09258593,0.55223316,0.012612034,-3.4600317,2.2805827,0.3828704,0.086736076,0.5661163,0.007463054,-3.4712555,2.1941853
1.22048819065094,0.37969518,0.08682146,0.5515428,0.017424667,-3.4196372,2.1742005,0.37222624,-0.05645878,0.61455995,0.26505807,-3.7392561,4.7153077,0.3820201,0.092620276,0.5453131,0.017173199,-3.5329547,2.2525005,0.38398877,0.086759776,0.55917376,0.011851424,-3.4224277,2.2490602
1.2224889993667603,0.38079184,0.08686069,0.544689,0.021787615,-3.431348,2.1869266,0.3734404,-0.0559098,0.6070814,0.2744887,-3.6829083,4.753792,0.38309658,0.09266363,0.5382472,0.0216782,-3.483854,2.3067684,0.38509342,0.08679248,0.5523289,0.016349545,-3.4952407,2.220824
1.2244898080825806,0.3818748,0.08690867,0.537812,0.026175674,-3.4428442,2.199298,0.37463984,-0.05534181,0.5997156,0.28399628,-3.7482877,4.7032175,0.38415915,0.09271622,0.5312795,0.026291737,-3.55623,2.277947,0.3861841,0.08683406,0.5453384,0.020791193,-3.4460995,2.275021
1.2264906167984009,0.38294396,0.08696545,0.5309122,0.03058814,-3.4541316,2.2113264,0.37582427,-0.054755006,0.592219,0.29340273,-3.691504,4.7407146,0.38520747,0.092777915,0.52416706,0.030847631,-3.5068152,2.3315277,0.387261,0.08688474,0.5384462,0.025341235,-3.5183673,2.246045
1.2284914255142212,0.3839993,0.08703108,0.52399004,0.035024315,-3.465205,2.2230036,0.37699395,-0.054149237,0.584836,0.30288416,-3.7562418,4.688945,0.3862418,0.092848934,0.51715344,0.03551069,-3.5786412,2.30197,0.3883238,0.0869444,0.53140944,0.029833326,-3.4689128,2.2995644
1.2304922342300415,0.38504076,0.08710562,0.5170459,0.039483506,-3.4760654,2.234329,0.37814862,-0.053524714,0.5773235,0.31226206,-3.6990273,4.7254615,0.38726178,0.09292916,0.5099962,0.04011463,-3.5289102,2.354865,0.38937277,0.08701327,0.52447164,0.034432456,-3.540637,2.2698472
1.2324930429458618,0.3860683,0.08718909,0.5100803,0.043965004,-3.48671,2.2452984,0.37928846,-0.05288129,0.5699254,0.32171297,-3.7631125,4.6725144,0.38826767,0.09301881,0.50293833,0.04482436,-3.6001818,2.3245533,0.39040753,0.087091215,0.5173904,0.03897215,-3.4908662,2.3226807
1.2344938516616821,0.3870819,0.08728156,0.50309354,0.0484681,-3.4971418,2.2559183,0.38041326,-0.052219175,0.5623992,0.331058,-3.7054691,4.7080584,0.38925913,0.09311775,0.49573797,0.04947347,-3.5501337,2.3767598,0.39142835,0.08717845,0.51040864,0.043617513,-3.5620406,2.292218
1.2364946603775024,0.3880815,0.08738306,0.49608618,0.052992094,-3.5073624,2.2661898,0.38152325,-0.051538225,0.55498827,0.3404741,-3.7689154,4.65393,0.3902364,0.0932262,0.48863772,0.054226987,-3.6208498,2.3456995,0.39243492,0.08727485,0.5032846,0.04820195,-3.5119514,2.3443637
1.2384953498840332,0.38906696,0.08749363,0.489059,0.05753601,-3.5173647,2.2761016,0.38261816,-0.05083866,0.5474504,0.34978196,-3.7108443,4.6885056,0.3911992,0.09334404,0.48139602,0.058918387,-3.5704775,2.397207,0.39342743,0.08738063,0.49626067,0.052890677,-3.582579,2.3131502
1.2404961585998535,0.39003843,0.08761331,0.4820116,0.062099673,-3.527153,2.28566,0.38369823,-0.050120343,0.54002875,0.35915896,-3.77365,4.63322,0.39214772,0.09347147,0.47425506,0.0637128,-3.6406431,2.3653955,0.39440563,0.08749567,0.4890955,0.057516977,-3.5321724,2.3646054
1.2424969673156738,0.39099577,0.087742135,0.47494483,0.06668211,-3.5367265,2.2948637,0.38476318,-0.04938349,0.53248143,0.3684254,-3.7151566,4.666831,0.39308167,0.09360836,0.46697378,0.06844359,-3.5899534,2.4162097,0.3953697,0.08762016,0.48203117,0.06224619,-3.6022463,2.332642
1.2444977760314941,0.39193895,0.08788015,0.46785912,0.071282595,-3.5460825,2.3037083,0.3858133,-0.048627973,0.5250511,0.37775907,-3.777321,4.6103864,0.39400125,0.09375491,0.45979387,0.073276006,-3.6595557,2.3836448,0.39631936,0.08775398,0.47482666,0.066911474,-3.5515182,2.3834002
1.2464985847473145,0.39286795,0.08802739,0.4607549,0.075900435,-3.5552275,2.3122067,0.3868483,-0.047854014,0.51749647,0.38697985,-3.718406,4.6430435,0.3949062,0.093911,0.45247474,0.0780433,-3.6085446,2.4337585,0.3972548,0.08789734,0.46772364,0.07167827,-3.6210408,2.3506835
1.2484993934631348,0.3937827,0.08818389,0.45363262,0.080534905,-3.5641499,2.3203347,0.38786843,-0.04706148,0.51005965,0.39626592,-3.7799332,4.585449,0.39579672,0.09407682,0.44525766,0.08291081,-3.6775897,2.4004407,0.39817575,0.0880501,0.46048155,0.07637964,-3.569991,2.4007437
1.250500202178955,0.3946832,0.08834967,0.4464927,0.0851853,-3.5728593,2.3281116,0.38887343,-0.046250608,0.50249976,0.4054368,-3.7205987,4.617153,0.39667252,0.09425224,0.43790248,0.08771169,-3.626255,2.4498518,0.39908242,0.08821246,0.45334157,0.08118113,-3.6389582,2.3672693
1.2525010108947754,0.3955694,0.08852477,0.43933555,0.08985088,-3.5813515,2.3355303,0.38986355,-0.045421265,0.49505857,0.41467112,-3.7814922,4.5584216,0.3975338,0.094437465,0.43064997,0.092611395,-3.694738,2.4157689,0.39997455,0.08838429,0.44606367,0.08591567,-3.5875883,2.4166334
1.2545018196105957,0.39644128,0.08870923,0.43216163,0.09453095,-3.5896235,2.3425837,0.39083853,-0.04457369,0.48749557,0.42378795,-3.7217429,4.589181,0.39838034,0.09463235,0.42326048,0.09744293,-3.6430798,2.4644763,0.40085232,0.08856579,0.4388885,0.090748936,-3.6560001,2.3824012
1.256502628326416,0.39729875,0.08890306,0.42497137,0.099224776,-3.5976834,2.3492887,0.39179865,-0.04370776,0.48005208,0.43296632,-3.7820015,4.529318,0.3992123,0.09483709,0.41597432,0.10237189,-3.7110023,2.4296365,0.4017155,0.088756815,0.4315765,0.09551374,-3.6043057,2.4310606
1.2585034370422363,0.39814183,0.0891063,0.41776523,0.10393165,-3.6055214,2.3556256,0.39274362,-0.04282371,0.47248808,0.44202495,-3.7218397,4.5591354,0.4000294,0.09505156,0.40855232,0.10723116,-3.6590219,2.4776344,0.40256423,0.08895756,0.42436787,0.10037586,-3.672162,2.3960688
1.2605042457580566,0.39897048,0.08931897,0.41054362,0.10865085,-3.6131444,2.3616078,0.39367372,-0.041921422,0.4650444,0.4511432,-3.7814677,4.4981494,0.40083185,0.09527593,0.40123427,0.11218643,-3.7263763,2.4420328,0.40339828,0.0891679,0.41702354,0.105168,-3.6201434,2.4440215
1.262505054473877,0.39978465,0.089541085,0.40330696,0.113381654,-3.6205473,2.3672252,0.39458868,-0.04100114,0.45748147,0.4601395,-3.7208934,4.5270324,0.4016194,0.09551007,0.3937815,0.117070496,-3.6740701,2.489321,0.40421784,0.08938801,0.40978324,0.11005604,-3.687442,2.4082692
1.2645058631896973,0.40058434,0.08977268,0.3960557,0.118123345,-3.6277318,2.3724813,0.39548877,-0.040062755,0.45003968,0.46919358,-3.7798936,4.464926,0.40239227,0.09575417,0.38643336,0.12204914,-3.7408614,2.452962,0.40502265,0.08961776,0.40240836,0.11487258,-3.635099,2.4555156
1.266506552696228,0.40136945,0.09001376,0.38879073,0.12287491,-3.634698,2.377377,0.39637372,-0.039106507,0.4424799,0.47812343,-3.7189112,4.4928756,0.40315017,0.09600808,0.37895164,0.12695506,-3.688229,2.4995382,0.40581292,0.089857325,0.39513817,0.11978361,-3.7018373,2.418999
1.2685073614120483,0.40214008,0.090264365,0.3815116,0.1276362,-3.641447,2.381913,0.3972438,-0.038132288,0.43504208,0.48710918,-3.7772837,4.4296665,0.40389332,0.096271984,0.37157518,0.13195413,-3.7544534,2.462412,0.40658838,0.09010657,0.3877345,0.12462161,-3.64917,2.465539
1.2705081701278687,0.4028961,0.09052451,0.37421918,0.13240619,-3.6479788,2.3860917,0.39809877,-0.03714035,0.42748752,0.49596852,-3.7158926,4.4566903,0.40462145,0.09654574,0.36406627,0.13687895,-3.701495,2.5082731,0.40734926,0.09036568,0.38043615,0.12955269,-3.7153506,2.4282622
1.272508978843689,0.40363753,0.090794206,0.3669139,0.13718417,-3.6542904,2.3899045,0.39893886,-0.03613059,0.42005575,0.5048819,-3.7736442,4.3923736,0.40533477,0.09682953,0.3566633,0.1418955,-3.7671552,2.4703834,0.40809527,0.090634495,0.37300545,0.13440922,-3.6623573,2.4740913
1.2745097875595093,0.40436435,0.09107347,0.35959625,0.14196943,-3.6603827,2.3933542,0.39976388,-0.035103254,0.41250846,0.5136667,-3.7118464,4.4184723,0.40603304,0.097123206,0.34912896,0.14683627,-3.7138684,2.5155258,0.40882662,0.09091321,0.36568072,0.1393574,-3.7279763,2.436047
1.2765105962753296,0.4050765,0.09136231,0.3522666,0.14676121,-3.6662552,2.3964393,0.40057406,-0.034058247,0.40508476,0.5225036,-3.7689774,4.353069,0.40671644,0.09742694,0.3417012,0.15186732,-3.7789583,2.4768715,0.40954307,0.09120166,0.35822478,0.1442295,-3.6746573,2.4811645
1.27851140499115,0.40577397,0.09166075,0.34492543,0.15155882,-3.6719081,2.3991616,0.40136915,-0.032995827,0.3975468,0.53120977,-3.706777,4.3782496,0.40738472,0.09774058,0.33414328,0.15682106,-3.7253454,2.5213013,0.41024482,0.091500044,0.35087547,0.14919183,-3.7397172,2.4423587
1.2805122137069702,0.40645674,0.0919688,0.33757317,0.1563615,-3.677344,2.401526,0.4021494,-0.031915896,0.39013323,0.5399663,-3.7632864,4.311753,0.4080381,0.09806431,0.32669258,0.16186365,-3.789872,2.48188,0.41093162,0.0918082,0.34339604,0.15407655,-3.6860712,2.4867628
1.2825130224227905,0.4071248,0.09228645,0.33021027,0.16116856,-3.6825578,2.4035215,0.4029146,-0.030818716,0.38260666,0.54858977,-3.700687,4.336021,0.40867633,0.09839796,0.31911284,0.16682741,-3.7359297,2.5255868,0.41160366,0.0921263,0.3360239,0.15905008,-3.7505703,2.4471915
1.2845138311386108,0.4077781,0.092613734,0.32283714,0.16597924,-3.6875544,2.405158,0.40366504,-0.029704193,0.37520528,0.5572618,-3.7565808,4.268446,0.4092996,0.09874172,0.31164098,0.17187859,-3.799883,2.4854026,0.4122607,0.092454195,0.32852274,0.16394445,-3.6965969,2.490879
1.2865146398544312,0.40841666,0.09295064,0.31545424,0.17079283,-3.692332,2.4064314,0.4044004,-0.028572595,0.3676921,0.5657987,-3.6935828,4.291801,0.4099077,0.09909542,0.3040412,0.1768494,-3.745613,2.5283895,0.41290298,0.09279205,0.32112956,0.16892621,-3.7605355,2.4505458
1.2885154485702515,0.40904042,0.09329718,0.308062,0.17560862,-3.6968892,2.4073408,0.40512103,-0.02742383,0.36030495,0.5743823,-3.7488585,4.223153,0.4105008,0.09945923,0.29654998,0.18190618,-3.809001,2.4874382,0.4135302,0.0931397,0.3136085,0.1738273,-3.7062352,2.4935188
1.2905162572860718,0.4096494,0.09365336,0.30066085,0.18042585,-3.7012267,2.4078863,0.40582663,-0.026258174,0.35280722,0.58282864,-3.6854622,4.2456026,0.41107866,0.099833,0.28893197,0.18688105,-3.7544022,2.5297015,0.41414258,0.09349733,0.30619603,0.17881434,-3.7696133,2.452421
1.292517066001892,0.41024354,0.094019175,0.29325125,0.18524382,-3.705346,2.408071,0.4065175,-0.025075534,0.3454363,0.59131986,-3.7401314,4.1758823,0.4116415,0.10021688,0.28142315,0.19194046,-3.8172178,2.4879851,0.4147399,0.09386477,0.29865682,0.18371917,-3.7149856,2.4946754
1.2945178747177124,0.41082287,0.09439463,0.28583363,0.1900618,-3.7092478,2.407896,0.40719342,-0.02387619,0.33795604,0.5996716,-3.6763432,4.197435,0.4121891,0.10061071,0.27378872,0.19691643,-3.762288,2.5295234,0.41532236,0.094242185,0.29122686,0.18870853,-3.7778022,2.4528153
1.2965185642242432,0.4113873,0.09477971,0.27840886,0.19487876,-3.7129276,2.4073527,0.40785462,-0.022660058,0.33060336,0.6080665,-3.7304032,4.126664,0.41272163,0.10101466,0.26626414,0.20197548,-3.8245406,2.4870417,0.4158897,0.094629414,0.28367126,0.19361416,-3.7228477,2.4943533
1.2985193729400635,0.4119369,0.09517444,0.2709765,0.19969456,-3.7163875,2.406446,0.4085009,-0.021427419,0.32314256,0.61631984,-3.6662216,4.147322,0.41323885,0.10142856,0.25861505,0.20694956,-3.7692819,2.5278523,0.41644216,0.09502662,0.27622557,0.19860286,-3.7851043,2.4517326
1.3005201816558838,0.41247165,0.095578805,0.26353747,0.20450819,-3.7196288,2.405177,0.40913254,-0.02017819,0.3158101,0.6246145,-3.7196789,4.075491,0.413741,0.10185257,0.2510765,0.21200527,-3.8309598,2.4846096,0.41697946,0.09543363,0.26865536,0.20350632,-3.7298226,2.4925523
1.302520990371704,0.4129915,0.095992796,0.25609213,0.20931892,-3.7226496,2.4035432,0.40974927,-0.018912658,0.30837077,0.6327655,-3.6551068,4.095256,0.4142278,0.102286525,0.24341457,0.2169745,-3.775372,2.5246916,0.41750187,0.09585061,0.26119572,0.20849143,-3.7915194,2.4491715
1.3045217990875244,0.41349643,0.096416414,0.24864098,0.21412602,-3.7254546,2.4015532,0.4103514,-0.017630747,0.30106056,0.640956,-3.7079632,4.0223837,0.41469955,0.10273057,0.23586382,0.22202387,-3.8364825,2.4806876,0.4180091,0.096277386,0.25361267,0.21338977,-3.73591,2.4892697
1.3065226078033447,0.41398644,0.09684964,0.24118444,0.21892877,-3.7280397,2.399199,0.41093868,-0.016332746,0.29364464,0.64900076,-3.6430054,4.041266,0.41515595,0.10318454,0.22819085,0.22698525,-3.780565,2.5200438,0.41850138,0.096714124,0.24614085,0.2183683,-3.7970476,2.4451308
1.308523416519165,0.41446155,0.097292475,0.23372294,0.22372645,-3.730404,2.3964777,0.4115114,-0.015018579,0.28635862,0.6570833,-3.695265,3.9673595,0.4155972,0.103648596,0.22062972,0.23202534,-3.8411071,2.4752746,0.41897848,0.097160645,0.23854676,0.22325857,-3.7411113,2.4845085
1.3105242252349854,0.41492173,0.097744904,0.22625694,0.22851832,-3.73255,2.3933969,0.41206932,-0.013688543,0.2789681,0.66501796,-3.6299214,3.985361,0.4160231,0.10412255,0.2129475,0.2369759,-3.7848597,2.5139003,0.4194406,0.0976171,0.23106454,0.22822759,-3.8016872,2.4396122
1.3125250339508057,0.41536695,0.098206915,0.21878685,0.23330367,-3.7344775,2.3899546,0.41261274,-0.012342566,0.27170825,0.6729887,-3.6815877,3.9104233,0.41643387,0.104606554,0.20537779,0.2420037,-3.8448298,2.468365,0.4198875,0.09808331,0.22346117,0.2331068,-3.7454252,2.478273
1.314525842666626,0.41579723,0.09867849,0.21131313,0.23808177,-3.736187,2.3861516,0.41314143,-0.010980947,0.26434508,0.68080956,-3.6158628,3.9275506,0.41682926,0.10510044,0.19768813,0.24694042,-3.7882524,2.5062609,0.42031947,0.09855944,0.21597031,0.23806335,-3.8054442,2.4326224
1.3165266513824463,0.41621256,0.09915962,0.2038362,0.2428519,-3.7376812,2.3819933,0.41365567,-0.009603618,0.25711337,0.6886647,-3.6669397,3.851596,0.41720948,0.10560434,0.19011162,0.25195295,-3.847656,2.4599643,0.4207362,0.0990453,0.20835942,0.2429286,-3.7488544,2.4705598
1.3185274600982666,0.41661292,0.099650286,0.1963565,0.24761334,-3.7389524,2.3774643,0.41415522,-0.008210882,0.2497795,0.69636786,-3.6008348,3.8678563,0.41757432,0.10611809,0.1824163,0.25687286,-3.7907484,2.4971294,0.42113793,0.09954104,0.2008617,0.24786972,-3.8083167,2.4241567
1.320528268814087,0.4169983,0.100150466,0.18887448,0.25236538,-3.740009,2.3725827,0.41464037,-0.0068026744,0.24257782,0.7041036,-3.6513278,3.790888,0.417924,0.10664182,0.1748348,0.26186714,-3.8495855,2.4500766,0.4215244,0.10004647,0.19324507,0.25271803,-3.7514014,2.4613738
1.3225290775299072,0.4173687,0.100660145,0.18139057,0.25710726,-3.7408438,2.3673332,0.41511092,-0.0053793034,0.23527516,0.71168536,-3.584848,3.806287,0.41825825,0.10717536,0.16713563,0.2667673,-3.792349,2.486508,0.4218959,0.10056175,0.18574226,0.25764078,-3.8103049,2.4142187
1.324529767036438,0.41772413,0.10117927,0.17390564,0.26183802,-3.7414627,2.3617263,0.41556713,-0.0039407075,0.22810547,0.71929795,-3.6347613,3.7283201,0.41857734,0.10771884,0.15955094,0.27174032,-3.8506136,2.438695,0.42225215,0.10108669,0.17812166,0.2624692,-3.7530637,2.4507158
1.3265305757522583,0.4180646,0.10170788,0.16641925,0.26655748,-3.7418659,2.355764,0.4160088,-0.0024871982,0.22083595,0.7267546,-3.5679061,3.742866,0.41888103,0.108272076,0.1518497,0.2766177,-3.7930474,2.4743934,0.42259338,0.101621434,0.17061552,0.26737064,-3.8114126,2.4028146
1.3285313844680786,0.41839007,0.10224593,0.15893227,0.27126464,-3.742049,2.3494382,0.4164362,-0.0010187174,0.21370015,0.73424035,-3.6172462,3.6639018,0.41916955,0.108835205,0.14426361,0.2815665,-3.8507495,2.425826,0.42291936,0.10216579,0.1629927,0.27217627,-3.7538457,2.4385903
1.330532193183899,0.41870058,0.10279337,0.15144514,0.2759588,-3.7420187,2.342759,0.41684914,0.0004644189,0.20646565,0.74156815,-3.5500214,3.677601,0.41944268,0.10940804,0.13656211,0.28641814,-3.792853,2.460786,0.42323032,0.102719896,0.155485,0.27705345,-3.8116405,2.3899426
1.3325330018997192,0.4189961,0.1033502,0.14395829,0.28063923,-3.741767,2.3357139,0.41724786,0.0019622657,0.1993656,0.74892336,-3.5987966,3.597665,0.41970062,0.10999072,0.1289764,0.29133973,-3.8499858,2.411464,0.42352605,0.10328356,0.14786172,0.28183332,-3.7537494,2.4249985
1.3345338106155396,0.41927662,0.10391638,0.13647215,0.2853052,-3.741303,2.3283188,0.4176322,0.0034745033,0.19216801,0.7561187,-3.531206,3.6105225,0.41994318,0.11058305,0.12127643,0.29616266,-3.79176,2.445691,0.42380676,0.10385693,0.14035422,0.28668332,-3.8109899,2.3756094
1.3365346193313599,0.4195422,0.104491875,0.12898716,0.289956,-3.74062,2.3205624,0.4180024,0.0050011827,0.1851056,0.76333976,-3.579414,3.5296164,0.42017058,0.11118516,0.11369291,0.30105406,-3.8483305,2.3956194,0.42407224,0.104439795,0.13273224,0.29143453,-3.752776,2.4099462
1.3385354280471802,0.41979277,0.10507666,0.12150376,0.29459095,-3.739722,2.3124514,0.4183583,0.0065419804,0.17794678,0.770399,-3.5114598,3.5416431,0.42038256,0.111796856,0.10599625,0.3058453,-3.789776,2.4291112,0.4243227,0.1050323,0.12522669,0.29625443,-3.8094647,2.3598194
1.3405362367630005,0.4200284,0.105670705,0.114022374,0.2992093,-3.738607,2.3039808,0.41870016,0.008096945,0.17092386,0.7774823,-3.5591145,3.4597802,0.4205794,0.112418264,0.0984167,0.31070352,-3.8457818,2.3782876,0.42455792,0.10563425,0.117607765,0.30097407,-3.7509274,2.3934364
1.3425370454788208,0.42024904,0.10627397,0.10654344,0.30381036,-3.7372744,2.2951508,0.41902778,0.009665748,0.16380563,0.78440183,-3.4908016,3.4709845,0.42076084,0.11304919,0.09072514,0.3154601,-3.7868962,2.4110377,0.42477813,0.10624577,0.11010591,0.30576095,-3.8070655,2.3425744
1.3445378541946411,0.42045474,0.106886424,0.09906737,0.30839342,-3.7357316,2.285976,0.41934142,0.011248436,0.15682404,0.7913438,-3.537909,3.3881743,0.42092714,0.11368975,0.08315135,0.32028216,-3.842337,2.3594687,0.4249831,0.106866665,0.10249178,0.3104461,-3.7482061,2.3754737
1.3465386629104614,0.42064548,0.107508026,0.09159461,0.31295773,-3.7339733,2.2764456,0.4196409,0.012844676,0.14974822,0.79812014,-3.4692419,3.3985631,0.42107806,0.114339754,0.07546668,0.3250011,-3.7831228,2.391484,0.4251731,0.10749706,0.094995365,0.31519705,-3.8037956,2.3238797
1.3485394716262817,0.42082128,0.10813875,0.084125586,0.31750262,-3.7319956,2.2665515,0.41992652,0.014454511,0.14280973,0.8049173,-3.5157986,3.3148286,0.42121387,0.114999324,0.067900434,0.32978407,-3.8380034,2.3391707,0.42534786,0.10813675,0.08738777,0.3198448,-3.7446136,2.3560584
1.350540280342102,0.42098212,0.10877854,0.07666073,0.32202736,-3.7298076,2.2563128,0.42019808,0.016077604,0.13577813,0.8115469,-3.446783,3.3244216,0.42133433,0.11566825,0.06022443,0.3344624,-3.7784603,2.3704486,0.42550766,0.10878587,0.07989854,0.32455692,-3.7996569,2.3037386
1.3525409698486328,0.42112803,0.109427325,0.0692009,0.326531,-3.7274067,2.245724,0.42045584,0.017713996,0.12888457,0.81819576,-3.4928098,3.239764,0.42143965,0.11634666,0.052667506,0.3392033,-3.8327835,2.3173926,0.42565227,0.10944419,0.07229923,0.3291644,-3.7401547,2.3351986
1.3545417785644531,0.42125905,0.11008514,0.061745655,0.33101338,-3.7247918,2.2347813,0.42069966,0.019363346,0.12189895,0.82467526,-3.4234498,3.248563,0.42152965,0.11703433,0.04500194,0.3438381,-3.7729146,2.3479314,0.4257819,0.11011186,0.06481892,0.3338348,-3.7946522,2.2821565
1.3565425872802734,0.42137513,0.1107519,0.054295853,0.3354735,-3.721964,2.2234886,0.42092976,0.021025691,0.11505205,0.8311724,-3.4689503,3.1630113,0.42160457,0.1177314,0.03745611,0.34853396,-3.8266778,2.2941432,0.42589638,0.11078866,0.057229616,0.3383991,-3.7348316,2.3129017
1.3585433959960938,0.4214763,0.11142756,0.046851926,0.3399107,-3.718922,2.211844,0.42114598,0.022700688,0.10811415,0.8374984,-3.3992517,3.1710315,0.42166418,0.11843765,0.029802755,0.35312223,-3.766481,2.3239434,0.4259959,0.11147471,0.049759954,0.3430249,-3.7887852,2.2591429
1.360544204711914,0.4215626,0.112112075,0.039414294,0.34432423,-3.7156675,2.199848,0.4213486,0.02438837,0.10131565,0.8438405,-3.444229,3.0845985,0.42170873,0.11915319,0.022269793,0.35777012,-3.8196852,2.2694213,0.42608026,0.112169795,0.042182382,0.3475432,-3.728646,2.289172
1.3625450134277344,0.42163405,0.1128054,0.031983387,0.34871343,-3.7122006,2.1875043,0.42153746,0.026088389,0.09442719,0.8500097,-3.3741965,3.091857,0.421738,0.11987781,0.014630422,0.36230895,-3.7591617,2.298483,0.4261497,0.11287404,0.03472509,0.35212156,-3.7820592,2.2346997
1.3645458221435547,0.4216906,0.11350747,0.024559624,0.35307756,-3.7085257,2.1748178,0.42171282,0.027800776,0.0876788,0.8561934,-3.418666,3.0045538,0.4217522,0.12061162,0.0071120984,0.36690593,-3.8118136,2.2432275,0.42620403,0.11358722,0.02716097,0.35659096,-3.7216032,2.264015
1.366546630859375,0.42173234,0.11421826,0.017143428,0.35741597,-3.7046378,2.1617823,0.4218745,0.029525181,0.08084147,0.8622025,-3.3483071,3.0110629,0.4217512,0.12135441,-0.0005115289,0.37139237,-3.7509663,2.2715514,0.42624345,0.11430946,0.019717764,0.36111897,-3.7744765,2.2088337
1.3685474395751953,0.42175922,0.11493769,0.009735223,0.36172795,-3.7005382,2.1483984,0.4220228,0.03126163,0.074144855,0.8682247,-3.3922753,2.9229062,0.42173517,0.12210628,-0.008013462,0.37593547,-3.8030584,2.2155752,0.4262678,0.11504053,0.012168811,0.36553663,-3.7137043,2.2374344
1.3705482482910156,0.4217713,0.115665734,0.0023354306,0.3660128,-3.6962292,2.1346717,0.4221575,0.03300977,0.067360304,0.87407047,-3.3215935,2.9286706,0.42170393,0.12286701,-0.015619579,0.38036662,-3.741885,2.24316,0.42627728,0.115780555,0.004741402,0.3700115,-3.7660408,2.1815515
1.372549057006836,0.42176858,0.11640232,-0.0050555337,0.37026986,-3.691713,2.120605,0.42227894,0.03476963,0.060717117,0.8799278,-3.3650713,2.8396928,0.42165774,0.123636715,-0.023103349,0.38485295,-3.7934322,2.1864624,0.4262717,0.1165293,-0.0027906802,0.3743746,-3.7049546,2.2094407
1.3745498657226562,0.42175108,0.11714739,-0.012437247,0.37449843,-3.686984,2.1061885,0.4223869,0.036540844,0.053986974,0.8856072,-3.2940745,2.8447313,0.42159635,0.12441517,-0.030690214,0.38922587,-3.7319343,2.2133055,0.4262513,0.11728689,-0.01020059,0.37879348,-3.7567573,2.1528625
1.3765506744384766,0.4217188,0.1179009,-0.019809293,0.3786978,-3.6820476,2.0914314,0.42248172,0.038323436,0.047398824,0.8912966,-3.3370695,2.7549422,0.42152005,0.12520248,-0.038154084,0.39365247,-3.782931,2.1558948,0.42621586,0.118053086,-0.017714106,0.3830992,-3.6953583,2.1800413
1.3785514831542969,0.4216718,0.11866278,-0.02717125,0.3828673,-3.6769016,2.0763319,0.42256317,0.040117048,0.040724684,0.89680654,-3.265765,2.7592733,0.42142862,0.12599841,-0.045719948,0.39796427,-3.7211125,2.1820014,0.42616564,0.118828006,-0.025104823,0.38745928,-3.746629,2.1227715
1.3805521726608276,0.4216101,0.119432926,-0.03452227,0.387006,-3.6715496,2.0608957,0.42263156,0.041921698,0.034193154,0.9023251,-3.3082907,2.668697,0.4213223,0.12680307,-0.053162172,0.40232828,-3.771561,2.1238797,0.42610043,0.11961141,-0.032598082,0.39170483,-3.6849184,2.1492398
1.382552981376648,0.42153367,0.12021136,-0.041862812,0.39111376,-3.6659894,2.0451183,0.42268673,0.043737024,0.027576573,0.9076625,-3.2366855,2.6723366,0.42120087,0.12761623,-0.060705297,0.40657604,-3.7094226,2.1492543,0.4260205,0.12040342,-0.03996792,0.3960033,-3.7356608,2.0912879
1.3845537900924683,0.42144257,0.12099799,-0.049192026,0.39518958,-3.6602268,2.029011,0.42272893,0.04556304,0.021103201,0.9130072,-3.2787466,2.5809999,0.42106462,0.12843798,-0.068124145,0.41087455,-3.7593267,2.090429,0.4259256,0.12120379,-0.047439244,0.40018588,-3.6736403,2.1170487
1.3865545988082886,0.42133683,0.12179273,-0.056509495,0.39923283,-3.6542518,2.0125551,0.422758,0.047399376,0.014545708,0.9181692,-3.2068524,2.5839708,0.42091334,0.1292681,-0.0756428,0.4150554,-3.6968665,2.1150615,0.42581603,0.12201263,-0.054786526,0.40442,-3.7238557,2.0584197
1.3885554075241089,0.42121646,0.12259554,-0.06381481,0.40324283,-3.6480742,1.9957691,0.42277429,0.04924605,0.008132003,0.92333716,-3.2484677,2.4918895,0.42074728,0.13010667,-0.083036534,0.4192855,-3.7462285,2.055536,0.42569157,0.122829705,-0.062234238,0.40853682,-3.6615267,2.0834727
1.3905562162399292,0.42108148,0.123406336,-0.07110756,0.4072189,-3.6416929,1.978651,0.42277756,0.051102694,0.0016350676,0.92832094,-3.1762862,2.4942021,0.42056623,0.13095346,-0.090528995,0.4233966,-3.6834497,2.079434,0.42555246,0.12365511,-0.069557294,0.41270375,-3.7112188,2.024173
1.3925570249557495,0.42093194,0.12422505,-0.078387335,0.4111604,-3.6351068,1.9611995,0.42276812,0.052969314,-0.004717505,0.9333094,-3.2174644,2.4014022,0.42037043,0.13180858,-0.0978959,0.42755544,-3.732277,2.019225,0.4253985,0.124488614,-0.076979734,0.4167521,-3.648584,2.048523
1.3945578336715698,0.4207678,0.12505162,-0.08565373,0.41506666,-3.628316,1.9434134,0.42274582,0.054845538,-0.011152434,0.9381122,-3.145008,2.403077,0.4201597,0.13267177,-0.10536045,0.4315939,-3.6691813,2.0423875,0.42522994,0.12533031,-0.0842769,0.42084914,-3.697756,1.9885617
1.3965586423873901,0.42058918,0.12588596,-0.09290633,0.418937,-3.6213224,1.9252982,0.42271093,0.056731373,-0.01744245,0.94291836,-3.185758,2.3095853,0.4199343,0.13354313,-0.11269881,0.43567866,-3.7174695,1.9814912,0.4250466,0.12617996,-0.09167241,0.42482626,-3.6348164,2.0122073
1.3985594511032104,0.42039606,0.12672801,-0.100144744,0.42277077,-3.6141255,1.9068524,0.4226633,0.058626447,-0.023813967,0.94753754,-3.1130347,2.3106456,0.41969404,0.13442242,-0.12013375,0.43964165,-3.654059,2.0039198,0.4248487,0.12703766,-0.09894205,0.42885068,-3.6834724,1.951593
1.4005602598190308,0.42018846,0.1275777,-0.10736855,0.4265673,-3.606729,1.8880832,0.42260322,0.060530763,-0.030040037,0.9521588,-3.1533756,2.2164912,0.41943917,0.13530973,-0.12744187,0.4436495,-3.7018194,1.94235,0.4246361,0.12790316,-0.106309,0.43275386,-3.62023,1.9745367
1.402561068534851,0.41996643,0.12843496,-0.11457736,0.43032593,-3.5991313,1.8689861,0.42253053,0.062443946,-0.03634679,0.9565918,-3.0803936,2.2169516,0.4191695,0.1362048,-0.13484551,0.4475342,-3.638092,1.9640422,0.424409,0.12877657,-0.113549456,0.43670294,-3.668373,1.9132777
1.4045618772506714,0.41972998,0.12929969,-0.12177076,0.43404603,-3.5913322,1.8495623,0.4224455,0.064366,-0.042507578,0.9610257,-3.1203327,2.1221597,0.41888523,0.13710772,-0.14212169,0.4514623,-3.685325,1.9018095,0.42416722,0.12965763,-0.1208862,0.4405295,-3.6048307,1.935522
1.4065626859664917,0.41947916,0.13017182,-0.12894836,0.43772694,-3.5833318,1.8298126,0.42234802,0.06629654,-0.048748244,0.96527004,-3.0471036,2.1220465,0.41858625,0.13801825,-0.14949234,0.4552659,-3.6212864,1.9227654,0.42391104,0.13054642,-0.12809587,0.44440055,-3.6524622,1.873624
1.4085633754730225,0.419214,0.13105123,-0.13610934,0.4413678,-3.5751367,1.8097498,0.42223835,0.06823557,-0.05484245,0.96951413,-3.086657,2.0266495,0.4182728,0.13893647,-0.15673491,0.45911145,-3.6679943,1.8598745,0.42364022,0.13144271,-0.13540079,0.4481478,-3.588622,1.8951709
1.4105641841888428,0.41893452,0.13193794,-0.14325413,0.4449684,-3.5667365,1.7893524,0.4221163,0.0701827,-0.061015762,0.9735674,-3.0131896,2.0259848,0.41794464,0.13986214,-0.1640709,0.4628312,-3.603647,1.8801014,0.42335507,0.13234659,-0.14257804,0.45193815,-3.6357474,1.8326446
1.412564992904663,0.41864076,0.1328318,-0.15038192,0.4485279,-3.5581412,1.768641,0.42198223,0.072137944,-0.06704214,0.9776194,-3.0523689,1.9300078,0.4176021,0.14079532,-0.1712782,0.4665914,-3.6498334,1.8165625,0.42305538,0.13325779,-0.14984953,0.45560345,-3.5716112,1.8534954
1.4145658016204834,0.41833276,0.13373274,-0.15749232,0.45204565,-3.5493498,1.7476134,0.42183593,0.074100904,-0.07314688,0.9814794,-2.9786725,1.9288077,0.41724494,0.14173576,-0.17857786,0.4702245,-3.5851777,1.8360573,0.42274138,0.13417642,-0.15699276,0.45931044,-3.6182332,1.7903513
1.4165666103363037,0.41801053,0.13464068,-0.16458493,0.455521,-3.5403628,1.7262726,0.4216777,0.076071575,-0.07910422,0.985337,-3.0174913,1.8322834,0.41687346,0.14268355,-0.1857482,0.47389662,-3.630847,1.7718806,0.42241293,0.1351022,-0.16422923,0.46289113,-3.5538023,1.8105053
1.418567419052124,0.41767415,0.13555554,-0.17165938,0.45895332,-3.5311823,1.7046195,0.42150742,0.07804958,-0.08513921,0.9890016,-2.9435797,1.8305833,0.41648743,0.14363843,-0.1930099,0.4774404,-3.5658844,1.790641,0.42207026,0.13603522,-0.17133683,0.46651214,-3.5999274,1.7467549
1.4205682277679443,0.41732365,0.13647722,-0.17871524,0.462342,-3.5218027,1.6826448,0.42132536,0.080034904,-0.091026366,0.9926627,-2.9820538,1.7335418,0.41608715,0.14460048,-0.20014167,0.48102167,-3.6110413,1.7258365,0.4217132,0.13697523,-0.17853668,0.47000566,-3.5352058,1.766218
1.4225690364837646,0.41695902,0.13740563,-0.18575215,0.4656864,-3.5122333,1.6603677,0.42113137,0.08202717,-0.09699047,0.9961298,-2.907932,1.7313563,0.41567242,0.14556943,-0.20736375,0.48447335,-3.5457752,1.7438767,0.421342,0.1379223,-0.18560709,0.4735381,-3.580836,1.701867
1.424569845199585,0.41658035,0.1383407,-0.19276972,0.46898594,-3.5024672,1.637773,0.42092577,0.08402635,-0.10280634,0.99959254,-2.9460776,1.633826,0.4152435,0.14654535,-0.2144553,0.4879611,-3.5904288,1.678454,0.42095646,0.13887618,-0.19276877,0.47694182,-3.5158257,1.7206385
1.4265706539154053,0.41618764,0.13928232,-0.19976756,0.47223997,-3.4925113,1.6148775,0.42070836,0.08603207,-0.108698495,1.0028602,-2.8717618,1.6311789,0.41480023,0.147528,-0.22163616,0.49131802,-3.524862,1.6957599,0.42055687,0.13983695,-0.19980042,0.4803831,-3.5609672,1.6557044
1.4285714626312256,0.41578096,0.14023039,-0.20674528,0.47544786,-3.4823601,1.5916688,0.42047948,0.088044316,-0.11444202,1.0061226,-2.909588,1.5331973,0.41434285,0.14851741,-0.22868589,0.49470955,-3.569015,1.6297351,0.42014304,0.14080434,-0.20692235,0.4836945,-3.4956696,1.6737841
1.430572271347046,0.41536033,0.14118484,-0.21370251,0.47860903,-3.472022,1.5681621,0.42023894,0.09006269,-0.1202612,1.009189,-2.8350856,1.5301166,0.4138712,0.14951335,-0.23582391,0.49796903,-3.5031476,1.6463109,0.4197152,0.14177842,-0.2139137,0.48704207,-3.5403244,1.6082724
1.4325730800628662,0.4149258,0.14214556,-0.22063887,0.48172286,-3.4614956,1.5443558,0.41998708,0.092087194,-0.12593137,1.0122492,-2.8726118,1.4317167,0.41338554,0.15051587,-0.24283022,0.50126165,-3.5468009,1.579692,0.4192732,0.14275894,-0.22099434,0.4902586,-3.4747427,1.6256636
1.4345738887786865,0.41447744,0.14311247,-0.22755396,0.48478875,-3.4507778,1.5202451,0.41972372,0.09411742,-0.13167658,1.0151126,-2.7979345,1.4282266,0.4128857,0.15152471,-0.24992383,0.50442106,-3.4806383,1.5955383,0.4188173,0.14374596,-0.22794382,0.49350992,-3.5189183,1.5595903
1.4365746974945068,0.41401523,0.14408547,-0.23444743,0.48780608,-3.4398687,1.4958293,0.41944918,0.096153356,-0.13727245,1.0179691,-2.8351715,1.3294427,0.41237193,0.15253994,-0.2568851,0.5076121,-3.5238028,1.5283471,0.41834736,0.14473921,-0.23498166,0.4966291,-3.4530551,1.5762929
1.4385753870010376,0.4135393,0.1450644,-0.24131848,0.49077412,-3.4287782,1.4711287,0.4191633,0.098194614,-0.14294279,1.020628,-2.7603335,1.325571,0.41184407,0.15356128,-0.2639327,0.5106688,-3.4573464,1.5434661,0.41786358,0.14573878,-0.24188776,0.49978167,-3.4967568,1.5096717
1.440576195716858,0.4130496,0.14604928,-0.24816756,0.4936926,-3.4174988,1.4461279,0.41886637,0.10024117,-0.14846346,1.0232791,-2.797299,1.226426,0.4113024,0.15458879,-0.2708474,0.51375574,-3.5000308,1.4757122,0.41736582,0.14674439,-0.24888128,0.502801,-3.4306157,1.5256879
1.4425770044326782,0.41254625,0.14703993,-0.2549939,0.49656078,-3.4060338,1.4208351,0.41855824,0.102292635,-0.15405805,1.0257319,-2.722309,1.222197,0.4107467,0.1556222,-0.27784747,0.5167072,-3.4332857,1.490106,0.41685432,0.14775608,-0.25574252,0.5058524,-3.4738464,1.4585278
1.4445778131484985,0.41202924,0.14803629,-0.26179707,0.49937806,-3.394385,1.3952525,0.41823924,0.10434899,-0.15950267,1.0281763,-2.7590199,1.1227385,0.41017726,0.15666157,-0.28471404,0.5196874,-3.4754872,1.4218009,0.41632894,0.14877363,-0.26269022,0.50876945,-3.4074292,1.4738568
1.4465786218643188,0.41149864,0.14903823,-0.26857677,0.50214386,-3.382552,1.3693802,0.4179092,0.10640983,-0.1650207,1.0304217,-2.6838908,1.1181777,0.40959394,0.15770663,-0.29166502,0.52253103,-3.408452,1.4354597,0.41578993,0.14979707,-0.26950508,0.51171714,-3.4501977,1.406176
1.4485794305801392,0.4109545,0.15004565,-0.27533263,0.5048576,-3.3705375,1.3432233,0.41756842,0.10847515,-0.17038849,1.0326581,-2.720357,1.0184398,0.40899697,0.15875743,-0.2984819,0.52540195,-3.4501872,1.3666233,0.41523713,0.15082613,-0.27640548,0.51452947,-3.3835073,1.4208171
1.4505802392959595,0.41039687,0.15105844,-0.28206426,0.5075187,-3.3583403,1.3167807,0.41721675,0.11054454,-0.1758292,1.034695,-2.6451035,1.0135769,0.4083862,0.1598137,-0.30538228,0.5281352,-3.382865,1.3795531,0.4146708,0.15186086,-0.2831725,0.5173711,-3.4258184,1.3526273
1.4525810480117798,0.4098258,0.1520765,-0.2887713,0.51012665,-3.345963,1.2900574,0.4168545,0.112617984,-0.18111941,1.0367222,-2.681343,0.91358954,0.4077619,0.16087548,-0.312148,0.5308943,-3.424138,1.3102,0.41409075,0.15290101,-0.29002413,0.5200764,-3.358857,1.3665789
1.4545818567276,0.40924135,0.15309973,-0.2954534,0.5126808,-3.3334062,1.2630544,0.41648152,0.11469508,-0.1864821,1.0385493,-2.605975,0.90844697,0.40712392,0.16194251,-0.31899628,0.5335147,-3.3565338,1.3223938,0.41349727,0.15394662,-0.29674184,0.52280957,-3.4007187,1.2978988
1.4565826654434204,0.40864354,0.15412802,-0.3021102,0.5151807,-3.3206716,1.2357756,0.41609815,0.11677581,-0.19169405,1.0403662,-2.642,0.80825126,0.4064725,0.16301483,-0.32570934,0.53615946,-3.397354,1.2525438,0.4128902,0.15499744,-0.30354327,0.52540535,-3.33349,1.3111619
1.4585834741592407,0.40803245,0.15516125,-0.30874133,0.51762575,-3.3077593,1.2082208,0.4157042,0.118859775,-0.19697805,1.0419827,-2.5665267,0.8028564,0.4058075,0.16409215,-0.33250406,0.5386645,-3.3294673,1.2639992,0.41226977,0.1560535,-0.31021026,0.52802765,-3.3749104,1.242006
1.460584282875061,0.4074081,0.15619932,-0.31534645,0.52001536,-3.2946696,1.1803921,0.41529998,0.12094695,-0.2021111,1.0435884,-2.602359,0.7024827,0.40512916,0.16517454,-0.339163,0.54119253,-3.36985,1.1936707,0.41163585,0.15711452,-0.31696007,0.5305117,-3.307415,1.2545749
1.4625850915908813,0.40677056,0.15724212,-0.32192522,0.52234906,-3.2814045,1.1522928,0.41488534,0.123036936,-0.20731582,1.0449934,-2.5267959,0.6968638,0.40443736,0.1662617,-0.3459027,0.5435799,-3.3016822,1.2043809,0.4109887,0.15818056,-0.3235749,0.53302085,-3.3484,1.1849599
1.4645859003067017,0.40611988,0.15828952,-0.32847726,0.52462626,-3.2679646,1.1239263,0.4144606,0.12512971,-0.21236941,1.0463871,-2.5624423,0.59635425,0.40373236,0.16735367,-0.35250607,0.5459886,-3.341636,1.1335965,0.41032815,0.15925135,-0.3302717,0.5353908,-3.2806418,1.1968352
1.4665865898132324,0.4054562,0.15934137,-0.33500186,0.5268463,-3.2543504,1.0952907,0.4140256,0.12722488,-0.2174943,1.0475798,-2.4868026,0.59054357,0.40301397,0.16845019,-0.35918933,0.5482558,-3.2731876,1.1435549,0.4096545,0.16032691,-0.33683297,0.53778446,-3.3212042,1.1267802
1.4685873985290527,0.4047794,0.16039766,-0.34149942,0.5290089,-3.2405658,1.0663965,0.41358066,0.1293224,-0.2224679,1.0487609,-2.5222824,0.48992562,0.4022825,0.16955128,-0.3657357,0.5505429,-3.312725,1.0723299,0.40896755,0.161407,-0.34347537,0.540038,-3.2531838,1.1379544
1.470588207244873,0.40408966,0.16145822,-0.34796923,0.53111345,-3.226609,1.037239,0.41312563,0.13142188,-0.22751246,1.0497408,-2.4465737,0.483935,0.40153778,0.17065665,-0.37236115,0.5526875,-3.2439957,1.0815262,0.4082676,0.16249162,-0.34998173,0.5423139,-3.2933316,1.0674745
1.4725890159606934,0.40338698,0.16252294,-0.35441095,0.5331594,-3.2124834,1.0078259,0.41266084,0.1335233,-0.23240562,1.0507087,-2.4818988,0.3832487,0.40078008,0.17176636,-0.37884915,0.5548506,-3.283135,1.0098853,0.40755445,0.16358052,-0.3565684,0.54444885,-3.225051,1.0779419
1.4745898246765137,0.40267146,0.16359168,-0.36082423,0.5351462,-3.1981888,0.9781581,0.4121861,0.13562626,-0.23736942,1.0514752,-2.4061368,0.37711796,0.40000924,0.1728801,-0.3854154,0.55687034,-3.214126,1.0183136,0.4068284,0.16467373,-0.3630185,0.54660475,-3.264799,1.0070605
1.476590633392334,0.40194312,0.16466434,-0.36720875,0.5370734,-3.183724,0.94823223,0.4117017,0.13773072,-0.24218169,1.0522294,-2.4413226,0.27639908,0.39922556,0.17399791,-0.39184365,0.558907,-3.2528868,0.9462767,0.4060893,0.16577096,-0.3695481,0.54861885,-3.1962566,1.0168111
1.4785914421081543,0.40120205,0.1657408,-0.37356415,0.5389405,-3.169096,0.9180629,0.4112076,0.13983628,-0.24706434,1.0527822,-2.365516,0.27014798,0.39842886,0.1751195,-0.39834943,0.56079954,-3.183589,0.95391834,0.40533742,0.16687226,-0.37594062,0.5506525,-3.2356207,0.9455498
1.4805922508239746,0.4004483,0.16682094,-0.37989014,0.540747,-3.1543012,0.88764405,0.410704,0.14194293,-0.25179538,1.0533224,-2.4005778,0.1694247,0.39761943,0.17624491,-0.4047166,0.56270736,-3.222003,0.88151616,0.4045726,0.16797735,-0.38241187,0.5525436,-3.166817,0.9545755
1.482593059539795,0.3996819,0.16790463,-0.38618636,0.54249233,-3.1393392,0.85697484,0.4101908,0.14405026,-0.25659654,1.0536612,-2.3247423,0.16308218,0.3967971,0.17737386,-0.41116062,0.5644704,-3.1524107,0.88835514,0.40379512,0.16908625,-0.3887455,0.5544527,-3.2058148,0.8829548
1.4845938682556152,0.39890292,0.16899174,-0.39245248,0.5441761,-3.1242166,0.82606757,0.4096683,0.14615823,-0.26124603,1.0539874,-2.3596923,0.06240303,0.39596215,0.17850634,-0.41746545,0.5662471,-3.1905007,0.8156019,0.4030048,0.17019868,-0.39515713,0.5562186,-3.1367443,0.89123803
1.4865946769714355,0.39811146,0.17008217,-0.39868817,0.54579777,-3.1089327,0.7949234,0.40913635,0.14826646,-0.2659654,1.0541122,-2.2838356,0.055991888,0.39511445,0.1796421,-0.42384645,0.5678783,-3.1205974,0.82161415,0.40220192,0.17131469,-0.4014306,0.5580011,-3.1753979,0.8192769
1.4885954856872559,0.39730754,0.17117578,-0.40489313,0.5473569,-3.0934844,0.7635344,0.4085953,0.15037492,-0.27053308,1.0542241,-2.3186898,-0.044613823,0.39425427,0.18078114,-0.43008766,0.56952155,-3.1584086,0.7485428,0.40138635,0.17243397,-0.4077814,0.55963963,-3.1060543,0.8268032
1.4905962944030762,0.39649126,0.17227244,-0.411067,0.548853,-3.0778797,0.7319189,0.40804496,0.1524832,-0.27517048,1.054135,-2.2428281,-0.05106364,0.39338145,0.18192318,-0.43640447,0.57101864,-3.0881753,0.75371695,0.40055835,0.17355657,-0.4139935,0.56129324,-3.1443927,0.75452626
1.4925971031188965,0.39566264,0.17337203,-0.4172095,0.5502856,-3.0621169,0.7000724,0.40748566,0.15459126,-0.27965614,1.0540328,-2.2775962,-0.1515774,0.3924963,0.18306823,-0.44258082,0.5725261,-3.1257536,0.6803406,0.39971778,0.17468217,-0.4202823,0.5628023,-3.0747635,0.7612754
1.4945977926254272,0.39482182,0.17447436,-0.42331997,0.55165416,-3.0461967,0.66799855,0.40691724,0.15669872,-0.28421134,1.0537297,-2.2017343,-0.15805416,0.3915986,0.18421601,-0.44883233,0.57388675,-3.0551512,0.6846536,0.39886492,0.17581081,-0.42643183,0.56432486,-3.1128252,0.6887081
1.4965986013412476,0.39396876,0.17557943,-0.42939878,0.5529584,-3.0301194,0.6356961,0.40634,0.15880555,-0.2886148,1.0534135,-2.2364302,-0.2584232,0.39068872,0.18536653,-0.45494264,0.57525605,-3.0925648,0.61100656,0.3979996,0.17694221,-0.43265748,0.56570226,-3.042892,0.69465977
1.4985994100570679,0.39310357,0.17668705,-0.43544525,0.55419785,-3.0138865,0.60317,0.40575382,0.16091134,-0.29308766,1.0528966,-2.1605833,-0.2648926,0.38976645,0.18651949,-0.4611278,0.57647806,-3.0215416,0.61445034,0.3971221,0.1780764,-0.43874326,0.5670916,-3.0807197,0.6218209
1.5006002187728882,0.3922263,0.17779708,-0.4414591,0.55537194,-2.997504,0.57043266,0.405159,0.16301607,-0.29740882,1.0523669,-2.1952167,-0.36509416,0.38883212,0.18767491,-0.46717086,0.577707,-3.0588593,0.54054284,0.3962323,0.17921308,-0.4449047,0.56833524,-3.0104518,0.626959
1.5026010274887085,0.39133704,0.17890939,-0.44744,0.55648035,-2.9809663,0.5374725,0.4045554,0.16511934,-0.30179924,1.0516367,-2.1193948,-0.37153313,0.38788554,0.18883249,-0.4732886,0.5787881,-2.9873402,0.54313374,0.39533046,0.18035226,-0.45092562,0.56958914,-3.0481036,0.55387056
1.5046018362045288,0.39043584,0.18002385,-0.45338768,0.5575226,-2.9642792,0.50430197,0.40394333,0.16722113,-0.30603802,1.0508937,-2.1539848,-0.47152865,0.386927,0.18999223,-0.47926328,0.5798744,-3.0246494,0.46898952,0.39441642,0.18149365,-0.45702183,0.5706969,-2.9774551,0.5581818
1.5066026449203491,0.3895228,0.18114033,-0.45930183,0.55849826,-2.9474423,0.47092217,0.40332264,0.16932103,-0.31034598,1.0499506,-2.0781991,-0.47791496,0.38595638,0.19115385,-0.48531258,0.5808124,-2.9525275,0.47078153,0.39349046,0.18263727,-0.46297675,0.5718132,-3.015,0.48485968
1.5086034536361694,0.38859794,0.1822587,-0.46518213,0.55940694,-2.9304564,0.43733284,0.40269363,0.17141902,-0.3145024,1.0489948,-2.1127486,-0.5776817,0.38497394,0.19231737,-0.49121764,0.58175397,-2.9899118,0.396419,0.39255244,0.18378285,-0.46900675,0.57278293,-2.9439008,0.48834792
1.5106042623519897,0.38766134,0.18337882,-0.4710283,0.5602482,-2.9133244,0.40354112,0.4020562,0.17351471,-0.31872788,1.0478394,-2.0370095,-0.5839952,0.38397956,0.19348246,-0.49719748,0.58254683,-2.9170594,0.39750564,0.39160264,0.18493037,-0.47489455,0.5737596,-2.981422,0.4148132
1.51260507106781,0.3867131,0.18450055,-0.47684005,0.5610216,-2.8960476,0.3695518,0.40141058,0.17560805,-0.3228019,1.0466714,-2.0715358,-0.6834919,0.3829735,0.19464915,-0.5030316,0.58334184,-2.9545867,0.3229498,0.3906409,0.18607955,-0.4808574,0.57458925,-2.9097767,0.41751757
1.5146058797836304,0.38575324,0.18562376,-0.48261708,0.56172687,-2.8786259,0.33536288,0.4007567,0.17769866,-0.32694495,1.0453044,-1.9958503,-0.6897121,0.38195562,0.19581713,-0.50894076,0.5839877,-2.880886,0.32349175,0.38966757,0.1872304,-0.48667696,0.5754243,-2.947358,0.3437869
1.5166066884994507,0.38478187,0.18674833,-0.48835912,0.5623635,-2.8610597,0.300977,0.4000948,0.1797865,-0.33093664,1.043925,-2.0303621,-0.78891706,0.38092622,0.19698639,-0.51470256,0.5846347,-2.9185832,0.24876058,0.38868243,0.18838261,-0.49257168,0.5761119,-2.8750443,0.3457887
1.518607497215271,0.38379905,0.1878741,-0.49406588,0.5629312,-2.8433542,0.2664049,0.39942482,0.18187119,-0.33499736,1.0423472,-1.9547416,-0.79502404,0.37988514,0.19815665,-0.5205397,0.58513224,-2.8439665,0.24891561,0.38768578,0.18953621,-0.49832177,0.5768035,-2.9127617,0.27188137
1.5206083059310913,0.38280484,0.18900092,-0.49973705,0.5634295,-2.8255086,0.23164506,0.398747,0.1839527,-0.33890682,1.0407572,-1.9892502,-0.893906,0.37883267,0.19932792,-0.52622765,0.58563006,-2.881823,0.17402276,0.38667747,0.1906909,-0.5041473,0.5773473,-2.8396509,0.27331787
1.522608995437622,0.38179937,0.19012861,-0.50537205,0.563858,-2.8075254,0.19670409,0.39806122,0.18603064,-0.34288532,1.0389694,-1.913705,-0.89987725,0.3777687,0.20049988,-0.5319913,0.5859781,-2.806301,0.17391321,0.38565782,0.1918467,-0.5098266,0.5778939,-2.8775477,0.19925304
1.5246098041534424,0.3807826,0.19125715,-0.51097125,0.56421643,-2.7894025,0.16157801,0.39736778,0.18810499,-0.34671274,1.0371697,-1.9482177,-0.9984094,0.3766935,0.20167252,-0.5376039,0.58632594,-2.844259,0.09884483,0.38462666,0.19300328,-0.51558167,0.5782924,-2.8035462,0.20029032
1.5266106128692627,0.37975466,0.19238634,-0.5165341,0.56450444,-2.7711415,0.12626976,0.39666656,0.19017534,-0.35060918,1.0351728,-1.8727574,-1.004225,0.3756069,0.20284557,-0.5432924,0.58652365,-2.767941,0.0985277,0.3835843,0.19416067,-0.52118874,0.57869303,-2.841622,0.12608205
1.528611421585083,0.37871563,0.19351605,-0.5220602,0.56472164,-2.752752,0.09080013,0.39595786,0.19224167,-0.3543547,1.0331644,-1.9072827,-1.1023828,0.37450925,0.20401901,-0.5488283,0.5867207,-2.8059347,0.023254208,0.38253054,0.19531856,-0.526872,0.5789452,-2.7667162,0.1268659
1.5306122303009033,0.37766558,0.1946461,-0.52754945,0.5648677,-2.7342243,0.05514893,0.39524153,0.19430359,-0.3581693,1.0309596,-1.8319143,-1.1080301,0.37340036,0.20519255,-0.5544402,0.5867672,-2.7289512,0.022714537,0.38146573,0.19647697,-0.53240544,0.57919896,-2.804927,0.05250894
1.5326130390167236,0.3766046,0.19577639,-0.5330015,0.56494224,-2.7155666,0.019335134,0.39451787,0.19636108,-0.36183313,1.0287435,-1.8664622,-1.2057823,0.37228057,0.20636618,-0.5598981,0.5868126,-2.7669249,-0.05280281,0.3803897,0.19763558,-0.5380153,0.579304,-2.7291932,0.053109646
1.534613847732544,0.37553272,0.19690675,-0.538416,0.564945,-2.6967807,-0.016638845,0.39378673,0.19841374,-0.36556605,1.0263319,-1.7911952,-1.2112399,0.37114972,0.20753959,-0.56543195,0.586707,-2.689381,-0.05358705,0.37930274,0.1987944,-0.5434737,0.5794102,-2.767474,-0.021417879
1.5366146564483643,0.37445006,0.19803703,-0.54379284,0.56487554,-2.6778615,-0.05278076,0.39304844,0.20046157,-0.36914843,1.0239094,-1.8257742,-1.3085604,0.3700081,0.20871279,-0.57081074,0.5865998,-2.7272928,-0.12937485,0.37820473,0.19995312,-0.54900867,0.57936734,-2.6910408,-0.020993944
1.5386154651641846,0.37335667,0.1991671,-0.5491317,0.5647337,-2.6588175,-0.08907392,0.39230284,0.20250416,-0.3728,1.0212923,-1.7506121,-1.3138183,0.36885557,0.20988546,-0.57626534,0.5863411,-2.649268,-0.1304243,0.37709594,0.20111178,-0.5543907,0.5793254,-2.7293274,-0.095731206
1.5406162738800049,0.37225264,0.20029682,-0.55443233,0.56451905,-2.6396494,-0.12551789,0.39155024,0.20454149,-0.37630123,1.0186647,-1.7852279,-1.4106858,0.36769244,0.21105762,-0.5815639,0.58608025,-2.6870978,-0.20649582,0.37597623,0.20227005,-0.5598494,0.5791339,-2.6523144,-0.09551616
1.5426170825958252,0.37113807,0.20142604,-0.55969447,0.56423134,-2.6203544,-0.16211435,0.3907905,0.20657317,-0.3798717,1.0158434,-1.7101841,-1.415723,0.36651856,0.21222895,-0.5869381,0.58566725,-2.6086287,-0.20782857,0.37484592,0.20342793,-0.565154,0.5789429,-2.690562,-0.1704923
1.5446178913116455,0.370013,0.20255461,-0.56491786,0.56387025,-2.6009367,-0.19885671,0.39002392,0.2085992,-0.38329208,1.0130119,-1.7448452,-1.5121152,0.36533424,0.21339945,-0.59215534,0.58525157,-2.6463695,-0.28418887,0.37370485,0.20458513,-0.5705351,0.5786019,-2.6130562,-0.170513
1.5466187000274658,0.3688775,0.2036824,-0.57010233,0.5634355,-2.5813978,-0.23574063,0.38925037,0.21061917,-0.38678178,1.0099877,-1.6699262,-1.5169173,0.36413935,0.21456882,-0.59744805,0.5846832,-2.5674791,-0.28579578,0.37255332,0.20574166,-0.57576126,0.5782609,-2.6512353,-0.24575493
1.5486195087432861,0.3677317,0.20480922,-0.5752476,0.5629268,-2.56174,-0.27275974,0.3884701,0.21263307,-0.39012164,1.0069538,-1.7046382,-1.612812,0.36293417,0.21573704,-0.602583,0.5841116,-2.6051297,-0.36243302,0.37139118,0.2068972,-0.58106375,0.5777694,-2.5732882,-0.2460213
1.5506203174591064,0.36657563,0.20593496,-0.5803534,0.56234396,-2.541962,-0.30991775,0.38768306,0.21464053,-0.3935309,1.0037283,-1.629846,-1.6173692,0.3617186,0.21690382,-0.6077933,0.5833867,-2.5258431,-0.36430326,0.37021875,0.20805176,-0.5862103,0.57727736,-2.611389,-0.3215286
1.5526210069656372,0.36540943,0.20705938,-0.5854192,0.56168664,-2.5220706,-0.347198,0.3868895,0.21664152,-0.3967906,1.0004935,-1.6646186,-1.7127408,0.36049291,0.21806914,-0.61284494,0.5826581,-2.5634036,-0.44120792,0.3690359,0.20920503,-0.5914331,0.5766343,-2.5330265,-0.32205033
1.5546218156814575,0.36423308,0.20818248,-0.59044534,0.5609545,-2.5020592,-0.38461617,0.38608924,0.21863565,-0.40011984,0.99706805,-1.5899664,-1.7170373,0.35925698,0.2192327,-0.6179718,0.5817757,-2.4837275,-0.44332838,0.3678429,0.21035701,-0.59649915,0.5759902,-2.5710456,-0.3978201
1.5566226243972778,0.3630467,0.20930405,-0.5954314,0.56014746,-2.481935,-0.4221538,0.38528264,0.22062291,-0.40329978,0.993634,-1.6247942,-1.8118759,0.3580111,0.22039448,-0.6229392,0.58088905,-2.521203,-0.52049375,0.36663964,0.2115074,-0.60164124,0.57519454,-2.4922884,-0.3985827
1.5586234331130981,0.3618504,0.21042393,-0.600377,0.55926514,-2.461699,-0.4598109,0.38446954,0.22260293,-0.40654936,0.99001026,-1.5502833,-1.8159056,0.35675514,0.22155418,-0.62798166,0.57984805,-2.441145,-0.52284056,0.3654264,0.21265619,-0.6066258,0.5743974,-2.5302255,-0.47460824
1.5606242418289185,0.36064425,0.21154197,-0.60528207,0.55830735,-2.4413507,-0.49758533,0.38365024,0.22457568,-0.40964994,0.98637843,-1.585182,-1.9101838,0.3554894,0.22271179,-0.63286394,0.57880235,-2.478542,-0.600247,0.364203,0.21380308,-0.6116862,0.5734482,-2.4510837,-0.47560003
1.5626250505447388,0.35942832,0.21265802,-0.6101463,0.55727386,-2.4208915,-0.5354758,0.3828246,0.2265408,-0.4128203,0.9825581,-1.5108204,-1.913932,0.35421377,0.22386698,-0.637821,0.57760185,-2.3981125,-0.60280764,0.36296982,0.21494807,-0.6165884,0.572497,-2.4889438,-0.55186987
1.564625859260559,0.3582027,0.21377192,-0.6149695,0.5561645,-2.4003282,-0.57346684,0.3819929,0.22849827,-0.41584194,0.9787302,-1.5457885,-2.0076323,0.35292855,0.22501978,-0.6426172,0.5763962,-2.4354358,-0.6804469,0.36172667,0.21609086,-0.6215663,0.57139325,-2.4094267,-0.553075
1.5666266679763794,0.35696748,0.21488354,-0.61975145,0.554979,-2.3796558,-0.611568,0.38115504,0.2304477,-0.4189335,0.97471493,-1.4715801,-2.0110917,0.35163358,0.22616985,-0.6474881,0.57503533,-2.3546414,-0.68319756,0.3604739,0.21723144,-0.62638515,0.5702871,-2.4472125,-0.6295773
1.5686274766921997,0.35572273,0.21599269,-0.62449193,0.5537172,-2.3588798,-0.64976674,0.38031128,0.23238908,-0.42187667,0.97069275,-1.5066223,-2.1042006,0.3503292,0.2273172,-0.6521974,0.57366896,-2.3918974,-0.76104885,0.35921136,0.2183695,-0.6312796,0.56902796,-2.3673298,-0.63097775
1.57062828540802,0.35446852,0.21709925,-0.62919074,0.55237883,-2.3379996,-0.6880649,0.3794615,0.23432204,-0.42488992,0.96648437,-1.4325751,-2.1073577,0.34901524,0.22846149,-0.6569812,0.57214683,-2.3107462,-0.7639761,0.35793933,0.21950503,-0.6360142,0.567766,-2.4050467,-0.70769966
1.5726290941238403,0.35320497,0.21820305,-0.63384765,0.55096376,-2.3170192,-0.7264524,0.378606,0.23624659,-0.42775506,0.96226966,-1.467696,-2.1998546,0.34769204,0.22960272,-0.66160274,0.57061887,-2.3479378,-0.84202784,0.35665768,0.22063772,-0.6408243,0.56635064,-2.3248065,-0.7092789
1.5746299028396606,0.35193214,0.21930395,-0.6384625,0.5494718,-2.295937,-0.7649312,0.37774462,0.23816232,-0.43069044,0.95786995,-1.3938103,-2.2027128,0.34635943,0.23074059,-0.6662986,0.5689348,-2.2664378,-0.84511554,0.35536674,0.22176759,-0.64547396,0.5649321,-2.362458,-0.7862094
1.576630711555481,0.3506501,0.22040178,-0.64303505,0.54790276,-2.2747579,-0.803493,0.37687767,0.24006926,-0.43347806,0.9534645,-1.4290111,-2.294585,0.34501776,0.23187508,-0.6708315,0.5672446,-2.3035731,-0.9233546,0.35406634,0.22289431,-0.6501989,0.5633597,-2.281866,-0.7879506
1.5786315202713013,0.34935898,0.22149639,-0.6475651,0.5462565,-2.25348,-0.84213877,0.376005,0.24196701,-0.43633607,0.9488753,-1.3552943,-2.2971306,0.34366688,0.23300587,-0.67543864,0.56539786,-2.2217314,-0.9265771,0.35275683,0.22401787,-0.6547626,0.5617838,-2.3194609,-0.86506945
1.580632209777832,0.3480589,0.22258757,-0.6520523,0.5445329,-2.2321072,-0.8808614,0.3751269,0.24385557,-0.43904665,0.94428104,-1.3905776,-2.388364,0.34230712,0.23413296,-0.6798821,0.5635447,-2.2588153,-1.0049913,0.35143802,0.22513798,-0.65940154,0.56005365,-2.2385256,-0.8669536
1.5826330184936523,0.3467498,0.22367528,-0.6564968,0.54273164,-2.2106395,-0.91965806,0.37424323,0.24573457,-0.4418278,0.9395043,-1.3170316,-2.3905952,0.34093833,0.23525603,-0.6843997,0.5615347,-2.1766431,-1.0083249,0.35011026,0.22625461,-0.66387856,0.55831975,-2.2760649,-0.9442564
1.5846338272094727,0.34543186,0.22475931,-0.6608983,0.5408527,-2.1890812,-0.95852107,0.37335432,0.24760401,-0.44446188,0.93472314,-1.3524,-2.4811773,0.33956084,0.23637506,-0.688753,0.55951804,-2.2136817,-1.0868945,0.3487734,0.22736748,-0.6684307,0.55643123,-2.1947956,-0.94626486
1.586634635925293,0.34410515,0.22583951,-0.6652566,0.53889596,-2.1674318,-0.9974503,0.37245998,0.24946353,-0.44716668,0.9297608,-1.2790301,-2.4830923,0.33817446,0.23748975,-0.6931804,0.55734426,-2.1311836,-1.090327,0.34742776,0.22847655,-0.67282027,0.5545387,-2.2322876,-1.0237312
1.5886354446411133,0.34276977,0.22691572,-0.6695715,0.53686124,-2.1456907,-1.0364453,0.3715605,0.25131312,-0.44972473,0.9247946,-1.3144833,-2.573006,0.33677956,0.23860008,-0.69744277,0.5551636,-2.168183,-1.1690406,0.34607318,0.22958153,-0.67728484,0.55249125,-2.1506891,-1.0258489
1.5906362533569336,0.3414258,0.22798777,-0.6738428,0.53474844,-2.1238644,-1.0754938,0.3706558,0.25315243,-0.4523537,0.9196486,-1.2412916,-2.5745966,0.335376,0.23970573,-0.7017791,0.55282557,-2.0853689,-1.17255,0.34471002,0.23068242,-0.6815862,0.55043954,-2.1881394,-1.1034663
1.592637062072754,0.34007335,0.22905552,-0.6780703,0.5325575,-2.1019514,-1.1145986,0.36974612,0.25498143,-0.45483628,0.9144994,-1.2768338,-2.6638348,0.3339641,0.24080668,-0.70594984,0.5504805,-2.1223342,-1.2513944,0.3433381,0.23177889,-0.6859625,0.5482326,-2.1062188,-1.1056749
1.5946378707885742,0.33871245,0.23011881,-0.6822539,0.5302882,-2.0799515,-1.1537551,0.36883134,0.25679976,-0.45738995,0.90917176,-1.2038252,-2.6651022,0.33254373,0.24190263,-0.7101945,0.5479777,-2.0392087,-1.2549602,0.34195775,0.23287094,-0.69017494,0.5460213,-2.1436327,-1.1834308
1.5966386795043945,0.33734325,0.23117748,-0.6863934,0.5279406,-2.0578716,-1.1929528,0.36791176,0.25860745,-0.4597976,0.90384156,-1.2394514,-2.7536507,0.3311152,0.24299356,-0.7142729,0.5454678,-2.076147,-1.333918,0.3405688,0.23395824,-0.6944622,0.54365444,-2.0613992,-1.1857076
1.5986394882202148,0.3359658,0.23223138,-0.69048864,0.5255144,-2.0357087,-1.232195,0.3669872,0.2604041,-0.4622765,0.89833426,-1.1666261,-2.754596,0.32967833,0.24407916,-0.7184252,0.54279995,-1.9927217,-1.3375204,0.33917165,0.23504081,-0.698585,0.541283,-2.0987818,-1.26359
1.6006402969360352,0.3345802,0.23328035,-0.6945395,0.5230098,-2.0134673,-1.2714725,0.366058,0.26218975,-0.46460974,0.89282507,-1.2023433,-2.842443,0.3282335,0.2451594,-0.7224107,0.5401249,-2.0296416,-1.4165771,0.33776608,0.23611833,-0.7027825,0.53875583,-2.0162416,-1.2659196
1.6026411056518555,0.33318657,0.23432422,-0.69854575,0.5204265,-1.9911478,-1.310784,0.36512396,0.26396403,-0.46701443,0.88714015,-1.1297033,-2.8430648,0.32678056,0.24623398,-0.72646993,0.53729177,-1.9459153,-1.420201,0.33635244,0.23719078,-0.706815,0.536224,-2.0535996,-1.343912
1.6046419143676758,0.33178493,0.23536284,-0.70250726,0.5177645,-1.9687513,-1.350125,0.36418542,0.26572692,-0.46927384,0.88145405,-1.1655082,-2.930208,0.32531983,0.24730289,-0.73036176,0.53445137,-1.9828215,-1.4993418,0.3349306,0.23825786,-0.7109222,0.5335362,-1.9707588,-1.3462735
1.606642723083496,0.33037543,0.23639606,-0.7064239,0.51502377,-1.946281,-1.3894902,0.3632422,0.2674781,-0.47160485,0.87559366,-1.0930576,-2.9305065,0.32385117,0.24836579,-0.7343274,0.53145266,-1.89881,-1.5029604,0.33350086,0.23931955,-0.7148637,0.5308437,-2.008097,-1.4243635
1.6086434125900269,0.3289582,0.23742366,-0.71029526,0.5122044,-1.923737,-1.4288777,0.3622946,0.26921758,-0.47379097,0.8697327,-1.1289514,-3.0169234,0.3223749,0.24942268,-0.73812497,0.52844673,-1.9357069,-1.5821743,0.3320631,0.24037553,-0.71887994,0.52799493,-1.9249648,-1.4267397
1.6106442213058472,0.32753322,0.2384456,-0.7141217,0.5093061,-1.9011219,-1.4682808,0.36134252,0.27094498,-0.4760489,0.86369884,-1.0566925,-3.0169013,0.3208909,0.25047326,-0.7419964,0.5252824,-1.851414,-1.5857749,0.33061764,0.24142581,-0.72272986,0.5251415,-1.9622902,-1.5049123
1.6126450300216675,0.32610062,0.23946166,-0.7179028,0.5063289,-1.8784336,-1.5077039,0.3603862,0.27266032,-0.47816226,0.85766506,-1.0926735,-3.1025927,0.3193995,0.25151747,-0.7456992,0.5221108,-1.8883114,-1.6650417,0.32916433,0.24247007,-0.72665447,0.5221317,-1.8788733,-1.5072832
1.6146458387374878,0.32466048,0.24047169,-0.72163844,0.50327283,-1.8556794,-1.5471307,0.3594255,0.27436325,-0.4803476,0.85145986,-1.0206041,-3.1022613,0.31790057,0.25255504,-0.74947584,0.5187807,-1.8037372,-1.6685997,0.3277035,0.24350831,-0.73041224,0.5191171,-1.9161912,-1.5855253
1.616646647453308,0.32321292,0.24147552,-0.7253285,0.50013787,-1.8328574,-1.5865653,0.3584607,0.27605376,-0.48238882,0.8452553,-1.0566748,-3.1872163,0.3163944,0.25358593,-0.7530833,0.5154435,-1.840638,-1.747908,0.32623503,0.2445402,-0.73424464,0.5159461,-1.8324963,-1.5878735
1.6186474561691284,0.32175803,0.242473,-0.7289728,0.496924,-1.8099724,-1.6259966,0.3574917,0.2777315,-0.48450217,0.8388809,-0.9847975,-3.186576,0.31488085,0.25460982,-0.7567646,0.5119477,-1.7558068,-1.7514017,0.32475922,0.24556574,-0.7379096,0.51277035,-1.8698134,-1.6661702
1.6206482648849487,0.3202959,0.24346398,-0.73257124,0.49363124,-1.7870224,-1.665427,0.35651875,0.27939653,-0.48647177,0.8325077,-1.0209523,-3.2707896,0.3133603,0.2556267,-0.7602762,0.5084449,-1.7927198,-1.8307362,0.32327592,0.24658462,-0.74164927,0.50943804,-1.7858485,-1.6684753
1.622649073600769,0.31882662,0.24444827,-0.73612374,0.4902596,-1.7640107,-1.7048504,0.3555417,0.28104848,-0.48851368,0.8259662,-0.94926775,-3.2698476,0.31183258,0.25663626,-0.76386166,0.50478345,-1.707626,-1.8341445,0.32178548,0.24759683,-0.74522096,0.5061011,-1.8231692,-1.7468146
1.6246498823165894,0.31735027,0.24542575,-0.7396301,0.48680907,-1.740937,-1.7442665,0.35456088,0.28268734,-0.4904122,0.8194265,-0.98551023,-3.3533108,0.31029803,0.25763848,-0.7672769,0.50111514,-1.744558,-1.9134908,0.32028773,0.24860205,-0.7488673,0.50260746,-1.7389393,-1.7490584
1.6266506910324097,0.31586695,0.24639624,-0.7430903,0.4832797,-1.7178059,-1.7836642,0.35357612,0.28431278,-0.4923832,0.8127199,-0.9140228,-3.352075,0.3087565,0.25863305,-0.770766,0.49728817,-1.6592133,-1.9168003,0.31878304,0.24960026,-0.75234514,0.49910936,-1.7762717,-1.8274238
1.62865149974823,0.31437674,0.2473596,-0.74650407,0.47967154,-1.6946188,-1.8230405,0.3525877,0.28592482,-0.49421126,0.80601573,-0.9503551,-3.434777,0.30720833,0.25961995,-0.77408445,0.49345458,-1.6961659,-1.9961447,0.31727126,0.25059116,-0.7558977,0.49545452,-1.6917882,-1.8295844
1.6306523084640503,0.31287974,0.24831566,-0.74987143,0.4759846,-1.6713738,-1.8623981,0.35159546,0.28752312,-0.49611196,0.7991462,-0.87905866,-3.4332604,0.30565336,0.26059887,-0.7774768,0.4894623,-1.6105751,-1.9993328,0.31575269,0.25157475,-0.7592813,0.49179536,-1.7291368,-1.907965
1.6326531171798706,0.31137607,0.24926426,-0.75319225,0.47221896,-1.6480765,-1.901726,0.35059974,0.28910768,-0.4978701,0.79227966,-0.91547775,-3.5152,0.30409196,0.2615698,-0.78069794,0.48546362,-1.647559,-2.078659,0.3142272,0.25255072,-0.76273954,0.48797944,-1.6444019,-1.9100262
1.634653925895691,0.3098658,0.25020525,-0.7564664,0.46837464,-1.6247271,-1.9410224,0.34960034,0.29067817,-0.49970105,0.78524923,-0.8443729,-3.5134194,0.30252397,0.2625324,-0.78399307,0.4813063,-1.5617349,-2.0817034,0.31269515,0.25351903,-0.76602834,0.48415938,-1.6817731,-1.9884074
1.6366546154022217,0.3083491,0.25113842,-0.75969356,0.46445197,-1.6013265,-1.9802848,0.34859756,0.29223463,-0.5013898,0.7782224,-0.88088846,-3.5945768,0.30094975,0.2634867,-0.7871165,0.4771429,-1.5987543,-2.1610014,0.31115636,0.2544794,-0.7693919,0.48018256,-1.5967976,-1.9903483
1.638655424118042,0.3068259,0.25206372,-0.76287407,0.46045056,-1.5778774,-2.0195065,0.34759125,0.2937767,-0.5031516,0.7710332,-0.8099735,-3.5925446,0.29936913,0.26443234,-0.790314,0.4728209,-1.5126985,-2.1638815,0.3096112,0.2554318,-0.7725855,0.47620186,-1.6341977,-2.0687146
1.6406562328338623,0.3052964,0.25298092,-0.7660076,0.4563707,-1.5543815,-2.0586834,0.3465817,0.2953044,-0.50477153,0.7638481,-0.84658164,-3.6729271,0.29778245,0.26536933,-0.79333943,0.46849313,-1.5497602,-2.2431357,0.30805948,0.25637594,-0.77585393,0.47206444,-1.548987,-2.0705175
1.6426570415496826,0.30376065,0.2538899,-0.76909405,0.4522125,-1.5308397,-2.097813,0.34556878,0.2968174,-0.5064647,0.7565023,-0.7758542,-3.6706638,0.29618958,0.26629734,-0.79643893,0.46400687,-1.4634824,-2.245829,0.30650157,0.2573118,-0.7789519,0.4679234,-1.5864232,-2.148856
1.644657850265503,0.3022188,0.25479046,-0.77213335,0.44797608,-1.5072546,-2.1368895,0.34455276,0.2983157,-0.5080164,0.74916095,-0.8125655,-3.7502542,0.29459083,0.26721638,-0.7993659,0.4595152,-1.5005966,-2.3250177,0.3049373,0.25823903,-0.78212476,0.4636257,-1.5009842,-2.1505003
1.6466586589813232,0.3006709,0.25568247,-0.77512544,0.4436615,-1.4836259,-2.1759133,0.3435335,0.29979903,-0.5096415,0.7416604,-0.7420231,-3.747779,0.2929861,0.2681261,-0.8023671,0.4548652,-1.4141011,-2.3275144,0.30336705,0.2591577,-0.78512675,0.4593247,-1.5384617,-2.2287958
1.6486594676971436,0.29911706,0.25656578,-0.7780702,0.43926895,-1.4599565,-2.214877,0.34251124,0.30126736,-0.51112556,0.73416483,-0.7788421,-3.8265717,0.2913757,0.26902652,-0.8051953,0.45021015,-1.4512722,-2.406629,0.30179065,0.26006743,-0.78820366,0.4548671,-1.4528034,-2.2302632
1.6506602764129639,0.29755738,0.2574402,-0.7809676,0.43479848,-1.4362482,-2.253776,0.34148586,0.30272037,-0.5126833,0.7265117,-0.70847833,-3.8239079,0.2897595,0.2699173,-0.80809784,0.4453969,-1.3645707,-2.4089024,0.30020845,0.26096824,-0.79110926,0.45040658,-1.4903274,-2.308505
1.6526610851287842,0.29599196,0.2583056,-0.7838175,0.43025026,-1.4125055,-2.2926018,0.34045765,0.3041581,-0.51410025,0.7188639,-0.74541676,-3.9019027,0.28813782,0.27079847,-0.81082696,0.4405791,-1.4018034,-2.487929,0.29862028,0.2618598,-0.7940899,0.44578958,-1.4044548,-2.3097775
1.6546618938446045,0.29442087,0.25916183,-0.7866199,0.4256244,-1.388723,-2.3313632,0.33942646,0.3055802,-0.5155911,0.7110601,-0.67522186,-3.8990817,0.28651056,0.2716697,-0.8136306,0.43560323,-1.3148988,-2.4899576,0.2970265,0.26274213,-0.79689884,0.44117,-1.4420339,-2.3879464
1.6566627025604248,0.29284424,0.26000872,-0.78937465,0.4209211,-1.3649101,-2.370042,0.3383926,0.30698672,-0.51694155,0.703262,-0.7122997,-3.976272,0.28487805,0.27253094,-0.8162604,0.43062332,-1.3521999,-2.5688798,0.2954269,0.26361492,-0.79978293,0.43639413,-1.3559554,-2.3890047
1.6586635112762451,0.29126212,0.26084614,-0.7920817,0.41614047,-1.3410633,-2.4086432,0.33735585,0.30837733,-0.51836616,0.6953094,-0.64225817,-3.973325,0.2832401,0.27338192,-0.8189648,0.42548555,-1.2651039,-2.5706472,0.2938219,0.26447815,-0.8024948,0.43161613,-1.3935939,-2.4670897
1.6606643199920654,0.28967464,0.2616739,-0.79474103,0.4112827,-1.3171868,-2.447158,0.33631656,0.30975205,-0.5196507,0.68736273,-0.6795036,-4.0497003,0.2815971,0.2742226,-0.821495,0.42034426,-1.3024815,-2.6494536,0.29221132,0.2653315,-0.805282,0.42668194,-1.3073169,-2.4679134
1.6626651287078857,0.28808188,0.26249188,-0.79735255,0.40634793,-1.2932794,-2.4855886,0.33527455,0.3111106,-0.5210097,0.67926335,-0.60959727,-4.046663,0.27994892,0.2750527,-0.82409996,0.41504535,-1.2151951,-2.6509383,0.29059553,0.266175,-0.8078966,0.4217461,-1.3450212,-2.5459018
1.664665937423706,0.28648397,0.2632999,-0.7999162,0.40133637,-1.2693473,-2.5239215,0.3342301,0.3124529,-0.5222289,0.67117006,-0.6470449,-4.1222286,0.27829584,0.27587217,-0.82653034,0.4097435,-1.252653,-2.7296112,0.28897434,0.2670083,-0.81058663,0.4166543,-1.258554,-2.5464697
1.6666666269302368,0.28488106,0.26409778,-0.8024318,0.39624852,-1.2453886,-2.5621607,0.33318305,0.31377876,-0.523523,0.6629256,-0.5772365,-4.119143,0.27663776,0.27668074,-0.82903564,0.40428427,-1.1651912,-2.730792,0.28734815,0.26783141,-0.81310374,0.41156134,-1.2963306,-2.624347
1.6686674356460571,0.28327307,0.26488546,-0.80489963,0.39108396,-1.2214068,-2.600297,0.33213368,0.31508812,-0.52467746,0.6546873,-0.61493534,-4.1939006,0.27497503,0.2774784,-0.831366,0.3988227,-1.202736,-2.8093164,0.28571677,0.26864403,-0.8156964,0.40631264,-1.2096807,-2.624643
1.6706682443618774,0.2816602,0.2656627,-0.8073194,0.3858432,-1.1974021,-2.63833,0.33108187,0.3163807,-0.52590734,0.6462995,-0.5451759,-4.1907916,0.2733075,0.2782648,-0.83377147,0.39320406,-1.115107,-2.810185,0.28408054,0.26944616,-0.8181158,0.40106335,-1.247536,-2.7023954
1.6726690530776978,0.28004253,0.2664294,-0.80969113,0.38052642,-1.1733754,-2.676258,0.33002788,0.31765655,-0.5269977,0.6379179,-0.58319753,-4.2647486,0.2716355,0.27903995,-0.8360017,0.3875837,-1.1527479,-2.888549,0.28243932,0.27023748,-0.8206108,0.39565855,-1.1607083,-2.7023983
1.674669861793518,0.27842015,0.26718536,-0.81201476,0.3751339,-1.149333,-2.714066,0.32897156,0.31891534,-0.5281641,0.6293884,-0.5134128,-4.2616153,0.26995888,0.27980357,-0.8383072,0.3818066,-1.0649496,-2.8890684,0.28079346,0.27101797,-0.82293224,0.39025375,-1.1986465,-2.780013
1.6766706705093384,0.27679318,0.26793048,-0.8142903,0.36966583,-1.1252706,-2.7517633,0.3279132,0.32015708,-0.5291909,0.62086517,-0.55183554,-4.3347926,0.268278,0.28055564,-0.8404371,0.37602848,-1.1026878,-2.9672618,0.2791428,0.27178735,-0.82532954,0.3846937,-1.1116517,-2.7797065
1.6786714792251587,0.2751617,0.26866457,-0.81651765,0.36412248,-1.1011953,-2.7893353,0.32685262,0.32138148,-0.5302946,0.61219555,-0.48190367,-4.3316083,0.2665927,0.28129584,-0.8426425,0.37009394,-1.0147412,-2.967419,0.2774877,0.2725456,-0.82755286,0.3791343,-1.1496814,-2.857167
1.680672287940979,0.27352583,0.2693875,-0.81869686,0.35850406,-1.0771036,-2.826788,0.3257901,0.32258853,-0.5312584,0.6035323,-0.52082276,-4.404014,0.26490337,0.28202415,-0.84467196,0.3641591,-1.052588,-3.0454228,0.275828,0.27329245,-0.8298522,0.37341997,-1.0625263,-2.8565292
1.6826730966567993,0.27188563,0.27009913,-0.82082784,0.35281083,-1.0530025,-2.864107,0.3247255,0.32377797,-0.53230006,0.5947243,-0.45058864,-4.4006786,0.26320982,0.2827403,-0.84677714,0.35806826,-0.96449316,-3.0451999,0.27416405,0.27402785,-0.83197725,0.36770692,-1.1006525,-2.9338245
1.6846739053726196,0.27024123,0.27079928,-0.82291055,0.34704307,-1.0288892,-2.901297,0.3236591,0.32494983,-0.5332012,0.58592296,-0.4900805,-4.4723353,0.2615124,0.28344426,-0.8487061,0.35197785,-1.0024521,-3.1230047,0.2724957,0.27475154,-0.83417857,0.36183926,-1.013343,-2.9328396
1.68667471408844,0.26859272,0.2714878,-0.82494503,0.34120104,-1.0047702,-2.9383442,0.32259074,0.32610378,-0.53418136,0.57697827,-0.41937435,-4.468666,0.25981098,0.28413573,-0.85071105,0.34573185,-0.9142128,-3.1223822,0.27082327,0.2754635,-0.83620524,0.35597357,-1.0515721,-3.0099542
1.6886755228042603,0.26694018,0.27216458,-0.82693124,0.33528504,-0.98064333,-2.9752529,0.3215207,0.32723987,-0.5350201,0.5680409,-0.45948118,-4.53959,0.2581059,0.28481472,-0.8525395,0.33948708,-0.95229286,-3.199968,0.26914665,0.2761634,-0.8383084,0.34995365,-0.964119,-3.0086005
1.6906763315200806,0.2652837,0.27282944,-0.82886916,0.3292953,-0.9565106,-3.012018,0.32044882,0.3283578,-0.5359391,0.55896175,-0.38816923,-4.535348,0.256397,0.2854809,-0.8544441,0.33308715,-0.86392325,-3.198926,0.2674662,0.27685127,-0.8402366,0.34393644,-1.0024573,-3.085522
1.6926771402359009,0.2636234,0.27348223,-0.8307588,0.32323217,-0.93237597,-3.048632,0.3193754,0.32945758,-0.53671545,0.54989105,-0.42887533,-4.6055484,0.25468466,0.28613427,-0.8561719,0.3266893,-0.902128,-3.2762797,0.2657817,0.2775268,-0.8422415,0.3377654,-0.9148657,-3.0837808
1.6946778297424316,0.26195943,0.2741228,-0.83260006,0.3170963,-0.9082405,-3.085092,0.31830025,0.33053893,-0.5375732,0.54067993,-0.35693938,-4.6005597,0.2529687,0.28677455,-0.85797614,0.32013676,-0.81364006,-3.2747967,0.26409355,0.27819,-0.84407127,0.33159783,-0.9533197,-3.1604936
1.696678638458252,0.26029176,0.27475107,-0.83439314,0.31088728,-0.8841039,-3.121397,0.31722367,0.3316019,-0.5382871,0.5314788,-0.39817166,-4.670072,0.2512495,0.2874017,-0.8596034,0.31358716,-0.8519778,-3.3519058,0.26240158,0.27884054,-0.8459779,0.32527685,-0.86559975,-3.1583476
1.6986794471740723,0.25862053,0.2753668,-0.83613795,0.30460578,-0.85997117,-3.1575377,0.3161455,0.33264616,-0.5390834,0.52213866,-0.32573032,-4.6642547,0.24952687,0.28801548,-0.8613074,0.30688334,-0.76337075,-3.3499591,0.26070616,0.27947846,-0.8477091,0.31896016,-0.90417534,-3.234839
1.7006802558898926,0.25694588,0.27596992,-0.8378344,0.29825214,-0.83583975,-3.1935184,0.31506604,0.33367178,-0.5397349,0.5128102,-0.367394,-4.733146,0.2478012,0.28861585,-0.8628341,0.30018342,-0.8018452,-3.4268086,0.25900713,0.28010345,-0.84951746,0.3124905,-0.8163342,-3.232269
1.702681064605713,0.2552679,0.27656025,-0.83948267,0.29182667,-0.81171626,-3.2293258,0.3139851,0.33467847,-0.5404697,0.5033439,-0.29460296,-4.726542,0.24607232,0.2892025,-0.86443776,0.2933298,-0.71313906,-3.4243903,0.25730482,0.2807155,-0.85115016,0.30602595,-0.855038,-3.308525
1.7046818733215332,0.25358665,0.27713764,-0.84108263,0.28532973,-0.78759927,-3.264961,0.312903,0.33566624,-0.5410589,0.4938908,-0.3366176,-4.794878,0.2443406,0.28977546,-0.86586404,0.28648102,-0.7517593,-3.5009673,0.2555991,0.2813143,-0.8528602,0.2994089,-0.76708317,-3.3055098
1.7066826820373535,0.25190225,0.27770197,-0.8426343,0.27876166,-0.7634906,-3.3004215,0.31181952,0.33663484,-0.54173213,0.48430103,-0.2636188,-4.7875566,0.24260587,0.29033443,-0.86736757,0.2794791,-0.6629471,-3.498052,0.25389034,0.2818999,-0.8543944,0.2927979,-0.8059208,-3.381517
1.7086834907531738,0.2502148,0.27825308,-0.8441378,0.27212283,-0.73939574,-3.335696,0.31073502,0.3375843,-0.5422594,0.4747259,-0.30593038,-4.8553905,0.24086848,0.2908794,-0.8686935,0.272483,-0.70171934,-3.5743415,0.2521783,0.28247195,-0.8560062,0.28603485,-0.71786124,-3.378043
1.7106842994689941,0.24852437,0.27879083,-0.8455931,0.2654136,-0.7153117,-3.3707883,0.3096493,0.33851433,-0.54287124,0.4650151,-0.23279358,-4.847412,0.23912829,0.29141006,-0.8700969,0.2653343,-0.61282045,-3.5709093,0.25046343,0.2830305,-0.8574419,0.27927876,-0.75683963,-3.453786
1.7126851081848145,0.24683109,0.2793151,-0.84700024,0.25863436,-0.6912436,-3.4056897,0.3085626,0.33942497,-0.5433368,0.4553203,-0.2753652,-4.9147997,0.23738565,0.29192644,-0.8713226,0.25819248,-0.6517507,-3.6468992,0.24874552,0.28357527,-0.85895556,0.27237117,-0.66868424,-3.4498312
1.7146859169006348,0.24513504,0.27982575,-0.8483592,0.25178546,-0.66719234,-3.4403968,0.30747482,0.34031594,-0.54388756,0.4454907,-0.20213163,-4.906194,0.23564039,0.29242826,-0.87262607,0.2508987,-0.56276804,-3.6429312,0.24702492,0.2841062,-0.8602929,0.26547152,-0.7078097,-3.5252976
1.716686725616455,0.24343632,0.2803226,-0.8496701,0.24486732,-0.64315903,-3.4749084,0.30638623,0.3411873,-0.5442918,0.4356783,-0.24494933,-4.973146,0.23389289,0.2929155,-0.8737516,0.24361283,-0.6018637,-3.7186007,0.2453015,0.28462303,-0.8617085,0.2584209,-0.6195661,-3.5208416
1.7186875343322754,0.24173503,0.28080556,-0.8509329,0.23788033,-0.6191467,-3.5092163,0.30529666,0.34203875,-0.5447817,0.42573202,-0.17163134,-4.9639263,0.23214297,0.29338783,-0.8749553,0.23617563,-0.51281005,-3.7140777,0.2435756,0.2851258,-0.86294764,0.25137922,-0.6588442,-3.5960174
1.7206883430480957,0.24003124,0.28127447,-0.8521477,0.2308249,-0.5951546,-3.543323,0.3042064,0.34287035,-0.54512495,0.41580418,-0.21468267,-5.030461,0.23039101,0.29384533,-0.8759809,0.22874747,-0.5520777,-3.7894185,0.24184707,0.28561416,-0.8642653,0.24418719,-0.57052296,-3.5910444
1.7226890325546265,0.23832518,0.28172916,-0.85331446,0.22370186,-0.5711891,-3.5772164,0.30311528,0.34368184,-0.54555434,0.40574324,-0.1412894,-5.0206327,0.22863685,0.29428765,-0.8770851,0.22116864,-0.46295974,-3.7843225,0.24011625,0.28608817,-0.8654064,0.2370051,-0.60996157,-3.6659133
1.7246898412704468,0.23661673,0.28216955,-0.85443336,0.21651082,-0.54724896,-3.610897,0.30202362,0.34447324,-0.5458369,0.39570197,-0.1845705,-5.0867534,0.22688082,0.29471484,-0.878011,0.2136,-0.5024037,-3.8593216,0.238383,0.2865475,-0.8666263,0.22967327,-0.5215688,-3.6604042
1.726690649986267,0.23490609,0.2825955,-0.8555044,0.2092526,-0.52333695,-3.644359,0.30093122,0.3452443,-0.54620606,0.38552848,-0.11110464,-5.076322,0.22512278,0.2951266,-0.8790158,0.20588136,-0.41323206,-3.8536274,0.23664765,0.28699222,-0.86766946,0.22235246,-0.561173,-3.734955
1.7286914587020874,0.23319335,0.28300685,-0.85652757,0.20192763,-0.49945447,-3.6776001,0.29983836,0.34599504,-0.54642826,0.37537584,-0.15461051,-5.1420317,0.2233631,0.29552293,-0.8798423,0.1981741,-0.4528607,-3.928262,0.23491007,0.287422,-0.8687918,0.21488255,-0.47271997,-3.7288935
1.7306922674179077,0.23147862,0.2834035,-0.857503,0.19453639,-0.47560343,-3.7106166,0.2987449,0.34672523,-0.5467375,0.36509177,-0.081073485,-5.1310015,0.2216016,0.29590356,-0.880748,0.19031759,-0.36365163,-3.9219565,0.2331706,0.28783685,-0.86973727,0.20742476,-0.5124971,-3.8031101
1.732693076133728,0.22976199,0.28378525,-0.85843074,0.18707931,-0.4517866,-3.7434025,0.29765108,0.34743488,-0.5468996,0.35482976,-0.12480374,-5.196303,0.21983865,0.29626852,-0.88147527,0.18247367,-0.40346962,-3.996225,0.23142907,0.2882365,-0.8707623,0.19981854,-0.42399007,-3.796474
1.7346938848495483,0.22804354,0.28415206,-0.85931087,0.17955688,-0.42800456,-3.775956,0.29655677,0.34812376,-0.54714924,0.34443715,-0.05119902,-5.1846633,0.21807408,0.29661748,-0.8822822,0.17448123,-0.31421858,-3.9892883,0.22968584,0.28862095,-0.8716103,0.19222559,-0.4639459,-3.8703437
1.7366946935653687,0.22632338,0.28450373,-0.8601435,0.17196955,-0.40426105,-3.8082702,0.29546228,0.3487919,-0.54725164,0.33406782,-0.09514536,-5.249565,0.21630827,0.2969505,-0.8829106,0.16650265,-0.35423744,-4.0631638,0.22794077,0.28898993,-0.87253815,0.1844849,-0.37539956,-3.8631117
1.738695502281189,0.22460161,0.28484017,-0.8609286,0.1643178,-0.3805575,-3.8403416,0.2943674,0.34943902,-0.54744196,0.3235687,-0.021476343,-5.2373157,0.21454103,0.29726723,-0.88361907,0.15837632,-0.26496014,-4.0555773,0.22619419,0.28934345,-0.8732889,0.17675868,-0.41553977,-3.9366224
1.7406963109970093,0.2228783,0.28516123,-0.8616663,0.15660213,-0.35689506,-3.872168,0.29327244,0.3500652,-0.54748493,0.31309408,-0.06564104,-5.301814,0.21277274,0.29756775,-0.884149,0.15026517,-0.3051819,-4.1290503,0.22444595,0.28968123,-0.87412,0.16888542,-0.32695797,-3.9287798
1.7426971197128296,0.22115357,0.2854668,-0.8623568,0.14882304,-0.33327734,-3.9037423,0.2921772,0.3506702,-0.54761624,0.30249044,0.008093236,-5.288959,0.21100323,0.29785177,-0.88475937,0.14200707,-0.21589373,-4.1207976,0.22269641,0.29000327,-0.8747739,0.16102786,-0.3672913,-4.0019116
1.74469792842865,0.21942751,0.2857567,-0.86300004,0.14098102,-0.3097031,-3.9350672,0.291082,0.35125402,-0.54760003,0.29191253,-0.036284942,-5.353057,0.20923285,0.2981193,-0.88519114,0.13376547,-0.25632668,-4.1938486,0.22094539,0.2903093,-0.8755085,0.15302405,-0.27868676,-3.993442
1.7466987371444702,0.21770021,0.2860309,-0.86359614,0.13307658,-0.2861791,-3.966128,0.28998664,0.35181642,-0.5476726,0.2812064,0.03750733,-5.339582,0.20746145,0.29837006,-0.8857038,0.12537777,-0.1670298,-4.1849074,0.21919325,0.29059938,-0.87606585,0.14503716,-0.3192181,-4.066185
1.7486995458602905,0.21597177,0.2862892,-0.8641452,0.12511025,-0.26270416,-3.996928,0.28889143,0.35235748,-0.5475976,0.27052724,-0.00708336,-5.403281,0.20568937,0.29860407,-0.8860379,0.117007956,-0.20768106,-4.2575307,0.21743985,0.2908732,-0.8767043,0.13690479,-0.23060021,-4.0570655
1.7507002353668213,0.21424237,0.28653148,-0.8646474,0.11708305,-0.23928161,-4.027462,0.2877962,0.35287693,-0.5476118,0.25972068,0.066766895,-5.3891897,0.20391646,0.29882106,-0.8864533,0.108492896,-0.118390076,-4.247876,0.21568552,0.29113078,-0.8771655,0.12879066,-0.27133718,-4.129402
1.7527010440826416,0.21251191,0.28675765,-0.86510277,0.10899454,-0.21591209,-4.0577254,0.28670123,0.3533748,-0.54747826,0.2489423,0.021966878,-5.452492,0.20214307,0.29902107,-0.8866901,0.09999714,-0.1592652,-4.3200517,0.2139301,0.29137185,-0.8777082,0.12053186,-0.18271647,-4.119615
1.754701852798462,0.21078059,0.28696758,-0.8655114,0.10084576,-0.192598,-4.0877156,0.28560635,0.35385087,-0.54743433,0.23803732,0.09587,-5.437779,0.20036906,0.29920378,-0.8870086,0.09135704,-0.069991,-4.3096786,0.21217395,0.29159644,-0.87807363,0.112292625,-0.22366497,-4.191533
1.7567026615142822,0.2090485,0.28716114,-0.8658735,0.092637256,-0.1693428,-4.1174254,0.28451186,0.3543052,-0.5472426,0.22716177,0.05085955,-5.500678,0.19859476,0.29936925,-0.8871486,0.08273768,-0.11110039,-4.381388,0.21041691,0.29180425,-0.87852097,0.10390956,-0.13505112,-4.1810603
1.7587034702301025,0.20731573,0.28733823,-0.8661891,0.08436959,-0.14614902,-4.14685,0.28341758,0.35473752,-0.54714084,0.2161604,0.12481072,-5.48534,0.19682002,0.29951718,-0.8873708,0.0739749,-0.021848181,-4.370266,0.20865934,0.29199535,-0.8787911,0.09554744,-0.17621925,-4.2525434
1.7607042789459229,0.20558237,0.2874987,-0.86645836,0.07604334,-0.12301475,-4.175993,0.2823238,0.3551479,-0.5468912,0.20518972,0.079593375,-5.547842,0.19504519,0.29964766,-0.8874145,0.06523437,-0.063196614,-4.4414945,0.20690104,0.29216942,-0.87914354,0.08704235,-0.0876202,-4.241366
1.7627050876617432,0.20384851,0.28764248,-0.8666814,0.06765907,-0.099948,-4.2048383,0.28123033,0.35553607,-0.546732,0.19409403,0.1535962,-5.531878,0.1932701,0.29976037,-0.88754094,0.056351382,0.026017511,-4.4296093,0.20514241,0.29232654,-0.8793188,0.078559615,-0.12901434,-4.312398
1.7647058963775635,0.20211427,0.2877694,-0.86685836,0.05921738,-0.076946884,-4.233391,0.28013748,0.35590214,-0.5464248,0.18303028,0.10816907,-5.5939736,0.19149512,0.29985535,-0.8874889,0.04749216,-0.015575619,-4.5003476,0.20338325,0.2924664,-0.8795768,0.069934815,-0.04044509,-4.300499
1.7667067050933838,0.20037971,0.2878794,-0.8669894,0.05071886,-0.054014485,-4.2616444,0.27904508,0.35624582,-0.54620844,0.17184234,0.18221202,-5.577372,0.18972008,0.29993233,-0.8875201,0.038491465,0.073587865,-4.487677,0.20162393,0.29258907,-0.8796577,0.061333816,-0.0820721,-4.371068
1.768707513809204,0.19864494,0.28797233,-0.86707455,0.042164113,-0.031153688,-4.2895923,0.2779534,0.3565672,-0.545844,0.1606876,0.13657814,-5.6390696,0.18794534,0.29999137,-0.8873729,0.02951611,0.031742025,-4.557907,0.19986428,0.29269424,-0.87982184,0.05259168,0.006460391,-4.358427
1.7707083225250244,0.19691004,0.2880481,-0.86711407,0.033553757,-0.008365208,-4.317234,0.27686223,0.35686603,-0.54557085,0.14940946,0.21066147,-5.6218214,0.18617071,0.30003217,-0.88730943,0.020400297,0.12084666,-4.544433,0.19810466,0.29278198,-0.8798089,0.043874826,-0.035407275,-4.428514
1.7727091312408447,0.19517511,0.28810656,-0.86710805,0.024888407,0.0143462885,-4.3445616,0.27577195,0.35714236,-0.5451495,0.13816582,0.16481897,-5.683109,0.18439658,0.3000548,-0.88706774,0.0113114305,0.07874024,-4.6141396,0.19634491,0.292852,-0.8798797,0.035017796,0.05307537,-4.4151106
1.774709939956665,0.19344024,0.28814766,-0.86705667,0.016168699,0.03697905,-4.37157,0.2746823,0.35739595,-0.5448199,0.1267996,0.23893517,-5.665215,0.18262276,0.30005896,-0.88691026,0.0020831507,0.16777056,-4.599841,0.19458537,0.29290438,-0.87977356,0.026187574,0.010962045,-4.484704
1.7767107486724854,0.19170552,0.28817123,-0.8669601,0.0073952666,0.05953353,-4.3982615,0.27359363,0.3576269,-0.54434204,0.115469165,0.19287923,-5.726083,0.18084961,0.30004472,-0.88657475,-0.007116532,0.12539563,-4.6690063,0.19282587,0.2929388,-0.8797516,0.017218165,0.09938275,-4.4705215
1.7787114381790161,0.18997113,0.28817722,-0.8668185,-0.0014307154,0.08200262,-4.424623,0.27250573,0.3578349,-0.5439563,0.104017,0.26702723,-5.70753,0.17907697,0.3000118,-0.8863239,-0.016454544,0.2143516,-4.653866,0.19106676,0.29295534,-0.87955284,0.008277122,0.057014413,-4.5396037
1.7807122468948364,0.18823698,0.28816548,-0.866632,-0.010309641,0.10438898,-4.4506583,0.2714189,0.3580201,-0.5434222,0.09260194,0.22076327,-5.7679873,0.17730518,0.2999603,-0.88589525,-0.025762275,0.17170104,-4.7224708,0.18930788,0.29295373,-0.8794388,-0.00080208573,0.14536352,-4.52462
1.7827130556106567,0.18650325,0.28813592,-0.8664008,-0.019240325,0.12668784,-4.4763594,0.27033293,0.35818222,-0.5429807,0.08106597,0.2949334,-5.748768,0.17553407,0.29988986,-0.88555187,-0.035207216,0.26055554,-4.70647,0.18754959,0.29293403,-0.87914807,-0.009851326,0.10273442,-4.5931764
1.784713864326477,0.18477002,0.28808844,-0.86612505,-0.028222095,0.148898,-4.5017233,0.26924816,0.35832137,-0.5423908,0.06956843,0.24845643,-5.8087997,0.173764,0.29980063,-0.88503075,-0.044620156,0.21762127,-4.7745037,0.1857917,0.29289594,-0.8789426,-0.019037679,0.19099791,-4.5773754
1.7867146730422974,0.18303739,0.28802294,-0.865805,-0.03725427,0.1710145,-4.5267415,0.26816437,0.35843727,-0.5418939,0.057950832,0.32264668,-5.7889066,0.17199482,0.2996923,-0.8845955,-0.054169163,0.30637074,-4.7576222,0.18403459,0.29283956,-0.8785606,-0.02819243,0.14810018,-4.645391
1.7887154817581177,0.18130544,0.2879393,-0.8654407,-0.046336155,0.19303775,-4.5514145,0.26708186,0.35853,-0.5412486,0.046373017,0.27595615,-5.8485093,0.17022686,0.29956493,-0.8839828,-0.063684404,0.26314604,-4.825064,0.18227805,0.2927646,-0.8782644,-0.037483215,0.2362693,-4.628751
1.790716290473938,0.17957425,0.28783748,-0.86503255,-0.055467058,0.21496412,-4.575736,0.26600045,0.35859936,-0.5406967,0.034675997,0.35015234,-5.8279376,0.16845994,0.29941827,-0.88345647,-0.07333453,0.35177433,-4.8072743,0.18052247,0.2926711,-0.8777919,-0.04674072,0.19309576,-4.696208
1.7927170991897583,0.17784393,0.2877173,-0.8645806,-0.06464627,0.23679155,-4.599703,0.26492044,0.3586454,-0.5399964,0.023020122,0.30324614,-5.8871074,0.16669443,0.29925236,-0.8827529,-0.08294908,0.30825418,-4.8741136,0.17876767,0.29255885,-0.8774057,-0.056133136,0.28115594,-4.678713
1.7947179079055786,0.17611456,0.28757873,-0.864085,-0.07387307,0.25851738,-4.623309,0.26384166,0.3586679,-0.5393899,0.011245907,0.37745425,-5.8658357,0.16493016,0.29906696,-0.8821364,-0.09269731,0.39674672,-4.855408,0.17701398,0.29242787,-0.8768434,-0.06549056,0.23769818,-4.745594
1.796718716621399,0.17438622,0.28742164,-0.86354613,-0.08314674,0.28014013,-4.646553,0.2627644,0.35866693,-0.538635,-0.00048576482,0.33032566,-5.9245553,0.16316748,0.29886216,-0.8813429,-0.102408126,0.35291848,-4.921623,0.17526124,0.2922779,-0.876368,-0.07498175,0.325637,-4.7272215
1.7987195253372192,0.17265901,0.28724596,-0.8629641,-0.09246655,0.30165422,-4.6694236,0.26168844,0.35864225,-0.53797436,-0.012334876,0.4045316,-5.9025836,0.1614062,0.29863766,-0.88063705,-0.11225137,0.44126976,-4.9019723,0.1735098,0.29210904,-0.8757167,-0.08443619,0.2818883,-4.7935133
1.8007203340530396,0.17093301,0.2870516,-0.8623391,-0.10183174,0.3230604,-4.691924,0.2606141,0.35859397,-0.5371653,-0.024140043,0.3571805,-5.9608507,0.15964669,0.29839355,-0.8797545,-0.122055314,0.39712957,-4.967547,0.1717595,0.291921,-0.8751529,-0.09402322,0.36969364,-4.7742443
1.8027211427688599,0.16920829,0.28683844,-0.8616714,-0.11124158,0.34435418,-4.7140446,0.25954118,0.35852185,-0.5364509,-0.036061745,0.43137515,-5.938156,0.15788877,0.29812956,-0.87896025,-0.1319904,0.4853134,-4.9469385,0.17001067,0.29171383,-0.8744135,-0.10357171,0.32564592,-4.839929
1.8047219514846802,0.16748495,0.28660643,-0.8609612,-0.12069529,0.36553472,-4.7357845,0.25847,0.35842597,-0.53558815,-0.047938056,0.3838007,-5.995966,0.15613279,0.29784578,-0.87798965,-0.14188428,0.44085094,-5.0118604,0.16826315,0.29148734,-0.8737622,-0.113251574,0.41330537,-4.8197427
1.8067227602005005,0.16576308,0.28635544,-0.86020875,-0.13019212,0.38659775,-4.7571363,0.25740036,0.3583061,-0.53482056,-0.05992999,0.45797643,-5.97254,0.15437858,0.29754198,-0.8771079,-0.15190801,0.5288713,-4.9902654,0.16651729,0.29124156,-0.8729356,-0.12289106,0.36895025,-4.884803
1.8087234497070312,0.16404286,0.28608543,-0.85941434,-0.1397307,0.40754092,-4.778096,0.25633255,0.35816237,-0.5339046,-0.071875066,0.4101712,-6.029877,0.15262648,0.2972182,-0.8760502,-0.16188854,0.48407966,-5.0545115,0.1647729,0.29097623,-0.8721977,-0.13266067,0.45644915,-4.8636804
1.8107242584228516,0.16232416,0.28579628,-0.8585781,-0.14931141,0.4283629,-4.798661,0.25526637,0.3579945,-0.5330843,-0.08393482,0.48432007,-6.0057034,0.15087631,0.2968742,-0.875082,-0.17199756,0.5719049,-5.03192,0.16303033,0.29069147,-0.8712848,-0.14238803,0.41177955,-4.9280996
1.8127250671386719,0.16060717,0.28548792,-0.8577003,-0.15893285,0.44906175,-4.818828,0.25420213,0.3578026,-0.53211564,-0.09594623,0.4362815,-6.062557,0.14912844,0.29651007,-0.8739382,-0.1820614,0.52677494,-5.0954766,0.16128941,0.29038697,-0.8704612,-0.15224423,0.4991061,-4.9060216
1.8147258758544922,0.15889199,0.28516027,-0.8567812,-0.16859424,0.4696306,-4.838585,0.25313964,0.35758644,-0.5312431,-0.10807134,0.51039755,-6.0376253,0.14738266,0.29612556,-0.87288463,-0.19225235,0.614406,-5.071853,0.15955049,0.29006287,-0.869463,-0.16205627,0.45411444,-4.969784
1.8167266845703125,0.15717869,0.28481326,-0.8558211,-0.17829475,0.4900711,-4.8579345,0.2520792,0.35734615,-0.5302223,-0.120146595,0.46211818,-6.093987,0.14563935,0.29572076,-0.8716558,-0.20239606,0.56892806,-5.134695,0.15781339,0.2897189,-0.8685548,-0.17199583,0.5412532,-4.946729
1.8187274932861328,0.15546735,0.28444678,-0.8548202,-0.18803355,0.5103798,-4.876871,0.25102058,0.35708147,-0.52929807,-0.13233458,0.5361907,-6.068279,0.14389831,0.29529542,-0.87051797,-0.21266545,0.6563374,-5.110039,0.15607844,0.28935513,-0.8674723,-0.1818893,0.49593025,-5.009815
1.8207283020019531,0.15375805,0.28406078,-0.85377884,-0.19780983,0.53055084,-4.895385,0.24996413,0.35679254,-0.52822566,-0.14447114,0.48766747,-6.124132,0.1421599,0.29484963,-0.8692053,-0.22288553,0.6105063,-5.1721587,0.15434548,0.2889713,-0.8664804,-0.19190893,0.5828702,-4.985764
1.8227291107177734,0.15205088,0.2836552,-0.85269725,-0.20762274,0.55058694,-4.9134808,0.24890964,0.3564791,-0.52725035,-0.1567194,0.5616799,-6.097622,0.14042392,0.29438317,-0.8679843,-0.23322985,0.6976954,-5.1464314,0.15261485,0.28856754,-0.86531466,-0.20188046,0.53720844,-5.0481577
1.8247299194335938,0.1503459,0.28322995,-0.85157573,-0.21747142,0.5704811,-4.9311457,0.24785738,0.35614127,-0.526127,-0.16891465,0.5129081,-6.152957,0.13869074,0.2938961,-0.8665889,-0.2435227,0.65150106,-5.207804,0.15088637,0.28814358,-0.8642402,-0.21197677,0.6239325,-5.0230894
1.826730728149414,0.14864323,0.28278494,-0.8504145,-0.227355,0.5902311,-4.9483767,0.24680717,0.3557788,-0.5251012,-0.18122056,0.58685905,-6.1256385,0.13696016,0.29338822,-0.8652859,-0.25393832,0.7384369,-5.1809993,0.14916039,0.28769952,-0.86299235,-0.22202295,0.577923,-5.0847726
1.8287315368652344,0.1469429,0.28232014,-0.84921396,-0.23727262,0.60983396,-4.965168,0.24575932,0.35539186,-0.52392745,-0.19347183,0.53783005,-6.180432,0.13523255,0.2928596,-0.863809,-0.26430032,0.69187117,-5.2416086,0.14743671,0.28723514,-0.8618365,-0.2321925,0.6644179,-5.0586658
1.8307323455810547,0.14524502,0.28183547,-0.8479743,-0.2472234,0.62928957,-4.98152,0.24471362,0.3549802,-0.52285177,-0.2058327,0.61169994,-6.1522803,0.1335077,0.29231006,-0.86242527,-0.27478352,0.77854943,-5.2136936,0.1457157,0.28675053,-0.86050767,-0.24230984,0.6180531,-5.1196203
1.832733154296875,0.14354965,0.28133082,-0.8466959,-0.25720647,0.6485924,-4.9974236,0.24367036,0.35454392,-0.5216284,-0.21813726,0.56241244,-6.206523,0.13178596,0.29173964,-0.86086816,-0.2852109,0.73160183,-5.273519,0.14399716,0.28624544,-0.8592716,-0.25254908,0.7043042,-5.092454
1.8347339630126953,0.14185688,0.28080618,-0.845379,-0.26722088,0.66774035,-5.0128746,0.24262935,0.35408282,-0.5205036,-0.2305503,0.6361886,-6.177528,0.13006715,0.29114813,-0.859405,-0.29575795,0.8180098,-5.244475,0.14228144,0.28571996,-0.85786295,-0.262734,0.65757495,-5.152662
1.836734652519226,0.1401669,0.28026152,-0.844024,-0.27726516,0.68672967,-5.027868,0.24159089,0.35359702,-0.5192312,-0.24290536,0.58663535,-6.23121,0.12835161,0.29053563,-0.85776895,-0.3062469,0.77067316,-5.3035016,0.14056835,0.2851739,-0.8565478,-0.2730393,0.74356765,-5.1244154
1.8387354612350464,0.13847955,0.2796967,-0.8426311,-0.28733957,0.7055607,-5.042403,0.24055476,0.3530863,-0.51805794,-0.2553678,0.66031396,-6.2013373,0.12663916,0.2899019,-0.8562276,-0.3168539,0.85678333,-5.2733073,0.13885823,0.28460732,-0.85506064,-0.28328815,0.696466,-5.183859
1.8407362699508667,0.13679503,0.27911168,-0.8412007,-0.29744262,0.72422767,-5.056471,0.2395213,0.35255075,-0.51673734,-0.26777047,0.61048126,-6.2544274,0.12493013,0.28924713,-0.854514,-0.32740054,0.80904716,-5.3315115,0.1371509,0.28402,-0.8536677,-0.29365587,0.71528417,-5.199346
1.842737078666687,0.1351134,0.27850643,-0.8397331,-0.30757332,0.7427272,-5.0700636,0.23849027,0.3519902,-0.5155164,-0.28027934,0.68403846,-6.2236586,0.12322433,0.288571,-0.8528959,-0.33806357,0.8948588,-5.3001494,0.13544643,0.2834119,-0.8522371,-0.30405456,0.80166423,-5.168842
1.8447378873825073,0.13343476,0.27788088,-0.8382287,-0.31773075,0.7610589,-5.083184,0.23746197,0.35140473,-0.5141483,-0.29272667,0.63392556,-6.276151,0.12152212,0.2878737,-0.8511062,-0.34866387,0.846719,-5.357518,0.13374516,0.2827831,-0.8506338,-0.31439224,0.7539777,-5.2269135
1.8467386960983276,0.13175915,0.27723497,-0.83668774,-0.32791397,0.7792185,-5.095823,0.2364362,0.35079417,-0.51288044,-0.30527896,0.7073575,-6.2444735,0.11982329,0.2871549,-0.8494128,-0.3593789,0.93220127,-5.3249683,0.13204691,0.2821334,-0.84912586,-0.32484606,0.8386654,-5.196343
1.848739504814148,0.13008668,0.27656868,-0.83511066,-0.33812198,0.79720205,-5.1079736,0.23541327,0.35015863,-0.5114657,-0.31776792,0.6569538,-6.2963433,0.118128195,0.28641486,-0.8475484,-0.37002885,0.8836433,-5.381477,0.130352,0.28146294,-0.8474485,-0.33523875,0.7906049,-5.2539406
1.8507403135299683,0.12841739,0.27588195,-0.83349776,-0.3483538,0.8150088,-5.1196365,0.23439297,0.3494979,-0.5101518,-0.3303606,0.7302361,-6.2637196,0.11643663,0.28565326,-0.84578115,-0.3807918,0.96879506,-5.3477097,0.12866028,0.28077143,-0.84586734,-0.34574664,0.87601966,-5.2213984
1.8527411222457886,0.12675136,0.2751747,-0.8318494,-0.35860848,0.8326357,-5.1308055,0.2333756,0.34881213,-0.5086913,-0.34288803,0.6795318,-6.3149514,0.11474894,0.2848703,-0.8438436,-0.39148724,0.919813,-5.4033413,0.12697205,0.28005907,-0.8441153,-0.35618943,0.827537,-5.2779064
1.8547419309616089,0.12508868,0.27444693,-0.830166,-0.36888498,0.85007477,-5.1414666,0.23236093,0.3481011,-0.50733227,-0.35551792,0.75265974,-6.2813525,0.11306493,0.28406572,-0.84200394,-0.40229392,1.0046049,-5.368344,0.12528713,0.27932557,-0.8424602,-0.36674523,0.91184103,-5.244804
1.8567427396774292,0.12342939,0.27369857,-0.8284479,-0.3791823,0.86733025,-5.1516285,0.23134927,0.34736496,-0.50582695,-0.36808062,0.70164806,-6.331921,0.11138494,0.28323966,-0.8399947,-0.4130306,0.95518893,-5.423081,0.123605855,0.2785711,-0.84063655,-0.37723485,0.86296064,-5.3006597
1.8587435483932495,0.12177357,0.27292958,-0.82669544,-0.3894995,0.8843935,-5.1612754,0.23034042,0.34660348,-0.5044237,-0.38074446,0.7745955,-6.2973366,0.10970877,0.2823919,-0.83808434,-0.42387676,1.0396143,-5.3868194,0.121928036,0.27779543,-0.83891064,-0.38783616,0.94751465,-5.2658906
1.8607443571090698,0.12012129,0.27213994,-0.82490903,-0.39983544,0.9012671,-5.1704135,0.22933467,0.3458168,-0.5028745,-0.39333913,0.7232661,-6.3472238,0.108036764,0.2815226,-0.8360051,-0.4346504,0.98975605,-5.44064,0.120254,0.2769987,-0.8370156,-0.39836794,0.898201,-5.320727
1.8627451658248901,0.11847262,0.27132958,-0.82308906,-0.41018915,0.9179411,-5.1790237,0.2283318,0.34500474,-0.50142795,-0.40603358,0.7960244,-6.3116093,0.10636871,0.28063154,-0.83402556,-0.44553167,1.0737867,-5.4031067,0.11858357,0.27618068,-0.8352192,-0.4090094,0.98194265,-5.2850947
1.864745855331421,0.11682773,0.27049854,-0.821236,-0.42055896,0.9344163,-5.187111,0.22733213,0.3441674,-0.4998359,-0.4186568,0.7443686,-6.3607903,0.104704954,0.27971888,-0.831878,-0.45633787,1.0234773,-5.455995,0.11691706,0.2753415,-0.8332553,-0.4195796,0.9322078,-5.3391595
1.8667466640472412,0.11518647,0.2696467,-0.8193501,-0.43094504,0.95069045,-5.194668,0.22633544,0.34330466,-0.49834716,-0.43137836,0.8169176,-6.3241262,0.10304529,0.27878436,-0.82983106,-0.46724987,1.1071135,-5.4171567,0.115254276,0.274481,-0.83139086,-0.43025792,1.0159191,-5.3020096
1.8687474727630615,0.11354902,0.26877406,-0.81743187,-0.4413457,0.9667607,-5.201692,0.225342,0.3424166,-0.49671334,-0.44402662,0.7649246,-6.372577,0.10139006,0.2778282,-0.8276168,-0.47808418,1.0563406,-5.469086,0.11359556,0.27359927,-0.829359,-0.44086194,0.96573675,-5.3550763
1.8707482814788818,0.11191544,0.2678806,-0.81548166,-0.45175985,0.9826216,-5.208174,0.22435164,0.34150308,-0.4951835,-0.45677176,0.8372467,-6.3348355,0.099739045,0.27685013,-0.8255041,-0.48902234,1.139549,-5.4289317,0.111940704,0.27269614,-0.8274275,-0.4515721,1.0487894,-5.3168764
1.8727490901947021,0.110285796,0.26696628,-0.8134999,-0.46218643,0.9982701,-5.214108,0.22336462,0.3405642,-0.493509,-0.46944144,0.7849073,-6.3825383,0.09809259,0.2758504,-0.823225,-0.4998802,1.0883057,-5.479887,0.11029004,0.27177173,-0.8253299,-0.46220586,0.9981661,-5.369089
1.8747498989105225,0.10866015,0.2660311,-0.8114871,-0.47262433,1.0137055,-5.219495,0.22238074,0.3395998,-0.4919392,-0.48220652,0.85698736,-6.3436775,0.09645049,0.2748287,-0.82104844,-0.51083994,1.1710799,-5.4383817,0.108643375,0.27082583,-0.82333356,-0.47294402,1.0810155,-5.3294377
1.8767507076263428,0.10703856,0.265075,-0.8094436,-0.48307246,1.0289245,-5.2243276,0.22140029,0.33861,-0.49022523,-0.49489388,0.80428773,-6.390592,0.09481308,0.27378526,-0.8187063,-0.5217167,1.1193568,-5.4883437,0.10700103,0.26985863,-0.8211715,-0.4836029,1.0299284,-5.380647
1.878751516342163,0.10542109,0.264098,-0.8073699,-0.4935297,1.0439212,-5.2285976,0.22042306,0.33759466,-0.48861665,-0.50767505,0.87609714,-6.3505926,0.09318014,0.2727199,-0.8164676,-0.5326934,1.2016749,-5.4454765,0.1053628,0.2688699,-0.81911165,-0.4943642,1.1121914,-5.339817
1.8807523250579834,0.10380779,0.26310006,-0.8052664,-0.50399494,1.058695,-5.232302,0.21944933,0.3365539,-0.48686445,-0.52037627,0.82302684,-6.3967013,0.09155201,0.27163273,-0.8140642,-0.54358435,1.1494651,-5.4944263,0.103729025,0.26785982,-0.81688726,-0.50504386,1.0606416,-5.390106
1.8827531337738037,0.102198735,0.26208118,-0.80313355,-0.514467,1.0732414,-5.235437,0.21847889,0.33548757,-0.4852184,-0.5331697,0.89455724,-6.355517,0.08992848,0.27052358,-0.81176525,-0.5545732,1.2313101,-5.4501686,0.10209949,0.26682818,-0.814766,-0.5158241,1.1425899,-5.347842
1.884753942489624,0.10059398,0.26104134,-0.8009718,-0.5249448,1.0875589,-5.237997,0.21751203,0.33439583,-0.48342928,-0.54588073,0.84110725,-6.4007964,0.08830987,0.26939264,-0.8093026,-0.5654735,1.1786021,-5.498087,0.10047453,0.26577514,-0.8124808,-0.5265198,1.0905601,-5.3971095
1.8867547512054443,0.09899357,0.25998053,-0.7987817,-0.5354271,1.1016413,-5.239973,0.21654853,0.33327845,-0.48174706,-0.5586823,0.9123303,-6.3584023,0.08669598,0.2682397,-0.80694544,-0.57646966,1.2599587,-5.4524198,0.09885393,0.2647005,-0.8102997,-0.537314,1.1719472,-5.3535757
1.8887555599212646,0.09739757,0.25889876,-0.7965636,-0.5459128,1.1154904,-5.241369,0.21558869,0.33213565,-0.4799224,-0.57139915,0.8584843,-6.4028177,0.08508713,0.26706496,-0.80442554,-0.5873745,1.2067424,-5.4992843,0.09723802,0.26360446,-0.8079558,-0.54802114,1.1194352,-5.4018674
1.890756368637085,0.09580605,0.25779602,-0.7943181,-0.55640066,1.1290994,-5.2421727,0.21463227,0.33096725,-0.47820544,-0.5842048,0.9293859,-6.359164,0.08348311,0.26586822,-0.802012,-0.59837306,1.2875965,-5.4521837,0.095626585,0.26248682,-0.80571693,-0.5588249,1.2004282,-5.3568935
1.8927570581436157,0.09421913,0.25667235,-0.7920457,-0.5668889,1.1424663,-5.242383,0.21367958,0.3297734,-0.47634667,-0.5969231,0.87513363,-6.402689,0.081884235,0.26464966,-0.7994368,-0.6092774,1.2338648,-5.4979763,0.09401995,0.26134774,-0.80331606,-0.5695387,1.1474185,-5.4041357
1.894757866859436,0.0926367,0.25552762,-0.7897467,-0.5773776,1.1555886,-5.241993,0.2127304,0.32855394,-0.4745964,-0.6097285,0.9456878,-6.357758,0.080290295,0.2634091,-0.79696906,-0.62027335,1.314191,-5.4494314,0.09241791,0.26018706,-0.8010212,-0.580347,1.2278541,-5.3578196
1.8967586755752563,0.09105889,0.2543619,-0.78742164,-0.58786494,1.1684614,-5.240996,0.21178499,0.32730904,-0.47270504,-0.62244403,0.89101374,-6.400357,0.078701615,0.26214677,-0.79434067,-0.63117224,1.2599326,-5.494132,0.09082078,0.25900492,-0.7985655,-0.59106266,1.1743431,-5.404038
1.8987594842910767,0.08948576,0.2531752,-0.78507113,-0.5983497,1.1810839,-5.2393913,0.21084315,0.32603854,-0.470923,-0.6352447,0.9611957,-6.3540964,0.07711797,0.26086244,-0.7918208,-0.6421605,1.3397286,-5.4441037,0.08922835,0.25780118,-0.79621685,-0.6018707,1.2543213,-5.356259
1.900760293006897,0.08791735,0.25196752,-0.7826956,-0.6088306,1.1934518,-5.237171,0.20990515,0.32474265,-0.4690006,-0.6479529,0.90608937,-6.395747,0.075539686,0.25955635,-0.78914136,-0.6530487,1.2849368,-5.487693,0.08764093,0.256576,-0.7937082,-0.6125832,1.200296,-5.4013987
1.9027611017227173,0.08635372,0.2507389,-0.78029555,-0.6193064,1.2055615,-5.23433,0.20897077,0.32342115,-0.46718842,-0.6607444,0.97588986,-6.3481245,0.07396654,0.2582283,-0.7865715,-0.66402406,1.3641641,-5.4361787,0.08605832,0.25532922,-0.7913076,-0.623386,1.2797065,-5.3522134
1.9047619104385376,0.084794916,0.2494893,-0.77787155,-0.62977594,1.2174122,-5.230868,0.2080403,0.32207426,-0.46523663,-0.6734407,0.9203378,-6.3887944,0.07239886,0.2568785,-0.78384316,-0.6748964,1.3088304,-5.478644,0.08448082,0.25406104,-0.7887482,-0.6340904,1.2251602,-5.396282
1.906762719154358,0.083240986,0.24821877,-0.7754241,-0.6402379,1.2289984,-5.226775,0.2071135,0.32070184,-0.46339595,-0.68621826,0.98972154,-6.339771,0.0708364,0.25550678,-0.7812255,-0.6858537,1.3874965,-5.425604,0.08290823,0.2527713,-0.78629786,-0.644883,1.3040617,-5.3456087
1.9087635278701782,0.08169198,0.24692732,-0.77295375,-0.6506911,1.2403194,-5.2220507,0.20619068,0.31930405,-0.4614165,-0.6988978,0.93370724,-6.3794184,0.0692795,0.25411338,-0.7784505,-0.6967049,1.3316109,-5.466916,0.08134085,0.25146013,-0.78368974,-0.6555742,1.2489835,-5.388566
1.9107643365859985,0.08014794,0.24561496,-0.770461,-0.6611341,1.2513697,-5.2166853,0.20527157,0.31788075,-0.4595491,-0.71165663,1.0026507,-6.328949,0.06772792,0.2526981,-0.7757873,-0.70763874,1.4096746,-5.4123507,0.07977846,0.25012743,-0.78119177,-0.6663513,1.3272989,-5.3364315
1.9127651453018188,0.0786089,0.24428172,-0.7679464,-0.67156583,1.2621486,-5.2106786,0.20435649,0.31643212,-0.4575438,-0.7243145,0.94615924,-6.36755,0.06618199,0.25126117,-0.77296793,-0.7184634,1.3532301,-5.4525027,0.07822139,0.24877338,-0.77853715,-0.6770242,1.2716823,-5.378277
1.9147659540176392,0.07707492,0.24292763,-0.76541054,-0.68198484,1.2726513,-5.2040234,0.20344518,0.314958,-0.45565146,-0.73704964,1.0146487,-6.31559,0.06464146,0.24980244,-0.77026147,-0.72936845,1.4306993,-5.3963747,0.0766694,0.24739783,-0.77599376,-0.68778074,1.3494445,-5.3246193
1.9167667627334595,0.07554603,0.2415527,-0.7628539,-0.6923899,1.2828764,-5.196716,0.20253794,0.31345865,-0.45362216,-0.7496808,0.95767003,-6.3531084,0.06310666,0.24832211,-0.7674001,-0.7401612,1.3736858,-5.435341,0.07512281,0.24600096,-0.77329487,-0.69843,1.2932787,-5.365319
1.9187675714492798,0.074022286,0.24015696,-0.76027715,-0.7027797,1.2928215,-5.1887546,0.20163453,0.31193388,-0.45170683,-0.76238704,1.0256667,-6.299622,0.061577357,0.24682005,-0.7646527,-0.7510319,1.4505253,-5.377645,0.0735814,0.24458264,-0.7707083,-0.7091606,1.3704312,-5.310152
1.9207682609558105,0.0725038,0.23874053,-0.7576809,-0.7131523,1.3024797,-5.180128,0.20073521,0.31038392,-0.4496555,-0.77498627,0.9681801,-6.3360214,0.060053855,0.24529648,-0.76175165,-0.7617872,1.3929358,-5.41541,0.07204546,0.24314308,-0.76796746,-0.7197809,1.3137091,-5.3497
1.9227690696716309,0.070990436,0.23730329,-0.75506544,-0.7235075,1.3118536,-5.1708393,0.19983977,0.3088086,-0.44771916,-0.78765833,1.0356743,-6.280958,0.058535922,0.24375124,-0.7589658,-0.772618,1.4691418,-5.356112,0.07051478,0.24168213,-0.76534003,-0.7304803,1.3902684,-5.2929745
1.9247698783874512,0.06948233,0.23584534,-0.7524315,-0.7338435,1.3209375,-5.160879,0.19894847,0.30720815,-0.4456478,-0.80022025,0.97766566,-6.3162003,0.057023868,0.24218458,-0.7560275,-0.7833302,1.4109689,-5.392659,0.068989664,0.2402,-0.7625595,-0.7410663,1.3329811,-5.3313437
1.9267706871032715,0.06797951,0.23436674,-0.7497797,-0.7441589,1.3297294,-5.1502466,0.1980611,0.30558243,-0.44369248,-0.8128527,1.0446199,-6.259523,0.055517457,0.24059635,-0.7532056,-0.79411554,1.4865164,-5.3317537,0.06746988,0.23869655,-0.75989354,-0.75172895,1.4089054,-5.273063
1.9287714958190918,0.06648201,0.23286752,-0.7471106,-0.75445235,1.3382249,-5.1389327,0.19717789,0.30393168,-0.44160324,-0.82537174,0.9860747,-6.293581,0.054016992,0.23898679,-0.7502326,-0.80477905,1.4277514,-5.3670692,0.06595573,0.237172,-0.7570757,-0.7622751,1.3510455,-5.3102436
1.930772304534912,0.064989865,0.23134772,-0.7444248,-0.76472247,1.3464253,-5.1269417,0.19629863,0.30225578,-0.4396311,-0.83795893,1.0524726,-6.235236,0.05252224,0.23735577,-0.7473771,-0.8155132,1.5026331,-5.3045316,0.06444698,0.2356262,-0.7543736,-0.7728956,1.4263397,-5.2503715
1.9327731132507324,0.06350312,0.2298074,-0.74172294,-0.7749679,1.3543243,-5.1142616,0.19542357,0.30055493,-0.43752617,-0.8504294,0.99337435,-6.268068,0.051033493,0.23570353,-0.74437183,-0.8261223,1.4432688,-5.338597,0.062943935,0.23405941,-0.75152093,-0.7833963,1.367898,-5.2863398
1.9347739219665527,0.06202179,0.22824661,-0.73900557,-0.7851873,1.3619192,-5.100889,0.1945525,0.298829,-0.43553942,-0.8629655,1.0591893,-6.2080207,0.049550522,0.23402993,-0.7414853,-0.8367995,1.5174681,-5.2744145,0.061446365,0.23247147,-0.74878514,-0.793969,1.4425328,-5.2248707
1.936774730682373,0.06054591,0.2266654,-0.7362733,-0.7953793,1.3692095,-5.086825,0.19368565,0.29707822,-0.43342105,-0.8753816,0.9995241,-6.2395906,0.04807362,0.23233524,-0.73845035,-0.84734833,1.4574958,-5.3072133,0.059954565,0.23086263,-0.7459001,-0.80441874,1.3835022,-5.259615
1.9387755393981934,0.059075512,0.22506383,-0.7335267,-0.8055424,1.376192,-5.072062,0.19282281,0.2953025,-0.431422,-0.8878608,1.0647191,-6.1777887,0.046602547,0.23061931,-0.7355354,-0.8579628,1.5309988,-5.2413673,0.058468297,0.22923276,-0.74313307,-0.81493795,1.4574729,-5.196521
1.9407763481140137,0.057610624,0.22344196,-0.7307665,-0.81567526,1.3828641,-5.0565987,0.19196422,0.2935021,-0.42929256,-0.90021634,1.0044674,-6.2080617,0.0451376,0.22888242,-0.7324734,-0.8684455,1.4704142,-5.2728868,0.05698786,0.2275821,-0.7402181,-0.825331,1.3978456,-5.230022
1.942777156829834,0.05615127,0.22179984,-0.7279932,-0.82577646,1.3892231,-5.040429,0.19110966,0.29167682,-0.4272836,-0.91263247,1.0690335,-6.1444473,0.043678533,0.22712444,-0.72953254,-0.8789913,1.5432042,-5.205363,0.055513013,0.22591051,-0.7374224,-0.835791,1.471131,-5.1652913
1.9447779655456543,0.05469748,0.22013754,-0.7252075,-0.83584464,1.3952668,-5.0235505,0.19025937,0.289827,-0.42514554,-0.92492133,1.0081801,-6.1733813,0.04222564,0.22534563,-0.72644615,-0.88940203,1.4820013,-5.235591,0.054044053,0.22421826,-0.73448014,-0.84612155,1.4109008,-5.1975365
1.9467787742614746,0.053249277,0.21845512,-0.7224101,-0.8458783,1.4009928,-5.00596,0.18941312,0.28795245,-0.42312917,-0.9372681,1.0720737,-6.1079264,0.040778674,0.22354588,-0.72348213,-0.8998732,1.5540665,-5.1663694,0.052580737,0.22250523,-0.73165834,-0.8565166,1.48349,-5.1311483
1.948779582977295,0.05180668,0.21675268,-0.7196015,-0.8558761,1.4063995,-4.9876547,0.18857114,0.28605348,-0.420985,-0.94948393,1.010603,-6.1354895,0.039337926,0.22172546,-0.720374,-0.91020596,1.4922388,-5.1952925,0.051123355,0.22077167,-0.72869134,-0.8667789,1.4226501,-5.1621222
1.9507802724838257,0.0503698,0.21503037,-0.7167826,-0.8658359,1.4114845,-4.968633,0.18773322,0.28412998,-0.41896382,-0.9617549,1.0738175,-6.068137,0.037903145,0.21988428,-0.7173895,-0.92059654,1.5635644,-5.124367,0.04967166,0.21901746,-0.72584605,-0.87710315,1.4945291,-5.094067
1.952781081199646,0.048938483,0.21328807,-0.7139537,-0.8757576,1.416244,-4.948886,0.18689959,0.2821822,-0.41681617,-0.9738912,1.0117116,-6.094282,0.03647462,0.21802258,-0.71426237,-0.93084526,1.5011067,-5.151972,0.048225947,0.21724288,-0.722857,-0.8872913,1.4330733,-5.1237574
1.9547818899154663,0.047512837,0.21152595,-0.71111554,-0.885639,1.4206798,-4.928419,0.18607,0.28021002,-0.41479275,-0.98607975,1.0741972,-6.0249896,0.0350521,0.21614029,-0.71126014,-0.94114923,1.5716865,-5.07933,0.046785966,0.2154478,-0.71999085,-0.89753884,1.5042305,-5.054014
1.9567826986312866,0.046092875,0.2097441,-0.7082689,-0.8954787,1.4247862,-4.907222,0.18524471,0.27821377,-0.41264436,-0.9981297,1.0114409,-6.0496883,0.033635866,0.21423768,-0.70811677,-0.9513079,1.5085931,-5.1056075,0.045352,0.21363251,-0.71698236,-0.9076469,1.4421518,-5.0824056
1.958783507347107,0.04467862,0.2079426,-0.7054143,-0.90527534,1.4285626,-4.8852954,0.18442346,0.27619332,-0.41062146,-1.0102291,1.07319,-5.978402,0.03222567,0.21231464,-0.7050996,-0.9615191,1.5784088,-5.03124,0.043923806,0.21179688,-0.71409804,-0.9178117,1.5125723,-5.010964
1.9607843160629272,0.043270085,0.20612156,-0.7025525,-0.9150273,1.4320073,-4.8626366,0.1836065,0.27414894,-0.40847507,-1.0221859,1.0097678,-6.001617,0.030821783,0.21037148,-0.70194274,-0.9715816,1.5146753,-5.056179,0.042501662,0.20994121,-0.71107286,-0.9278336,1.4498669,-5.038048
1.9627851247787476,0.04186728,0.20428105,-0.69968414,-0.9247332,1.4351176,-4.8392415,0.18279359,0.27208057,-0.40645555,-1.0341891,1.0707455,-5.9282956,0.029423956,0.20840809,-0.6989134,-0.9816939,1.583726,-4.980068,0.041085314,0.20806539,-0.70817316,-0.9379097,1.5195429,-4.9648967
1.9647859334945679,0.04047022,0.20242116,-0.6968099,-0.9343916,1.4378921,-4.815109,0.18198496,0.26998848,-0.40431404,-1.0460457,1.0066397,-5.9499893,0.028032463,0.20642477,-0.69574594,-0.99165404,1.5193464,-5.003656,0.039675046,0.20616971,-0.7051341,-0.9478395,1.4562047,-4.99066
1.9667867422103882,0.039078917,0.200542,-0.69393045,-0.94400096,1.4403312,-4.7902403,0.18118036,0.26787257,-0.40230078,-1.0579456,1.0668281,-5.8745837,0.026647048,0.20442145,-0.69270724,-1.0016613,1.5876089,-4.925804,0.038270604,0.20425406,-0.7022217,-0.95782083,1.5251234,-4.915787
1.9687875509262085,0.03769338,0.19864367,-0.6910465,-0.9535598,1.4424307,-4.764628,0.18038002,0.26573318,-0.4001671,-1.0696948,1.0020237,-5.8947153,0.025267985,0.20239842,-0.68953204,-1.0115129,1.5225841,-4.9480424,0.03687226,0.20231876,-0.6991714,-0.9676524,1.4611479,-4.940222
1.9707883596420288,0.03631362,0.19672626,-0.68815863,-0.9630667,1.4441909,-4.738275,0.17958368,0.26357022,-0.39816305,-1.0814842,1.0613868,-5.8171887,0.02389501,0.2003556,-0.6864869,-1.0214089,1.5900638,-4.868431,0.03547976,0.2003637,-0.6962491,-0.9775328,1.5293002,-4.863615
1.9727891683578491,0.03493964,0.19478989,-0.6852676,-0.9725201,1.4456095,-4.711177,0.1787916,0.26138398,-0.3960403,-1.0931185,0.9958674,-5.8357277,0.022528397,0.19829331,-0.68330675,-1.0311458,1.5243889,-4.8893075,0.03409338,0.19838917,-0.6931905,-0.98726004,1.4646833,-4.88671
1.9747899770736694,0.033571444,0.19283465,-0.6823741,-0.9819186,1.4466863,-4.683335,0.1780035,0.2591744,-0.39404854,-1.10479,1.0543902,-5.7560253,0.021167882,0.19621146,-0.680258,-1.0409244,1.5910652,-4.807943,0.03271286,0.1963951,-0.6902611,-0.9970335,1.5320588,-4.808365
1.9767907857894897,0.032209042,0.19086066,-0.67947876,-0.9912605,1.4474177,-4.6547427,0.17721963,0.2569418,-0.39193976,-1.116302,0.9881451,-5.7729387,0.01981373,0.19411038,-0.67707586,-1.0505403,1.524738,-4.8274536,0.031338464,0.1943818,-0.687197,-1.0066502,1.4667984,-4.830116
1.9787914752960205,0.030852513,0.18886817,-0.67658246,-1.000544,1.447806,-4.6254077,0.1764397,0.2546861,-0.38996348,-1.1278479,1.0457925,-5.691019,0.018465677,0.19198999,-0.67402637,-1.0601952,1.5906137,-4.7443237,0.029969938,0.19234918,-0.6842634,-1.0163105,1.5333903,-4.7500243
1.9807922840118408,0.029501699,0.18685703,-0.67368555,-1.0097685,1.4478471,-4.5953197,0.17566396,0.25240764,-0.3878719,-1.1392299,0.9788009,-5.7062683,0.017123986,0.18985061,-0.67084515,-1.0696839,1.5236313,-4.7624636,0.028607545,0.19029756,-0.68119663,-1.0258105,1.4674823,-4.770423
1.9827930927276611,0.028156681,0.18482749,-0.67078894,-1.0189321,1.4475433,-4.5644855,0.17489213,0.25010636,-0.3859143,-1.1506424,1.0355613,-5.6220894,0.015788391,0.1876922,-0.66779786,-1.0792089,1.5886939,-4.6775723,0.027251022,0.18822685,-0.67826164,-1.0353513,1.5332832,-4.6885786
1.9847939014434814,0.026817458,0.18277968,-0.6678933,-1.0280333,1.4468911,-4.5329,0.17412443,0.24778259,-0.38384318,-1.1618866,0.96780896,-5.6356397,0.01445915,0.18551506,-0.66462046,-1.088564,1.5210593,-4.6943445,0.025900632,0.1861374,-0.6751951,-1.0447284,1.4667267,-4.707621
1.9867947101593018,0.025484027,0.18071373,-0.6649993,-1.0370705,1.4458921,-4.5005665,0.17336062,0.24543627,-0.38190755,-1.1731578,1.0236528,-5.549165,0.013135993,0.18331915,-0.66157836,-1.0979527,1.5853063,-4.607691,0.024556108,0.1840291,-0.67226166,-1.0541437,1.5317281,-4.6240234
1.988795518875122,0.024156384,0.17862976,-0.66210765,-1.0460423,1.444543,-4.4674807,0.1726009,0.24306776,-0.37986025,-1.1842562,0.9551296,-5.560988,0.011819177,0.18110481,-0.65840775,-1.1071681,1.5170176,-4.6230907,0.023217712,0.18190232,-0.6691982,-1.0633917,1.4645218,-4.6417084
1.9907963275909424,0.022834525,0.1765279,-0.659219,-1.0549471,1.4428444,-4.4336443,0.17184499,0.240677,-0.37794998,-1.1953782,1.0100348,-5.4721756,0.01050843,0.17887197,-0.6553737,-1.1164143,1.5804443,-4.5346775,0.021885173,0.17975697,-0.6662692,-1.0726751,1.5287216,-4.556353
1.9927971363067627,0.02151844,0.1744083,-0.65633416,-1.0637835,1.4407978,-4.3990607,0.17109314,0.23826435,-0.37592992,-1.2063226,0.9407261,-5.482245,0.009204005,0.176621,-0.6522128,-1.1254836,1.5115016,-4.5487065,0.02055875,0.1775934,-0.66321176,-1.0817878,1.4608644,-4.572677
1.994797945022583,0.020208124,0.17227109,-0.65345377,-1.0725499,1.4384011,-4.3637276,0.17034504,0.23582977,-0.37404847,-1.2172871,0.9946749,-5.391054,0.007905625,0.17435184,-0.6491898,-1.1345811,1.5741053,-4.458533,0.01923817,0.17541152,-0.66029006,-1.0909332,1.5242555,-4.485567
1.9967987537384033,0.018903565,0.17011641,-0.6505785,-1.081245,1.4356548,-4.327647,0.16960092,0.23337363,-0.3720591,-1.2280692,0.924569,-5.3993373,0.0066135414,0.17206484,-0.6460416,-1.1434982,1.5045102,-4.4711943,0.017923687,0.17321171,-0.6572415,-1.0999043,1.4557478,-4.500531
1.9987995624542236,0.017604753,0.1679444,-0.6477091,-1.089867,1.4325594,-4.290821,0.1688605,0.23089589,-0.37020996,-1.2388679,0.9775367,-5.305743,0.005327476,0.16975996,-0.64303255,-1.1524405,1.5662931,-4.379267,0.016615026,0.1709939,-0.65433,-1.1089053,1.5183301,-4.4116673
2.000800371170044,0.016311677,0.16575523,-0.6448462,-1.0984147,1.4291139,-4.253248,0.16812399,0.22839694,-0.3682549,-1.2494794,0.90662193,-5.312215,0.004047676,0.16743755,-0.63989997,-1.1611991,1.4960488,-4.3905644,0.015312439,0.16875844,-0.65129334,-1.1177287,1.449173,-4.425272
2.0028011798858643,0.015024321,0.16354902,-0.64199054,-1.1068864,1.4253203,-4.2149343,0.1673911,0.22587673,-0.36644167,-1.2601038,0.9585957,-5.2161756,0.00277386,0.1650976,-0.6369079,-1.1699802,1.5570017,-4.2969065,0.0140156485,0.16650528,-0.648395,-1.1265793,1.5109411,-4.3346615
2.0048019886016846,0.013742671,0.16132595,-0.6391428,-1.1152807,1.4211761,-4.175875,0.16666205,0.22333567,-0.36452448,-1.2705362,0.8868612,-5.220809,0.0015062721,0.16274044,-0.6337939,-1.178574,1.4861114,-4.3068523,0.0127249025,0.16423479,-0.6453731,-1.1352487,1.4411368,-4.346913
2.006802797317505,0.012466711,0.15908615,-0.6363037,-1.1235962,1.416685,-4.136079,0.16593654,0.22077371,-0.36275077,-1.2809778,0.9378189,-5.122306,0.00024462875,0.16036606,-0.63082165,-1.1871877,1.54625,-4.2114506,0.011439921,0.16194691,-0.6424908,-1.1439425,1.5020941,-4.2545605
2.008803606033325,0.011196421,0.1568298,-0.633474,-1.1318313,1.4118465,-4.0955453,0.16521479,0.21819127,-0.36087513,-1.2912225,0.8652552,-5.125084,-0.0010108296,0.15797484,-0.6277291,-1.1956105,1.4747174,-4.220046,0.010160948,0.15964201,-0.6394866,-1.1524516,1.4316452,-4.265462
2.0108044147491455,0.009931784,0.15455705,-0.6306543,-1.1399845,1.4066607,-4.0542755,0.1644965,0.21558832,-0.35914463,-1.3014727,0.9151894,-5.02408,-0.002260389,0.15556674,-0.6247797,-1.2040507,1.5340246,-4.122941,0.008887702,0.15732005,-0.6366233,-1.1609826,1.4917883,-4.17138
2.012805223464966,0.008672778,0.15226807,-0.6278453,-1.1480544,1.4011279,-4.0122724,0.16378187,0.21296528,-0.35731426,-1.3115208,0.8417873,-5.024976,-0.0035038125,0.15314214,-0.6217117,-1.2122965,1.4618549,-4.130201,0.007620422,0.1549814,-0.63363975,-1.1693254,1.4206982,-4.1809406
2.014806032180786,0.00741938,0.14996302,-0.62504774,-1.1560395,1.3952525,-3.9695442,0.1630706,0.21032214,-0.3556307,-1.3215708,0.89067125,-4.921459,-0.0047413884,0.15070103,-0.61878794,-1.2205569,1.5203546,-4.0313797,0.0063588256,0.15262602,-0.63079834,-1.1776873,1.4800342,-4.0851364
2.0168068408966064,0.0061715674,0.14764209,-0.6222623,-1.1639384,1.389033,-3.9260905,0.1623629,0.20765932,-0.35384935,-1.3314136,0.8164251,-4.920464,-0.0059728827,0.14824378,-0.6157472,-1.2286196,1.4475523,-4.0373116,0.005103149,0.15025431,-0.62783825,-1.1858575,1.4083073,-4.093363
2.0188076496124268,0.0049293153,0.14530544,-0.6194896,-1.1717497,1.382471,-3.8819144,0.16165847,0.20497681,-0.3522165,-1.3412546,0.8642599,-4.8144054,-0.007198587,0.1457704,-0.6128521,-1.2366942,1.5052307,-3.936815,0.0038531057,0.14786622,-0.62502164,-1.1940442,1.4668325,-3.995856
2.020808219909668,0.0036927448,0.14295353,-0.61673075,-1.179471,1.3755711,-3.83703,0.16095749,0.20227504,-0.35048798,-1.3508834,0.7891617,-4.811499,-0.00841827,0.14328127,-0.60984164,-1.2445679,1.4318076,-3.941442,0.0026089298,0.14546214,-0.62208796,-1.2020359,1.3944756,-4.002764
2.0228090286254883,0.002461533,0.14058599,-0.61398566,-1.1871027,1.3683292,-3.7914226,0.16025966,0.19955403,-0.34890965,-1.3605064,0.83593065,-4.702894,-0.009632226,0.14077637,-0.60697806,-1.2524507,1.4886864,-3.8392773,0.0013703317,0.14304206,-0.619299,-1.2100414,1.4522029,-3.9035666
2.0248098373413086,0.001235799,0.13820326,-0.6112554,-1.1946424,1.3607515,-3.7451096,0.1595652,0.19681421,-0.3472378,-1.3699121,0.75998,-4.698074,-0.010840228,0.1382561,-0.6040007,-1.2601292,1.4146459,-3.8426065,0.00013754249,0.14060636,-0.6163946,-1.2178485,1.3792213,-3.9091654
2.026810646057129,1.5512458e-05,0.13580555,-0.60854065,-1.2020887,1.3528384,-3.6980925,0.15887377,0.19405559,-0.34571785,-1.3793083,0.8056735,-4.586905,-0.012042571,0.13572048,-0.6011714,-1.2678144,1.4707247,-3.7388108,-0.0010897298,0.13815503,-0.61363614,-1.2256669,1.4361495,-3.8083024
2.028811454772949,-0.0011993585,0.13339303,-0.60584205,-1.2094402,1.3445916,-3.6503756,0.15818556,0.19127862,-0.3441065,-1.3884821,0.7288647,-4.580161,-0.013239031,0.13316989,-0.59822994,-1.275292,1.3960786,-3.7408667,-0.0023112576,0.13568845,-0.61076385,-1.2332835,1.3625523,-3.8126113
2.0308122634887695,-0.0024088467,0.1309659,-0.6031603,-1.2166957,1.3360156,-3.6019692,0.15750025,0.18848334,-0.34264877,-1.3976424,0.7734836,-4.46642,-0.014429906,0.13060434,-0.59543777,-1.2827737,1.4513735,-3.635454,-0.0035273351,0.13320664,-0.6080387,-1.2409087,1.4186941,-3.7101016
2.03281307220459,-0.0036129868,0.12852435,-0.60049605,-1.2238535,1.3271103,-3.5528743,0.15681805,0.1856702,-0.3411018,-1.4065752,0.69581544,-4.457745,-0.015614976,0.12802425,-0.592535,-1.2900447,1.3761293,-3.636253,-0.004737738,0.13070998,-0.60520136,-1.2483289,1.3444892,-3.713137
2.03481388092041,-0.004811814,0.12606858,-0.59784997,-1.2309124,1.3178797,-3.503099,0.15613863,0.18283921,-0.33971018,-1.4154907,0.7393486,-4.3414426,-0.016794542,0.12542962,-0.5897828,-1.2973171,1.4306409,-3.5292602,-0.005942763,0.12819846,-0.60251236,-1.2557552,1.3998517,-3.609007
2.0368146896362305,-0.006005366,0.12359878,-0.59522265,-1.2378712,1.3083264,-3.4526498,0.15546216,0.17999087,-0.33823147,-1.4241736,0.6608238,-4.3308444,-0.017968385,0.12282086,-0.5869215,-1.3043756,1.3548112,-3.5288293,-0.007142188,0.12567252,-0.59971267,-1.2629732,1.325049,-3.6107895
2.038815498352051,-0.0071936804,0.121115156,-0.59261477,-1.2447282,1.2984523,-3.4015324,0.15478835,0.1771252,-0.33690983,-1.4328353,0.7032789,-4.211976,-0.019136809,0.120198,-0.5842119,-1.3114333,1.4085636,-3.4202769,-0.008336313,0.12313213,-0.5970626,-1.2701948,1.3796433,-3.5050683
2.040816307067871,-0.008376797,0.11861792,-0.590027,-1.2514824,1.288261,-3.3497539,0.15411735,0.17424268,-0.33550328,-1.4412593,0.62389773,-4.199453,-0.020299599,0.11756145,-0.58139473,-1.3182739,1.3321589,-3.4186358,-0.00952492,0.12057772,-0.5943033,-1.2772049,1.3042537,-3.5056205
2.0428171157836914,-0.009554756,0.11610728,-0.58745986,-1.2581322,1.2777557,-3.2973216,0.15344884,0.17134336,-0.3342555,-1.4496582,0.6652686,-4.07803,-0.02145706,0.11491123,-0.5787304,-1.3251112,1.3851539,-3.3085704,-0.01070831,0.11800929,-0.59169483,-1.2842162,1.3580925,-3.3983378
2.0448179244995117,-0.0107276,0.11358343,-0.5849141,-1.2646766,1.2669402,-3.2442448,0.15278299,0.16842772,-0.33292496,-1.4578142,0.5850336,-4.063591,-0.02260898,0.11224777,-0.5759601,-1.3317283,1.308192,-3.3057559,-0.011886267,0.11542726,-0.58897865,-1.2910129,1.2821277,-3.397684
2.046818733215332,-0.0118953725,0.1110466,-0.58239025,-1.2711141,1.2558169,-3.1905286,0.15211949,0.16549584,-0.3317549,-1.4659414,0.62533045,-3.9396281,-0.023755668,0.10957109,-0.5733437,-1.3383398,1.3604548,-3.1942058,-0.0130590955,0.112831645,-0.5864144,-1.2978083,1.3352242,-3.288875
2.0488195419311523,-0.013058118,0.108496994,-0.579889,-1.2774435,1.2443914,-3.1361854,0.15145847,0.1625482,-0.33050424,-1.4738207,0.54424965,-3.92329,-0.024896914,0.10688163,-0.5706228,-1.3447282,1.2829453,-3.190242,-0.014226584,0.110222876,-0.58374393,-1.304386,1.2586976,-3.287043
2.0508203506469727,-0.014215881,0.105934836,-0.5774109,-1.2836635,1.2326647,-3.081218,0.15079965,0.15958486,-0.32941574,-1.4816673,0.5834803,-3.7968097,-0.026033027,0.10417941,-0.5680569,-1.3511087,1.3344886,-3.0772533,-0.015389036,0.10760096,-0.5812265,-1.31096,1.3110677,-3.1767445
2.052821159362793,-0.01536871,0.10336034,-0.57495654,-1.289773,1.2206436,-3.0256417,0.15014315,0.15660635,-0.32824877,-1.4892609,0.50156087,-3.7785842,-0.027163804,0.10146488,-0.5653879,-1.3572632,1.2564468,-3.072171,-0.016546246,0.10496633,-0.5786044,-1.3173136,1.2339933,-3.1737633
2.0548219680786133,-0.016516654,0.10077373,-0.5725265,-1.2957706,1.2083299,-2.9694595,0.14948866,0.1536127,-0.32724565,-1.4968181,0.5397279,-3.6496143,-0.028289553,0.09873807,-0.56287503,-1.3634075,1.3072919,-2.957784,-0.017698519,0.102319,-0.5761364,-1.3236611,1.2856534,-3.0620155
2.0568227767944336,-0.01765976,0.098175235,-0.5701214,-1.3016553,1.1957291,-2.912685,0.14883633,0.15060447,-0.32616618,-1.5041173,0.45698354,-3.6295316,-0.029410074,0.09599942,-0.5602605,-1.369323,1.2287368,-2.9516199,-0.01884565,0.09965943,-0.5735651,-1.3297851,1.2080469,-3.0579183
2.058823585510254,-0.018798077,0.09556508,-0.5677418,-1.3074257,1.182846,-2.8553276,0.14818582,0.14758173,-0.3252522,-1.5113763,0.49410406,-3.4981012,-0.030525679,0.09324896,-0.557803,-1.3752263,1.2789007,-2.8358796,-0.019987948,0.09698763,-0.57114905,-1.3359009,1.2590162,-2.9447632
2.060824394226074,-0.019931661,0.0929435,-0.56538826,-1.3130808,1.1696839,-2.7973957,0.14753729,0.14454499,-0.324264,-1.5183724,0.41054475,-3.4761884,-0.03163617,0.09048717,-0.55524516,-1.380898,1.1998485,-2.8286688,-0.02112521,0.09430405,-0.568631,-1.3417904,1.1808933,-2.9395826
2.0628252029418945,-0.021060562,0.090310715,-0.56306136,-1.3186194,1.1562489,-2.7389019,0.1468904,0.14149433,-0.3234429,-1.5253248,0.44663703,-3.3423388,-0.032741863,0.08771405,-0.5528455,-1.3865553,1.2493538,-2.7116249,-0.022257749,0.09160871,-0.5662692,-1.3476696,1.2311916,-2.8250675
2.064826011657715,-0.022184834,0.087666966,-0.5607616,-1.3240404,1.1425445,-2.6798542,0.1462453,0.13843031,-0.32254964,-1.5320095,0.36227542,-3.3186212,-0.033842556,0.0849301,-0.5503468,-1.3919786,1.1698229,-2.7034037,-0.023385363,0.08890207,-0.56380683,-1.3533198,1.1525704,-2.8188405
2.066826820373535,-0.023304533,0.08501249,-0.5584895,-1.3293427,1.1285771,-2.620266,0.14560165,0.13535301,-0.3218251,-1.5386467,0.39735556,-3.182403,-0.03493857,0.08213533,-0.54800713,-1.3973855,1.2186903,-2.5851097,-0.024508366,0.08618416,-0.5615017,-1.3589574,1.2022184,-2.7030144
2.0688276290893555,-0.024419714,0.08234752,-0.5562456,-1.3345253,1.1143503,-2.5601466,0.14495958,0.13226299,-0.32103038,-1.5450115,0.3122106,-3.1569252,-0.03602971,0.07933021,-0.5455698,-1.4025557,1.1386993,-2.5759249,-0.02562656,0.08345543,-0.55909723,-1.3643634,1.1231174,-2.6957808
2.070828437805176,-0.025530433,0.07967231,-0.5540305,-1.3395871,1.0998713,-2.4995105,0.14431877,0.12916034,-0.32040596,-1.5513253,0.34630364,-3.018384,-0.037116297,0.076514795,-0.5432924,-1.4077076,1.1869576,-2.4564261,-0.026740262,0.08071592,-0.55685097,-1.369755,1.1721399,-2.5786939
2.072829246520996,-0.026636751,0.07698709,-0.55184454,-1.344527,1.0851438,-2.4383662,0.14367935,0.12604561,-0.31971335,-1.5573621,0.26039535,-2.9911852,-0.038198132,0.07368956,-0.54091847,-1.4126204,1.1065285,-2.446314,-0.027849276,0.077966094,-0.5545067,-1.3749124,1.0925784,-2.570493
2.0748300552368164,-0.027738724,0.07429211,-0.5496883,-1.3493441,1.0701743,-2.3767273,0.14304097,0.122918926,-0.31919256,-1.5633445,0.2935243,-2.8503888,-0.039275542,0.07085453,-0.5387054,-1.417513,1.154195,-2.325678,-0.02895392,0.07520599,-0.55232155,-1.3800534,1.1409981,-2.4522026
2.0768308639526367,-0.028836412,0.071587615,-0.54756224,-1.3540374,1.0549678,-2.3146052,0.14240375,0.11978084,-0.3186055,-1.5690453,0.20687279,-2.821519,-0.040348336,0.0680102,-0.53639704,-1.4221643,1.0733466,-2.3146868,-0.030054,0.07243607,-0.5500395,-1.3849578,1.060997,-2.4430792
2.078831434249878,-0.029929748,0.06887418,-0.5454671,-1.3586054,1.0395334,-2.2520232,0.14176737,0.11663146,-0.31819177,-1.5746883,0.2390667,-2.678524,-0.041416835,0.065156616,-0.5342503,-1.4267937,1.1204648,-2.1929624,-0.031149834,0.06965639,-0.54791754,-1.389844,1.1088419,-2.3236396
2.0808322429656982,-0.031019052,0.0661514,-0.5434028,-1.3630483,1.0238729,-2.1889775,0.14113194,0.113471374,-0.31771365,-1.5800453,0.1516955,-2.6480348,-0.042480852,0.062294256,-0.53200936,-1.4311796,1.0392208,-2.181136,-0.032241233,0.0668674,-0.54569983,-1.3944912,1.0284227,-2.3136382
2.0828330516815186,-0.032104257,0.06341986,-0.5413701,-1.3673646,1.007993,-2.1254866,0.14049712,0.11030069,-0.31741026,-1.5853415,0.18298484,-2.5029187,-0.043540716,0.05942317,-0.52993095,-1.4355419,1.0857999,-2.058394,-0.03332852,0.06406917,-0.543643,-1.3991184,1.0757177,-2.1931121
2.084833860397339,-0.03318543,0.060679816,-0.53936934,-1.3715534,0.9919019,-2.0615675,0.13986303,0.10711999,-0.3170443,-1.5903473,0.09491935,-2.4708679,-0.044596236,0.056543853,-0.5277594,-1.4396586,1.004184,-2.0457864,-0.0344115,0.061262157,-0.54149157,-1.4035046,0.9949034,-2.182281
2.086834669113159,-0.03426263,0.057931516,-0.537401,-1.3756139,0.975605,-1.997233,0.13922933,0.103929415,-0.31685445,-1.595289,0.12534533,-2.3237107,-0.045647737,0.05365635,-0.525751,-1.4437503,1.0502676,-1.9220829,-0.035490505,0.05844642,-0.5395018,-1.4078692,1.0416799,-2.0607293
2.0888354778289795,-0.035335924,0.055175222,-0.5354655,-1.3795453,0.95910805,-1.9324946,0.13859612,0.10072954,-0.31660375,-1.5999364,0.036611546,-2.2901533,-0.04669504,0.050761163,-0.52365047,-1.4475944,0.9683026,-1.9087379,-0.03656534,0.055622436,-0.5374184,-1.4119906,0.9604937,-2.0491168
2.0908362865448,-0.03640538,0.05241119,-0.53356314,-1.3833468,0.94241905,-1.8673695,0.13796306,0.09752051,-0.31653053,-1.6045166,0.066202566,-2.1410432,-0.047738466,0.04785834,-0.52171385,-1.4514118,1.0139121,-1.784143,-0.037636336,0.052790258,-0.5354974,-1.4160888,1.0067792,-1.9266064
2.09283709526062,-0.037471063,0.049639683,-0.5316944,-1.3870176,0.9255436,-1.80187,0.13733026,0.09430291,-0.3163981,-1.6087987,-0.023164775,-2.1060596,-0.048777837,0.044948377,-0.51968604,-1.4549801,0.93162173,-1.7701156,-0.038703304,0.049950372,-0.53348386,-1.419942,0.9252459,-1.9142647
2.0948379039764404,-0.03853304,0.046860963,-0.5298596,-1.3905569,0.9084897,-1.7360128,0.13669738,0.09107689,-0.31644446,-1.6130109,0.005640786,-1.9550844,-0.049813483,0.042031337,-0.5178228,-1.4585204,0.9767969,-1.6446972,-0.039766572,0.04710283,-0.5316334,-1.4237705,0.9710733,-1.790862
2.0968387126922607,-0.03959138,0.044075295,-0.52805907,-1.3939642,0.89126307,-1.6698109,0.13606451,0.087843046,-0.31643316,-1.6169211,-0.08433223,-1.9187403,-0.05084522,0.039107718,-0.5158692,-1.4618098,0.8942085,-1.6300392,-0.040825956,0.044248126,-0.5296912,-1.4273523,0.8892182,-1.7778442
2.098839521408081,-0.04064615,0.04128294,-0.5262932,-1.3972386,0.8738724,-1.6032819,0.1354313,0.08460153,-0.3166018,-1.6207585,-0.0562756,-1.7659931,-0.051873382,0.03617758,-0.51408076,-1.4650699,0.938974,-1.5038654,-0.04188178,0.04138631,-0.5279128,-1.430908,0.9346189,-1.6536195
2.1008403301239014,-0.041697424,0.038484167,-0.5245623,-1.4003797,0.8563229,-1.5364376,0.13479787,0.08135295,-0.31671438,-1.6242905,-0.1468167,-1.7283715,-0.05289779,0.033241425,-0.5122028,-1.4680777,0.8561149,-1.488636,-0.042933866,0.03851788,-0.52604353,-1.4342152,0.85246795,-1.6399801
2.1028411388397217,-0.04274527,0.035679244,-0.52286667,-1.4033867,0.838623,-1.4692959,0.13416386,0.078097455,-0.31700802,-1.6277472,-0.1194548,-1.5739627,-0.05391877,0.030299315,-0.5104906,-1.4710549,0.90050954,-1.3617805,-0.043982543,0.035642892,-0.5243386,-1.4374951,0.8974759,-1.5150051
2.104841947555542,-0.04378976,0.032868437,-0.52120656,-1.4062591,0.8207793,-1.4018712,0.13352937,0.074835666,-0.3172469,-1.6308951,-0.21052963,-1.5351362,-0.054936152,0.027351758,-0.5086896,-1.4737785,0.81740505,-1.3460358,-0.04502763,0.032761842,-0.52254367,-1.4405252,0.81505597,-1.5008005
2.1068427562713623,-0.044830963,0.030052021,-0.5195823,-1.4089962,0.8028009,-1.334182,0.13289402,0.07156774,-0.31766796,-1.6339654,-0.18382353,-1.3791808,-0.05595026,0.024398817,-0.50705475,-1.4764706,0.86146414,-1.2185719,-0.046069454,0.029874789,-0.52091354,-1.4435267,0.8597051,-1.3751491
2.1088435649871826,-0.04586895,0.027230265,-0.5179941,-1.4115977,0.78469324,-1.2662406,0.13225795,0.06829429,-0.3180356,-1.6367238,-0.275392,-1.3392453,-0.056960925,0.021441001,-0.5053318,-1.4789077,0.77814275,-1.2023691,-0.04710784,0.026982235,-0.5191941,-1.446277,0.7770438,-1.3604373
2.110844373703003,-0.0469038,0.024403438,-0.5164423,-1.4140631,0.766465,-1.1980655,0.13162078,0.06501548,-0.31858638,-1.6394023,-0.24927844,-1.1818382,-0.057968475,0.018478377,-0.50377554,-1.4813124,0.8218993,-1.0743704,-0.048143122,0.024084238,-0.51764005,-1.4489979,0.8213696,-1.2341849
2.1128451824188232,-0.04793558,0.021571815,-0.5149271,-1.4163918,0.7481237,-1.1296724,0.13098261,0.06173195,-0.31908494,-1.641766,-0.34130317,-1.1408765,-0.05897274,0.015511454,-0.50213176,-1.4834611,0.7383868,-1.0577668,-0.049175117,0.021181306,-0.5159973,-1.4514662,0.7384951,-1.2190248
2.1148459911346436,-0.048964363,0.01873567,-0.51344866,-1.4185835,0.7296768,-1.0610774,0.13034308,0.058443855,-0.31976753,-1.6440477,-0.3157374,-0.98216176,-0.05997405,0.0125403,-0.500655,-1.4855766,0.7818801,-0.9293134,-0.050204158,0.018273497,-0.5145203,-1.4539043,0.78253365,-1.0922489
2.116846799850464,-0.049990226,0.015895277,-0.51200724,-1.4206377,0.7111322,-0.9922973,0.12970228,0.05515183,-0.32039902,-1.6460121,-0.40817434,-0.9402744,-0.060972232,0.00956543,-0.49909124,-1.4874352,0.6982082,-0.91237175,-0.05123007,0.015361319,-0.51295525,-1.4560888,0.6994745,-1.0767007
2.118847608566284,-0.051013242,0.013050913,-0.510603,-1.4225541,0.69249773,-0.9233487,0.12905985,0.051856045,-0.32121536,-1.6478926,-0.3830936,-0.78036207,-0.061967622,0.0065869098,-0.49769482,-1.48926,0.7414719,-0.7835413,-0.052253183,0.012444835,-0.5115563,-1.4582422,0.7432625,-0.9494798
2.1208484172821045,-0.052033488,0.010202852,-0.50923616,-1.4243325,0.6737815,-0.8542489,0.12841588,0.04855714,-0.32198155,-1.6494533,-0.47590056,-0.7376414,-0.06296004,0.0036052554,-0.4962119,-1.4908271,0.657668,-0.76632243,-0.053273324,0.009524552,-0.5100698,-1.4601412,0.6600482,-0.93360513
2.122849225997925,-0.053051036,0.0073513715,-0.50790685,-1.4259725,0.65499145,-0.7850146,0.12777002,0.04525528,-0.32293335,-1.6509286,-0.4512483,-0.5766657,-0.06394984,0.0006205358,-0.49489656,-1.4923598,0.700742,-0.6371947,-0.054290824,0.0066005355,-0.50874966,-1.4620084,0.70362264,-0.8060186
2.124850034713745,-0.05406596,0.004496748,-0.5066152,-1.4274738,0.6361354,-0.7156627,0.12712234,0.041951116,-0.32383585,-1.652082,-0.54437983,-0.5332152,-0.06493683,-0.0023667326,-0.49349508,-1.4936341,0.6168359,-0.61976254,-0.055305507,0.0036732946,-0.5073424,-1.4636204,0.62028223,-0.789879
2.1268508434295654,-0.055078343,0.0016392602,-0.5053614,-1.4288362,0.6172206,-0.6462086,0.12647249,0.03864482,-0.32492462,-1.6531484,-0.5200939,-0.3713115,-0.06592135,-0.00535648,-0.4922614,-1.4948736,0.6597597,-0.49041164,-0.05631771,0.00074289413,-0.50610185,-1.4652002,0.6636817,-0.6620076
2.1288516521453857,-0.05608825,-0.0012208149,-0.5041454,-1.4300597,0.59825623,-0.57667154,0.12582056,0.03533704,-0.3259648,-1.6538911,-0.61350316,-0.32723853,-0.06690323,-0.008348189,-0.49094188,-1.4958545,0.57578105,-0.47282523,-0.05732726,-0.0021901545,-0.5047745,-1.4665242,0.58024526,-0.64566535
2.130852460861206,-0.057095762,-0.0040831985,-0.5029674,-1.4311439,0.5792497,-0.50706744,0.12516618,0.03202795,-0.32719183,-1.6545455,-0.58952284,-0.16453978,-0.06788281,-0.01134179,-0.48979032,-1.4968002,0.61858726,-0.3433445,-0.05833449,-0.0051257857,-0.503614,-1.4678155,0.62350667,-0.51759106
2.1328532695770264,-0.058100957,-0.006947612,-0.5018275,-1.4320887,0.56020904,-0.43741336,0.12450944,0.0287182,-0.32837087,-1.6548747,-0.6831637,-0.1199453,-0.06885992,-0.014336764,-0.48855314,-1.4974868,0.53456646,-0.3256701,-0.05933922,-0.008063488,-0.502367,-1.4688507,0.54000443,-0.50111085
2.1348538398742676,-0.05910379,-0.009813434,-0.5007258,-1.4328941,0.54114485,-0.36773548,0.123849966,0.02540797,-0.3297372,-1.6551145,-0.6594266,0.04340162,-0.06983489,-0.01733304,-0.487484,-1.4981382,0.577301,-0.19612837,-0.060341794,-0.011003193,-0.501287,-1.4698529,0.58316827,-0.37291473
2.136854648590088,-0.060104575,-0.012681071,-0.49966216,-1.4335601,0.52206063,-0.29803383,0.123187855,0.022097914,-0.33105603,-1.6550277,-0.75324947,0.08840127,-0.07080755,-0.020330101,-0.4863294,-1.4985304,0.49326894,-0.17842823,-0.061342034,-0.013944391,-0.50012064,-1.4705987,0.49963,-0.35635787
2.138855457305908,-0.06110327,-0.0155499,-0.49863672,-1.4340867,0.5029668,-0.22833456,0.12252273,0.018788211,-0.33256254,-1.654851,-0.72968453,0.25226307,-0.07177823,-0.023327876,-0.48534286,-1.4988873,0.5359646,-0.048917074,-0.06234028,-0.016887015,-0.49912137,-1.4713115,0.5427323,-0.2281234
2.1408562660217285,-0.062099952,-0.018419644,-0.4976495,-1.4344739,0.48387152,-0.15865459,0.121854685,0.015479518,-0.3340219,-1.6543465,-0.82364255,0.2975679,-0.07274677,-0.026325846,-0.48427093,-1.4989852,0.4519493,-0.031251587,-0.06333635,-0.019830551,-0.4980359,-1.4717677,0.45918912,-0.21155639
2.142857074737549,-0.0630947,-0.021290023,-0.49670047,-1.4347216,0.46478218,-0.08900968,0.12118334,0.012172015,-0.3356692,-1.6537514,-0.80019236,0.46178773,-0.073713504,-0.029323941,-0.48336703,-1.4990476,0.49464902,0.09814823,-0.064330585,-0.022774933,-0.49711752,-1.4721907,0.50227106,-0.08336426
2.144857883453369,-0.064087585,-0.024160758,-0.49578962,-1.4348301,0.44570765,-0.01941888,0.120508805,0.0088663595,-0.33726957,-1.6528277,-0.8942317,0.50727195,-0.07467826,-0.032321643,-0.48237774,-1.4988513,0.4106824,0.11570979,-0.06532281,-0.025719648,-0.49611297,-1.4723575,0.41875234,-0.06684801
2.1468586921691895,-0.06507868,-0.02703157,-0.49491692,-1.4347993,0.42665505,0.0501026,0.11983069,0.005562733,-0.33905804,-1.6518131,-0.87081903,0.6717171,-0.07564137,-0.03531888,-0.4815564,-1.4986199,0.4534244,0.24492416,-0.066313356,-0.02866463,-0.49527547,-1.4724913,0.46185008,0.06121798
2.1488595008850098,-0.066068076,-0.029902183,-0.4940823,-1.4346296,0.4076334,0.11953598,0.11914909,0.0022617935,-0.3407997,-1.6504697,-0.9648936,0.7172776,-0.07660267,-0.03831514,-0.48064953,-1.4981301,0.36953717,0.26232013,-0.06730206,-0.031609368,-0.49435177,-1.4723688,0.37838668,0.077617966
2.15086030960083,-0.06705584,-0.032772318,-0.49328572,-1.434321,0.3886498,0.18886591,0.11846363,-0.0010362768,-0.34272948,-1.6490351,-0.94146144,0.88179034,-0.07756249,-0.04131035,-0.47991046,-1.4976054,0.41235572,0.39125884,-0.06828925,-0.034553796,-0.493595,-1.4722136,0.42154095,0.20547731
2.1528611183166504,-0.06804204,-0.035641696,-0.49252707,-1.4338739,0.36971307,0.25807357,0.117774405,-0.00433082,-0.3446124,-1.6472715,-1.0355171,0.9273066,-0.07852066,-0.044304,-0.47908574,-1.496823,0.3285764,0.40842685,-0.06927475,-0.0374974,-0.49275193,-1.4718027,0.33816248,0.22169964
2.1548619270324707,-0.06902677,-0.03851004,-0.49180624,-1.4332885,0.3508301,0.3271445,0.11708104,-0.007621654,-0.3466834,-1.6454169,-1.0119894,1.091742,-0.07947752,-0.04729601,-0.4784286,-1.4960061,0.3715172,0.5370089,-0.07025891,-0.04044012,-0.4920756,-1.4713593,0.38140908,0.34926963
2.156862735748291,-0.07001009,-0.041377075,-0.49112314,-1.432565,0.33200964,0.39606,0.11638363,-0.010908121,-0.34870738,-1.6432334,-1.1059797,1.1371044,-0.08043289,-0.050285876,-0.47768557,-1.494932,0.28787693,0.55388474,-0.071241535,-0.04338144,-0.49131277,-1.4706607,0.29814562,0.36525047
2.1588635444641113,-0.07099208,-0.044242524,-0.49047762,-1.4317037,0.31325856,0.46480528,0.11568179,-0.01419004,-0.35091934,-1.6409593,-1.0822928,1.301313,-0.08138711,-0.053273525,-0.47710982,-1.4938242,0.33097282,0.68203163,-0.07222297,-0.046321303,-0.4907165,-1.4699302,0.34152415,0.49245226
2.1608643531799316,-0.07197282,-0.047106113,-0.48986953,-1.4307051,0.29458523,0.5333629,0.114975624,-0.017466754,-0.3530839,-1.6383567,-1.1761622,1.346401,-0.08234001,-0.056258447,-0.47644788,-1.4924601,0.24750118,0.69855237,-0.073203035,-0.049259193,-0.49003345,-1.4689453,0.25840473,0.50813115
2.162865161895752,-0.072952375,-0.04996757,-0.48929873,-1.4295695,0.27599663,0.6017176,0.11426475,-0.020738082,-0.35543624,-1.6356639,-1.1522424,1.5102361,-0.08329192,-0.059240572,-0.47595286,-1.491063,0.29079184,0.8261876,-0.07418207,-0.05219505,-0.48951665,-1.467929,0.30195075,0.63488376
2.1648659706115723,-0.07393083,-0.052826613,-0.48876503,-1.4282974,0.25750124,0.6698515,0.11354927,-0.024003368,-0.35774073,-1.6326433,-1.2459444,1.5549452,-0.084242664,-0.062219393,-0.47537127,-1.4894106,0.20751886,0.8422924,-0.0751599,-0.05512837,-0.48891273,-1.4666592,0.21900453,0.6501989
2.1668667793273926,-0.07490825,-0.055682976,-0.48826823,-1.4268892,0.23910603,0.73774964,0.112828806,-0.027262434,-0.36023262,-1.6295334,-1.2217339,1.718259,-0.085192576,-0.065194845,-0.47495624,-1.4877261,0.25103438,0.9693262,-0.07613685,-0.05805909,-0.48847473,-1.4653587,0.26275626,0.7764255
2.168867588043213,-0.075884715,-0.058536388,-0.48780814,-1.4253454,0.2208184,0.8053963,0.112103455,-0.030514628,-0.36267608,-1.6260968,-1.3152162,1.7624671,-0.08614148,-0.06816642,-0.47445416,-1.4857874,0.16798711,0.9849529,-0.07711275,-0.0609867,-0.48794922,-1.4638059,0.18001169,0.79131794
2.170868396759033,-0.076860294,-0.061386574,-0.48738453,-1.4236665,0.20264576,0.8727758,0.11137284,-0.033759773,-0.36530653,-1.622572,-1.2906369,1.9251102,-0.08708972,-0.07113405,-0.4741182,-1.4838175,0.21178022,1.1113259,-0.078087926,-0.06391115,-0.4875892,-1.4622233,0.22400235,0.9169405
2.1728692054748535,-0.07783506,-0.064233266,-0.48699716,-1.4218531,0.1845954,0.9398725,0.11063707,-0.036997218,-0.3678878,-1.6187217,-1.3838527,1.9687151,-0.0880371,-0.074097246,-0.47369465,-1.4815948,0.12898824,1.1264215,-0.07906221,-0.066831924,-0.4871412,-1.4603894,0.14148758,0.93135023
2.174870014190674,-0.07880909,-0.0670762,-0.48664576,-1.4199057,0.16667396,1.0066719,0.10989576,-0.040226787,-0.3706555,-1.6147842,-1.3588483,2.1305442,-0.088983975,-0.07705593,-0.47343668,-1.479342,0.17307147,1.2520294,-0.080035925,-0.069748975,-0.48685822,-1.4585267,0.18575475,1.0562952
2.176870822906494,-0.079782456,-0.0699151,-0.4863301,-1.417825,0.14888881,1.0731586,0.10914901,-0.043447834,-0.3733732,-1.6105231,-1.4517462,2.1734302,-0.089930154,-0.08000961,-0.47309053,-1.4768379,0.09056152,1.2665248,-0.081008896,-0.0726618,-0.4864867,-1.4564141,0.103496656,1.0701671
2.1788716316223145,-0.08075523,-0.072749704,-0.48604986,-1.4156115,0.13124797,1.1393156,0.108396456,-0.046660185,-0.3762767,-1.6061763,-1.4262449,2.3343053,-0.090875976,-0.08295822,-0.47290942,-1.4743048,0.1349963,1.3913252,-0.08198146,-0.07557035,-0.4862797,-1.4542738,0.14807172,1.1943597
2.1808724403381348,-0.08172747,-0.07557975,-0.4858048,-1.4132661,0.11375655,1.2051313,0.107638195,-0.0498632,-0.3791292,-1.6015077,-1.5187794,2.3763685,-0.09182125,-0.08590127,-0.47263944,-1.4715221,0.05279316,1.4051778,-0.08295342,-0.07847412,-0.48598355,-1.4518851,0.06609704,1.2076364
2.182873249053955,-0.082699254,-0.07840496,-0.48559457,-1.4107893,0.096422315,1.2705898,0.10687386,-0.05305671,-0.38216677,-1.5967549,-1.4927226,2.5361533,-0.09276632,-0.08883869,-0.47253385,-1.4687117,0.09758918,1.5290703,-0.08392513,-0.08137306,-0.48585135,-1.4494698,0.11101548,1.3310076
2.1848740577697754,-0.08367065,-0.0812251,-0.48541886,-1.4081819,0.07925126,1.3356777,0.106103554,-0.056240074,-0.38515222,-1.5916826,-1.584845,2.5772839,-0.093710996,-0.09176999,-0.47233868,-1.4656535,0.015721723,1.5422143,-0.084896386,-0.08426668,-0.48562932,-1.4468077,0.029349666,1.3436366
2.1868748664855957,-0.08464174,-0.08403988,-0.48527732,-1.4054446,0.06225072,1.4003797,0.10532691,-0.05941313,-0.3883219,-1.586528,-1.55817,2.7358468,-0.09465561,-0.09469513,-0.47230724,-1.4625691,0.060927495,1.6651496,-0.085867524,-0.08715492,-0.4855706,-1.4441205,0.07464108,1.4661142
2.188875675201416,-0.08561257,-0.08684906,-0.48516965,-1.4025784,0.04542585,1.464684,0.104544036,-0.06257524,-0.39143825,-1.5810562,-1.649838,2.7759495,-0.09559998,-0.0976136,-0.47218537,-1.4592388,-0.02057929,1.6775373,-0.086838365,-0.090037294,-0.48542133,-1.4411883,-0.0066903215,1.4780415
2.1908764839172363,-0.08658323,-0.08965238,-0.48509544,-1.3995838,0.0287835,1.5285767,0.10375456,-0.06572625,-0.39473793,-1.5755043,-1.6224798,2.9331534,-0.09654443,-0.10052537,-0.47222653,-1.4558837,0.025054108,1.7994348,-0.087809235,-0.09291376,-0.4854347,-1.4382323,0.0390056,1.5995625
2.1928770542144775,-0.08755365,-0.09244925,-0.48505434,-1.3964622,0.012332154,1.5920359,0.10295859,-0.06886553,-0.3979829,-1.569638,-1.7136492,2.972128,-0.09748878,-0.10342994,-0.47217643,-1.4522848,-0.056067664,1.8110117,-0.08877995,-0.09578383,-0.4853567,-1.4350332,-0.041967545,1.6107385
2.194877862930298,-0.08852414,-0.09524007,-0.48504597,-1.3932137,-0.003926605,1.6550646,0.10215577,-0.07199292,-0.4014102,-1.5636938,-1.6855564,3.127848,-0.09843336,-0.106327266,-0.47228858,-1.4486628,-0.009964703,1.9318147,-0.08975083,-0.09864745,-0.4854406,-1.4318117,0.0041621374,1.7312365
2.196878671646118,-0.089494646,-0.09802427,-0.48506993,-1.3898396,-0.019985352,1.7176435,0.1013462,-0.0751078,-0.4047813,-1.557438,-1.7761841,3.165599,-0.099377975,-0.10921686,-0.47230852,-1.4447992,-0.0906779,1.9425343,-0.09072169,-0.101504155,-0.4854323,-1.4283493,-0.076429926,1.7416134
2.1988794803619385,-0.090465225,-0.100801595,-0.4851258,-1.3863407,-0.035837058,1.7797576,0.10052954,-0.07821001,-0.4083337,-1.5511068,-1.747298,3.3197126,-0.100322954,-0.11209869,-0.47248986,-1.4409142,-0.044085704,2.0621755,-0.09169286,-0.10435389,-0.48558515,-1.4248661,-0.029838577,1.8610271
2.200880289077759,-0.091435954,-0.103571795,-0.4852132,-1.3827181,-0.051477768,1.8413981,0.09970588,-0.08129895,-0.41182828,-1.5444673,-1.8373424,3.356147,-0.10126811,-0.11497226,-0.47257805,-1.4367898,-0.12436577,2.0719845,-0.092664145,-0.107196175,-0.48564482,-1.421144,-0.1100276,1.8705581
2.202881097793579,-0.092406884,-0.10633462,-0.48533165,-1.3789725,-0.06690136,1.9025518,0.098874874,-0.08437446,-0.41550297,-1.537755,-1.8076088,3.5085394,-0.10221376,-0.117837556,-0.47282678,-1.4326458,-0.07725336,2.190402,-0.09363587,-0.11003098,-0.48586488,-1.4174029,-0.06294696,1.9888296
2.2048819065093994,-0.09337808,-0.10908983,-0.48548076,-1.3751051,-0.08210209,1.9632065,0.09803664,-0.08743593,-0.4191182,-1.5307379,-1.8970333,3.5435753,-0.103159726,-0.120694086,-0.47298127,-1.428265,-0.15708053,2.199258,-0.09460785,-0.112857826,-0.48599076,-1.4134252,-0.14271143,1.9974716
2.2068827152252197,-0.09434961,-0.11183718,-0.48566005,-1.3711169,-0.09707529,2.0233517,0.09719081,-0.09048323,-0.42291227,-1.5236508,-1.8664058,3.694134,-0.104106314,-0.12354182,-0.47329542,-1.4238665,-0.10942055,2.316397,-0.09558041,-0.115676686,-0.48627618,-1.4094303,-0.09511908,2.1145427
2.20888352394104,-0.09532152,-0.11457643,-0.48586905,-1.3670088,-0.11181637,2.0829773,0.09633752,-0.09351576,-0.42664507,-1.5162625,-1.9551728,3.7276847,-0.10505334,-0.12638028,-0.47351426,-1.4192337,-0.1887742,2.324258,-0.09655334,-0.11848709,-0.4864664,-1.4052012,-0.17443904,2.122252
2.2108843326568604,-0.09629389,-0.11730734,-0.48610732,-1.362782,-0.12632029,2.1420727,0.09547641,-0.09653337,-0.4305554,-1.5088072,-1.9235992,3.8763084,-0.106001124,-0.12920944,-0.4738918,-1.4145851,-0.14054506,2.4400573,-0.09752697,-0.121289,-0.48681527,-1.4009567,-0.12630732,2.2380726
2.2128851413726807,-0.097266756,-0.12002968,-0.48637438,-1.3584374,-0.1405816,2.2006257,0.09460761,-0.09953548,-0.4344026,-1.5010545,-2.011676,3.908303,-0.10694947,-0.13202885,-0.4741729,-1.409705,-0.2194059,2.4468865,-0.0985011,-0.12408196,-0.48706788,-1.3964806,-0.20516458,2.2448127
2.214885950088501,-0.09824019,-0.12274321,-0.48666972,-1.3539762,-0.15459785,2.2586305,0.093730755,-0.102521956,-0.43842596,-1.493238,-1.979117,4.054891,-0.1078987,-0.13483848,-0.4746117,-1.4048113,-0.17058614,2.5612998,-0.099476054,-0.12686594,-0.4874782,-1.3919909,-0.1564747,2.3593295
2.2168867588043213,-0.09921424,-0.1254477,-0.48699287,-1.3493996,-0.16836192,2.3160725,0.092845984,-0.10549221,-0.44238418,-1.4851282,-2.066471,4.0852513,-0.1088486,-0.13763785,-0.47495288,-1.3996887,-0.2489356,2.5670512,-0.10045163,-0.12964049,-0.48779115,-1.3872722,-0.23485067,2.3650603
2.2188875675201416,-0.10018896,-0.12814292,-0.48734328,-1.3447086,-0.18187185,2.3729463,0.09195295,-0.10844613,-0.44651714,-1.4769577,-2.0328767,4.2297096,-0.109799504,-0.14042696,-0.47545075,-1.3945546,-0.19949983,2.6800394,-0.10142816,-0.13240558,-0.48826087,-1.3825421,-0.18558061,2.47823
2.220888376235962,-0.101164415,-0.13082863,-0.48772046,-1.3399043,-0.19512233,2.4292402,0.09105179,-0.111383125,-0.4505829,-1.4684982,-2.1194766,4.258371,-0.110751204,-0.14320536,-0.47584975,-1.3891945,-0.2773213,2.6846843,-0.10240542,-0.13516074,-0.48863202,-1.3775856,-0.2634587,2.482918
2.2228891849517822,-0.10214065,-0.13350463,-0.4881239,-1.334988,-0.20811008,2.4849477,0.090142146,-0.11430309,-0.45482185,-1.4599814,-2.0848103,4.400612,-0.111704014,-0.14597301,-0.4764044,-1.3838251,-0.2272571,2.7961886,-0.10338374,-0.13790599,-0.48915893,-1.3726199,-0.21358961,2.5946937
2.2248899936676025,-0.10311772,-0.13617067,-0.48855305,-1.3299608,-0.22083119,2.5400593,0.08922416,-0.11720545,-0.45899147,-1.4511802,-2.170628,4.4275117,-0.11265773,-0.14872947,-0.4768589,-1.3782327,-0.30453426,2.7996883,-0.10436291,-0.14064084,-0.4895861,-1.3674304,-0.2909544,2.5983064
2.226890802383423,-0.10409567,-0.13882655,-0.48900738,-1.324824,-0.23328175,2.5945666,0.088297494,-0.1200901,-0.4633327,-1.4423252,-2.1348631,4.567458,-0.11361267,-0.15147474,-0.47746798,-1.3726333,-0.25381753,2.9096756,-0.105343245,-0.14336531,-0.49016804,-1.3622339,-0.24046932,2.7086484
2.228891611099243,-0.105074555,-0.14147204,-0.48948637,-1.3195788,-0.24545874,2.6484625,0.08736229,-0.12295648,-0.46760243,-1.4331903,-2.2198725,4.592533,-0.11456862,-0.15420838,-0.4779756,-1.366814,-0.3305356,2.9120028,-0.106324546,-0.14607894,-0.49064898,-1.3568165,-0.31730723,2.7111568
2.2308924198150635,-0.106054425,-0.14410692,-0.48998943,-1.3142263,-0.25736,2.7017424,0.086418204,-0.12580448,-0.47204217,-1.4240053,-2.1829646,4.7301173,-0.115525894,-0.15693036,-0.47863668,-1.36099,-0.2791527,3.0204275,-0.10730711,-0.14878173,-0.4912836,-1.3513942,-0.2661887,2.8200283
2.232893228530884,-0.107035324,-0.14673099,-0.49051604,-1.3087678,-0.26898,2.7543936,0.08546539,-0.12863357,-0.4764081,-1.414545,-2.267144,4.753324,-0.116484284,-0.15964025,-0.479195,-1.3549492,-0.35530156,3.0215588,-0.10829075,-0.15147324,-0.49181598,-1.3457541,-0.3424858,2.8214052
2.234894037246704,-0.108017296,-0.14934404,-0.4910656,-1.3032047,-0.28031787,2.806414,0.0845035,-0.13144365,-0.48094237,-1.4050384,-2.2290738,4.888468,-0.1174441,-0.16233806,-0.4799056,-1.3489062,-0.30323717,3.1283927,-0.10927575,-0.15415347,-0.49250096,-1.3401114,-0.29072267,2.9287696
2.2368948459625244,-0.10900039,-0.15194586,-0.49163756,-1.297538,-0.2913703,2.8577962,0.0835327,-0.13423418,-0.48540053,-1.3952614,-2.3123999,4.9097495,-0.11840512,-0.16502336,-0.48051208,-1.3426493,-0.37880072,3.1283026,-0.11026192,-0.15682198,-0.4930824,-1.3342538,-0.36646605,2.9289873
2.2388956546783447,-0.10998466,-0.15453623,-0.49223134,-1.2917693,-0.30213407,2.9085324,0.08255265,-0.13700506,-0.49002534,-1.3854419,-2.2731314,5.0424094,-0.11936766,-0.16769615,-0.4812697,-1.3363928,-0.32605085,3.2335038,-0.11124955,-0.15947877,-0.49381533,-1.3283958,-0.3140437,3.034817
2.240896463394165,-0.11097013,-0.15711495,-0.49284637,-1.2858996,-0.31260717,2.9586184,0.0815635,-0.13975577,-0.4945716,-1.375357,-2.355588,5.061733,-0.1203315,-0.170356,-0.4819218,-1.3299258,-0.40102056,3.2321646,-0.11223844,-0.16212343,-0.49444342,-1.3223262,-0.38922444,3.0338566
2.2428972721099854,-0.11195686,-0.15968184,-0.49348208,-1.2799305,-0.32278863,3.0080504,0.08056494,-0.14248624,-0.49928278,-1.3652335,-2.315111,5.1918435,-0.12129695,-0.17300293,-0.48272383,-1.3234614,-0.34756124,3.3357165,-0.11322888,-0.16475594,-0.49522185,-1.3162584,-0.33613187,3.13812
2.2448980808258057,-0.11294487,-0.16223669,-0.49413785,-1.2738631,-0.33267376,3.0568194,0.07955711,-0.14519595,-0.503913,-1.3548498,-2.3966806,5.209168,-0.12226379,-0.17563652,-0.48341894,-1.31679,-0.4219253,3.3331091,-0.11422067,-0.1673759,-0.4958941,-1.3099822,-0.4107398,3.135961
2.246898889541626,-0.11393422,-0.16477929,-0.4948131,-1.2676988,-0.34226248,3.1049237,0.0785397,-0.14788482,-0.50870633,-1.3444315,-2.3549628,5.336693,-0.12323231,-0.17825677,-0.4842628,-1.3101238,-0.3677581,3.4349828,-0.1152141,-0.16998333,-0.49671558,-1.3037102,-0.35696828,3.2386332
2.248899459838867,-0.11492482,-0.16730917,-0.49550718,-1.2614396,-0.35155094,3.1523514,0.07751287,-0.15055233,-0.51341623,-1.3337581,-2.435632,5.351992,-0.12420231,-0.18086328,-0.48499832,-1.3032539,-0.4415096,3.43109,-0.11620896,-0.1725778,-0.49742952,-1.297233,-0.4309946,3.2352576
2.2509002685546875,-0.115916945,-0.16982672,-0.4962196,-1.2550855,-0.36053985,3.19911,0.07647629,-0.15319844,-0.5182875,-1.3230541,-2.3926697,5.476885,-0.12517408,-0.18345606,-0.48588133,-1.2963917,-0.38662148,3.5312696,-0.117205545,-0.17515932,-0.49829152,-1.2907624,-0.37653565,3.336318
2.252901077270508,-0.11691051,-0.17233147,-0.49694973,-1.2486384,-0.3692273,3.2451916,0.07543015,-0.15582263,-0.52307284,-1.3121003,-2.472426,5.4901266,-0.12614739,-0.18603472,-0.48665458,-1.2893292,-0.45975634,3.5260878,-0.11820363,-0.1777275,-0.4990446,-1.2840898,-0.44997266,3.33171
2.254901885986328,-0.11790556,-0.17482322,-0.49769694,-1.2420999,-0.37761107,3.2905905,0.07437411,-0.15842487,-0.5280177,-1.30112,-2.428193,5.6123595,-0.12712254,-0.18859927,-0.4875741,-1.282277,-0.40415302,3.6245456,-0.11920352,-0.18028235,-0.49994454,-1.2774264,-0.39482087,3.4311376
2.2569026947021484,-0.11890212,-0.17730181,-0.4984606,-1.2354712,-0.38569036,3.3353045,0.07330836,-0.16100466,-0.5328741,-1.2898953,-2.507027,5.623529,-0.1280993,-0.19114932,-0.4883824,-1.2750279,-0.47665974,3.6180465,-0.12020499,-0.18282348,-0.50073415,-1.2705641,-0.4676627,3.425285
2.2589035034179688,-0.11990022,-0.17976704,-0.4992401,-1.2287538,-0.39346385,3.3793306,0.07223259,-0.16356196,-0.53788817,-1.2786483,-2.4615297,5.7430706,-0.12907799,-0.1936849,-0.48933572,-1.2677917,-0.42032027,3.7147822,-0.12120833,-0.18535091,-0.50166947,-1.2637135,-0.41181234,3.5230663
2.260904312133789,-0.12089989,-0.18221875,-0.50003487,-1.221949,-0.4009308,3.4226658,0.071146965,-0.16609628,-0.5428112,-1.2671621,-2.539432,5.7521424,-0.13005833,-0.19620563,-0.49017635,-1.2603621,-0.49220195,3.706975,-0.12221332,-0.18786424,-0.5024931,-1.2566674,-0.48405403,3.515959
2.2629051208496094,-0.12190118,-0.18465675,-0.50084424,-1.2150581,-0.40809038,3.465308,0.070051186,-0.16860761,-0.54789007,-1.2556578,-2.4926486,5.8689795,-0.13104065,-0.19871153,-0.49116075,-1.2529482,-0.4351392,3.8019621,-0.12322024,-0.19036351,-0.5034612,-1.2496355,-0.42750338,3.6120794
2.2649059295654297,-0.12290409,-0.18708089,-0.5016677,-1.2080826,-0.41494232,3.5072553,0.06894544,-0.17109545,-0.55287534,-1.2439198,-2.5696151,5.8759503,-0.1320247,-0.20120221,-0.49203104,-1.2453443,-0.5063855,3.7928257,-0.12422887,-0.19284834,-0.5043162,-1.2424113,-0.4991408,3.6037097
2.26690673828125,-0.12390867,-0.18949099,-0.50250447,-1.2010238,-0.4214875,3.5485096,0.06782941,-0.17355978,-0.5580146,-1.232168,-2.521554,5.9900613,-0.13301079,-0.20367773,-0.4930438,-1.2377586,-0.44858858,3.8860655,-0.1252395,-0.19531874,-0.50531447,-1.2352039,-0.44188607,3.698159
2.2689075469970703,-0.12491493,-0.19188687,-0.5033541,-1.1938833,-0.42772126,3.5890594,0.06670329,-0.17600016,-0.56305766,-1.2201878,-2.59758,5.994915,-0.13399868,-0.2061377,-0.49394098,-1.2299865,-0.5191999,3.875602,-0.1262519,-0.19777437,-0.5061982,-1.2278075,-0.5129158,3.6885195
2.2709083557128906,-0.1259229,-0.19426839,-0.50421584,-1.1866623,-0.43364725,3.6289127,0.065566786,-0.17841657,-0.5682528,-1.208198,-2.5482295,6.106293,-0.13498864,-0.20858218,-0.49497938,-1.2222353,-0.46068054,3.967078,-0.12726635,-0.20021522,-0.5072241,-1.2204305,-0.45495796,3.7812898
2.272909164428711,-0.12693262,-0.19663538,-0.50508916,-1.1793623,-0.4392633,3.6680632,0.06442009,-0.18080853,-0.57334924,-1.1959853,-2.6233141,6.109032,-0.13598044,-0.21101078,-0.49590075,-1.2143011,-0.5306568,3.9552844,-0.12828262,-0.20264095,-0.508134,-1.2128679,-0.5253776,3.7703762
2.2749099731445312,-0.1279441,-0.1989877,-0.5059734,-1.1719847,-0.44456923,3.7065103,0.063262895,-0.18317607,-0.5785959,-1.1837672,-2.5726814,6.217675,-0.13697436,-0.21342357,-0.49696207,-1.2063905,-0.47140446,4.045012,-0.129301,-0.2050516,-0.5091848,-1.2053272,-0.466718,3.8614626
2.2769107818603516,-0.12895735,-0.20132516,-0.50686795,-1.1645308,-0.44956833,3.7442594,0.06209541,-0.18551874,-0.58374125,-1.1713319,-2.6468248,6.218301,-0.13797018,-0.21582016,-0.49790487,-1.1983005,-0.5407442,4.031894,-0.13032123,-0.20744681,-0.5101182,-1.1976042,-0.5365269,3.8492742
2.278911590576172,-0.1299724,-0.20364764,-0.5077722,-1.157002,-0.45425802,3.781305,0.06091734,-0.18783653,-0.5890349,-1.1588953,-2.5949132,6.324202,-0.13896815,-0.21820064,-0.49898636,-1.1902367,-0.4807795,4.1198525,-0.13134362,-0.20982662,-0.51119125,-1.1899056,-0.47716627,3.9386735
2.280912399291992,-0.13098927,-0.20595498,-0.5086855,-1.1493999,-0.45863968,3.817649,0.05972889,-0.19012903,-0.59422475,-1.1462468,-2.6681159,6.3227105,-0.13996805,-0.22056463,-0.49994794,-1.181997,-0.5494813,4.105399,-0.13236791,-0.21219067,-0.5121456,-1.1820283,-0.5463644,3.92521
2.2829132080078125,-0.13200797,-0.20824705,-0.5096073,-1.1417258,-0.46271342,3.85329,0.05852977,-0.19239622,-0.599561,-1.1336014,-2.6149273,6.4258785,-0.14097014,-0.2229122,-0.5010469,-1.1737862,-0.4887956,4.1916127,-0.13339439,-0.21453902,-0.5132383,-1.1741779,-0.4863072,4.0129223
2.284914016723633,-0.13302852,-0.2105237,-0.5105369,-1.133981,-0.4664802,3.8882298,0.057320185,-0.19463772,-0.6047908,-1.1207497,-2.6871936,6.4222856,-0.1419742,-0.22524302,-0.5020245,-1.1654029,-0.55686396,4.175839,-0.13442281,-0.21687132,-0.51421094,-1.166152,-0.5548947,3.998185
2.286914825439453,-0.13405095,-0.21278477,-0.5114738,-1.126167,-0.4699406,3.9224684,0.056099854,-0.19685353,-0.6101652,-1.1079051,-2.632744,6.52274,-0.14298047,-0.22755712,-0.5031382,-1.1570512,-0.49547043,4.260296,-0.13545345,-0.21918763,-0.5153207,-1.1581557,-0.494145,4.084212
2.2889156341552734,-0.13507526,-0.21503013,-0.51241726,-1.1182853,-0.47309506,3.9560065,0.054868992,-0.19904326,-0.61543065,-1.0948597,-2.704075,6.51705,-0.14398873,-0.22985418,-0.5041291,-1.1485306,-0.56291056,4.2432075,-0.13648607,-0.22148761,-0.516309,-1.1499872,-0.5621241,4.0682063
2.2909164428710938,-0.13610145,-0.21725968,-0.51336676,-1.1103371,-0.47594598,3.9888468,0.053627316,-0.20120691,-0.6208388,-1.0818256,-2.6483755,6.6147957,-0.14499924,-0.23213427,-0.5052549,-1.1400442,-0.500809,4.3259296,-0.13752094,-0.22377132,-0.5174333,-1.1418508,-0.5006886,4.152553
2.292917251586914,-0.13712956,-0.21947324,-0.5143216,-1.1023239,-0.47849384,4.020991,0.052375045,-0.2033441,-0.6261356,-1.068596,-2.7187796,6.6070223,-0.14601175,-0.23439705,-0.5062565,-1.1313924,-0.56762433,4.3075385,-0.1385578,-0.22603841,-0.51843464,-1.1335458,-0.56806135,4.135283
2.2949180603027344,-0.13815957,-0.22167072,-0.5152813,-1.0942471,-0.4807389,4.052438,0.0511119,-0.20545487,-0.63157314,-1.055382,-2.6618369,6.702084,-0.14702654,-0.23664261,-0.50739175,-1.1227772,-0.50484,4.388521,-0.13959695,-0.22828896,-0.51957077,-1.1252751,-0.5059466,4.2179565
2.2969188690185547,-0.13919152,-0.22385196,-0.5162452,-1.0861081,-0.48268268,4.0831895,0.049838107,-0.20753883,-0.6368968,-1.0419779,-2.731321,6.6922455,-0.14804333,-0.23887062,-0.50840145,-1.1140002,-0.5710302,4.3688245,-0.14063811,-0.23052265,-0.5205827,-1.1168392,-0.5727156,4.199428
2.298919677734375,-0.1402254,-0.22601686,-0.5172126,-1.0779082,-0.48432738,4.1132503,0.04855339,-0.20959601,-0.64235944,-1.0285934,-2.673147,6.7846274,-0.14906242,-0.24108115,-0.50954354,-1.1052625,-0.5075499,4.4480886,-0.14168157,-0.23273952,-0.5217281,-1.1084403,-0.5099291,4.2804356
2.3009204864501953,-0.1412612,-0.2281653,-0.51818305,-1.0696489,-0.48567456,4.1426215,0.04725798,-0.21162605,-0.64770573,-1.0150242,-2.741721,6.772744,-0.15008354,-0.24327388,-0.51055866,-1.0963663,-0.57312715,4.427112,-0.14272706,-0.23493928,-0.52274793,-1.0998794,-0.57609934,4.26066
2.3029212951660156,-0.14229897,-0.23029715,-0.5191559,-1.0613315,-0.486726,4.1713066,0.0459516,-0.213629,-0.6531892,-1.0014787,-2.682345,6.8624907,-0.15110695,-0.2454489,-0.5117049,-1.087512,-0.50898266,4.5046782,-0.14377487,-0.237122,-0.52390015,-1.0913581,-0.51265085,4.34001
2.304922103881836,-0.14333868,-0.23241231,-0.5201306,-1.0529574,-0.4874819,4.199305,0.044634495,-0.21560451,-0.6585539,-0.9877537,-2.7500129,6.8485794,-0.1521324,-0.2476059,-0.5127229,-1.0785027,-0.5739472,4.482429,-0.14482471,-0.23928736,-0.5249255,-1.0826781,-0.57822615,4.3189945
2.306922674179077,-0.14438021,-0.2345104,-0.5211063,-1.044529,-0.48794475,4.226618,0.043306388,-0.21755263,-0.6640539,-0.97405654,-2.6894395,6.9357023,-0.15316015,-0.24974498,-0.5138708,-1.0695378,-0.5091447,4.5583057,-0.14587688,-0.24143544,-0.5260819,-1.07404,-0.5141245,4.3967047
2.3089234828948975,-0.14542383,-0.23659183,-0.5220828,-1.0360456,-0.4881172,4.2532554,0.041967522,-0.219473,-0.6694328,-0.9601851,-2.756217,6.919791,-0.15418993,-0.25186583,-0.51488906,-1.0604211,-0.57350606,4.534797,-0.14693111,-0.24356593,-0.52711016,-1.0652467,-0.5791098,4.3744617
2.3109242916107178,-0.1464694,-0.23865622,-0.52305937,-1.0275096,-0.4880009,4.2792177,0.040617634,-0.22136569,-0.67494524,-0.9463455,-2.694468,7.004326,-0.155222,-0.25396854,-0.5160361,-1.0513515,-0.5080534,4.609,-0.14798765,-0.24567893,-0.5282684,-1.0564978,-0.5143674,4.450539
2.312925100326538,-0.14751692,-0.2407035,-0.5240354,-1.0189222,-0.4875971,4.3045053,0.039256964,-0.22323036,-0.68033415,-0.93233687,-2.7603629,6.986441,-0.15625611,-0.2560528,-0.5170522,-1.0421336,-0.57181835,4.5842524,-0.14904624,-0.24777412,-0.5292971,-1.0475967,-0.5787691,4.4270816
2.3149259090423584,-0.1485664,-0.24273352,-0.52501035,-1.010285,-0.4869076,4.329122,0.037885252,-0.2250671,-0.68585485,-0.918364,-2.6974642,7.0684066,-0.1572925,-0.25811872,-0.5181958,-1.0329651,-0.5057339,4.6567984,-0.15010715,-0.24985161,-0.53045464,-1.0387425,-0.5133948,4.501546
2.3169267177581787,-0.14961782,-0.24474622,-0.52598363,-1.0015992,-0.48593682,4.3530755,0.036502752,-0.22687554,-0.6912498,-0.9042272,-2.7624855,7.048565,-0.15833092,-0.26016602,-0.5192073,-1.0236515,-0.56891125,4.630824,-0.1511701,-0.2519111,-0.53148144,-1.0297395,-0.57721925,4.476888
2.318927526473999,-0.15067118,-0.2467415,-0.5269547,-0.9928661,-0.48468345,4.3763623,0.035109203,-0.2286558,-0.6967748,-0.89013004,-2.6984553,7.1280074,-0.15937161,-0.2621948,-0.5203451,-1.0143899,-0.502204,4.701746,-0.15223537,-0.25395268,-0.53263587,-1.0207857,-0.51122844,4.549753
2.3209283351898193,-0.15172648,-0.24871926,-0.527923,-0.9840871,-0.48315307,4.398993,0.03370486,-0.23040755,-0.7021717,-0.87587404,-2.762617,7.1062374,-0.16041431,-0.2642048,-0.5213495,-1.0049864,-0.56480086,4.674566,-0.15330268,-0.25597605,-0.5336583,-1.0116862,-0.574482,4.523909
2.3229291439056396,-0.15278372,-0.2506794,-0.5288879,-0.9752635,-0.4813472,4.420969,0.032289464,-0.23213087,-0.7076969,-0.86166155,-2.6974714,7.183191,-0.16145927,-0.26619607,-0.5224791,-0.9956373,-0.4974963,4.743883,-0.1543723,-0.25798133,-0.53480726,-1.0026383,-0.5078857,4.595195
2.32492995262146,-0.15384288,-0.25262186,-0.529849,-0.9663965,-0.47926715,4.442293,0.03086328,-0.23382546,-0.71309185,-0.84729517,-2.7607858,7.1595283,-0.16250622,-0.26816836,-0.5234741,-0.98614955,-0.55952036,4.7155137,-0.15544395,-0.25996822,-0.53582305,-0.99344796,-0.57057595,4.5681796
2.3269307613372803,-0.15490396,-0.25454652,-0.5308056,-0.9574875,-0.4769167,4.462971,0.029426053,-0.23549141,-0.71861345,-0.8329761,-2.6945608,7.234014,-0.16355541,-0.27012178,-0.5245931,-0.97671854,-0.49162957,4.7832437,-0.15651788,-0.26193684,-0.5369642,-0.9843116,-0.5033882,4.637905
2.3289315700531006,-0.15596695,-0.25645334,-0.53175724,-0.9485378,-0.47429717,4.483006,0.027978048,-0.23712842,-0.72400254,-0.8185081,-2.7570412,7.208479,-0.16460657,-0.27205607,-0.52557635,-0.96715206,-0.55309194,4.7537084,-0.15759382,-0.26388693,-0.53797096,-0.9750358,-0.5655234,4.6097374
2.330932378768921,-0.15703185,-0.2583422,-0.5327034,-0.9395487,-0.47141212,4.5024033,0.026519014,-0.2387366,-0.7295166,-0.80409116,-2.6897457,7.28055,-0.16565993,-0.27397135,-0.52668256,-0.95764464,-0.48462838,4.819876,-0.15867202,-0.26581857,-0.539102,-0.9658163,-0.49775708,4.6779203
2.332933187484741,-0.15809862,-0.26021305,-0.5336435,-0.93052137,-0.4682643,4.5211673,0.02504922,-0.24031566,-0.7348961,-0.78953004,-2.7514055,7.2531824,-0.16671523,-0.27586737,-0.5276518,-0.9480049,-0.5455401,4.7891994,-0.15975222,-0.2677315,-0.54009753,-0.9564605,-0.55934507,4.648617
2.3349339962005615,-0.15916727,-0.26206577,-0.534577,-0.9214571,-0.46485552,4.5393014,0.023568423,-0.24186571,-0.74039894,-0.7750237,-2.6830745,7.322859,-0.16777273,-0.27774423,-0.52874285,-0.9384265,-0.4765217,4.85384,-0.16083466,-0.2696258,-0.54121625,-0.9471632,-0.49101755,4.715281
2.336934804916382,-0.16023779,-0.26390034,-0.53550345,-0.9123572,-0.4611894,4.556812,0.022076894,-0.24338646,-0.7457651,-0.760378,-2.7439268,7.2936816,-0.16883212,-0.27960166,-0.52969587,-0.9287188,-0.53689265,4.82204,-0.16191906,-0.27150127,-0.5421983,-0.93773264,-0.55206716,4.6848607
2.338935613632202,-0.16131015,-0.26571667,-0.5364223,-0.9032229,-0.45726722,4.5737004,0.020574387,-0.24487804,-0.75125295,-0.74579066,-2.6745744,7.361007,-0.16989367,-0.2814398,-0.53076965,-0.9190747,-0.46734065,4.885168,-0.16300566,-0.273358,-0.5433024,-0.9283629,-0.4831909,4.750027
2.3409364223480225,-0.16238435,-0.26751468,-0.5373331,-0.8940554,-0.45309478,4.589978,0.019061184,-0.24634017,-0.7566021,-0.7310687,-2.7346323,7.3300533,-0.17095707,-0.2832584,-0.5317043,-0.9093044,-0.52717835,4.8522644,-0.16409421,-0.27519572,-0.5442688,-0.9188629,-0.54371065,4.718509
2.3429372310638428,-0.16346034,-0.26929432,-0.53823525,-0.884856,-0.44867215,4.6056433,0.01753704,-0.24777299,-0.7620714,-0.71640855,-2.66429,7.3950653,-0.1720226,-0.2850576,-0.53275865,-0.89959985,-0.45710477,4.9139066,-0.16518492,-0.27701458,-0.5453562,-0.90942585,-0.47430408,4.7822013
2.344938039779663,-0.16453815,-0.27105552,-0.5391283,-0.8756258,-0.44400287,4.620703,0.016002242,-0.24917623,-0.76739997,-0.70161843,-2.7235644,7.3623652,-0.17308994,-0.28683716,-0.53367287,-0.88977206,-0.5164243,4.879929,-0.16627753,-0.27881432,-0.5463048,-0.89986145,-0.53430355,4.749604
2.3469388484954834,-0.16561772,-0.2727982,-0.5400118,-0.8663661,-0.43909186,4.6351666,0.014456547,-0.25055003,-0.7728471,-0.6868937,-2.6522593,7.4251,-0.17415935,-0.2885972,-0.5347057,-0.8800122,-0.44584513,4.94012,-0.16737227,-0.28059503,-0.5473734,-0.89036226,-0.46437967,4.8118467
2.3489396572113037,-0.16669905,-0.27452236,-0.54088527,-0.857078,-0.43393886,4.649032,0.0129002435,-0.25189412,-0.77815163,-0.6720435,-2.7107673,7.3906856,-0.17523055,-0.29033747,-0.5355974,-0.87013197,-0.5046587,4.905093,-0.16846888,-0.2823565,-0.5483022,-0.88073856,-0.52386856,4.778194
2.350940465927124,-0.16778213,-0.2762279,-0.54174817,-0.8477628,-0.4285492,4.6623087,0.011333097,-0.25320864,-0.78357315,-0.65726215,-2.6385188,7.451178,-0.17630376,-0.2920581,-0.5366067,-0.86032176,-0.43360052,4.9638524,-0.16956758,-0.28409886,-0.5493499,-0.87118214,-0.45344567,4.839007
2.3529412746429443,-0.16886692,-0.27791476,-0.54260004,-0.83842164,-0.42292506,4.6750016,0.009755396,-0.25449336,-0.7888502,-0.6423598,-2.6962712,7.4150767,-0.17737871,-0.2937589,-0.5374739,-0.85039407,-0.4919135,4.9277883,-0.1706681,-0.28582188,-0.5502568,-0.86150414,-0.51243323,4.8043156
2.3549420833587646,-0.1699534,-0.27958292,-0.5434404,-0.82905567,-0.41706982,4.6871157,0.008166911,-0.25574842,-0.79424274,-0.6275296,-2.6231098,7.4733663,-0.17845564,-0.29544,-0.53845775,-0.8405385,-0.420386,4.9851637,-0.17177066,-0.28752568,-0.55128163,-0.8518955,-0.44152555,4.8637276
2.356942892074585,-0.17104156,-0.2812323,-0.54426885,-0.819666,-0.41098702,4.6986575,0.006567933,-0.2569736,-0.79948896,-0.61258286,-2.680125,7.4356174,-0.17953423,-0.2971011,-0.53929853,-0.8305682,-0.47821438,4.9481006,-0.17287499,-0.28921002,-0.5521647,-0.84216803,-0.50002253,4.828022
2.3589437007904053,-0.17213136,-0.28286287,-0.5450849,-0.81025386,-0.40467817,4.7096286,0.0049582347,-0.25816903,-0.8048492,-0.5977116,-2.60607,7.491745,-0.18061474,-0.29874244,-0.54025495,-0.820672,-0.40624318,5.004098,-0.17398132,-0.29087505,-0.5531647,-0.83251196,-0.42865053,4.8860583
2.3609445095062256,-0.17322278,-0.2844746,-0.54588807,-0.8008203,-0.39814904,4.7200403,0.003338112,-0.25933447,-0.81006134,-0.58272815,-2.6623576,7.452371,-0.18169688,-0.30036378,-0.5410674,-0.81066376,-0.46359646,4.9660487,-0.17508937,-0.29252052,-0.554022,-0.82273984,-0.48666593,4.8493576
2.362945079803467,-0.17431566,-0.28606725,-0.5466779,-0.7913676,-0.39140093,4.729892,0.0017073399,-0.26047012,-0.81538606,-0.5678234,-2.5874357,7.5063596,-0.18278086,-0.30196524,-0.54199463,-0.80073166,-0.39119506,5.0207114,-0.17619936,-0.2941466,-0.55499536,-0.81304115,-0.4148431,4.906043
2.364945888519287,-0.17541024,-0.28764114,-0.54745406,-0.78189456,-0.38443685,4.739194,6.621797e-05,-0.26157573,-0.82056093,-0.55281067,-2.6430109,7.4653997,-0.18386641,-0.3035466,-0.542777,-0.79069024,-0.44808108,4.981701,-0.17731102,-0.29575306,-0.55582505,-0.8032291,-0.47238743,4.8683696
2.3669466972351074,-0.17650636,-0.28919607,-0.5482161,-0.7724035,-0.3772599,4.747948,-0.0015854761,-0.2626515,-0.82584697,-0.5378799,-2.56725,7.5172987,-0.18495376,-0.30510807,-0.54367316,-0.78072685,-0.37526986,5.035053,-0.17842455,-0.29734004,-0.55676985,-0.7934924,-0.40013176,4.9237294
2.3689475059509277,-0.17760397,-0.290732,-0.54896355,-0.7628954,-0.36987576,4.7561665,-0.0032474392,-0.2636972,-0.8309815,-0.52284527,-2.6221235,7.474771,-0.1860426,-0.3066494,-0.5444237,-0.77065676,-0.4317054,4.9951167,-0.1795397,-0.29890734,-0.5575701,-0.7836449,-0.45721585,4.8851066
2.370948314666748,-0.17870308,-0.29224887,-0.549696,-0.7533715,-0.36228472,4.7638483,-0.004919891,-0.264713,-0.83622575,-0.5078957,-2.5455415,7.524604,-0.18713318,-0.3081707,-0.54528713,-0.76066655,-0.3585089,5.047189,-0.18065667,-0.3004551,-0.55848455,-0.7738747,-0.3845461,4.9391694
2.3729491233825684,-0.17980364,-0.29374668,-0.55041313,-0.7438327,-0.35449058,4.771,-0.006602525,-0.26569867,-0.8413168,-0.4928465,-2.5997272,7.48054,-0.18822518,-0.30967185,-0.5460042,-0.75057214,-0.4145048,5.0063424,-0.18177518,-0.3019831,-0.55925363,-0.76399636,-0.4411805,4.899618
2.3749499320983887,-0.18090561,-0.29522538,-0.55111444,-0.7342801,-0.3464965,4.7776265,-0.008295557,-0.26665443,-0.84651625,-0.4778854,-2.5223517,7.528346,-0.18931885,-0.31115296,-0.54683316,-0.74055946,-0.3409259,5.057162,-0.18289545,-0.30349147,-0.560136,-0.7541971,-0.36811164,4.9524097
2.376950740814209,-0.18200897,-0.29668498,-0.55179954,-0.7247148,-0.33830783,4.783739,-0.009998679,-0.2675801,-0.85156095,-0.4628287,-2.5758603,7.482776,-0.19041388,-0.31261384,-0.54751503,-0.73044515,-0.39649424,5.0154386,-0.1840172,-0.30498007,-0.56087226,-0.7442923,-0.42430657,4.911954
2.3789515495300293,-0.18311368,-0.29812542,-0.55246806,-0.7151378,-0.32992548,4.7893376,-0.011712105,-0.26847583,-0.8567127,-0.44786313,-2.4977157,7.52858,-0.1915105,-0.31405467,-0.548308,-0.7204143,-0.32257155,5.065041,-0.18514064,-0.306449,-0.56172085,-0.7344684,-0.3508581,4.963498
2.3809523582458496,-0.18421972,-0.2995467,-0.55311966,-0.7055501,-0.3213538,4.7944317,-0.013435521,-0.26934144,-0.8617081,-0.43280596,-2.5505607,7.481533,-0.1926084,-0.31547523,-0.5489532,-0.7102842,-0.37771794,5.02245,-0.18626548,-0.30789807,-0.5624226,-0.7245414,-0.40662467,4.9221597
2.38295316696167,-0.18532704,-0.30094877,-0.5537539,-0.69595265,-0.31259447,4.7990217,-0.01516914,-0.27017713,-0.86680925,-0.4178429,-2.471673,7.525378,-0.19370782,-0.3168757,-0.5497086,-0.7002393,-0.30345088,5.0708604,-0.18739195,-0.30932748,-0.5632358,-0.7146971,-0.33280998,4.972486
2.3849539756774902,-0.18643561,-0.30233163,-0.55437046,-0.68634653,-0.3036536,4.803121,-0.016912645,-0.2709827,-0.8717526,-0.40279213,-2.523865,7.4768753,-0.19480845,-0.3182559,-0.5503155,-0.6900976,-0.35819098,5.027438,-0.18851976,-0.31073698,-0.5639014,-0.70475215,-0.38815773,4.930288
2.3869547843933105,-0.1875454,-0.30369526,-0.5549689,-0.6767327,-0.2945327,4.8067307,-0.018666245,-0.27175838,-0.87680036,-0.38783836,-2.4442492,7.518781,-0.19591051,-0.319616,-0.5510319,-0.6800427,-0.2836191,5.0746784,-0.18964912,-0.31212676,-0.5646777,-0.6948916,-0.31400064,4.97942
2.388955593109131,-0.18865637,-0.30503964,-0.5555489,-0.6671122,-0.2852332,4.809853,-0.020429622,-0.27250397,-0.88168883,-0.3728008,-2.4958022,7.468856,-0.1970137,-0.32095578,-0.55159914,-0.6698933,-0.33796814,5.0304484,-0.19077973,-0.31349662,-0.5653057,-0.6849327,-0.36894044,4.936383
2.390956401824951,-0.1897685,-0.30636477,-0.55611014,-0.65748584,-0.2757618,4.812501,-0.022202983,-0.2732197,-0.8866804,-0.3578631,-2.4154892,7.5088634,-0.19811825,-0.32227546,-0.55227506,-0.6598324,-0.26308355,5.076565,-0.19191182,-0.31484675,-0.5660436,-0.6750599,-0.29445016,4.9843526
2.3929572105407715,-0.19088171,-0.30767065,-0.55665225,-0.6478547,-0.2661203,4.8146772,-0.023986006,-0.2739054,-0.8915114,-0.34284538,-2.4664128,7.457539,-0.19922386,-0.3235748,-0.55280125,-0.6496793,-0.31704417,5.0315423,-0.19304508,-0.31617695,-0.5666325,-0.6650912,-0.34899354,4.9405026
2.394958019256592,-0.191996,-0.30895725,-0.5571749,-0.63821965,-0.2563103,4.816384,-0.025778895,-0.27456126,-0.8964442,-0.3279303,-2.3854163,7.4956656,-0.20033073,-0.32485405,-0.5534353,-0.6396162,-0.24188441,5.0765452,-0.19417974,-0.31748736,-0.5673305,-0.6552102,-0.27419546,4.9873314
2.396958827972412,-0.1931113,-0.31022456,-0.5576778,-0.62858164,-0.24633816,4.8176336,-0.027581325,-0.27518713,-0.901215,-0.31293896,-2.4357202,7.442964,-0.20143858,-0.326113,-0.5539191,-0.6294631,-0.29547772,5.030769,-0.1953155,-0.31877783,-0.56787884,-0.64523554,-0.3283517,4.942686
2.3989596366882324,-0.19422759,-0.3114726,-0.55816054,-0.6189416,-0.23620534,4.818428,-0.029393498,-0.27578324,-0.90608644,-0.29805303,-2.3540673,7.4792423,-0.2025476,-0.32735178,-0.55451006,-0.6194015,-0.22005263,5.074695,-0.19645257,-0.32004854,-0.56853557,-0.63535017,-0.2532555,4.9884057
2.4009604454040527,-0.19534484,-0.31270134,-0.5586229,-0.60930043,-0.22591442,4.8187723,-0.031215087,-0.27634943,-0.91079456,-0.28309456,-2.4037635,7.4251857,-0.2036575,-0.32857028,-0.5549502,-0.6092521,-0.27328613,5.028179,-0.19759066,-0.32129928,-0.5690421,-0.62537336,-0.3070352,4.942991
2.402961254119873,-0.19646297,-0.31391078,-0.5590645,-0.599659,-0.21546985,4.8186736,-0.03304629,-0.27688593,-0.9156021,-0.26824418,-2.321468,7.4596357,-0.2047685,-0.32976866,-0.55549675,-0.5991957,-0.19761235,5.0710664,-0.19872998,-0.32253027,-0.56965613,-0.6154874,-0.23166369,4.9876213
2.4049620628356934,-0.19758198,-0.31510094,-0.559485,-0.5900183,-0.20487331,4.8181353,-0.03488678,-0.27739257,-0.92024505,-0.2533249,-2.37056,7.404241,-0.20588028,-0.33094677,-0.555892,-0.5890536,-0.25049293,5.0238357,-0.19987021,-0.3237413,-0.57011944,-0.60551214,-0.28507745,4.941458
2.4069628715515137,-0.1987018,-0.3162718,-0.5598842,-0.580379,-0.19413032,4.8171673,-0.036736753,-0.2778696,-0.9249862,-0.23851642,-2.287647,7.436889,-0.20699307,-0.33210477,-0.55639297,-0.5790059,-0.17459327,5.065689,-0.2010116,-0.32493255,-0.5706896,-0.5956292,-0.20944302,4.9850307
2.408963680267334,-0.1998224,-0.3174234,-0.5602617,-0.57074213,-0.1832414,4.8157697,-0.038595878,-0.2783169,-0.9295615,-0.22364265,-2.3361514,7.3801894,-0.20810656,-0.33324254,-0.55674213,-0.56887454,-0.22713849,5.017776,-0.20215382,-0.32610387,-0.5711085,-0.58565915,-0.26250148,4.938141
2.4109644889831543,-0.20094374,-0.3185557,-0.5606173,-0.56110847,-0.1722113,4.813953,-0.040464345,-0.27873465,-0.9342338,-0.20888227,-2.2526426,7.411065,-0.20922096,-0.3343602,-0.55719644,-0.55883896,-0.15102285,5.0586357,-0.20329708,-0.32725543,-0.5716335,-0.57578284,-0.18662351,4.98068
2.4129652976989746,-0.20206577,-0.31966874,-0.56095076,-0.55147886,-0.16104186,4.8117175,-0.042341825,-0.27912277,-0.93873906,-0.19406015,-2.30057,7.3530827,-0.21033596,-0.33545765,-0.55749846,-0.5487217,-0.20323876,5.0100536,-0.20444109,-0.32838708,-0.57200676,-0.56582147,-0.23933652,4.933086
2.414966106414795,-0.20318843,-0.32076252,-0.5612617,-0.5418541,-0.1497393,4.8090777,-0.044228505,-0.27948147,-0.9433402,-0.17935398,-2.2164748,7.3822036,-0.21145177,-0.33653507,-0.55790496,-0.53870153,-0.12693658,5.049953,-0.20558606,-0.329499,-0.57248545,-0.5559553,-0.16322926,4.9746146
2.4169669151306152,-0.2043117,-0.32183704,-0.5615499,-0.532235,-0.13830242,4.8060284,-0.046124052,-0.27981064,-0.94777316,-0.16458957,-2.2638278,7.322949,-0.21256809,-0.33759227,-0.5581588,-0.52860165,-0.17883326,5.000716,-0.20673169,-0.33059102,-0.5728119,-0.5460061,-0.21560752,4.9263387
2.4189674854278564,-0.2054354,-0.3228922,-0.561815,-0.5226236,-0.12673765,4.802581,-0.048028655,-0.28011054,-0.9523008,-0.14994366,-2.1791737,7.350342,-0.21368513,-0.33862948,-0.5585165,-0.5186002,-0.10234727,5.0396843,-0.20787817,-0.33166334,-0.57324314,-0.53615344,-0.13928714,4.966886
2.4209682941436768,-0.20655973,-0.32392824,-0.5620569,-0.5130183,-0.11504655,4.7987413,-0.049941972,-0.28038102,-0.95665914,-0.13524298,-2.2259598,7.289831,-0.21480256,-0.33964652,-0.5587212,-0.50852084,-0.15393144,4.989822,-0.20902522,-0.33271578,-0.57352173,-0.52621967,-0.19133903,4.9179482
2.422969102859497,-0.20768452,-0.3249451,-0.5622753,-0.5034211,-0.103231795,4.794513,-0.051864196,-0.28062236,-0.96111107,-0.12066332,-2.140758,7.3155065,-0.21592063,-0.3406436,-0.55902904,-0.4985412,-0.07728977,5.0278654,-0.21017303,-0.33374855,-0.5739044,-0.51638377,-0.11482635,4.9575367
2.4249699115753174,-0.20880972,-0.32594275,-0.5624699,-0.49383277,-0.091296576,4.7899013,-0.05379498,-0.28083444,-0.9653926,-0.10603231,-2.1869876,7.253767,-0.21703899,-0.3416206,-0.5591836,-0.4884855,-0.12858194,4.9774065,-0.2113213,-0.3347615,-0.57413405,-0.5064687,-0.16656284,4.907957
2.4269707202911377,-0.2099353,-0.32692122,-0.56264055,-0.48425403,-0.07924381,4.7849107,-0.05573451,-0.28101748,-0.96976656,-0.09152478,-2.1012614,7.277744,-0.21815787,-0.34257767,-0.55944073,-0.47853068,-0.051783305,5.014568,-0.21247023,-0.3357548,-0.5744672,-0.4966528,-0.089864686,4.946615
2.428971529006958,-0.21106118,-0.32788056,-0.56278694,-0.47468564,-0.06707682,4.779548,-0.05768245,-0.2811714,-0.9739691,-0.07696929,-2.1469424,7.2147884,-0.21927696,-0.34351468,-0.5595443,-0.46850154,-0.102785185,4.9635267,-0.21361953,-0.33672833,-0.5746469,-0.48675957,-0.14129557,4.896417
2.4309723377227783,-0.21218733,-0.32882077,-0.5629089,-0.46512833,-0.054798875,4.7738194,-0.059638977,-0.2812965,-0.97826296,-0.06253971,-2.0606987,7.2370872,-0.22039646,-0.34443182,-0.5597499,-0.45857447,-0.025863938,4.9998193,-0.2147694,-0.33768228,-0.5749295,-0.47696674,-0.06443511,4.9341607
2.4329731464385986,-0.21331371,-0.32974184,-0.56300616,-0.45558286,-0.042412017,4.7677274,-0.061603747,-0.28139263,-0.9823844,-0.048065536,-2.1058412,7.1729364,-0.22151606,-0.34532896,-0.55980164,-0.44857484,-0.07658823,4.948217,-0.21591951,-0.33861646,-0.57505834,-0.4670984,-0.11556927,4.8833613
2.434973955154419,-0.21444026,-0.33064383,-0.5630785,-0.44604993,-0.029920474,4.7612815,-0.06357694,-0.28146008,-0.98659605,-0.033719663,-2.0190988,7.1935897,-0.22263597,-0.3462063,-0.5599548,-0.4386784,0.00045425445,4.9836717,-0.21707009,-0.33953112,-0.5752895,-0.4573317,-0.03855601,4.920226
2.4369747638702393,-0.21556692,-0.33152676,-0.5631258,-0.43653026,-0.017324297,4.7544794,-0.0655582,-0.28149873,-0.99063426,-0.019332483,-2.0637014,7.128248,-0.22375588,-0.34706372,-0.5599539,-0.42871106,-0.05000315,4.931535,-0.21822082,-0.34042612,-0.5753666,-0.44749123,-0.08940336,4.8688498
2.4389755725860596,-0.21669365,-0.33239067,-0.5631478,-0.42702454,-0.0046302923,4.7473345,-0.06754772,-0.2815089,-0.99476165,-0.0050759865,-1.9764874,7.14726,-0.22487599,-0.3479014,-0.56005394,-0.41884798,0.027135309,4.966183,-0.2193719,-0.34130162,-0.57554543,-0.43775353,-0.012259295,4.904851
2.44097638130188,-0.2178204,-0.33323556,-0.56314427,-0.41753346,0.008162654,4.7398453,-0.06954515,-0.28149045,-0.9987146,0.009218534,-2.0205603,7.0807457,-0.22599599,-0.34871924,-0.55999964,-0.4089156,-0.023063676,4.9135265,-0.22052304,-0.3421575,-0.5755699,-0.42794383,-0.06282823,4.852914
2.4429771900177,-0.21894713,-0.33406147,-0.56311506,-0.4080577,0.021049352,4.7320204,-0.07155066,-0.2814437,-1.0027558,0.023380026,-1.93287,7.0981226,-0.22711608,-0.3495174,-0.5600458,-0.39908856,0.054165415,4.9473777,-0.22167444,-0.34299397,-0.5756956,-0.41823798,0.0144401,4.888078
2.4449779987335205,-0.22007376,-0.33486846,-0.56306,-0.39859793,0.03402555,4.7238684,-0.0735639,-0.28136852,-1.0066215,0.037576273,-1.9764197,7.030451,-0.22823596,-0.35029578,-0.5599375,-0.3891938,0.0042157117,4.894223,-0.22282578,-0.3438109,-0.57566667,-0.40846184,-0.035859767,4.8356
2.446978807449341,-0.22120026,-0.33565652,-0.56297886,-0.3891548,0.047092125,4.7153864,-0.07558505,-0.28126526,-1.0105743,0.051637176,-1.88827,7.046222,-0.22935581,-0.35105458,-0.5599291,-0.37940535,0.08151843,4.9273095,-0.22397725,-0.34460846,-0.5757384,-0.39879063,0.04151285,4.8699484
2.448979616165161,-0.22232656,-0.33642572,-0.5628715,-0.37972897,0.060244806,4.706583,-0.077613756,-0.2811338,-1.0143509,0.06572962,-1.9312991,6.9774027,-0.23047535,-0.35179368,-0.55976605,-0.36955073,0.031811677,4.8736687,-0.22512856,-0.34538656,-0.57565534,-0.38905072,-0.008527142,4.8169494
2.4509804248809814,-0.22345263,-0.33717608,-0.56273776,-0.37032107,0.07348121,4.697463,-0.079650186,-0.28097442,-1.0182135,0.07968442,-1.8427193,6.9915733,-0.23159476,-0.35251328,-0.55970246,-0.3598034,0.109173074,4.906009,-0.2262799,-0.3461454,-0.5756724,-0.37941682,0.06893851,4.8505077
2.4529812335968018,-0.2245784,-0.33790764,-0.5625774,-0.36093172,0.08679845,4.6880302,-0.081693985,-0.28078708,-1.021899,0.09366757,-1.885236,6.9216213,-0.23271373,-0.35321328,-0.5594841,-0.34999138,0.05970044,4.8519087,-0.22743097,-0.34688482,-0.5755345,-0.3697158,0.019150393,4.7970047
2.454982042312622,-0.22570382,-0.33862042,-0.5623904,-0.35156158,0.100193895,4.6782913,-0.08374532,-0.28057206,-1.0256695,0.10751081,-1.7962152,6.9342136,-0.23383246,-0.35389385,-0.55936474,-0.34028757,0.13710439,4.883524,-0.22858196,-0.34760505,-0.5754962,-0.3601218,0.0966942,4.8297925
2.4569828510284424,-0.22682884,-0.33931446,-0.56217647,-0.34221122,0.113664694,4.6682496,-0.085803844,-0.2803293,-1.0292618,0.12137924,-1.8382217,6.86314,-0.23495065,-0.3545549,-0.55909055,-0.3305205,0.08785334,4.8289847,-0.22973257,-0.34830597,-0.5753028,-0.3504622,0.047148295,4.7758064
2.4589836597442627,-0.22795342,-0.3399898,-0.5619355,-0.33288124,0.12721004,4.657907,-0.08786972,-0.28005907,-1.0329382,0.13510552,-1.7487938,6.874153,-0.23606847,-0.35519662,-0.55891484,-0.32086253,0.16529343,4.8599043,-0.23088299,-0.3489878,-0.5752085,-0.34091058,0.124759324,4.8078437
2.460984468460083,-0.22907749,-0.34064654,-0.5616674,-0.32357225,0.14082535,4.647273,-0.08994259,-0.27976137,-1.0364358,0.14885382,-1.7902962,6.8019624,-0.23718564,-0.3558189,-0.5585843,-0.3111427,0.11626256,4.804931,-0.23203291,-0.34965038,-0.574959,-0.3312949,0.07544778,4.7533917
2.4629852771759033,-0.23020099,-0.34128463,-0.5613719,-0.31428483,0.15450686,4.636354,-0.09202262,-0.27943647,-1.0400164,0.16245775,-1.7004521,6.811419,-0.23830235,-0.35642198,-0.55835176,-0.30153286,0.1937177,4.8351674,-0.23318252,-0.35029396,-0.57480806,-0.3217881,0.15311009,4.784703
2.4649860858917236,-0.23132387,-0.3419042,-0.56104904,-0.30501953,0.16825679,4.6251454,-0.09410945,-0.2790843,-1.0434173,0.17608058,-1.741454,6.7381296,-0.23941828,-0.35700572,-0.5579643,-0.29186252,0.1448938,4.77979,-0.23433152,-0.3509184,-0.5745018,-0.3122187,0.10402629,4.7298007
2.466986894607544,-0.23244607,-0.34250522,-0.56069857,-0.29577693,0.18206775,4.613661,-0.09620325,-0.27870518,-1.0469003,0.18955684,-1.6512231,6.7460384,-0.24053364,-0.35757032,-0.5576745,-0.28230295,0.22235894,4.809362,-0.2354801,-0.35152394,-0.57429373,-0.30275908,0.18172738,4.760407
2.4689877033233643,-0.23356755,-0.3430878,-0.56032044,-0.2865576,0.19594143,4.6018972,-0.09830366,-0.2782991,-1.0502027,0.20304891,-1.6917272,6.6716533,-0.2416481,-0.3581157,-0.5572298,-0.27268422,0.1737311,4.7535954,-0.23662797,-0.35211042,-0.57393026,-0.29323825,0.1328611,4.7050753
2.4709885120391846,-0.23468824,-0.34365195,-0.55991447,-0.27736208,0.20987192,4.589866,-0.100410834,-0.2778663,-1.0535861,0.21639222,-1.6011041,6.6780252,-0.24276185,-0.35864207,-0.5568824,-0.26317704,0.25119472,4.782538,-0.2377753,-0.35267806,-0.57366455,-0.2838281,0.21059068,4.734992
2.472989320755005,-0.23580809,-0.34419772,-0.55948055,-0.2681909,0.22385962,4.5775666,-0.10252441,-0.2774068,-1.0567883,0.22974826,-1.6411147,6.6025553,-0.24387461,-0.3591493,-0.55638,-0.25361195,0.2027641,4.7263947,-0.23892178,-0.35322678,-0.5732434,-0.27435812,0.16193673,4.6792436
2.474990129470825,-0.23692705,-0.34472516,-0.5590186,-0.2590446,0.23790006,4.5650063,-0.10464455,-0.2769209,-1.0600705,0.24295337,-1.5501275,6.6074014,-0.24498656,-0.35963762,-0.5559744,-0.24415916,0.2802056,4.754711,-0.24006762,-0.3537568,-0.5729195,-0.26499963,0.23967978,4.708495
2.4769906997680664,-0.23804492,-0.34523427,-0.5585286,-0.24992475,0.2519912,4.552188,-0.106770895,-0.27640858,-1.0631708,0.2561682,-1.5896499,6.530859,-0.24609739,-0.36010692,-0.555414,-0.23464973,0.23195718,4.698209,-0.2412125,-0.35426795,-0.57244015,-0.25558263,0.191229,4.652348
2.4789915084838867,-0.23916191,-0.34572524,-0.5580103,-0.24082972,0.26613137,4.539118,-0.108903594,-0.2758701,-1.0663501,0.26922992,-1.4982864,6.5341887,-0.24720728,-0.3605574,-0.5549501,-0.22525331,0.3093782,4.7259264,-0.24235661,-0.3547605,-0.57205766,-0.24627793,0.26897764,4.680954
2.480992317199707,-0.24027784,-0.34619802,-0.5574636,-0.2317611,0.28032118,4.5257926,-0.11104229,-0.2753055,-1.0693467,0.2822983,-1.5373195,6.45657,-0.24831595,-0.360989,-0.55433136,-0.21580146,0.26130822,4.669082,-0.24349965,-0.35523432,-0.57151973,-0.23691602,0.2207235,4.624424
2.4829931259155273,-0.24139264,-0.3466527,-0.55688846,-0.22271939,0.29455444,4.5122247,-0.113187134,-0.2747151,-1.0724213,0.29521143,-1.4456035,6.4583893,-0.24942356,-0.36140195,-0.55380875,-0.20646329,0.33868307,4.6962214,-0.24464181,-0.35568964,-0.5710783,-0.22766717,0.29846215,4.652402
2.4849939346313477,-0.24250627,-0.3470893,-0.55628484,-0.21370506,0.3088308,4.4984136,-0.11533776,-0.27409884,-1.0753125,0.3081282,-1.4841563,6.379714,-0.25052983,-0.36179608,-0.5531314,-0.19707085,0.29078645,4.6390433,-0.24578278,-0.35612637,-0.57048136,-0.21836236,0.25039762,4.595504
2.486994743347168,-0.24361865,-0.34750786,-0.5556526,-0.2047186,0.32314757,4.4843655,-0.11749432,-0.27345708,-1.0782808,0.32088763,-1.3920916,6.380037,-0.25163493,-0.36217168,-0.55254984,-0.18779276,0.36812082,4.665624,-0.24692273,-0.3565447,-0.56998056,-0.20917135,0.328117,4.622873
2.4889955520629883,-0.24472976,-0.3479085,-0.5549917,-0.19576049,0.33750176,4.4700856,-0.11965645,-0.27278978,-1.0810649,0.3336477,-1.4301662,6.3003097,-0.25273857,-0.3625286,-0.5518136,-0.17846152,0.32038847,4.608134,-0.24806137,-0.35694456,-0.5693243,-0.1999256,0.28023505,4.565622
2.4909963607788086,-0.2458395,-0.34829125,-0.55430204,-0.18683118,0.35189453,4.455572,-0.1218243,-0.2720973,-1.0839252,0.34624833,-1.3377595,6.2991557,-0.25384092,-0.3628671,-0.55117285,-0.16924526,0.39766064,4.6341558,-0.2491989,-0.35732615,-0.56876385,-0.19079436,0.357926,4.5923996
2.492997169494629,-0.24694784,-0.34865615,-0.55358356,-0.17793113,0.36631787,4.44084,-0.1239975,-0.2713796,-1.0866008,0.35884663,-1.3753538,6.2183776,-0.25494167,-0.36318704,-0.55037755,-0.15997694,0.350085,4.5763693,-0.250335,-0.35768938,-0.568048,-0.18160957,0.31021935,4.534813
2.494997978210449,-0.24805471,-0.3490033,-0.5528362,-0.1690608,0.38077715,4.4258776,-0.12617621,-0.27063704,-1.0893515,0.37128338,-1.2826202,6.2157435,-0.25604102,-0.3634887,-0.5496774,-0.1508242,0.42728806,4.601871,-0.25146985,-0.35803446,-0.5674276,-0.17253995,0.38786742,4.561019
2.4969987869262695,-0.24916007,-0.3493327,-0.5520598,-0.16022061,0.3952655,4.4107003,-0.12836005,-0.2698696,-1.0919168,0.38371485,-1.3197393,6.1339264,-0.25713867,-0.36377195,-0.5488228,-0.14162046,0.3798671,4.543793,-0.25260314,-0.3583613,-0.5666518,-0.1634179,0.34033048,4.5031075
2.49899959564209,-0.25026384,-0.34964445,-0.55125445,-0.151411,0.40978292,4.3953066,-0.13054916,-0.26907763,-1.0945563,0.3959827,-1.226675,6.129828,-0.2582348,-0.364037,-0.5480631,-0.13253286,0.4569934,4.5687785,-0.2537351,-0.35867012,-0.56597114,-0.15441169,0.4179313,4.5287547
2.50100040435791,-0.25136596,-0.3499386,-0.55042,-0.1426324,0.42432475,4.3797054,-0.13274318,-0.26826113,-1.0970097,0.40824237,-1.263325,6.046983,-0.2593291,-0.3642838,-0.5471491,-0.12339531,0.40972063,4.510426,-0.25486538,-0.35896084,-0.5651353,-0.14535418,0.37055743,4.4705343
2.5030012130737305,-0.25246638,-0.35021523,-0.54955643,-0.13388522,0.43889204,4.3638964,-0.13494225,-0.26742047,-1.0995363,0.42033634,-1.169947,6.0414352,-0.26042178,-0.36451256,-0.5463297,-0.11437446,0.48676178,4.534916,-0.25599417,-0.35923368,-0.5643942,-0.13641311,0.44809675,4.4956427
2.505002021789551,-0.25356504,-0.3504744,-0.5486637,-0.12516989,0.45348224,4.3478823,-0.137146,-0.26655564,-1.1018761,0.4324192,-1.2061265,5.9575644,-0.2615125,-0.36472318,-0.54535615,-0.10530463,0.43962595,4.476311,-0.25712118,-0.35948852,-0.56349796,-0.12742183,0.40088022,4.437126
2.507002830505371,-0.2546619,-0.35071614,-0.5477417,-0.116486795,0.4680934,4.331667,-0.13935457,-0.26566696,-1.1042883,0.44433433,-1.112445,5.950568,-0.26260144,-0.36491588,-0.5444769,-0.096352,0.5165692,4.5003257,-0.25824657,-0.35972562,-0.5626962,-0.11854757,0.47835082,4.461712
2.5090036392211914,-0.25575686,-0.35094056,-0.54679054,-0.10783634,0.48272392,4.3152556,-0.1415676,-0.2647545,-1.1065133,0.45623547,-1.1481622,5.8656774,-0.26368833,-0.36509058,-0.5434438,-0.08735135,0.469571,4.4414744,-0.25937006,-0.35994488,-0.5617395,-0.10962415,0.43128568,4.4029136
2.5110044479370117,-0.2568499,-0.35114768,-0.54581004,-0.09921892,0.49737293,4.298648,-0.14378522,-0.26381856,-1.1088096,0.46796682,-1.0541708,5.857259,-0.26477334,-0.36524752,-0.54250467,-0.078468405,0.546408,4.465014,-0.26049182,-0.36014652,-0.5608769,-0.10081832,0.50867504,4.4269934
2.513005256652832,-0.25794098,-0.3513376,-0.5448002,-0.09063491,0.5120343,4.2818565,-0.14600706,-0.2628592,-1.1109179,0.47968134,-1.0894231,5.7713566,-0.26585618,-0.3653866,-0.5414119,-0.06953838,0.49954,4.405926,-0.26161155,-0.36033046,-0.5598596,-0.091964334,0.46175602,4.367923
2.5150060653686523,-0.25902998,-0.3515104,-0.5437611,-0.08208469,0.52671146,4.264875,-0.14823325,-0.26187676,-1.1130967,0.49122405,-0.99514294,5.761517,-0.266937,-0.36550805,-0.5404128,-0.060726523,0.57626075,4.429023,-0.26272944,-0.3604969,-0.55893606,-0.08322849,0.5390593,4.391513
2.5170068740844727,-0.26011688,-0.35166612,-0.54269254,-0.073568635,0.5414,4.247711,-0.15046342,-0.26087126,-1.115087,0.50274706,-1.029936,5.6746073,-0.2680155,-0.3656118,-0.53926027,-0.051868476,0.5295197,4.3697104,-0.26384515,-0.3606458,-0.55785793,-0.07444546,0.4922798,4.332186
2.519007682800293,-0.26120162,-0.35180482,-0.5415946,-0.0650871,0.55610037,4.230365,-0.15269771,-0.25984308,-1.1171468,0.51409626,-0.9353635,5.6633635,-0.2690919,-0.36569804,-0.5382012,-0.043129057,0.60612166,4.3923683,-0.2649589,-0.36077735,-0.5568734,-0.06578109,0.5694861,4.3553004
2.5210084915161133,-0.26228413,-0.3519266,-0.54046726,-0.05664045,0.57080984,4.2128406,-0.15493575,-0.25879222,-1.1190176,0.525423,-0.969702,5.575465,-0.2701659,-0.36576673,-0.536989,-0.03434432,0.5595004,4.3328376,-0.26607037,-0.3608915,-0.5557344,-0.057070486,0.52284265,4.2957253
2.5230093002319336,-0.26336434,-0.3520315,-0.53931046,-0.04822903,0.58552414,4.195148,-0.15717766,-0.25771907,-1.120957,0.53657395,-0.8748515,5.5628242,-0.27123764,-0.36581808,-0.53586996,-0.025678644,0.6359808,4.3550744,-0.26717976,-0.36098844,-0.5546887,-0.048479035,0.59994465,4.3183775
2.525009870529175,-0.2644421,-0.3521196,-0.5381243,-0.039854184,0.60024416,4.177283,-0.15942307,-0.2566237,-1.1227068,0.5476996,-0.90873575,5.473932,-0.27230683,-0.36585203,-0.534598,-0.016968494,0.5894714,4.295351,-0.26828673,-0.36106813,-0.5534888,-0.03984228,0.5534312,4.2585692
2.527010679244995,-0.26551756,-0.35219097,-0.5369086,-0.03151425,0.61496943,4.15925,-0.16167212,-0.2555064,-1.1245242,0.55864745,-0.8136052,5.459917,-0.27337366,-0.36586878,-0.5334191,-0.008377791,0.6658093,4.317179,-0.2693915,-0.36113077,-0.55238193,-0.031325143,0.6304199,4.280777
2.5290114879608154,-0.26659057,-0.35224572,-0.5356635,-0.023210566,0.62969774,4.1410513,-0.16392443,-0.25436726,-1.1261514,0.56956726,-0.8470392,5.37005,-0.27443784,-0.36586827,-0.53208745,0.00025656726,0.619416,4.257255,-0.27049375,-0.3611763,-0.5511211,-0.022763588,0.58403116,4.220747
2.5310122966766357,-0.26766106,-0.3522839,-0.53438884,-0.014943455,0.6444279,4.1226892,-0.16618012,-0.25320664,-1.1278455,0.58030736,-0.7516491,5.3546677,-0.27549955,-0.36585072,-0.5308486,0.008771078,0.69561785,4.2786827,-0.27159366,-0.36120495,-0.54995304,-0.014322093,0.66089946,4.24252
2.533013105392456,-0.26872897,-0.35230556,-0.53308475,-0.0067132404,0.6591558,4.104173,-0.16843882,-0.25202462,-1.1293489,0.5910167,-0.7846374,5.2638283,-0.27655846,-0.36581606,-0.5294574,0.017328445,0.6493304,4.2185793,-0.27269092,-0.36121663,-0.54863125,-0.005837053,0.61463153,4.1822767
2.5350139141082764,-0.26979426,-0.35231078,-0.53175116,0.0014797673,0.6738835,4.0854983,-0.17070065,-0.25082153,-1.1309181,0.6015444,-0.68898207,5.2471085,-0.27761477,-0.36576453,-0.5281587,0.025765603,0.7253767,4.2396326,-0.27378574,-0.36121157,-0.54740196,0.0025275005,0.691374,4.2036314
2.5370147228240967,-0.27085683,-0.35229966,-0.5303881,0.009635255,0.68860906,4.066668,-0.17296524,-0.24959746,-1.1322961,0.6120386,-0.72152877,5.155307,-0.2786682,-0.36569604,-0.52670795,0.03424487,0.6791943,4.179354,-0.2748778,-0.3611897,-0.5460192,0.010934764,0.64522105,4.1431894
2.539015531539917,-0.27191666,-0.35227224,-0.52899563,0.017752923,0.7033286,4.0476923,-0.17523272,-0.24835277,-1.1337391,0.6223492,-0.62561995,5.137251,-0.2797189,-0.36561084,-0.52534956,0.04260358,0.7550895,4.200036,-0.27596724,-0.36115125,-0.54472876,0.019221142,0.72182864,4.1641345
2.5410163402557373,-0.27297366,-0.35222864,-0.5275737,0.02583247,0.71804315,4.0285654,-0.1775027,-0.24708752,-1.1349903,0.63262373,-0.65772784,5.044498,-0.28076658,-0.36550882,-0.52383935,0.05100365,0.709006,4.1395993,-0.2770538,-0.36109614,-0.5432851,0.027549412,0.6757878,4.1035004
2.5430171489715576,-0.2740278,-0.35216892,-0.52612233,0.033873606,0.73274964,4.0092974,-0.17977531,-0.2458021,-1.1363058,0.6427127,-0.5615807,5.025133,-0.28181142,-0.36539027,-0.52242136,0.059282847,0.78473663,4.1599197,-0.27813768,-0.36102462,-0.5419335,0.035756413,0.752254,4.124057
2.545017957687378,-0.27507898,-0.35209313,-0.5246415,0.041876048,0.7474477,3.989886,-0.18205017,-0.24449658,-1.137429,0.652763,-0.593259,4.9314404,-0.28285313,-0.36525506,-0.5208519,0.06760269,0.7387488,4.099329,-0.27921855,-0.3609366,-0.540429,0.044004526,0.70631975,4.0632424
2.5470187664031982,-0.2761272,-0.35200137,-0.5231313,0.04983951,0.76213694,3.970334,-0.1843274,-0.24317133,-1.1386155,0.6626259,-0.49686235,4.9107914,-0.2838919,-0.36510345,-0.51937443,0.07580134,0.81430984,4.119308,-0.2802966,-0.36083236,-0.53901637,0.052131012,0.7826379,4.0834174
2.5490195751190186,-0.27717233,-0.35189372,-0.5215917,0.057763718,0.7768145,3.950647,-0.18660662,-0.24182644,-1.1396092,0.6724475,-0.52810585,4.8161664,-0.28492737,-0.36493537,-0.5177458,0.08403996,0.7684143,4.058575,-0.2813715,-0.36071175,-0.5374511,0.060297847,0.73680824,4.02243
2.551020383834839,-0.27821437,-0.35177025,-0.5200228,0.0656484,0.79147965,3.9308257,-0.18888795,-0.24046229,-1.1406654,0.68207985,-0.43148983,4.79424,-0.28595978,-0.36475104,-0.51620895,0.09215711,0.84380406,4.0782113,-0.28244346,-0.36057508,-0.5359775,0.06834271,0.8129714,4.0422378
2.553021192550659,-0.27925324,-0.35163105,-0.5184246,0.07349329,0.80613244,3.9108715,-0.191171,-0.23907895,-1.1415284,0.69166833,-0.46231318,4.698698,-0.28698882,-0.3645504,-0.51452136,0.10031354,0.79799974,4.017337,-0.28351218,-0.36042222,-0.5343515,0.076427184,0.7672416,3.9810877
2.5550220012664795,-0.28028888,-0.3514762,-0.516797,0.08129812,0.8207693,3.8907907,-0.1934559,-0.23767683,-1.142453,0.7010657,-0.36547184,4.6755266,-0.28801468,-0.36433372,-0.5129254,0.10834821,0.87320954,4.0366507,-0.28457782,-0.36025345,-0.53281707,0.08438936,0.84324515,4.0005383
2.5570228099823,-0.28132123,-0.35130575,-0.5151402,0.089062646,0.8353927,3.8705783,-0.19574228,-0.23625599,-1.143184,0.7104168,-0.39587665,4.5790787,-0.28903705,-0.36410087,-0.511179,0.11642151,0.82748675,3.9756544,-0.2856401,-0.36006868,-0.53113055,0.09239043,0.7976115,3.9392347
2.55902361869812,-0.28235024,-0.35111982,-0.5134541,0.09678661,0.8499977,3.8502448,-0.19803023,-0.23481683,-1.1439757,0.7195749,-0.2988163,4.554681,-0.2900561,-0.3638521,-0.509524,0.124372825,0.9025191,3.994654,-0.28669918,-0.35986814,-0.52953535,0.1002689,0.87344956,3.9583418
2.5610244274139404,-0.28337586,-0.35091847,-0.5117388,0.104469776,0.864585,3.8297894,-0.20031938,-0.23335947,-1.1445733,0.7286843,-0.328807,4.4573445,-0.29107153,-0.36358738,-0.5077189,0.13236213,0.85688305,3.9335332,-0.28775474,-0.35965177,-0.52778846,0.10818558,0.82790905,3.8968928
2.5630252361297607,-0.28439802,-0.3507018,-0.5099943,0.11211188,0.8791531,3.809215,-0.20260984,-0.23188427,-1.1452309,0.737599,-0.23154782,4.4317484,-0.29208353,-0.3633069,-0.50600517,0.1402292,0.93171793,3.9522238,-0.288807,-0.35941982,-0.52613264,0.115979366,0.9035739,3.9156668
2.565026044845581,-0.28541666,-0.3504699,-0.50822073,0.11971271,0.8937035,3.7885182,-0.20490122,-0.23039134,-1.145694,0.7464625,-0.26113838,4.333546,-0.2930918,-0.36301064,-0.50414175,0.14813364,0.8861608,3.8909886,-0.28985566,-0.3591722,-0.5243255,0.1238107,0.8581227,3.854082
2.5670268535614014,-0.28643173,-0.3502228,-0.50641805,0.12727202,0.90823126,3.7677095,-0.20719366,-0.22888108,-1.1462163,0.75512964,-0.16367415,4.306773,-0.29409653,-0.36269882,-0.5023694,0.15591562,0.9608114,3.9093952,-0.2909009,-0.35890916,-0.52260923,0.13151887,0.9336104,3.8725328
2.5690276622772217,-0.28744316,-0.34996063,-0.50458634,0.13478959,0.9227351,3.746792,-0.20948674,-0.22735359,-1.1465436,0.76374316,-0.1928689,4.2077146,-0.2950974,-0.36237136,-0.5004478,0.1637344,0.91533476,3.8480527,-0.29194236,-0.35863063,-0.520742,0.13926394,0.888247,3.8108175
2.571028470993042,-0.2884509,-0.34968346,-0.50272566,0.14226519,0.9372165,3.725763,-0.2117806,-0.22580928,-1.1469294,0.77215856,-0.09522042,4.1797986,-0.29609466,-0.36202848,-0.49861714,0.17143051,0.98978573,3.8661668,-0.29298028,-0.35833687,-0.5189655,0.14688557,0.963553,3.8289568
2.5730292797088623,-0.28945488,-0.34939137,-0.500836,0.14969859,0.9516771,3.7046192,-0.21407484,-0.22424825,-1.1471199,0.7805182,-0.12402176,4.0798936,-0.29708794,-0.36167017,-0.49663758,0.17916285,0.9443839,3.8047295,-0.29401436,-0.3580278,-0.5170384,0.15454349,0.918274,3.7671204
2.5750300884246826,-0.29045504,-0.34908444,-0.49891746,0.15708958,0.9661105,3.6833727,-0.21636957,-0.22267088,-1.147368,0.788678,-0.026193187,4.050858,-0.29807743,-0.36129662,-0.4947488,0.1867723,1.0186285,3.8225694,-0.29504478,-0.35770363,-0.51520187,0.16207772,0.99339306,3.7849572
2.577030897140503,-0.29145133,-0.34876278,-0.49697003,0.16443796,0.9805186,3.6620216,-0.21866441,-0.22107732,-1.1474203,0.7967797,-0.05460998,3.9501266,-0.29906285,-0.3609078,-0.49271154,0.19441745,0.9733031,3.7610328,-0.2960712,-0.35736433,-0.51321507,0.16964763,0.9481951,3.7230072
2.5790317058563232,-0.2924437,-0.34842646,-0.4949938,0.17174353,0.994899,3.64057,-0.22095947,-0.21946797,-1.1475295,0.80467993,0.043385625,3.9200025,-0.3000444,-0.3605039,-0.49076495,0.20193951,1.0473362,3.77861,-0.29709384,-0.35701013,-0.5113187,0.17709365,1.0231208,3.7405546
2.5810325145721436,-0.2934321,-0.34807557,-0.49298882,0.17900605,1.0092537,3.619014,-0.22325435,-0.21784292,-1.1474427,0.8125199,0.015338665,3.8184776,-0.30102172,-0.36008492,-0.48867026,0.20949672,1.0020838,3.716982,-0.2981124,-0.35664096,-0.50927246,0.18457477,0.97800183,3.6784961
2.5830330848693848,-0.2944163,-0.34771022,-0.4909554,0.1862245,1.0235767,3.597366,-0.22554918,-0.2162026,-1.1474121,0.8201569,0.11349407,3.7873027,-0.30199507,-0.35965106,-0.48666608,0.21693069,1.0759164,3.7343028,-0.299127,-0.3562571,-0.50731647,0.19193175,1.0527318,3.6957617
2.585033893585205,-0.29539657,-0.34733045,-0.48889312,0.19340041,1.0378722,3.5756185,-0.22784355,-0.21454714,-1.1471851,0.8277315,0.08581175,3.6850023,-0.3029641,-0.35920227,-0.48451424,0.2243993,1.0307344,3.6725986,-0.30013743,-0.35585847,-0.505211,0.19932328,1.007689,3.6336048
2.5870347023010254,-0.29637265,-0.34693635,-0.48680225,0.2005327,1.0521381,3.5537758,-0.23013759,-0.21287695,-1.1470134,0.8351015,0.18411529,3.6528,-0.303929,-0.35873878,-0.48245278,0.2317445,1.1043501,3.6896608,-0.30114383,-0.3554453,-0.50319564,0.20659049,1.0822183,3.6505976
2.5890355110168457,-0.29734454,-0.34652802,-0.4846829,0.2076212,1.0663743,3.5318384,-0.23243088,-0.21119213,-1.1466452,0.8424071,0.15678748,3.549738,-0.3048895,-0.35826054,-0.48024407,0.23912382,1.0592371,3.6278813,-0.3021459,-0.3550175,-0.5010312,0.21389169,1.0372506,3.5883455
2.591036319732666,-0.29831216,-0.34610555,-0.48253506,0.21466571,1.0805758,3.5098164,-0.23472354,-0.20949312,-1.1463317,0.84950656,0.25522834,3.5165577,-0.30584574,-0.3577678,-0.4781256,0.24637958,1.1326308,3.6447053,-0.3031438,-0.35457537,-0.4989567,0.22106838,1.1115758,3.6050744
2.5930371284484863,-0.29927546,-0.34566903,-0.48035887,0.22166607,1.0947483,3.487699,-0.23701519,-0.20778003,-1.1458212,0.85653967,0.22824247,3.4127629,-0.30679744,-0.35726047,-0.47586033,0.253669,1.0875887,3.582848,-0.30413726,-0.3541188,-0.49673355,0.22827853,1.0666804,3.542736
2.5950379371643066,-0.30023438,-0.34521854,-0.47815433,0.22862208,1.1088878,3.4654942,-0.23930591,-0.2060533,-1.1453648,0.8633652,0.32680747,3.3786285,-0.3077448,-0.3567388,-0.47368515,0.2608347,1.1607662,3.5994399,-0.30512646,-0.35364807,-0.49460018,0.235364,1.1407958,3.5592103
2.597038745880127,-0.30118886,-0.3447542,-0.47592154,0.2355336,1.1229911,3.443209,-0.24159534,-0.20431305,-1.1447111,0.87012243,0.3001579,3.2741165,-0.30868754,-0.35620275,-0.4713636,0.26803356,1.1157873,3.5375235,-0.3061111,-0.3531631,-0.49231857,0.24248242,1.0959713,3.4967902
2.5990395545959473,-0.30213884,-0.34427604,-0.47366056,0.24240042,1.1370611,3.4208372,-0.24388357,-0.20255971,-1.1441108,0.87667066,0.39883956,3.2390814,-0.3096258,-0.35565254,-0.46913204,0.2751086,1.188742,3.553885,-0.30709136,-0.35266414,-0.49012664,0.249476,1.1698748,3.5130196
2.6010403633117676,-0.30308425,-0.3437842,-0.47137147,0.24922241,1.1510966,3.3983822,-0.2461702,-0.20079342,-1.1433132,0.88314885,0.3725083,3.1338913,-0.3105593,-0.3550881,-0.46675456,0.28221637,1.1438297,3.4919033,-0.30806693,-0.35215113,-0.4877869,0.25650203,1.1251193,3.4505243
2.603041172027588,-0.30402505,-0.34327877,-0.46905434,0.2559994,1.1650968,3.3758469,-0.24845533,-0.19901459,-1.1425681,0.88941664,0.47128803,3.0979798,-0.31148824,-0.3545097,-0.4644669,0.2892002,1.216553,3.5080488,-0.309038,-0.3516243,-0.48553666,0.2634031,1.1988057,3.4665174
2.605041980743408,-0.3049612,-0.34275982,-0.46670923,0.2627312,1.1790568,3.35324,-0.2507386,-0.19722337,-1.1416255,0.8956126,0.4452662,2.9921398,-0.31241232,-0.35391727,-0.4620338,0.29621628,1.1717067,3.4460123,-0.3100043,-0.35108364,-0.48313907,0.27033612,1.1541194,3.4039497
2.6070427894592285,-0.30589262,-0.34222746,-0.46433622,0.2694177,1.1929848,3.3305452,-0.25302005,-0.19542018,-1.140735,0.9015969,0.5441341,2.9554045,-0.3133317,-0.35331106,-0.4596904,0.3031083,1.2442039,3.461941,-0.31096596,-0.35052934,-0.48083082,0.277144,1.2275857,3.4197154
2.609043598175049,-0.30681926,-0.34168175,-0.46193537,0.27605873,1.206872,3.3077817,-0.25529933,-0.19360515,-1.1396468,0.9075077,0.51840687,2.8489387,-0.3142461,-0.352691,-0.457202,0.3100322,1.1994219,3.3998551,-0.3119227,-0.34996137,-0.47837564,0.28398344,1.1829654,3.3570843
2.611044406890869,-0.30774108,-0.3411228,-0.45950678,0.28265414,1.2207211,3.2849443,-0.25757656,-0.19177875,-1.13861,0.9132056,0.6173498,2.8114228,-0.31515568,-0.35205734,-0.45480314,0.3168319,1.2716842,3.4155803,-0.3128747,-0.34938,-0.47600973,0.2906976,1.2562075,3.3726292
2.6130452156066895,-0.308658,-0.34055072,-0.45705053,0.28920376,1.2345334,3.2620306,-0.2598513,-0.1899411,-1.1373754,0.9188285,0.59190595,2.7043605,-0.31606022,-0.35141,-0.45225978,0.32366306,1.2269669,3.353441,-0.3138217,-0.3487851,-0.4734973,0.29744285,1.2116534,3.3099377
2.6150460243225098,-0.30956998,-0.33996555,-0.4545667,0.2957075,1.2483051,3.239048,-0.2621237,-0.18809262,-1.1361915,0.9242372,0.6909088,2.6661031,-0.31695983,-0.35074925,-0.44980586,0.33036995,1.2989931,3.3689754,-0.31476384,-0.348177,-0.471074,0.30406272,1.2846702,3.3252676
2.61704683303833,-0.310477,-0.33936742,-0.45205534,0.30216515,1.2620367,3.2159967,-0.26439333,-0.18623348,-1.1348096,0.9295694,0.66573054,2.5584822,-0.31785426,-0.35007504,-0.44720787,0.3371079,1.2543426,3.3067915,-0.31570086,-0.34755555,-0.46850464,0.31071326,1.2401801,3.262524
2.6190476417541504,-0.31137893,-0.3387564,-0.44951653,0.3085766,1.2757277,3.192878,-0.26666027,-0.18436411,-1.1334782,0.93468636,0.7647809,2.519533,-0.31874365,-0.3493876,-0.44469917,0.34372148,1.3261309,3.322127,-0.3166329,-0.34692106,-0.46602428,0.3172383,1.3129648,3.2776499
2.6210484504699707,-0.31227577,-0.33813262,-0.44695038,0.31494176,1.2893789,3.1696901,-0.26892418,-0.18248466,-1.1319486,0.9397254,0.73985815,2.4113853,-0.31962773,-0.34868684,-0.4420469,0.35036573,1.2815442,3.259898,-0.3175597,-0.34627348,-0.46339834,0.3237936,1.26854,3.2148538
2.623049259185791,-0.31316745,-0.33749616,-0.44435695,0.32126045,1.3029902,3.146434,-0.2711851,-0.18059556,-1.1304688,0.9445482,0.83893263,2.371798,-0.3205067,-0.34797308,-0.43948382,0.35688552,1.3530962,3.2750478,-0.31848142,-0.34561303,-0.46086127,0.3302233,1.3410925,3.2297833
2.6250500679016113,-0.31405392,-0.3368471,-0.44173634,0.32753256,1.3165565,3.123121,-0.2734427,-0.17869698,-1.128791,0.94929177,0.8142488,2.2631512,-0.32138026,-0.3472462,-0.43677762,0.36343563,1.3085756,3.2127879,-0.31939778,-0.34493968,-0.4581791,0.33668286,1.2967316,3.16694
2.6270508766174316,-0.31493512,-0.33618554,-0.4390886,0.33375794,1.3300812,3.0997438,-0.27569702,-0.17678934,-1.1271625,0.9538181,0.9133454,2.2229564,-0.32224858,-0.34650648,-0.43416047,0.36986122,1.3798804,3.2277553,-0.32030895,-0.34425366,-0.45558563,0.34301674,1.3690479,3.1816785
2.629051685333252,-0.31581098,-0.33551157,-0.43641388,0.3399365,1.343565,3.0763018,-0.2779477,-0.17487282,-1.1253358,0.958264,0.88887674,2.1138647,-0.3231114,-0.34575385,-0.43140072,0.37631673,1.3354282,3.1654534,-0.32121465,-0.34355488,-0.45284754,0.3493801,1.32475,3.118795
2.6310524940490723,-0.31668147,-0.33482528,-0.4337122,0.34606808,1.3570035,3.0528042,-0.28019482,-0.17294784,-1.123558,0.96249175,0.9879736,2.073129,-0.32396886,-0.34498855,-0.42872986,0.38264763,1.4064862,3.180257,-0.32211503,-0.34284365,-0.45019805,0.3556177,1.3968283,3.1333518
2.6330533027648926,-0.31754652,-0.33412677,-0.4309837,0.35215262,1.370398,3.0292487,-0.28243798,-0.17101456,-1.1215822,0.966638,0.96371275,1.9636173,-0.3248207,-0.34421054,-0.42591688,0.38900813,1.3621017,3.1179242,-0.32300985,-0.34211987,-0.44740438,0.36188442,1.3525945,3.0704296
2.635054111480713,-0.31840608,-0.33341613,-0.4282284,0.35818994,1.3837516,3.0056298,-0.2846773,-0.16907343,-1.1196548,0.97056526,1.0627893,1.9223922,-0.32566708,-0.34342006,-0.42319268,0.39524397,1.4329087,3.1325636,-0.32389924,-0.3413838,-0.4446992,0.36802527,1.4244293,3.084813
2.637054920196533,-0.3192601,-0.33269346,-0.42544648,0.36417997,1.3970581,2.98196,-0.28691235,-0.16712461,-1.1175292,0.97441006,1.0387137,1.8125027,-0.32650775,-0.34261703,-0.42032686,0.4015091,1.3885953,3.0701945,-0.32478294,-0.34063542,-0.44185033,0.3741949,1.3802586,3.021858
2.6390554904937744,-0.3201084,-0.33195895,-0.4226383,0.37012187,1.4103175,2.9582388,-0.28914326,-0.16516854,-1.1154517,0.9780351,1.1377561,1.7708361,-0.32734284,-0.34180173,-0.41754967,0.4076495,1.459146,3.084673,-0.32566112,-0.33987495,-0.4390898,0.3802386,1.4518485,3.036074
2.6410562992095947,-0.3209512,-0.3312125,-0.4198033,0.37601694,1.423536,2.934457,-0.29136962,-0.16320539,-1.1131762,0.98157674,1.1138482,1.6606096,-0.3281721,-0.3409741,-0.41463137,0.41381884,1.4148995,3.0222807,-0.3265335,-0.33910233,-0.4361861,0.38631073,1.4077438,2.9730864
2.643057107925415,-0.32178828,-0.3304543,-0.41694188,0.3818644,1.4367087,2.9106226,-0.2935915,-0.16123559,-1.1109486,0.984898,1.2128428,1.6185591,-0.3289957,-0.34013435,-0.41180158,0.4198634,1.4852008,3.0366077,-0.32740024,-0.3383178,-0.43337062,0.3922569,1.479085,2.987142
2.6450579166412354,-0.32261962,-0.32968444,-0.41405416,0.3876641,1.4498341,2.8867402,-0.29580855,-0.15925932,-1.1085229,0.9881351,1.1890845,1.5080315,-0.32981336,-0.33928248,-0.40883118,0.4259366,1.4410263,2.9741898,-0.32826105,-0.33752134,-0.43041244,0.39823118,1.4350457,2.9241266
2.6470587253570557,-0.32344514,-0.32890302,-0.41114023,0.393416,1.4629143,2.8628051,-0.29802084,-0.15727702,-1.1061447,0.99115115,1.2880117,1.4656447,-0.33062527,-0.33841872,-0.40594912,0.431885,1.5110755,2.9883714,-0.32911614,-0.3367132,-0.42754236,0.40407944,1.5061358,2.9380295
2.649059534072876,-0.32426482,-0.32811016,-0.40820017,0.39911994,1.4759476,2.8388221,-0.30022797,-0.15528885,-1.1035687,0.99408245,1.2643844,1.3548667,-0.33143112,-0.337543,-0.40292695,0.43786174,1.4669758,2.9259322,-0.3299652,-0.33589327,-0.4245301,0.4099555,1.462162,2.8749917
2.6510603427886963,-0.3250786,-0.32730594,-0.4052341,0.40477586,1.4889349,2.8147893,-0.30243006,-0.15329526,-1.1010399,0.9967922,1.3632257,1.3122064,-0.3322311,-0.3366556,-0.399993,0.4437136,1.5367668,2.939968,-0.3308084,-0.33506185,-0.42160577,0.41570547,1.5329989,2.8887496
2.6530611515045166,-0.32588643,-0.32649043,-0.40224206,0.41038364,1.5018743,2.7907114,-0.3046267,-0.15129644,-1.0983135,0.9994166,1.3397105,1.2012156,-0.33302495,-0.3357564,-0.39691946,0.44959354,1.4927452,2.8775046,-0.3316455,-0.3342189,-0.41853976,0.42148298,1.4890938,2.8256886
2.655061960220337,-0.32668823,-0.32566378,-0.3992242,0.4159432,1.5147665,2.7665873,-0.30681798,-0.1492928,-1.095634,1.001819,1.4384496,1.1583343,-0.3338128,-0.3348457,-0.39393398,0.45534855,1.562273,2.8914137,-0.33247662,-0.3333646,-0.4155616,0.42713436,1.5596738,2.8393087
2.6570627689361572,-0.32748395,-0.32482603,-0.39618057,0.42145446,1.5276097,2.742421,-0.3090035,-0.14728452,-1.0927571,1.0041357,1.4150233,1.0471851,-0.33459443,-0.33392343,-0.39080945,0.4611314,1.518335,2.828925,-0.3333015,-0.33249897,-0.41244224,0.432813,1.5158383,2.7762296
2.6590635776519775,-0.32827356,-0.32397732,-0.39311132,0.4269173,1.5404081,2.7182033,-0.31118336,-0.14527206,-1.0899271,1.0062301,1.5136398,1.0041435,-0.33536997,-0.33298984,-0.38777277,0.46678925,1.5875942,2.8427176,-0.33412033,-0.33162224,-0.40941057,0.43836546,1.5861588,2.7897177
2.661064386367798,-0.329057,-0.3231177,-0.3900165,0.43233165,1.5531538,2.6939528,-0.31335717,-0.14325559,-1.0868998,1.0082384,1.4902855,0.8928678,-0.33613917,-0.3320449,-0.38459757,0.4724747,1.5437433,2.7802024,-0.3349328,-0.33073434,-0.40623826,0.4439449,1.5423936,2.7266238
2.663065195083618,-0.32983425,-0.32224733,-0.38689622,0.43769744,1.5658549,2.6696527,-0.31552503,-0.14123555,-1.0839192,1.0100242,1.5887616,0.8497216,-0.3369022,-0.33108884,-0.38151008,0.4780351,1.6127412,2.793881,-0.3357391,-0.32983553,-0.40315348,0.44939816,1.6124517,2.739992
2.6650660037994385,-0.3306052,-0.32136625,-0.3837506,0.44301456,1.5785038,2.6453185,-0.3176865,-0.1392121,-1.0807416,1.0117236,1.5654556,0.7383789,-0.33765876,-0.3301216,-0.3782846,0.48362285,1.5689774,2.7313538,-0.33653897,-0.3289258,-0.39992857,0.45487815,1.5687606,2.6768854
2.667066812515259,-0.33136985,-0.3204746,-0.38057968,0.44828296,1.5911075,2.6209369,-0.3198417,-0.13718571,-1.0776107,1.0132004,1.6637716,0.6951913,-0.33840907,-0.32914343,-0.37514666,0.48908556,1.6377056,2.7449222,-0.33733255,-0.3280053,-0.39679104,0.46023193,1.6385531,2.6901393
2.669067621231079,-0.3321281,-0.31957245,-0.37738362,0.45350254,1.6036612,2.596518,-0.32199028,-0.13515653,-1.0742832,1.0145907,1.640492,0.58382946,-0.3391528,-0.3281543,-0.37187123,0.4945754,1.5940301,2.6823878,-0.33811957,-0.32707408,-0.39351395,0.4656122,1.5949394,2.6270208
2.6710684299468994,-0.33287996,-0.3186599,-0.3741625,0.4586732,1.616163,2.5720665,-0.3241323,-0.133125,-1.0710022,1.0157584,1.738635,0.54064494,-0.33989018,-0.32715443,-0.36868316,0.4999402,1.6624848,2.6958704,-0.3389002,-0.32613236,-0.39032406,0.47086623,1.6644633,2.6401718
2.6730692386627197,-0.33362535,-0.31773704,-0.3709164,0.46379492,1.6286159,2.547576,-0.32626733,-0.13109133,-1.067525,1.0168397,1.7153575,0.42930868,-0.3406209,-0.32614377,-0.3653582,0.50533193,1.6189148,2.6333067,-0.3396742,-0.32518005,-0.38699514,0.47614658,1.6209297,2.5770435
2.67507004737854,-0.3343642,-0.316804,-0.36764544,0.4688676,1.6410203,2.5230463,-0.32839552,-0.12905593,-1.0640943,1.0176984,1.8132981,0.3862036,-0.34134513,-0.32512257,-0.36212036,0.51059854,1.6870955,2.6467068,-0.3404417,-0.32421744,-0.38375327,0.48130065,1.690183,2.5900984
2.6770708560943604,-0.3350965,-0.31586084,-0.3643497,0.47389117,1.6533748,2.498482,-0.33051646,-0.12701899,-1.0604677,1.0184708,1.7900076,0.27493924,-0.34206262,-0.32409078,-0.35874617,0.51589197,1.643635,2.5841238,-0.34120244,-0.32324448,-0.3803729,0.48648086,1.6467341,2.5269623
2.6790716648101807,-0.3358222,-0.3149077,-0.3610293,0.47886556,1.6656772,2.4738863,-0.33263025,-0.12498095,-1.0568877,1.0190207,1.8877324,0.23196444,-0.34277353,-0.32304865,-0.35545892,0.5210602,1.7115413,2.5974545,-0.3419566,-0.32226142,-0.37707946,0.4915348,1.7157122,2.5399358
2.681072473526001,-0.3365412,-0.31394464,-0.3576843,0.4837907,1.6779312,2.4492538,-0.33473647,-0.12294198,-1.0531123,1.0194846,1.8643997,0.12082885,-0.3434776,-0.32199615,-0.35203582,0.52625513,1.6681914,2.5348547,-0.34270388,-0.3212682,-0.37364805,0.49661466,1.6723524,2.4767923
2.6830732822418213,-0.3372535,-0.31297177,-0.3543149,0.4886665,1.6901325,2.4245923,-0.33683524,-0.12090252,-1.0493835,1.0197263,1.9618912,0.07804181,-0.344175,-0.3209335,-0.34869945,0.53132486,1.7358207,2.5481455,-0.3434445,-0.32026505,-0.37030333,0.50156826,1.7410543,2.4896932
2.6850740909576416,-0.33795902,-0.31198922,-0.3509211,0.49349293,1.7022846,2.3998952,-0.33892617,-0.118862756,-1.0454597,1.0198823,1.9384967,-0.03291858,-0.34486547,-0.31986064,-0.3452278,0.5364212,1.6925932,2.4855182,-0.34417814,-0.31925195,-0.36682123,0.50654763,1.6977894,2.4265437
2.687074899673462,-0.33865774,-0.31099704,-0.34750304,0.49826992,1.7143852,2.3751693,-0.34100932,-0.11682312,-1.0415827,1.0198165,2.0357332,-0.07545711,-0.34554917,-0.31877786,-0.34184262,0.5413922,1.759948,2.4987826,-0.344905,-0.31822914,-0.36342564,0.5114007,1.7662108,2.439388
2.6890757083892822,-0.3393496,-0.30999535,-0.3440608,0.5029974,1.7264369,2.350408,-0.34308434,-0.11478379,-1.0375112,1.0196656,2.012254,-0.186195,-0.3462258,-0.31768507,-0.33832273,0.54638976,1.716852,2.4361277,-0.34562477,-0.31719658,-0.35989323,0.51627946,1.7230449,2.376235
2.6910765171051025,-0.34003454,-0.30898425,-0.34059453,0.50767535,1.7384337,2.3256257,-0.3451513,-0.11274521,-1.0334867,1.0192932,2.109212,-0.2284239,-0.34689558,-0.31658253,-0.33488902,0.551262,1.7839291,2.449403,-0.34633768,-0.3161545,-0.35644713,0.5210319,1.7911847,2.3890383
2.693077325820923,-0.34071252,-0.30796385,-0.3371043,0.51230365,1.7503808,2.3008108,-0.34720984,-0.11070754,-1.0292683,1.0188364,2.085625,-0.33888572,-0.34755823,-0.31547022,-0.33132118,0.5561608,1.7409716,2.3867097,-0.3470434,-0.31510288,-0.35286477,0.52581,1.7481269,2.3258762
2.695077896118164,-0.3413834,-0.30693436,-0.33359063,0.51688176,1.7622746,2.2759714,-0.34926003,-0.10867122,-1.025097,1.0181586,2.182294,-0.3807542,-0.3482139,-0.31434834,-0.32783923,0.56093425,1.8077856,2.4000206,-0.34774214,-0.31404194,-0.3493685,0.5304617,1.8159833,2.338661
2.6970787048339844,-0.3420473,-0.30589563,-0.3300528,0.5214107,1.7741164,2.2511058,-0.3513015,-0.10663643,-1.0207324,1.017397,2.158577,-0.49088702,-0.34886235,-0.31321687,-0.32422367,0.56573427,1.7649744,2.337282,-0.3484336,-0.31297165,-0.34573653,0.535139,1.7730397,2.2754915
2.6990795135498047,-0.34270412,-0.3048479,-0.32649133,0.5258898,1.7859097,2.2262075,-0.3533343,-0.104603596,-1.0164152,1.0164152,2.2549293,-0.53232986,-0.34950373,-0.31207606,-0.32069373,0.5704088,1.8315245,2.3506947,-0.349118,-0.31189227,-0.34219044,0.53969,1.8406118,2.288282
2.701080322265625,-0.34335378,-0.30379125,-0.32290632,0.5303191,1.7976487,2.2012877,-0.35535812,-0.102572896,-1.0119054,1.0153506,2.2310596,-0.64208955,-0.3501378,-0.31092584,-0.31703067,0.5751102,1.78886,2.2878878,-0.349795,-0.31080374,-0.33850923,0.5442666,1.7977918,2.225098
2.7030811309814453,-0.34399626,-0.3027258,-0.31929788,0.5346985,1.8093352,2.176344,-0.357373,-0.100544766,-1.0074433,1.0140665,2.327075,-0.6830409,-0.3507647,-0.30976647,-0.31345296,0.579686,1.8551774,2.3014507,-0.35046485,-0.3097063,-0.33491364,0.5487168,1.8650826,2.2379224
2.7050819396972656,-0.3446315,-0.30165163,-0.3156661,0.539028,1.8209705,2.1513755,-0.35937858,-0.09851936,-1.0027891,1.0127003,2.303029,-0.7923767,-0.35138416,-0.3085979,-0.3097426,0.5842889,1.8126553,2.2385464,-0.3511272,-0.30859992,-0.33118346,0.5531926,1.8223926,2.1747189
2.707082748413086,-0.34525943,-0.30056885,-0.3120111,0.5433075,1.8325522,2.1263852,-0.36137494,-0.09649713,-0.9981831,1.0111156,2.3986943,-0.83278835,-0.3519964,-0.30742037,-0.3061173,0.588766,1.8787597,2.252341,-0.3517823,-0.30748484,-0.32753867,0.557542,1.8894061,2.1876209
2.7090835571289062,-0.34588003,-0.29947755,-0.30833295,0.54753697,1.8440838,2.1013682,-0.36336172,-0.094478235,-0.9933857,1.00945,2.374451,-0.94165045,-0.3526011,-0.30623382,-0.3023598,0.59327066,1.836361,2.189282,-0.3524298,-0.306361,-0.32375985,0.56191725,1.846852,2.1243865
2.7110843658447266,-0.34649324,-0.29837784,-0.3046318,0.5517164,1.855559,2.0763369,-0.36533898,-0.0924631,-0.9886368,1.0075667,2.4697473,-0.9814717,-0.3531985,-0.3050385,-0.29868707,0.5976492,1.9022951,2.2034104,-0.35306993,-0.30522865,-0.32006615,0.56616604,1.9135985,2.1374147
2.713085174560547,-0.34709904,-0.29726982,-0.30090773,0.5558457,1.8669826,2.051282,-0.36730638,-0.09045189,-0.9836973,1.0056038,2.445283,-1.0898081,-0.35378826,-0.3038344,-0.29488248,0.602056,1.8599578,2.1401205,-0.3537024,-0.30408776,-0.31623897,0.5704409,1.871183,2.0741274
2.715085983276367,-0.34769735,-0.2961536,-0.29716086,0.55992484,1.8783557,2.026202,-0.369264,-0.08844504,-0.97880673,1.0034242,2.5401845,-1.1289704,-0.3543706,-0.30262172,-0.29116255,0.6063363,1.9257911,2.1546595,-0.35432738,-0.30293858,-0.3124966,0.57458913,1.9376811,2.087344
2.7170867919921875,-0.34828815,-0.29502925,-0.29339132,0.56395376,1.8896731,2.0011082,-0.37121147,-0.0864427,-0.9737264,1.0011662,2.5154812,-1.236737,-0.3549452,-0.30140042,-0.28731096,0.6106456,1.8834206,2.0909984,-0.35494462,-0.30178106,-0.30862123,0.57876384,1.8953961,2.023974
2.719087600708008,-0.34887138,-0.2938969,-0.28959915,0.5679325,1.9009367,1.9759966,-0.37314886,-0.08444531,-0.9686954,0.99869275,2.6099696,-1.2751898,-0.3555123,-0.30017078,-0.28354412,0.6148276,1.9492166,2.1060488,-0.35555428,-0.30061543,-0.30483043,0.5828118,1.9616762,2.037456
2.721088409423828,-0.349447,-0.29275665,-0.2857845,0.5718609,1.9121482,1.9508649,-0.37507582,-0.08245303,-0.96347547,0.9961424,2.5849984,-1.38233,-0.3560716,-0.2989327,-0.27964568,0.61903965,1.9066445,2.0418456,-0.3561561,-0.29944167,-0.30090708,0.5868867,1.9194957,1.9739536
2.7230892181396484,-0.35001498,-0.29160857,-0.2819475,0.5757391,1.9233079,1.9257128,-0.37699243,-0.08046627,-0.9583055,0.99337775,2.6790621,-1.4200217,-0.35662326,-0.29768646,-0.27583238,0.62312335,1.9724835,2.057421,-0.35675025,-0.29826,-0.2970681,0.5908346,1.9856011,1.9877923
2.7250900268554688,-0.35057524,-0.29045278,-0.2780882,0.5795669,1.9344114,1.9005494,-0.37889832,-0.0784852,-0.9529474,0.9905377,2.653806,-1.5264997,-0.35716704,-0.296432,-0.27188742,0.6272382,1.9295114,1.9924687,-0.35733643,-0.29707038,-0.2930969,0.5948102,1.9434698,1.924071
2.727090835571289,-0.35112777,-0.28928939,-0.27420676,0.58334434,1.9454615,1.8753695,-0.3807936,-0.07651023,-0.94763976,0.9874847,2.7474258,-1.5633892,-0.3577031,-0.29516953,-0.2680284,0.63122314,1.9954531,2.0085006,-0.35791487,-0.29587308,-0.28920996,0.5986583,2.0094576,1.9383674
2.7290916442871094,-0.3516725,-0.28811848,-0.27030325,0.5870714,1.9564592,1.8501717,-0.38267788,-0.07454151,-0.94214493,0.9843579,2.7218642,-1.6691526,-0.35823116,-0.29389906,-0.2640375,0.63524014,1.9519159,1.9426676,-0.35848525,-0.29466802,-0.28519106,0.60253507,1.9672714,1.8742951
2.7310924530029297,-0.3522094,-0.2869402,-0.2663778,0.590748,1.967402,1.8249613,-0.3845513,-0.07257947,-0.9367012,0.9810196,2.8150136,-1.7051651,-0.35875142,-0.2926208,-0.26013365,0.63912547,2.0179856,1.9590274,-0.35904777,-0.29345545,-0.28125653,0.60628366,2.0332165,1.8891219
2.73309326171875,-0.3527384,-0.2857546,-0.26243052,0.5943742,1.9782888,1.7997413,-0.38641343,-0.070624255,-0.93107116,0.9776093,2.789123,-1.8101673,-0.3592636,-0.29133472,-0.25609767,0.6430435,1.9738427,1.8923371,-0.35960215,-0.2922353,-0.2771901,0.6100619,1.990811,1.8245256
2.7350940704345703,-0.3532595,-0.28456178,-0.2584615,0.59794986,1.9891231,1.7745051,-0.38826442,-0.06867628,-0.92549294,0.97398895,2.881789,-1.8452616,-0.3597679,-0.29004106,-0.25215,0.6468282,2.040022,1.90889,-0.36014858,-0.2910079,-0.27320847,0.61371094,2.0567844,1.8399051
2.7370948791503906,-0.35377264,-0.28336185,-0.25447085,0.60147506,1.9999026,1.7492579,-0.39010388,-0.06673568,-0.91972935,0.9702984,2.8555539,-1.9494607,-0.36026406,-0.28873977,-0.24806996,0.650646,1.9953693,1.8414979,-0.36068678,-0.28977314,-0.2690949,0.61739075,2.0139625,1.7745945
2.739095687866211,-0.3542778,-0.28215492,-0.2504587,0.6049497,2.010628,1.7239974,-0.39193192,-0.06480288,-0.9140183,0.9663995,2.9477212,-1.9835969,-0.36075222,-0.28743112,-0.24407922,0.65432894,2.0616333,1.858146,-0.3612169,-0.28853124,-0.26506698,0.62093997,2.0800202,1.7904617
2.7410964965820312,-0.3547749,-0.2809411,-0.24642512,0.6083738,2.0212977,1.6987296,-0.39374816,-0.06287801,-0.90812284,0.9624323,2.9211235,-2.0869577,-0.36123213,-0.28611502,-0.23995595,0.65804523,2.0165918,1.7902768,-0.3617387,-0.2872822,-0.26090693,0.6245209,2.0366259,1.7243131
2.7430973052978516,-0.3552639,-0.2797205,-0.24237026,0.6117474,2.031916,1.6734452,-0.39555272,-0.060961496,-0.90228057,0.9582584,3.0127676,-2.1200793,-0.361704,-0.28479177,-0.23592277,0.6616258,2.0829046,1.8069956,-0.36225238,-0.28602627,-0.25683367,0.6279695,2.1027906,1.7405306
2.745098114013672,-0.35574475,-0.27849317,-0.23829421,0.61507034,2.0424764,1.6481571,-0.39734524,-0.05905346,-0.896255,0.95401824,2.9857807,-2.2225485,-0.3621675,-0.2834613,-0.23175696,0.6652398,2.037572,1.738797,-0.36275765,-0.28476337,-0.2526281,0.6314506,2.0587945,1.67357
2.747098922729492,-0.35621744,-0.27725926,-0.2341971,0.6183427,2.0529819,1.62286,-0.3991258,-0.057154313,-0.89028347,0.94957316,3.0768948,-2.2546191,-0.36262286,-0.28212386,-0.22768182,0.6687174,2.1039124,1.7555723,-0.36325467,-0.28349376,-0.2485105,0.63479775,2.1250536,1.6900045
2.7490997314453125,-0.3566819,-0.27601886,-0.23007901,0.6215644,2.0634317,1.5975568,-0.40089408,-0.055264186,-0.8841297,0.94506395,3.0495064,-2.3561587,-0.3630698,-0.28077942,-0.223474,0.6722285,2.0583348,1.6871452,-0.3637432,-0.2822174,-0.24426039,0.63817775,2.0805407,1.6224067
2.751100540161133,-0.35713813,-0.27477205,-0.22594006,0.6247355,2.073827,1.5722437,-0.40265015,-0.053383484,-0.8780307,0.9403516,3.1400678,-2.3871207,-0.36350852,-0.2794282,-0.21935733,0.6756028,2.1246889,1.7039969,-0.3642234,-0.28093457,-0.24009931,0.64142257,2.1468635,1.6389743
2.753101110458374,-0.35758597,-0.2735191,-0.22178088,0.62785554,2.0841646,1.5469301,-0.40439364,-0.05151233,-0.8717506,0.9355774,3.112263,-2.4877038,-0.36393875,-0.27807018,-0.21510795,0.6790108,2.0788946,1.6353629,-0.364695,-0.27964517,-0.23580559,0.6447005,2.1019573,1.5709406
2.7551019191741943,-0.35802552,-0.2722598,-0.21760057,0.6309253,2.0944505,1.5216024,-0.40612468,-0.049651127,-0.8655261,0.930602,3.2022536,-2.5175216,-0.36436066,-0.27670562,-0.21095015,0.68228155,2.1452534,1.6522882,-0.36515823,-0.2783495,-0.23160167,0.6478424,2.168312,1.5876129
2.7571027278900146,-0.3584567,-0.27099442,-0.21339974,0.6339444,2.1046793,1.4962724,-0.40784293,-0.047799993,-0.85912156,0.925567,3.1740146,-2.6171126,-0.364774,-0.27533445,-0.20665964,0.68558615,2.0992458,1.583475,-0.36561275,-0.27704746,-0.22726505,0.6510176,2.1231008,1.519297
2.759103536605835,-0.35887945,-0.26972306,-0.20917849,0.6369128,2.1148517,1.4709389,-0.4095485,-0.045959327,-0.85277355,0.92033273,3.263426,-2.6457496,-0.3651789,-0.27395695,-0.20246115,0.6887531,2.1656132,1.6004605,-0.3660588,-0.27573934,-0.22301884,0.6540562,2.1894646,1.5360703
2.7611043453216553,-0.35929373,-0.2684458,-0.20493695,0.6398305,2.124968,1.4456029,-0.411241,-0.044129245,-0.8462467,0.9150412,3.2347333,-2.7443037,-0.36557516,-0.27257305,-0.19812992,0.6919541,2.1194,1.5314884,-0.3664961,-0.2744251,-0.21863991,0.65712833,2.1439955,1.4675614
2.7631051540374756,-0.35969952,-0.26716274,-0.20067522,0.6426976,2.135027,1.4202658,-0.41292053,-0.04231014,-0.83977723,0.9095526,3.3235488,-2.7717242,-0.36596295,-0.271183,-0.19389112,0.69501704,2.1857655,1.5485486,-0.3669248,-0.27310497,-0.21435192,0.66006345,2.2103562,1.4844396
2.765105962753296,-0.36009675,-0.265874,-0.19639342,0.6455139,2.1450315,1.3949224,-0.41458678,-0.040502124,-0.8331301,0.9040091,3.2943916,-2.8692148,-0.36634198,-0.26978678,-0.18951958,0.69811416,2.1393461,1.4794217,-0.36734465,-0.2717789,-0.20993121,0.66303235,2.1646497,1.4157774
2.767106771469116,-0.3604854,-0.26457968,-0.19209166,0.6482795,2.154977,1.3695829,-0.41623986,-0.038705584,-0.82654136,0.89827067,3.382596,-2.895373,-0.36671245,-0.26838464,-0.1852409,0.701073,2.205714,1.4965503,-0.36775586,-0.2704472,-0.20560192,0.66586393,2.2310014,1.4327601
2.7691075801849365,-0.3608654,-0.26327989,-0.18777005,0.6509944,2.1648679,1.344239,-0.4178794,-0.036920622,-0.8197762,0.8924799,3.3529615,-2.99177,-0.3670741,-0.2669765,-0.18082947,0.7040661,2.1590915,1.4272693,-0.36815813,-0.26910973,-0.20113991,0.6687294,2.185067,1.3639688
2.771108388900757,-0.36123678,-0.2619747,-0.18342872,0.6536586,2.174699,1.3189003,-0.41950554,-0.03514763,-0.81307024,0.88649637,3.440537,-3.0166264,-0.3674271,-0.26556265,-0.17651129,0.7069206,2.225461,1.444459,-0.36855167,-0.2677668,-0.19676977,0.67145735,2.2514048,1.3810577
2.773109197616577,-0.36159942,-0.26066422,-0.17906778,0.6562721,2.1844754,1.2935586,-0.4211179,-0.033386704,-0.8061892,0.8804631,3.4104102,-3.111898,-0.36777124,-0.26414302,-0.17206037,0.70980954,2.178635,1.375038,-0.3689362,-0.26641837,-0.19226697,0.6742195,2.2052448,1.3121535
2.7751100063323975,-0.36195332,-0.25934857,-0.17468733,0.65883493,2.1941962,1.2682152,-0.42271665,-0.031638224,-0.7993684,0.8742393,3.4973495,-3.1354349,-0.36810663,-0.2627179,-0.1677031,0.71255964,2.2450004,1.3922985,-0.36931193,-0.2650647,-0.18785648,0.6768438,2.2715666,1.3293502
2.7771108150482178,-0.36229843,-0.25802785,-0.17028749,0.66134703,2.203857,1.2428795,-0.4243014,-0.029902287,-0.79237366,0.86796844,3.4667184,-3.2295556,-0.36843306,-0.2612872,-0.1632131,0.71534425,2.1979783,1.3227311,-0.36967856,-0.26370567,-0.18331334,0.67950255,2.2251856,1.2603356
2.779111623764038,-0.36263472,-0.25670215,-0.16586837,0.66380847,2.21346,1.2175475,-0.42587227,-0.028179267,-0.7854402,0.8615093,3.5530035,-3.2517319,-0.3687507,-0.25985125,-0.15881714,0.7179897,2.264343,1.3400532,-0.37003627,-0.26234162,-0.17886297,0.6820232,2.2914891,1.2776388
2.7811124324798584,-0.36296216,-0.25537157,-0.1614301,0.66621923,2.2230072,1.1922152,-0.42742893,-0.026469255,-0.7783342,0.85500586,3.5218554,-3.344675,-0.36905926,-0.25840992,-0.15428846,0.7206698,2.2171218,1.2703556,-0.37038484,-0.26097247,-0.17428,0.6845785,2.2448862,1.2085248
2.7831132411956787,-0.36328068,-0.25403622,-0.1569728,0.6685793,2.2324924,1.1668956,-0.4289715,-0.024772622,-0.7712905,0.8483165,3.60748,-3.3654668,-0.369359,-0.2569635,-0.14985421,0.7232105,2.2834811,1.2877405,-0.3707244,-0.2595985,-0.16979022,0.6869955,2.31117,1.2259344
2.785114049911499,-0.36359027,-0.2526962,-0.15249656,0.67088866,2.2419212,1.1415778,-0.43049964,-0.02308945,-0.7640755,0.8415856,3.5758042,-3.4572022,-0.36964956,-0.2555119,-0.14528725,0.725786,2.2360594,1.2179235,-0.37105474,-0.2582196,-0.16516788,0.6894474,2.2643452,1.1567302
2.7871148586273193,-0.3638909,-0.2513516,-0.14800152,0.67314744,2.251291,1.1162673,-0.43201348,-0.021420108,-0.7569239,0.8346712,3.6607518,-3.476582,-0.3699312,-0.25405547,-0.14081512,0.72822183,2.3024123,1.2353789,-0.371376,-0.2568361,-0.1606392,0.69176084,2.3306072,1.1742476
2.7891156673431396,-0.3641825,-0.25000253,-0.1434878,0.67535555,2.2606044,1.0909606,-0.4335127,-0.019764673,-0.74960244,0.827718,3.628542,-3.5671062,-0.3702036,-0.25259408,-0.1362103,0.73069257,2.254788,1.1654269,-0.37168798,-0.25544786,-0.15597798,0.6941093,2.2835646,1.1049538
2.79111647605896,-0.36446506,-0.2486491,-0.1389555,0.67751306,2.2698543,1.0656707,-0.43499738,-0.018123506,-0.74234533,0.8205838,3.7128127,-3.5850606,-0.370467,-0.25112805,-0.13170071,0.7330234,2.3211284,1.1829518,-0.3719908,-0.25405523,-0.15141085,0.6963192,2.3498023,1.1225796
2.7931172847747803,-0.36473852,-0.24729142,-0.13440475,0.67961997,2.279048,1.0403827,-0.43646723,-0.016496679,-0.7349197,0.8134137,3.6800606,-3.6743433,-0.37072113,-0.24965727,-0.12705845,0.7353893,2.2733083,1.1128937,-0.37228423,-0.2526581,-0.14671125,0.6985644,2.3025384,1.0532078
2.7951180934906006,-0.36500287,-0.24592955,-0.12983567,0.68167627,2.2881804,1.0151099,-0.43792236,-0.014884549,-0.7275596,0.80606496,3.7636333,-3.690844,-0.37096617,-0.24818204,-0.12251183,0.7376151,2.3396447,1.1304785,-0.37256846,-0.25125676,-0.14210618,0.70067084,2.3687522,1.0709391
2.797118902206421,-0.36525807,-0.24456364,-0.12524837,0.683682,2.297254,0.989845,-0.43936244,-0.013287183,-0.72003233,0.7986833,3.7303298,-3.7788706,-0.37120184,-0.2467023,-0.117832534,0.7398761,2.2916334,1.0602956,-0.3728432,-0.24985114,-0.13736866,0.70281273,2.321271,1.0014918
2.799119710922241,-0.36550406,-0.24319376,-0.120642975,0.68563724,2.306268,0.9645914,-0.44078758,-0.011704932,-0.7125717,0.79112554,3.813199,-3.7938924,-0.37142834,-0.2452183,-0.113249265,0.7419967,2.3579583,1.077951,-0.37310866,-0.2484415,-0.13272612,0.7048157,2.3874578,1.0193338
2.8011205196380615,-0.3657408,-0.24182002,-0.11601961,0.68754196,2.31522,0.9393533,-0.44219747,-0.010137856,-0.70494527,0.78353775,3.779333,-3.880639,-0.37164542,-0.24373001,-0.108533345,0.7441526,2.3097458,1.0076661,-0.37336457,-0.2470278,-0.1279512,0.70685434,2.3397553,0.9498217
2.803121328353882,-0.3659683,-0.24044251,-0.11137839,0.6893962,2.3241103,0.9141313,-0.44359225,-0.008586303,-0.6973866,0.77577645,3.8614907,-3.894166,-0.37185326,-0.24223767,-0.10391385,0.74616796,2.3760638,1.0253862,-0.37361112,-0.2456103,-0.123271696,0.708754,2.4059143,0.96777403
2.805122137069702,-0.36618647,-0.23906136,-0.10671944,0.69119996,2.3329432,0.8889169,-0.4449716,-0.007050327,-0.68966365,0.7679881,3.8270607,-3.979625,-0.3720516,-0.24074124,-0.09916172,0.7482187,2.327656,0.9549886,-0.37384805,-0.24418892,-0.118459865,0.71068954,2.3579936,0.8981971
2.8071229457855225,-0.36639532,-0.23767664,-0.10204288,0.6929533,2.3417122,0.8637228,-0.4463356,-0.0055302694,-0.6820095,0.76002884,3.9084969,-3.9916427,-0.3722406,-0.23924097,-0.09450641,0.7501287,2.3939586,0.97277975,-0.37407553,-0.24276395,-0.11374388,0.7124859,2.4241219,0.91626316
2.8091235160827637,-0.3665948,-0.23628862,-0.097349405,0.694656,2.3504207,0.83854467,-0.447684,-0.0040261783,-0.67419255,0.7520456,3.8735003,-4.075807,-0.37242004,-0.23773682,-0.0897185,0.75207424,2.3453534,0.9022917,-0.37429333,-0.24133532,-0.10889564,0.71431845,2.375982,0.8466294
2.811124324798584,-0.36678487,-0.23489709,-0.092638,0.6963086,2.3590667,0.81338423,-0.44901687,-0.0025383902,-0.66644555,0.743894,3.9542086,-4.0863066,-0.3725901,-0.23622906,-0.08502779,0.75387883,2.4116402,0.9201564,-0.37450162,-0.2399033,-0.10414367,0.7160117,2.4420786,0.8648084
2.8131251335144043,-0.3669655,-0.2335023,-0.08790936,0.6979109,2.36765,0.78824264,-0.45033395,-0.0010669475,-0.65853715,0.73572135,3.9186378,-4.1691594,-0.3727505,-0.23471762,-0.08020451,0.7557191,2.3628407,0.8495637,-0.37470013,-0.23846781,-0.09925951,0.7177413,2.3937168,0.79512686
2.8151259422302246,-0.36713666,-0.23210435,-0.08316361,0.6994629,2.3761723,0.76311713,-0.45163536,0.00038781867,-0.65069985,0.727383,3.9986162,-4.178127,-0.37290144,-0.23320279,-0.07547883,0.7574183,2.4291112,0.86750096,-0.37488908,-0.23702915,-0.09447208,0.71933156,2.4597812,0.8134178
2.817126750946045,-0.36729828,-0.23070334,-0.07840087,0.7009646,2.3846326,0.7380103,-0.45292076,0.0018258722,-0.64270264,0.71902674,3.9624698,-4.259667,-0.37304267,-0.23168448,-0.070620604,0.7591533,2.3801165,0.7968241,-0.3750682,-0.23558724,-0.08955252,0.7209584,2.411201,0.7436904
2.8191275596618652,-0.36745036,-0.22929938,-0.07362127,0.7024162,2.3930264,0.7129321,-0.4541903,0.0032468871,-0.6347777,0.7105074,4.041711,-4.2671027,-0.3731744,-0.23016298,-0.06586037,0.76074696,2.4463687,0.81483907,-0.37523764,-0.23414235,-0.08473012,0.7224458,2.4772294,0.76210064
2.8211283683776855,-0.36759287,-0.22789258,-0.06882494,0.70381755,2.401358,0.68787265,-0.4554437,0.0046508336,-0.6266943,0.7019732,4.004987,-4.3473163,-0.37329632,-0.22863823,-0.06096763,0.7623766,2.397167,0.74408066,-0.3753972,-0.2326944,-0.07977566,0.72397,2.428428,0.69233346
2.823129177093506,-0.36772576,-0.22648302,-0.064012,0.7051688,2.409627,0.6628341,-0.45668107,0.006037391,-0.61868435,0.69327855,4.083476,-4.353208,-0.37340868,-0.2271105,-0.0561733,0.76386476,2.4634006,0.762169,-0.37554705,-0.2312437,-0.07491881,0.7253547,2.494419,0.71086264
2.825129985809326,-0.367849,-0.2250708,-0.05918258,0.70646995,2.4178293,0.6378249,-0.4579021,0.007406535,-0.6105174,0.68457216,4.0461707,-4.432095,-0.37351117,-0.22557972,-0.051246498,0.7653891,2.4140053,0.69132805,-0.3756869,-0.22979015,-0.069929965,0.7267764,2.445397,0.64106375
2.8271307945251465,-0.36796257,-0.22365603,-0.054336816,0.7077211,2.4259677,0.61283916,-0.45910695,0.008757951,-0.60242504,0.675708,4.1239176,-4.4364376,-0.373604,-0.22404619,-0.046418488,0.76677173,2.480218,0.70949435,-0.375817,-0.22833404,-0.06503917,0.7280586,2.5113497,0.6597138
2.829131603240967,-0.36806643,-0.22223881,-0.04947483,0.7089223,2.434041,0.58788085,-0.46029532,0.010091621,-0.5941772,0.6668351,4.0860276,-4.5139894,-0.3736869,-0.2225098,-0.04145805,0.76819074,2.4306269,0.6385829,-0.37593704,-0.22687529,-0.060016472,0.729378,2.462105,0.5898862
2.831132411956787,-0.36816055,-0.22081923,-0.044596758,0.7100736,2.442049,0.5629485,-0.46146733,0.011407236,-0.58600515,0.6578072,4.163023,-4.5167837,-0.3737601,-0.22097087,-0.036596797,0.7694679,2.4968188,0.6568287,-0.37604722,-0.22541417,-0.05509226,0.73055774,2.528016,0.6086621
2.8331332206726074,-0.3682449,-0.2193974,-0.039702725,0.711175,2.4499922,0.5380442,-0.46262267,0.012704783,-0.5776791,0.6487736,4.124553,-4.5930033,-0.37382331,-0.2194293,-0.031603158,0.7707816,2.447024,0.58584857,-0.3761473,-0.22395062,-0.05003623,0.73177505,2.4785473,0.5388122
2.8351340293884277,-0.36831942,-0.21797341,-0.034792867,0.7122266,2.4578705,0.5131658,-0.46376154,0.013983958,-0.56943,0.6395876,4.200792,-4.594244,-0.37387672,-0.21788539,-0.02670911,0.7719533,2.5131936,0.60417795,-0.37623745,-0.22248492,-0.045079134,0.7328527,2.544417,0.5577124
2.837134838104248,-0.36838412,-0.21654737,-0.029867316,0.7132285,2.4656782,0.4883257,-0.4648836,0.015244757,-0.5610284,0.6303991,4.1617393,-4.669128,-0.37392008,-0.21633907,-0.021682722,0.77316165,2.4631915,0.5331373,-0.37631744,-0.22101697,-0.0399903,0.73396814,2.4947245,0.4878461
2.8391356468200684,-0.36843893,-0.21511938,-0.024926208,0.71418077,2.4734225,0.46351075,-0.465989,0.01648688,-0.55270493,0.62106085,4.237224,-4.668822,-0.37395358,-0.21479061,-0.016756339,0.7742279,2.5293338,0.5515569,-0.37638745,-0.2195471,-0.03500085,0.7349438,2.5605493,0.5068762
2.8411364555358887,-0.36848384,-0.21368952,-0.019969676,0.71508336,2.4810965,0.43873394,-0.46707746,0.017710326,-0.54423046,0.6117232,4.1975904,-4.742378,-0.37397698,-0.21323995,-0.01169767,0.775331,2.4791336,0.4804563,-0.3764472,-0.21807517,-0.02987975,0.73595756,2.510631,0.43700162
2.843137264251709,-0.36851883,-0.21225792,-0.014997855,0.7159364,2.4887025,0.41399255,-0.46814913,0.018914804,-0.53583527,0.6022384,4.2723193,-4.740527,-0.37399045,-0.21168737,-0.006739403,0.7762919,2.5452454,0.4989706,-0.3764969,-0.2166015,-0.024858488,0.73683155,2.5764098,0.45616353
2.8451380729675293,-0.36854386,-0.21082465,-0.010010883,0.71674,2.4962416,0.38928246,-0.4692037,0.020100318,-0.52729064,0.59275734,4.232106,-4.8127475,-0.37399375,-0.2101328,-0.0016489122,0.77728987,2.4948359,0.4278211,-0.3765363,-0.21512602,-0.019705668,0.73774385,2.5262651,0.3862847
2.8471388816833496,-0.36855888,-0.20938984,-0.0050088977,0.7174942,2.50371,0.36461225,-0.47024137,0.021266581,-0.5188264,0.58313185,4.306073,-4.80935,-0.37398708,-0.2085765,0.0033407598,0.7781455,2.5609183,0.44642702,-0.3765656,-0.21364899,-0.014653137,0.73851645,2.5919955,0.405581
2.84913969039917,-0.3685639,-0.20795356,7.965136e-06,0.7181991,2.5111125,0.3399737,-0.4712618,0.022413608,-0.51021427,0.57351315,4.265283,-4.8802514,-0.37397015,-0.20701842,0.008462597,0.77903837,2.510309,0.37523365,-0.37658453,-0.21217033,-0.009469146,0.7393276,2.5416212,0.33570588
2.8511404991149902,-0.36855885,-0.20651591,0.005039566,0.71885467,2.5184424,0.31537932,-0.47226515,0.023541113,-0.5016837,0.56375265,4.338494,-4.87532,-0.37394318,-0.20545885,0.013483215,0.77978885,2.5763602,0.39393273,-0.3765933,-0.21069033,-0.0043859035,0.739999,2.6073017,0.3551388
2.8531413078308105,-0.3685437,-0.205077,0.010085763,0.7194611,2.5257022,0.29082322,-0.47325116,0.024649117,-0.49300674,0.554002,4.2971263,-4.944889,-0.3739059,-0.2038977,0.018635936,0.7805767,2.5255384,0.32269734,-0.37659162,-0.20920892,0.00082870014,0.74070925,2.5566988,0.28526992
2.855142116546631,-0.36851847,-0.20363694,0.015146412,0.72001845,2.532891,0.26630998,-0.47421998,0.025737341,-0.4844125,0.5441122,4.3695784,-4.938438,-0.3738585,-0.20233525,0.023687012,0.7812221,2.591555,0.34149754,-0.37657973,-0.20772636,0.005942098,0.7412798,2.622327,0.30484402
2.857142925262451,-0.3684831,-0.20219581,0.020221375,0.7205268,2.5400097,0.2418375,-0.47517133,0.026805812,-0.47567335,0.53423536,4.3276453,-5.006703,-0.37380078,-0.20077144,0.028870123,0.7819051,2.5405262,0.27022752,-0.37655735,-0.20624258,0.0111867525,0.7418895,2.571491,0.23499337
2.8591437339782715,-0.36843756,-0.2007537,0.025310509,0.72098625,2.5470552,0.21741048,-0.47610536,0.027854256,-0.46701807,0.52422196,4.3993406,-4.998729,-0.3737329,-0.19920655,0.033951174,0.78244555,2.6065044,0.28913036,-0.3765247,-0.20475785,0.016329736,0.74235946,2.6370647,0.25471184
2.861144542694092,-0.36838183,-0.19931073,0.030413669,0.72139686,2.5540297,0.19302699,-0.4770218,0.028882705,-0.45821938,0.51422447,4.35684,-5.065685,-0.37365457,-0.1976405,0.039164186,0.78302383,2.5552614,0.21784566,-0.37648147,-0.20327212,0.021603866,0.7428689,2.5859978,0.18487956
2.863145351409912,-0.36831585,-0.19786699,0.03553071,0.7217587,2.5609303,0.16869134,-0.47792083,0.029890891,-0.4495057,0.5040931,4.4277787,-5.056208,-0.37356603,-0.19607358,0.04427471,0.78345954,2.6212044,0.23686029,-0.37642792,-0.20178564,0.026775861,0.7432387,2.6515152,0.20474577
2.8651461601257324,-0.3682396,-0.19642256,0.040661484,0.72207195,2.5677576,0.14440194,-0.47880214,0.030878853,-0.44065014,0.4939807,4.3847127,-5.121857,-0.373467,-0.1945057,0.049517117,0.7839333,2.5697422,0.16555408,-0.37636375,-0.20029834,0.032078892,0.7436482,2.600212,0.13494158
2.8671467304229736,-0.36815313,-0.19497773,0.04580523,0.7223366,2.5745103,0.120165095,-0.4796659,0.031846326,-0.4318807,0.483737,4.454895,-5.1108856,-0.37335768,-0.19293718,0.054656602,0.7842644,2.635641,0.18468185,-0.3762892,-0.1988105,0.037279315,0.74391806,2.6656704,0.1549606
2.869147539138794,-0.36805633,-0.19353224,0.050963026,0.72255284,2.5811887,0.09597701,-0.48051184,0.032793358,-0.42297092,0.4735152,4.4112744,-5.175246,-0.37323782,-0.19136791,0.059927884,0.78463376,2.5839648,0.113371454,-0.37620395,-0.19732204,0.042610656,0.744228,2.6141293,0.0851921
2.8711483478546143,-0.3679492,-0.19208638,0.05613411,0.7227207,2.587793,0.07183803,-0.48134014,0.03371969,-0.41414836,0.46316472,4.4807067,-5.1628003,-0.3731076,-0.18979819,0.06509581,0.7848605,2.6498199,0.1326181,-0.3761083,-0.19583325,0.047838915,0.7443984,2.6795275,0.10536498
2.8731491565704346,-0.36783168,-0.19064023,0.06131833,0.7228403,2.5943208,0.047754623,-0.48215052,0.034625366,-0.40518695,0.4528391,4.436532,-5.2258797,-0.37296683,-0.18822794,0.070395455,0.78512573,2.5979261,0.061296765,-0.3760019,-0.19434403,0.053197972,0.7446091,2.627748,0.035635166
2.875149965286255,-0.3677038,-0.18919387,0.066515535,0.72291183,2.600772,0.02372505,-0.48294315,0.03551014,-0.39631388,0.44238734,4.5052166,-5.2119684,-0.37281564,-0.18665744,0.07559131,0.78524834,2.6637337,0.080665246,-0.37588498,-0.19285467,0.05845347,0.7446804,2.6930823,0.055969343
2.877150774002075,-0.3675655,-0.18774743,0.07172557,0.7229353,2.6071475,-0.00025041163,-0.48371774,0.03637407,-0.38730344,0.4319634,4.4604917,-5.2737684,-0.3726538,-0.18508662,0.08091878,0.7854097,2.6116173,0.009352496,-0.3757573,-0.1913651,0.06383964,0.74479234,2.6410606,-0.0137114655
2.8791515827178955,-0.36741677,-0.186301,0.076948285,0.7229109,2.613445,-0.024167322,-0.4844745,0.0372169,-0.37838244,0.42141587,4.52843,-5.2584085,-0.37248152,-0.18351577,0.08614202,0.7854284,2.6773796,0.028842984,-0.37561905,-0.18987556,0.069121756,0.7447649,2.70633,0.0067849057
2.881152391433716,-0.36725757,-0.18485466,0.082183525,0.72283864,2.6196642,-0.04802531,-0.48521316,0.0380387,-0.36932558,0.41089904,4.483158,-5.318931,-0.37229854,-0.1819448,0.09149678,0.7854861,2.6250358,-0.042463705,-0.37546998,-0.18838601,0.074534416,0.7447785,2.654064,-0.06284092
2.883153200149536,-0.36708787,-0.18340851,0.087431125,0.7227187,2.6258054,-0.07182416,-0.48593387,0.038839225,-0.36035925,0.4002612,4.550354,-5.3021293,-0.37210503,-0.180374,0.096746854,0.78540117,2.690744,-0.02283796,-0.3753103,-0.1868967,0.079842545,0.7446528,2.7192657,-0.042177938
2.8851540088653564,-0.3669077,-0.18196265,0.09269094,0.7225512,2.6318665,-0.09556134,-0.4866364,0.039618537,-0.35125855,0.38965693,4.504547,-5.3614006,-0.37190077,-0.17880328,0.10212834,0.7853555,2.6381757,-0.09412393,-0.37513974,-0.18540756,0.085281074,0.74456847,2.6667547,-0.11174374
2.8871548175811768,-0.36671695,-0.18051717,0.0979628,0.72233635,2.6378465,-0.11923249,-0.4873209,0.040376406,-0.34224945,0.37893412,4.5710006,-5.3431706,-0.37168595,-0.17723295,0.107404694,0.7851673,2.7038295,-0.07436198,-0.37495852,-0.18391888,0.09061459,0.744345,2.7318854,-0.09090634
2.889155626296997,-0.36651567,-0.17907217,0.10324654,0.72207415,2.6437469,-0.14284141,-0.4879871,0.041112904,-0.33310744,0.36824778,4.5246634,-5.401198,-0.37146032,-0.17566292,0.112812355,0.78501856,2.6510315,-0.14562258,-0.37476635,-0.18243055,0.09607836,0.7441632,2.6791263,-0.1604051
2.8911564350128174,-0.3663038,-0.17762774,0.10854201,0.7217648,2.649569,-0.16638985,-0.4886352,0.041827794,-0.32405812,0.3574454,4.5903826,-5.38158,-0.37122408,-0.17409347,0.11811442,0.78472733,2.7166286,-0.12571657,-0.3745635,-0.18094286,0.101436615,0.7438424,2.7441845,-0.1393917
2.8931572437286377,-0.36608133,-0.17618398,0.113849044,0.72140837,2.6553078,-0.1898691,-0.48926497,0.04252116,-0.31487736,0.34668222,4.5435185,-5.4383717,-0.37097698,-0.17252451,0.12354767,0.7844759,2.6635962,-0.19694072,-0.37434962,-0.17945574,0.10692498,0.74356365,2.6911728,-0.20881426
2.895158052444458,-0.3658482,-0.17474099,0.11916748,0.721005,2.6609614,-0.21327265,-0.48987654,0.04319277,-0.30579033,0.33580548,4.608503,-5.417355,-0.37071922,-0.17095634,0.12887487,0.78408206,2.7291331,-0.17688808,-0.374125,-0.17796946,0.112307325,0.743146,2.7561557,-0.18761939
2.8971588611602783,-0.36560446,-0.17329884,0.124497145,0.72055495,2.6665337,-0.23661047,-0.4904697,0.04384271,-0.29657334,0.32497075,4.5611167,-5.4729195,-0.37045056,-0.16938889,0.13433313,0.7837283,2.675862,-0.24806762,-0.37388936,-0.17648391,0.11781964,0.7427708,2.7028894,-0.25695756
2.8991596698760986,-0.36535004,-0.17185763,0.12983787,0.72005826,2.6720243,-0.25988033,-0.4910446,0.04447076,-0.28745112,0.31402493,4.6253757,-5.4505405,-0.3701712,-0.16782242,0.13968486,0.78323215,2.7413392,-0.22786735,-0.3736429,-0.1749994,0.12322541,0.7422569,2.7677937,-0.2355762
2.901160478591919,-0.36508492,-0.17041746,0.1351895,0.7195151,2.677427,-0.28307122,-0.49160102,0.045077007,-0.27820036,0.30312383,4.5774765,-5.504887,-0.36988086,-0.16625687,0.14516753,0.7827764,2.6878278,-0.29900074,-0.37338537,-0.17351583,0.128761,0.7417857,2.714271,-0.304823
2.9031612873077393,-0.36480907,-0.16897842,0.14055185,0.7189256,2.6827443,-0.30618733,-0.4921391,0.045661237,-0.2690454,0.29211405,4.64101,-5.4811516,-0.36957976,-0.16469252,0.15054318,0.7821784,2.7532332,-0.27863207,-0.373117,-0.17203347,0.13418953,0.74117607,2.7790961,-0.28325245
2.9051620960235596,-0.3645225,-0.16754062,0.14592476,0.7182899,2.6879783,-0.32923007,-0.49265862,0.04622354,-0.2597634,0.28115174,4.592599,-5.534297,-0.36926767,-0.16312928,0.15604965,0.78162116,2.6994765,-0.3496957,-0.3728375,-0.17055225,0.13974772,0.7406096,2.7253137,-0.35240266
2.90716290473938,-0.36422515,-0.16610414,0.15130804,0.7176082,2.6931217,-0.35218856,-0.49315977,0.046763707,-0.2505782,0.27008316,4.6554184,-5.509223,-0.36894476,-0.16156743,0.16144861,0.78092176,2.7648137,-0.3291644,-0.37254712,-0.16907245,0.14519835,0.73990476,2.7900562,-0.33063698
2.9091637134552,-0.36391702,-0.16466907,0.15670153,0.7168806,2.69818,-0.37507126,-0.4936423,0.047281835,-0.24126735,0.2590647,4.606504,-5.561169,-0.3686108,-0.16000691,0.16697824,0.7802634,2.7108111,-0.400156,-0.37224555,-0.16759396,0.15077846,0.7392435,2.7360113,-0.39968354
2.9111645221710205,-0.36359808,-0.16323549,0.16210507,0.71610737,2.703151,-0.39787552,-0.4941064,0.04777772,-0.23205435,0.24794236,4.6686063,-5.5347743,-0.368266,-0.15844798,0.17239986,0.7794631,2.7760777,-0.37945238,-0.37193304,-0.16611707,0.15625048,0.73844415,2.800667,-0.37771386
2.913165330886841,-0.36326832,-0.1618035,0.16751845,0.7152886,2.7080317,-0.4205924,-0.49455184,0.048251465,-0.22271714,0.2368728,4.6191974,-5.585542,-0.3679101,-0.15689057,0.17795202,0.7787042,2.7218187,-0.45036942,-0.37160933,-0.1646417,0.16185181,0.7376887,2.7463548,-0.44664738
2.915166139602661,-0.3629277,-0.1603732,0.17294152,0.7144244,2.7128253,-0.44323036,-0.4949788,0.04870287,-0.21347874,0.22570172,4.680592,-5.5578475,-0.3675433,-0.15533496,0.18339565,0.7778035,2.7870116,-0.42949176,-0.37127465,-0.1631681,0.16734453,0.7367954,2.8109217,-0.4244715
2.9171669483184814,-0.36257625,-0.15894467,0.17837408,0.713515,2.7175272,-0.465778,-0.49538702,0.04913204,-0.20411757,0.21458602,4.6306863,-5.607425,-0.36716536,-0.15378107,0.18896967,0.7769445,2.7324998,-0.50031793,-0.3709287,-0.16169621,0.17296638,0.7359465,2.756343,-0.49328405
2.9191677570343018,-0.3622139,-0.157518,0.18381596,0.71256053,2.722138,-0.4882398,-0.49577674,0.049538784,-0.1948562,0.20337117,4.6913743,-5.5784407,-0.3667765,-0.15222919,0.19443467,0.7759439,2.79761,-0.4792516,-0.37057173,-0.16022629,0.17847906,0.7349599,2.8208187,-0.47089717
2.921168565750122,-0.36184067,-0.1560933,0.18926696,0.71156126,2.726657,-0.5106111,-0.4961477,0.04992321,-0.18547344,0.19221428,4.6409774,-5.6268435,-0.36637643,-0.15067922,0.2000299,0.7749854,2.7428398,-0.5499795,-0.3702035,-0.15875825,0.1841207,0.7340181,2.7659647,-0.53957856
2.9231691360473633,-0.36145657,-0.1546708,0.19472627,0.71051747,2.731083,-0.53288877,-0.49650007,0.05028513,-0.17619148,0.1809606,4.700966,-5.596587,-0.3659654,-0.14913145,0.20551558,0.7738854,2.80787,-0.52872115,-0.3698242,-0.15729238,0.18965264,0.73293895,2.8303478,-0.5169769
2.9251699447631836,-0.36106148,-0.15325028,0.200195,0.709429,2.7354145,-0.5550731,-0.49683365,0.050624665,-0.16678955,0.16976742,4.650089,-5.643833,-0.36554313,-0.1475858,0.21113132,0.772828,2.7528346,-0.5993513,-0.36943358,-0.15582857,0.19531333,0.731905,2.7752197,-0.5855224
2.927170753479004,-0.36065546,-0.15183197,0.2056723,0.7082963,2.7396543,-0.5771678,-0.49714863,0.050941624,-0.15748937,0.15847975,4.7093854,-5.612334,-0.36510986,-0.14604254,0.21663699,0.7716293,2.817778,-0.5778955,-0.36903185,-0.1543671,0.20086378,0.73073393,2.839505,-0.5626966
2.929171562194824,-0.36023846,-0.15041597,0.21115798,0.70711946,2.7437973,-0.5991621,-0.49744478,0.051236134,-0.1480706,0.14725508,4.6580305,-5.6584215,-0.36466533,-0.1445016,0.22227255,0.7704735,2.7624767,-0.6484023,-0.36861876,-0.1529079,0.20654279,0.72960854,2.7840974,-0.6310986
2.9311723709106445,-0.35981047,-0.14900237,0.21665186,0.7058987,2.7478456,-0.62105954,-0.4977223,0.05150801,-0.13875455,0.13593823,4.7166305,-5.6256704,-0.36420974,-0.14296325,0.2277975,0.76917666,2.8273304,-0.6267374,-0.36819452,-0.1514512,0.21211098,0.72834635,2.8482835,-0.60804534
2.933173179626465,-0.35937148,-0.14759126,0.22215374,0.70463425,2.751798,-0.64286023,-0.49798095,0.051757384,-0.12932129,0.12468688,4.6648016,-5.6706114,-0.36374283,-0.1414274,0.23345216,0.7679232,2.7717547,-0.6971235,-0.3677589,-0.14999694,0.21780755,0.72713023,2.7925909,-0.67628986
2.935173988342285,-0.3589215,-0.14618273,0.22766343,0.7033263,2.7556505,-0.664553,-0.49822095,0.051984075,-0.11999169,0.11334566,4.7227206,-5.6366415,-0.36326483,-0.13989434,0.23899567,0.7665289,2.836513,-0.6752448,-0.3673121,-0.14854538,0.22339272,0.7257776,2.856675,-0.65300494
2.9371747970581055,-0.35846046,-0.14477685,0.23318073,0.701975,2.75941,-0.6861524,-0.49844205,0.05218822,-0.110546246,0.10207237,4.670422,-5.680436,-0.3627755,-0.13836397,0.24466869,0.76517844,2.7806656,-0.74548626,-0.3668539,-0.14709644,0.22910607,0.7244716,2.800699,-0.72109014
2.939175605773926,-0.3579884,-0.14337373,0.23870546,0.7005806,2.763067,-0.707641,-0.49864447,0.052369643,-0.1012054,0.090711504,4.7276573,-5.6452503,-0.36227503,-0.1368366,0.25023,0.7636875,2.8453302,-0.72339094,-0.36638448,-0.14565039,0.23470746,0.72302943,2.8646772,-0.6975642
2.941176414489746,-0.35750526,-0.14197344,0.24423741,0.69914335,2.7666273,-0.72902733,-0.49882796,0.052528486,-0.091750085,0.079421006,4.674889,-5.687896,-0.36176318,-0.13531213,0.25592068,0.7622407,2.7891963,-0.7934882,-0.36590362,-0.14420712,0.2404368,0.7216343,2.8084104,-0.7654818
2.9431772232055664,-0.35701105,-0.14057606,0.24977638,0.6976634,2.770083,-0.75029767,-0.49899277,0.052664574,-0.08240031,0.068045214,4.731448,-5.6515145,-0.36124018,-0.13379082,0.26149908,0.76065373,2.853761,-0.7711655,-0.36541152,-0.14276691,0.24605362,0.7201034,2.87228,-0.741711
2.9451780319213867,-0.35650575,-0.13918169,0.25532216,0.696141,2.773442,-0.77146727,-0.49913865,0.052778058,-0.072937414,0.056742184,4.678217,-5.6930137,-0.36070576,-0.1322726,0.2672066,0.7591114,2.797346,-0.8411111,-0.36490792,-0.14132966,0.25179818,0.71861994,2.8157203,-0.80944693
2.947178840637207,-0.35598934,-0.1377904,0.26087457,0.6945764,2.776696,-0.79251826,-0.49926582,0.05286877,-0.06358098,0.045356154,4.734103,-5.655449,-0.36016017,-0.13075775,0.2728013,0.7574292,2.8618062,-0.81855345,-0.36439306,-0.13989566,0.25742963,0.717001,2.879478,-0.78542465
2.9491796493530273,-0.3554618,-0.13640228,0.2664334,0.69296974,2.7798474,-0.813457,-0.49937403,0.05293686,-0.054112777,0.034045257,4.6804123,-5.6958127,-0.35960314,-0.12924616,0.27852494,0.7557921,2.8051004,-0.88832974,-0.3638667,-0.13846481,0.2631886,0.7154302,2.8226223,-0.8529752
2.9511804580688477,-0.35492316,-0.13501742,0.2719984,0.6913213,2.7828958,-0.83428097,-0.49946353,0.052982166,-0.044751953,0.022653632,4.73563,-5.6570663,-0.35903487,-0.12773813,0.28413513,0.75401545,2.8694522,-0.86553013,-0.36332902,-0.13703737,0.26883385,0.71372426,2.8862638,-0.8286922
2.953181266784668,-0.35437337,-0.13363591,0.2775694,0.68963134,2.7858396,-0.85498744,-0.4995341,0.053004846,-0.035280693,0.011339499,4.681479,-5.69629,-0.35845512,-0.12623356,0.28987405,0.7522844,2.8124511,-0.9351306,-0.3627798,-0.13561323,0.27460638,0.7120669,2.8291073,-0.8960495
2.9551820755004883,-0.35381243,-0.13225782,0.2831462,0.68790007,2.7886775,-0.87557447,-0.49958593,0.05300474,-0.025917735,-5.308166e-05,4.736032,-5.6563807,-0.3578641,-0.12473273,0.29549894,0.75041413,2.8766932,-0.9120822,-0.36221927,-0.13419269,0.2802646,0.7102748,2.8926313,-0.8715033
2.9571828842163086,-0.3532403,-0.13088323,0.28872856,0.6861277,2.7914093,-0.8960398,-0.49961883,0.05298201,-0.01644567,-0.011365844,4.6814227,-5.6944623,-0.3572616,-0.12323555,0.30125234,0.74859,2.8193932,-0.9814826,-0.3616472,-0.13277562,0.28604984,0.7085318,2.8351696,-0.93865365
2.959183692932129,-0.35265702,-0.12951224,0.2943163,0.68431455,2.7940345,-0.9163837,-0.49963298,0.0529365,-0.0070828246,-0.02275477,4.7353196,-5.653406,-0.35664782,-0.1217423,0.3068911,0.74662703,2.8835173,-0.9581704,-0.36106375,-0.1313623,0.29172018,0.7066545,2.8985744,-0.9138419
2.961184501647949,-0.35206255,-0.1281449,0.29990914,0.6824608,2.7965496,-0.93659854,-0.49962822,0.052868377,0.0023878152,-0.03406158,4.680254,-5.690344,-0.3560225,-0.12025288,0.31265816,0.7447107,2.8259125,-1.0273889,-0.36046872,-0.12995265,0.29751733,0.70482683,2.840805,-0.98078
2.9631853103637695,-0.35145688,-0.12678131,0.30550694,0.6805667,2.798961,-0.95669657,-0.49960473,0.05277749,0.011748323,-0.04544227,4.7334986,-5.648141,-0.3553859,-0.11876757,0.31831,0.74265593,2.8899212,-1.0038172,-0.35986233,-0.12854692,0.30319893,0.70286524,2.9040837,-0.9556885
2.96518611907959,-0.35084,-0.12542155,0.31110945,0.67863256,2.801258,-0.97665787,-0.4995623,0.052664015,0.02121532,-0.05673855,4.6779714,-5.6839213,-0.35473773,-0.11728627,0.32408983,0.74064827,2.832011,-1.072821,-0.35924432,-0.12714502,0.3090071,0.70095384,2.846003,-1.0224054
2.96718692779541,-0.35021192,-0.124065705,0.31671643,0.6766586,2.8034484,-0.99649554,-0.49950114,0.052527804,0.030571263,-0.0681064,4.730564,-5.640577,-0.35407823,-0.11580927,0.32975385,0.7385026,2.8958964,-1.048976,-0.35861492,-0.1257472,0.3146991,0.69890904,2.9091547,-0.997032
2.9691877365112305,-0.34957263,-0.12271385,0.3223277,0.67464507,2.8055236,-1.0161939,-0.49942106,0.05236903,0.040032394,-0.07938755,4.6745815,-5.675199,-0.35340714,-0.11433646,0.33554563,0.73640466,2.8376725,-1.117763,-0.35797387,-0.12435337,0.32051742,0.696915,2.8507578,-1.063517
2.971188545227051,-0.3489221,-0.12136606,0.327943,0.6725923,2.8074894,-1.0357634,-0.4993223,0.05218755,0.049381558,-0.090737954,4.726528,-5.630723,-0.3527247,-0.11286812,0.34122097,0.7341691,2.9014304,-1.0936401,-0.35732144,-0.12296379,0.32621893,0.6947879,2.913779,-1.0378543
2.973189353942871,-0.34826034,-0.120022416,0.3335621,0.67050046,2.8093436,-1.0551995,-0.49920464,0.05198355,0.058834612,-0.1019994,4.670086,-5.664181,-0.35203066,-0.11140416,0.34702384,0.7319819,2.842889,-1.1621761,-0.35665736,-0.121578366,0.33204648,0.6927122,2.8550618,-1.1041017
2.9751901626586914,-0.34758732,-0.118682995,0.33918482,0.6683699,2.8110814,-1.0744933,-0.4990683,0.051756896,0.06817479,-0.113327764,4.7214007,-5.618584,-0.35132524,-0.10994484,0.35270962,0.72965753,2.9065146,-1.1377598,-0.35598186,-0.120197356,0.3377566,0.69050395,2.9179494,-1.0781449
2.9771909713745117,-0.34690306,-0.11734788,0.3448109,0.6662008,2.8127053,-1.0936497,-0.49891305,0.051507767,0.077617586,-0.12456493,4.6644926,-5.650861,-0.3506082,-0.10849008,0.35852265,0.727382,2.8476462,-1.206073,-0.35529467,-0.11882066,0.3435925,0.68834764,2.85891,-1.1441422
2.979191780090332,-0.34620753,-0.11601714,0.3504401,0.6639936,2.8142145,-1.1126658,-0.49873915,0.051236033,0.08694657,-0.13586666,4.7151775,-5.6041427,-0.34987977,-0.10704014,0.36421794,0.72496986,2.911138,-1.1813589,-0.35459605,-0.11744854,0.3493103,0.68605936,2.921661,-1.1178834
2.9811923503875732,-0.34550083,-0.11469101,0.35607156,0.6617487,2.8156066,-1.1315358,-0.4985464,0.050941885,0.096376926,-0.14707494,4.657797,-5.6352253,-0.3491397,-0.105594926,0.3700402,0.72260714,2.8519454,-1.2494205,-0.35388574,-0.116080895,0.35515362,0.6838236,2.8622923,-1.1836247
2.9831931591033936,-0.34478277,-0.113369256,0.36170635,0.65946597,2.8168833,-1.1502656,-0.498335,0.050625194,0.10569252,-0.15834539,4.7078643,-5.5873966,-0.3483882,-0.104154706,0.3757441,0.7201083,2.9153013,-1.2244102,-0.353164,-0.11471798,0.3608782,0.6814563,2.9249034,-1.157059
2.985193967819214,-0.34405342,-0.112052105,0.36734357,0.6571459,2.8180404,-1.1688467,-0.49810478,0.050286155,0.11510825,-0.16952018,4.6500125,-5.617275,-0.34762505,-0.10271939,0.38157472,0.7176595,2.8557816,-1.2922001,-0.35243052,-0.1133597,0.366728,0.67914224,2.865204,-1.2225317
2.987194776535034,-0.3433128,-0.11073963,0.37298298,0.6547888,2.8190784,-1.1872785,-0.49785596,0.049924646,0.124408275,-0.18075474,4.6994677,-5.5683265,-0.34685048,-0.101289235,0.38728628,0.7150751,2.9189918,-1.2668691,-0.3516856,-0.1120063,0.37245843,0.6766972,2.927671,-1.1956496
2.9891955852508545,-0.3425609,-0.109431915,0.37862435,0.65239495,2.8199975,-1.2055604,-0.49758834,0.049540862,0.13380721,-0.19189139,4.641128,-5.596981,-0.34606424,-0.099864155,0.39312425,0.71254134,2.8591313,-1.3343912,-0.350929,-0.110657685,0.37831378,0.6743059,2.867636,-1.260846
2.991196393966675,-0.34179768,-0.108129025,0.38426745,0.6499647,2.8207963,-1.2236907,-0.49730214,0.04913469,0.14308947,-0.20308535,4.6899924,-5.5469303,-0.34526655,-0.09844441,0.3988425,0.70987254,2.9221942,-1.308733,-0.3501609,-0.109314114,0.38404906,0.6717842,2.9299572,-1.233644
2.993197202682495,-0.34102318,-0.10683103,0.389912,0.6474983,2.8214731,-1.2416666,-0.4969972,0.04870633,0.15246946,-0.2141792,4.631153,-5.574339,-0.34445718,-0.0970299,0.4046869,0.70725507,2.861985,-1.3759593,-0.3493811,-0.10797548,0.38990897,0.66931695,2.869582,-1.2985576
2.9951980113983154,-0.34023738,-0.105538,0.39555782,0.6449961,2.8220289,-1.2594875,-0.49667373,0.048255675,0.16173176,-0.22532788,4.679442,-5.523181,-0.34363636,-0.09562089,0.41041088,0.7045031,2.9248998,-1.3499826,-0.3485898,-0.106642045,0.39564812,0.66671985,2.931753,-1.2710288
2.9971988201141357,-0.3394403,-0.10425002,0.40120462,0.64245844,2.8224595,-1.2771473,-0.49633154,0.047782928,0.17109065,-0.23637424,4.620084,-5.5493226,-0.34280384,-0.094217286,0.4162607,0.70180315,2.8643544,-1.4169191,-0.34778678,-0.10531369,0.40151164,0.6641778,2.8710377,-1.3356467
2.999199628829956,-0.3386319,-0.10296715,0.40685216,0.6398856,2.8227684,-1.2946509,-0.49597088,0.047287982,0.18033081,-0.24747288,4.667817,-5.497056,-0.34195986,-0.09281935,0.4219894,0.6989693,2.9271147,-1.3906041,-0.3469723,-0.103990674,0.4072537,0.6615065,2.9330556,-1.3077822
3.0012004375457764,-0.33781222,-0.101689465,0.41250017,0.6372779,2.8229487,-1.3119853,-0.49559155,0.04677105,0.18966645,-0.258467,4.60792,-5.5219193,-0.34110418,-0.09142697,0.42784363,0.6961881,2.8662066,-1.4572234,-0.34614605,-0.10267289,0.41311982,0.6588909,2.8719907,-1.3721012
3.0032012462615967,-0.33698124,-0.10041703,0.41814843,0.6346356,2.8230066,-1.3291633,-0.49519378,0.046232026,0.1988823,-0.26951084,4.655123,-5.468551,-0.34023702,-0.09004042,0.43357605,0.69327366,2.9288092,-1.4305584,-0.34530833,-0.1013606,0.4188638,0.6561467,2.933852,-1.3438965
3.005202054977417,-0.33613896,-0.09914992,0.42379668,0.6319592,2.8229394,-1.3461765,-0.49477738,0.04567113,0.20819254,-0.28044793,4.5946527,-5.4921103,-0.33935815,-0.0886596,0.43943366,0.6904125,2.8675542,-1.4968692,-0.34445888,-0.100053675,0.4247315,0.6534589,2.8724377,-1.4079002
3.0072028636932373,-0.33528537,-0.097888194,0.42944467,0.62924886,2.8227427,-1.3630197,-0.49434263,0.04508827,0.21738185,-0.29143214,4.6413546,-5.437626,-0.3384678,-0.08728476,0.44516876,0.68741876,2.929994,-1.4698524,-0.34359792,-0.09875239,0.43047637,0.6506431,2.9341395,-1.3793477
3.0092036724090576,-0.33442047,-0.09663193,0.43509215,0.626505,2.8224196,-1.3796968,-0.4938893,0.044483654,0.22666456,-0.3023074,4.5802727,-5.4598737,-0.33756575,-0.085915804,0.45102876,0.68447906,2.8683758,-1.5358348,-0.34272522,-0.09745662,0.43634465,0.6478844,2.8723698,-1.4430315
3.011204481124878,-0.33354428,-0.095381185,0.44073883,0.623728,2.8219657,-1.3961991,-0.49341765,0.0438572,0.2358251,-0.31322715,4.6265163,-5.404289,-0.33665222,-0.08455299,0.4567655,0.6814074,2.9306488,-1.5084561,-0.34184104,-0.096166626,0.44208938,0.6449984,2.9339087,-1.4141262
3.0132052898406982,-0.3326568,-0.09413603,0.4463845,0.6209181,2.8213825,-1.4125295,-0.4929275,0.043209128,0.24507815,-0.32403573,4.564768,-5.4252105,-0.33572698,-0.08319621,0.4626268,0.6783905,2.8686647,-1.5740961,-0.34094512,-0.09488229,0.4479572,0.64217013,2.87178,-1.4774774
3.0152060985565186,-0.33175802,-0.09289653,0.45202884,0.6180757,2.8206687,-1.428685,-0.49241906,0.042539354,0.25420767,-0.33488616,4.610587,-5.368516,-0.33479026,-0.08184572,0.46836415,0.6752423,2.9307685,-1.5463526,-0.34003773,-0.09360386,0.45370075,0.6392152,2.9331527,-1.4482113
3.017206907272339,-0.33084795,-0.09166275,0.45767164,0.6152012,2.8198268,-1.4446707,-0.49189222,0.04184811,0.26342884,-0.3456232,4.5481114,-5.388127,-0.3338418,-0.08050142,0.4742257,0.6721496,2.8684165,-1.6116397,-0.3391186,-0.092331216,0.45956707,0.63631874,2.870663,-1.511225
3.019207715988159,-0.32992658,-0.09043475,0.46331263,0.61229485,2.8188484,-1.4604689,-0.49134716,0.04113531,0.27252507,-0.35639945,4.593541,-5.3303227,-0.33288187,-0.079163566,0.47996253,0.6689263,2.9303453,-1.5835137,-0.338188,-0.091064624,0.4653084,0.6332963,2.9318664,-1.481592
3.0212085247039795,-0.32899395,-0.089212604,0.46895152,0.60935706,2.8177395,-1.4760921,-0.49078375,0.04040119,0.28171214,-0.3670601,4.530271,-5.3486347,-0.33191022,-0.07783205,0.4858232,0.66575927,2.8676176,-1.6484349,-0.33724564,-0.08980396,0.47117212,0.6303331,2.8690097,-1.5442575
3.0232093334198,-0.32805002,-0.08799636,0.47458807,0.6063882,2.8164957,-1.4915307,-0.49020222,0.039645676,0.29077268,-0.37775737,4.575354,-5.289741,-0.3309271,-0.07650713,0.49155846,0.6624624,2.929366,-1.6199188,-0.33629182,-0.088549465,0.47691014,0.6272446,2.930041,-1.514253
3.02521014213562,-0.32709482,-0.08678609,0.480222,0.60338867,2.8151193,-1.5067898,-0.48960236,0.038869,0.2999234,-0.38833687,4.5112157,-5.3067875,-0.32993227,-0.07518868,0.49741718,0.6592226,2.8662627,-1.6844726,-0.33532628,-0.08730103,0.48277023,0.6242161,2.8668158,-1.5765599
3.0272109508514404,-0.32612836,-0.085581854,0.48585302,0.6003588,2.8136053,-1.521859,-0.48898447,0.0380711,0.30894583,-0.39895046,4.5559707,-5.246814,-0.32892597,-0.07387698,0.5031497,0.6558536,2.927832,-1.6555698,-0.33434927,-0.08605891,0.48850387,0.62106293,2.9276707,-1.5461744
3.0292117595672607,-0.32515064,-0.084383704,0.4914809,0.5972989,2.8119562,-1.5367428,-0.48834836,0.03725221,0.31805778,-0.4094441,4.490918,-5.2626457,-0.32790795,-0.07257189,0.50900537,0.6525425,2.8643394,-1.7197305,-0.33336055,-0.08482297,0.49435923,0.6179706,2.8640711,-1.608114
3.031212568283081,-0.32416165,-0.08319171,0.4971053,0.59420943,2.810172,-1.5514411,-0.4876943,0.036412273,0.3270396,-0.41996938,4.535349,-5.2016015,-0.3268785,-0.071273685,0.514734,0.649103,2.9257238,-1.6904279,-0.3323604,-0.08359346,0.5000874,0.6147544,2.924748,-1.5773431
3.0332133769989014,-0.32316142,-0.082005925,0.502726,0.59109074,2.8082478,-1.565943,-0.48702207,0.035551526,0.3361103,-0.4303726,4.4693565,-5.21624,-0.3258373,-0.06998224,0.5205855,0.64572215,2.8618462,-1.7541991,-0.3313485,-0.08237026,0.50593686,0.6115997,2.8607726,-1.6389096
3.0352141857147217,-0.32214993,-0.08082641,0.50834274,0.58794326,2.8061843,-1.580251,-0.48633197,0.034669917,0.345049,-0.44080508,4.5134497,-5.1541204,-0.3247847,-0.06869781,0.5263092,0.64221376,2.9230387,-1.7244847,-0.3303252,-0.08115362,0.51165843,0.60832185,2.9212668,-1.6077456
3.037214756011963,-0.32112736,-0.07965336,0.5139545,0.5847677,2.803985,-1.5943693,-0.4856238,0.03376769,0.3540759,-0.4511133,4.4465203,-5.1675687,-0.3237204,-0.06742028,0.5321553,0.6387648,2.8587708,-1.7878488,-0.32929018,-0.0799434,0.51750094,0.60510635,2.8569112,-1.668927
3.039215564727783,-0.32009342,-0.078486554,0.5195624,0.5815637,2.8016446,-1.6082896,-0.48489788,0.032844793,0.36296895,-0.46144846,4.490255,-5.1043806,-0.32264465,-0.066149905,0.5378728,0.6351891,2.9197712,-1.7577151,-0.32824376,-0.07873987,0.52321476,0.6017685,2.9172206,-1.6373643
3.0412163734436035,-0.3190483,-0.077326186,0.5251655,0.57833207,2.7991624,-1.622011,-0.484154,0.03190148,0.37194946,-0.47165722,4.422425,-5.1166334,-0.32155722,-0.064886555,0.5437123,0.6316737,2.8551028,-1.8206607,-0.32718566,-0.07754288,0.5290492,0.59849375,2.8524811,-1.6981533
3.043217182159424,-0.31799194,-0.07617231,0.5307635,0.5750732,2.7965417,-1.6355381,-0.4833924,0.030937698,0.38079432,-0.48189047,4.465766,-5.0523567,-0.32045838,-0.06363049,0.5494225,0.6280324,2.915906,-1.7901039,-0.32611614,-0.076352686,0.53475416,0.5950974,2.912603,-1.6661868
3.045217990875244,-0.3169244,-0.07502498,0.5363561,0.5717874,2.7937765,-1.6488594,-0.48261294,0.029953707,0.38972586,-0.4919952,4.3970833,-5.0633907,-0.3193479,-0.062381588,0.55525434,0.6244522,2.8508396,-1.8526278,-0.32503498,-0.07516915,0.5405794,0.59176505,2.8474748,-1.7265722
3.0472187995910645,-0.31584567,-0.07388425,0.541943,0.5684752,2.7908692,-1.661978,-0.4818159,0.028949464,0.39852002,-0.502122,4.4399967,-4.9979963,-0.31822598,-0.061140094,0.560956,0.6207469,2.9114416,-1.8216379,-0.32394242,-0.07399253,0.5462743,0.5883119,2.9074047,-1.6941931
3.0492196083068848,-0.31475577,-0.07275017,0.547524,0.5651369,2.787817,-1.6748902,-0.4810011,0.027925227,0.4074,-0.512118,4.3705015,-5.0077596,-0.31709242,-0.059905887,0.5667789,0.61710364,2.8459752,-1.8837192,-0.32283825,-0.07282268,0.5520891,0.5849235,2.8418884,-1.7541705
3.051220417022705,-0.3136547,-0.071622804,0.5530987,0.561773,2.784622,-1.6875981,-0.48016882,0.026880959,0.416141,-0.5221335,4.4129567,-4.9412203,-0.31594747,-0.058679216,0.57247084,0.6133362,2.9063716,-1.8522892,-0.3217227,-0.071659856,0.5577729,0.5814152,2.9016247,-1.7213758
3.0532212257385254,-0.31254247,-0.07050219,0.5586669,0.5583839,2.7812827,-1.7000991,-0.4793189,0.025816927,0.42496693,-0.532016,4.3426876,-4.949697,-0.3147909,-0.05745995,0.5782836,0.6096316,2.8404915,-1.913926,-0.32059553,-0.07050391,0.5635761,0.5779724,2.8357139,-1.7809322
3.0552220344543457,-0.31141913,-0.06938838,0.56422824,0.55496997,2.777795,-1.7123854,-0.47845158,0.024733096,0.4336523,-0.54191536,4.3846636,-4.8819933,-0.31362298,-0.056248344,0.5839646,0.6058037,2.9006782,-1.8820446,-0.31945702,-0.06935509,0.56924754,0.57441056,2.8952522,-1.7477138
3.057222843170166,-0.31028464,-0.06828143,0.5697825,0.5515317,2.7741635,-1.7244642,-0.47756675,0.023629738,0.44242164,-0.5516794,4.31364,-4.889133,-0.31244344,-0.055044264,0.58976597,0.60203964,2.8343923,-1.9432188,-0.31830695,-0.06821326,0.5750381,0.5709151,2.8289464,-1.8068452
3.0592236518859863,-0.30913907,-0.06718138,0.5753293,0.5480694,2.7703862,-1.7363331,-0.47666466,0.022506822,0.4510489,-0.56145763,4.3551183,-4.8202457,-0.31125256,-0.053847957,0.5954347,0.5981532,2.8943717,-1.9108902,-0.31714556,-0.06707866,0.580696,0.5673014,2.8882854,-1.7731986
3.0612244606018066,-0.30798241,-0.06608828,0.5808684,0.5445837,2.766461,-1.7479851,-0.47574514,0.021364626,0.45975915,-0.57109815,4.283354,-4.826015,-0.31005013,-0.052659295,0.60122347,0.5943314,2.827667,-1.9716114,-0.3159726,-0.065951146,0.5864726,0.563755,2.8215785,-1.8318942
3.063225269317627,-0.30681467,-0.06500218,0.58639956,0.5410748,2.7623851,-1.7594173,-0.47480848,0.020203125,0.46832585,-0.58075017,4.3243246,-4.75593,-0.30883637,-0.05147852,0.6068788,0.5903882,2.8874319,-1.938827,-0.31478837,-0.06483097,0.5921157,0.5600912,2.880714,-1.7978123
3.0652260780334473,-0.30563587,-0.06392312,0.59192234,0.5375433,2.7581613,-1.7706324,-0.47385454,0.0190226,0.47697452,-0.59026206,4.251836,-4.7603354,-0.30761108,-0.0503055,0.6126537,0.58651054,2.820311,-1.999053,-0.3135926,-0.063717976,0.59787714,0.55649555,2.8136058,-1.8560618
3.0672268867492676,-0.30444604,-0.06285115,0.59743655,0.53398955,2.7537897,-1.7816321,-0.47288358,0.017823035,0.4854782,-0.5997827,4.29229,-4.689039,-0.3063745,-0.049140476,0.6182943,0.58251244,2.8798563,-1.9657956,-0.31238562,-0.06261241,0.60350436,0.5527834,2.8725357,-1.8215396
3.069227695465088,-0.3032452,-0.061786316,0.6029419,0.53041404,2.7492654,-1.7924055,-0.47189546,0.016604714,0.49406278,-0.6091608,4.2190733,-4.692047,-0.30512637,-0.047983315,0.624054,0.57858086,2.8123095,-2.0255458,-0.31116712,-0.061514124,0.6092494,0.54914033,2.8050208,-1.8793361
3.071228504180908,-0.3020333,-0.060728654,0.60843796,0.5268172,2.7445908,-1.8029565,-0.47089046,0.015367624,0.50250095,-0.6185449,4.2590027,-4.619528,-0.303867,-0.046834257,0.6296786,0.57452977,2.871633,-1.9918151,-0.3099374,-0.06042336,0.61485946,0.54538167,2.8637428,-1.8443694
3.0732293128967285,-0.30081046,-0.059678208,0.61392456,0.52319944,2.7397673,-1.8132889,-0.46986842,0.014112056,0.51101893,-0.62778395,4.185064,-4.6211224,-0.30259618,-0.045693163,0.6354219,0.57054615,2.8036697,-2.0510643,-0.3086962,-0.059339974,0.62058693,0.5416929,2.795822,-1.901708
3.075230121612549,-0.29957664,-0.058635022,0.61940134,0.51956123,2.7347908,-1.8233926,-0.46882963,0.012838004,0.51938903,-0.6370262,4.2244625,-4.547366,-0.30131412,-0.044560276,0.64102924,0.56644404,2.86277,-2.0168521,-0.30744386,-0.058264196,0.62617856,0.5378895,2.854332,-1.8662883
3.077230930328369,-0.29833186,-0.057599135,0.62486804,0.51590306,2.72966,-1.833266,-0.46777394,0.011545762,0.52783793,-0.6461209,4.1498036,-4.547541,-0.3000206,-0.043435454,0.6467548,0.56241035,2.7943687,-2.0756006,-0.3061801,-0.057195883,0.6318872,0.5341569,2.7859998,-1.9231583
3.0792317390441895,-0.29707617,-0.056570586,0.6303243,0.51222533,2.7243774,-1.8429128,-0.46670166,0.01023533,0.5361375,-0.655216,4.188668,-4.4725533,-0.29871592,-0.042318936,0.6523435,0.5582591,2.8532412,-2.0409055,-0.30490518,-0.056135263,0.6374592,0.53031063,2.8442962,-1.8872817
3.0812325477600098,-0.29580957,-0.055549417,0.63576984,0.50852853,2.7189415,-1.8523303,-0.46561262,0.008907008,0.54451483,-0.6641611,4.1132865,-4.4712896,-0.29739982,-0.04121058,0.65805,0.55417734,2.7844162,-2.09913,-0.30361888,-0.05508219,0.6431478,0.52653605,2.7755501,-1.9436752
3.08323335647583,-0.29453206,-0.05453566,0.64120436,0.50481313,2.7133524,-1.8615181,-0.46450713,0.0075608008,0.5527414,-0.6731037,4.1516085,-4.395049,-0.29607257,-0.04011062,0.66361886,0.5499791,2.8430572,-2.06394,-0.3023215,-0.054036893,0.6486989,0.5226487,2.8336298,-1.9073362
3.0852341651916504,-0.2932437,-0.05352936,0.64662755,0.5010796,2.707607,-1.8704693,-0.46338505,0.006197013,0.56104463,-0.68189377,4.075511,-4.3923492,-0.29473397,-0.039018918,0.66930497,0.54585123,2.773793,-2.121642,-0.30101275,-0.052999225,0.6543662,0.518834,2.7644708,-1.963247
3.0872349739074707,-0.2919445,-0.052530546,0.65203905,0.4973284,2.7017078,-1.8791896,-0.46224666,0.0048156558,0.5691956,-0.6906785,4.1132894,-4.314853,-0.29338425,-0.0379357,0.67485255,0.541608,2.8321993,-2.0859494,-0.29969296,-0.05196941,0.6598951,0.5149075,2.8223321,-1.9264417
3.089235782623291,-0.29063448,-0.051539253,0.65743864,0.49356,2.695651,-1.8876696,-0.46109182,0.0034170393,0.5774222,-0.69930816,4.0364785,-4.310716,-0.2920232,-0.036860827,0.68051696,0.53743607,2.7625027,-2.1431212,-0.29836187,-0.0509473,0.6655398,0.5110546,2.752754,-1.9818628
3.0912365913391113,-0.28931367,-0.05055552,0.66282594,0.48977482,2.689441,-1.8959183,-0.45992082,0.0020011798,0.5854952,-0.7079296,4.0737133,-4.2319684,-0.29065114,-0.035794526,0.68604195,0.53314984,2.8206728,-2.1069217,-0.29701978,-0.04993312,0.6710453,0.50709087,2.8103929,-1.944584
3.0932374000549316,-0.2879821,-0.049579374,0.6682007,0.48597342,2.683072,-1.9039237,-0.45873353,0.0005683927,0.5936426,-0.71639353,3.996179,-4.226374,-0.28926778,-0.034736656,0.6916833,0.52893597,2.7505314,-2.1635525,-0.29566646,-0.04892672,0.6766661,0.5032017,2.7403975,-1.9995059
3.095237970352173,-0.28663996,-0.048610967,0.6735619,0.48215666,2.6765475,-1.9116896,-0.45753026,-0.00088129996,0.601635,-0.7248463,4.032866,-4.146369,-0.28787342,-0.03368744,0.6971844,0.52460885,2.8084621,-2.1268444,-0.29430217,-0.047928315,0.68214685,0.4992027,2.7978132,-1.9617518
3.097238779067993,-0.28528693,-0.047650095,0.6789105,0.47832417,2.6698651,-1.9192157,-0.45631087,-0.002347578,0.60970074,-0.73313904,3.9546194,-4.1393223,-0.28646782,-0.032646727,0.7028013,0.52035517,2.737884,-2.18292,-0.29292667,-0.046937756,0.6877425,0.4952792,2.7273946,-2.016169
3.0992395877838135,-0.28392324,-0.046696905,0.6842456,0.47447687,2.6630254,-1.9265021,-0.45507565,-0.0038304136,0.61761,-0.7414177,3.9907587,-4.058062,-0.28505126,-0.031614747,0.70827705,0.5159893,2.7955725,-2.1456993,-0.29154027,-0.045955263,0.69319725,0.49124685,2.7845843,-1.9779327
3.101240396499634,-0.28254887,-0.04575143,0.6895668,0.47061524,2.6560266,-1.933542,-0.45382446,-0.0053294813,0.6255915,-0.74953383,3.9118035,-4.049558,-0.28362352,-0.030591352,0.7138682,0.5116979,2.7245548,-2.2012198,-0.29014274,-0.044980682,0.6987664,0.48729098,2.7137434,-2.0318377
3.103241205215454,-0.28116387,-0.044813693,0.69487387,0.46673974,2.648869,-1.9403377,-0.45255762,-0.0068447473,0.6334151,-0.757633,3.9473925,-3.9670386,-0.28218487,-0.029576762,0.7193173,0.5072954,2.7819967,-2.1634698,-0.28873435,-0.044014227,0.7041939,0.4832273,2.7707045,-1.9931151
3.1052420139312744,-0.27976826,-0.043883722,0.70016646,0.4628509,2.6415524,-1.9468871,-0.451275,-0.008375881,0.6413099,-0.76556706,3.8677258,-3.9570806,-0.2807351,-0.028570825,0.7248813,0.5029685,2.7105293,-2.21843,-0.28731486,-0.043055743,0.7097353,0.47924107,2.6994393,-2.046502
3.1072428226470947,-0.27836207,-0.04296155,0.7054443,0.4589492,2.6340764,-1.9531901,-0.4499769,-0.009922843,0.64904535,-0.77348125,3.9027648,-3.8733013,-0.2792745,-0.027573762,0.73030233,0.49853164,2.7677228,-2.1801517,-0.2858846,-0.042105448,0.71513414,0.47514808,2.7561693,-2.0072882
3.109243631362915,-0.27694535,-0.04204719,0.71070695,0.45503515,2.6264405,-1.9592441,-0.44866318,-0.011485299,0.6568509,-0.7812278,3.8223953,-3.8618972,-0.27780282,-0.02658542,0.73583776,0.49417132,2.6958113,-2.234534,-0.2844433,-0.04116318,0.7206465,0.4711335,2.684479,-2.0601513
3.1112444400787354,-0.27551812,-0.04114068,0.7159542,0.45110923,2.6186457,-1.9650509,-0.44733417,-0.013063203,0.66449565,-0.78895164,3.8568885,-3.7768672,-0.27632037,-0.025606016,0.74122936,0.48970225,2.7527564,-2.1957269,-0.28299126,-0.040229153,0.72601545,0.4670132,2.7409756,-2.020442
3.1132452487945557,-0.2740804,-0.04024203,0.7211857,0.44717196,2.6106884,-1.9706037,-0.44598976,-0.014656213,0.67220944,-0.7965054,3.775817,-3.764011,-0.27482688,-0.024635393,0.74673486,0.4853108,2.6803942,-2.2495315,-0.28152826,-0.03930321,0.7314974,0.4629723,2.668858,-2.0727732
3.115246057510376,-0.2726322,-0.039351273,0.7264011,0.4432238,2.6025705,-1.975905,-0.44463024,-0.01626428,0.67976105,-0.8040334,3.8097672,-3.6777391,-0.2733227,-0.02367377,0.75209564,0.48081172,2.737085,-2.2101843,-0.2800546,-0.038385555,0.7368351,0.45882678,2.7251205,-2.0325665
3.1172468662261963,-0.27117363,-0.038468424,0.7316001,0.4392653,2.5942914,-1.9809529,-0.44325548,-0.017887058,0.6873806,-0.81138885,3.7279997,-3.6634421,-0.27180755,-0.022720987,0.7575698,0.47639135,2.6642737,-2.2633936,-0.27857003,-0.037476033,0.7422854,0.45476165,2.6525743,-2.0843604
3.1192476749420166,-0.26970464,-0.037593506,0.7367824,0.43529695,2.5858512,-1.9857482,-0.4418658,-0.019524489,0.6948366,-0.81871575,3.7614045,-3.5759282,-0.27028176,-0.021777257,0.7628983,0.47186455,2.7207103,-2.2235062,-0.27707484,-0.036574848,0.74759054,0.45059294,2.7086005,-2.0436513
3.121248483657837,-0.2682253,-0.036726538,0.7419476,0.43131927,2.577249,-1.9902885,-0.44046107,-0.021176225,0.70235944,-0.8258676,3.6789496,-3.5602064,-0.2687451,-0.020842422,0.76833975,0.46741754,2.6474485,-2.2761235,-0.27556884,-0.035681836,0.75300777,0.44650564,2.635625,-2.0949013
3.1232492923736572,-0.26673567,-0.03586754,0.74709547,0.42733276,2.568487,-1.9945755,-0.43904164,-0.0228422,0.70971733,-0.832988,3.7118149,-3.471457,-0.26719782,-0.01991669,0.7736347,0.4628653,2.7036264,-2.235689,-0.2740523,-0.034797203,0.758279,0.44231585,2.6914124,-2.0536852
3.1252501010894775,-0.26523575,-0.03501652,0.75222564,0.42333794,2.5595617,-1.9986048,-0.43760735,-0.024522062,0.717141,-0.83993095,3.6286767,-3.454314,-0.26563972,-0.018999903,0.77904195,0.4583939,2.629914,-2.287701,-0.27252498,-0.033920787,0.76366186,0.4382085,2.6180062,-2.1043873
3.127250909805298,-0.26372558,-0.034173507,0.75733775,0.4193353,2.5504727,-2.0023735,-0.43615854,-0.026215741,0.7243983,-0.8468396,3.6610088,-3.3643467,-0.2640711,-0.018092265,0.78430176,0.4538185,2.6858356,-2.2467191,-0.27098718,-0.033052787,0.7688979,0.43399972,2.6735544,-2.0626628
3.129251718521118,-0.26220518,-0.03333851,0.7624315,0.41532537,2.5412216,-2.0058842,-0.4346951,-0.027922878,0.7317203,-0.8535683,3.5771928,-3.3457956,-0.26249176,-0.017193615,0.78967345,0.44932505,2.6116688,-2.298128,-0.26943868,-0.03219304,0.774245,0.4298744,2.5997171,-2.1128101
3.1312525272369385,-0.26067463,-0.03251154,0.7675066,0.41130868,2.5318084,-2.009138,-0.43321735,-0.029643398,0.73887473,-0.8602599,3.6089969,-3.2546208,-0.26090196,-0.016304158,0.7948968,0.4447288,2.6673265,-2.2565856,-0.26787978,-0.031341743,0.77944446,0.42564878,2.6550233,-2.0705736
3.133253335952759,-0.25913393,-0.031692613,0.7725627,0.40728575,2.5222316,-2.0121286,-0.43172517,-0.031376936,0.74609274,-0.86676913,3.5245075,-3.2346845,-0.25930148,-0.015423726,0.80023146,0.44021562,2.5927043,-2.3073778,-0.26631027,-0.030498728,0.7847545,0.42150763,2.5807555,-2.12016
3.135254144668579,-0.25758314,-0.030881742,0.77759945,0.4032571,2.5124917,-2.014859,-0.4302189,-0.03312341,0.75314176,-0.8732385,3.5557897,-3.14232,-0.25769064,-0.014552524,0.8054169,0.43560085,2.6481,-2.2652802,-0.26473045,-0.029664194,0.78991604,0.4172673,2.6358185,-2.0774076
3.1372549533843994,-0.2560223,-0.030078936,0.7826166,0.39922324,2.5025902,-2.0173302,-0.4286984,-0.034882456,0.76025337,-0.87952316,3.470642,-3.121005,-0.2560692,-0.013690384,0.81071305,0.4310703,2.5730312,-2.3154542,-0.26314008,-0.02883797,0.79518765,0.4131125,2.561119,-2.1264312
3.1392557621002197,-0.25445142,-0.029284207,0.78761375,0.3951847,2.4925215,-2.0195317,-0.427164,-0.036653988,0.7671946,-0.8857652,3.5014098,-3.0274632,-0.2544375,-0.012837505,0.81585914,0.42643937,2.6281638,-2.272795,-0.26153946,-0.02802025,0.8003099,0.40885964,2.615937,-2.083159
3.14125657081604,-0.2528706,-0.028497562,0.7925906,0.391142,2.4822936,-2.0214772,-0.42561558,-0.038437627,0.77419746,-0.89182013,3.415612,-3.004801,-0.25279528,-0.011993717,0.8211155,0.42189378,2.5526357,-2.3223467,-0.25992838,-0.027210863,0.80554175,0.40469334,2.5408058,-2.131615
3.1432573795318604,-0.2512798,-0.02771901,0.79754686,0.3870957,2.4718997,-2.023155,-0.42405352,-0.040233288,0.7810287,-0.8978297,3.4458704,-2.910095,-0.25114283,-0.011159219,0.82622075,0.41724908,2.6075017,-2.2791243,-0.25830713,-0.026410002,0.81062335,0.4004301,2.5953777,-2.0878215
3.1452581882476807,-0.24967912,-0.026948556,0.8024821,0.3830463,2.4613433,-2.0245688,-0.4224777,-0.042040586,0.7879204,-0.9036499,3.3594298,-2.8860974,-0.24947996,-0.010333837,0.83143574,0.41269085,2.531525,-2.328043,-0.2566755,-0.025617493,0.8158141,0.39625448,2.5198147,-2.135703
3.147258996963501,-0.24806859,-0.026186207,0.8073961,0.37899432,2.4506235,-2.0257192,-0.42088842,-0.04385943,0.7946393,-0.9094221,3.3891978,-2.7902682,-0.24780697,-0.0095177675,0.8364988,0.40803477,2.5861218,-2.28425,-0.2550338,-0.024833526,0.8208537,0.39198306,2.57414,-2.0913875
3.1492598056793213,-0.24644825,-0.025431968,0.81228846,0.3749403,2.43974,-2.0266023,-0.4192856,-0.045689434,0.8014177,-0.91500264,3.3021286,-2.7649772,-0.24612363,-0.008710835,0.84167105,0.40346628,2.5096843,-2.332531,-0.2533818,-0.024057927,0.826002,0.38780028,2.4981472,-2.1386929
3.1512603759765625,-0.24481833,-0.02468593,0.81715834,0.37088528,2.4286928,-2.027216,-0.41766956,-0.0475305,0.80802196,-0.9205326,3.3314087,-2.6680338,-0.24443024,-0.007913233,0.8466904,0.3988012,2.564012,-2.2881677,-0.2517198,-0.02329088,0.8309983,0.3835229,2.5522242,-2.093851
3.153261184692383,-0.2431785,-0.023947919,0.8220065,0.36682883,2.4174821,-2.0275655,-0.41604018,-0.049382236,0.8146848,-0.92586863,3.2437153,-2.641465,-0.24272661,-0.007124783,0.85181844,0.39422488,2.487127,-2.3358123,-0.2500476,-0.02253221,0.8361027,0.3793352,2.475799,-2.140575
3.155261993408203,-0.24152899,-0.023218023,0.8268321,0.36277193,2.4061062,-2.0276449,-0.41439784,-0.05124454,0.82117224,-0.93115157,3.2725208,-2.5434394,-0.24101302,-0.0063456763,0.8567927,0.38955325,2.541185,-2.2908802,-0.24836549,-0.021782102,0.8410543,0.37505403,2.5296273,-2.0952072
3.1572628021240234,-0.23986985,-0.022496244,0.83163476,0.35871515,2.3945696,-2.027462,-0.4127424,-0.053117014,0.8277173,-0.93623847,3.184227,-2.5156326,-0.23928927,-0.0055757333,0.86187506,0.3849715,2.4638515,-2.337884,-0.24667327,-0.021040374,0.84611356,0.37086362,2.452773,-2.1413474
3.1592636108398438,-0.23820113,-0.02178258,0.83641416,0.354659,2.3828664,-2.027004,-0.41107422,-0.054999553,0.83408576,-0.94126976,3.212571,-2.41655,-0.23755567,-0.0048151417,0.86680275,0.38029572,2.517639,-2.2923784,-0.24497123,-0.020307213,0.8510191,0.36658093,2.5063508,-2.0954494
3.161264419555664,-0.23652285,-0.021077033,0.84116995,0.35060403,2.3710032,-2.0262837,-0.4093932,-0.056891758,0.8405109,-0.94610286,3.123681,-2.3875277,-0.235812,-0.00406372,0.87183803,0.37571096,2.4398472,-2.3387315,-0.24325916,-0.019582434,0.8560318,0.36239004,2.4290667,-2.1410005
3.1632652282714844,-0.23483509,-0.020379597,0.84590185,0.34655076,2.3589742,-2.0252903,-0.40769967,-0.058793515,0.84675825,-0.9508779,3.1515806,-2.2874212,-0.23405856,-0.0033216528,0.87671775,0.3710335,2.4933643,-2.2926538,-0.24153738,-0.018866217,0.8608899,0.35810804,2.4823937,-2.094573
3.1652660369873047,-0.23313789,-0.019690268,0.85060954,0.34249976,2.346781,-2.024024,-0.40599355,-0.06070442,0.85306144,-0.95545274,3.062109,-2.257228,-0.23229516,-0.0025887564,0.88170445,0.3664482,2.4151287,-2.3383503,-0.23980567,-0.018158378,0.8658547,0.3539189,2.4046817,-2.1395345
3.167266845703125,-0.23143129,-0.019009043,0.8552927,0.33845156,2.3344276,-2.0224943,-0.40427518,-0.06262436,0.85918564,-0.9599672,3.0895739,-2.1561253,-0.23052208,-0.0018652134,0.8865347,0.3617715,2.4683702,-2.2916863,-0.23806433,-0.017459098,0.87066406,0.34963983,2.457758,-2.0925765
3.1692676544189453,-0.22971535,-0.018335912,0.8599509,0.3344067,2.3219092,-2.02069,-0.40254444,-0.06455292,0.8653648,-0.9642795,2.9995368,-2.1247914,-0.22873914,-0.0011508372,0.89147145,0.35718814,2.3896787,-2.3367376,-0.23631318,-0.01676819,0.8755796,0.3454547,2.3796186,-2.1369443
3.1712684631347656,-0.2279901,-0.017670872,0.8645839,0.33036572,2.30923,-2.0186188,-0.40080172,-0.06648998,0.8713639,-0.96852905,3.0265844,-2.0227287,-0.22694664,-0.00044580782,0.8962508,0.35251465,2.4426486,-2.2895038,-0.2345525,-0.016085828,0.88033885,0.3411808,2.4324431,-2.0894542
3.173269271850586,-0.22625563,-0.017013911,0.8691914,0.32632914,2.2963881,-2.0162768,-0.3990469,-0.06843513,0.877417,-0.97257453,2.9359984,-1.9902987,-0.22514437,0.0002500635,0.9011361,0.34793565,2.3635192,-2.3338916,-0.2327821,-0.015411824,0.8852037,0.3370019,2.3538787,-2.1332283
3.1752700805664062,-0.22451195,-0.016365023,0.87377304,0.32229754,2.2833824,-2.0136607,-0.3972803,-0.07038824,0.88328904,-0.9765551,2.962648,-1.8873159,-0.22333264,0.0009365992,0.90586317,0.34326786,2.4162123,-2.2860725,-0.23100227,-0.014746353,0.8899115,0.33273542,2.406451,-2.0852048
3.1772708892822266,-0.22275914,-0.015724197,0.8783285,0.31827143,2.270215,-2.0107744,-0.39550188,-0.0723489,0.88921434,-0.98032975,2.871525,-1.8538309,-0.22151124,0.0016139906,0.9106956,0.3386957,2.3366299,-2.3298092,-0.22921282,-0.014089223,0.89472437,0.328565,2.3274622,-2.1283815
3.179271697998047,-0.22099724,-0.015091419,0.88285744,0.31425136,2.256887,-2.00762,-0.39371195,-0.07431698,0.89495736,-0.9840374,2.897788,-1.7499582,-0.2196805,0.0022820628,0.91536885,0.33403608,2.3890502,-2.2814136,-0.22741406,-0.013440606,0.8993793,0.32430825,2.3797817,-2.0798254
3.181272506713867,-0.2192263,-0.014466679,0.88735956,0.31023788,2.243398,-2.0041955,-0.39191043,-0.07629205,0.90075296,-0.9875373,2.8061438,-1.7154566,-0.21784021,0.0029410094,0.92014694,0.32947326,2.309029,-2.3244772,-0.22560579,-0.012800309,0.90413886,0.3201486,2.300372,-2.1224031
3.1832733154296875,-0.21744639,-0.013849962,0.89183456,0.30623153,2.229748,-2.0005,-0.3900977,-0.07827399,0.9063653,-0.9909682,2.832046,-1.6107469,-0.21599068,0.003590658,0.924765,0.3248243,2.3611736,-2.2755013,-0.2237883,-0.0121685015,0.9087396,0.31590378,2.3524399,-2.0733147
3.185274124145508,-0.21565755,-0.013241253,0.8962821,0.30223283,2.2159343,-1.9965276,-0.38827366,-0.08026237,0.9120294,-0.99418974,2.739902,-1.5752887,-0.2141317,0.0042312047,0.92948735,0.3202733,2.28071,-2.3179083,-0.22196142,-0.011544988,0.9134445,0.31175715,2.2726088,-2.1152923
3.187274932861328,-0.21385983,-0.012640536,0.90070176,0.29824236,2.201963,-1.9922909,-0.38643864,-0.082257055,0.9175092,-0.9973403,2.76546,-1.469778,-0.2122636,0.00486248,0.9340488,0.3156375,2.332583,-2.2683542,-0.22012544,-0.010929935,0.91798973,0.30752656,2.324424,-2.0656714
3.1892757415771484,-0.2120533,-0.012047795,0.9050934,0.29426062,2.1878307,-1.9877815,-0.38459256,-0.08425762,0.9230401,-1.0002799,2.6728263,-1.4333936,-0.21038617,0.0054846816,0.9387139,0.31110078,2.2516794,-2.3100991,-0.21828017,-0.0103231445,0.9226386,0.3033952,2.2441754,-2.107048
3.1912765502929688,-0.21023801,-0.011463011,0.90945655,0.29028818,2.1735394,-1.9830031,-0.3827358,-0.08626391,0.92838573,-1.0031466,2.6980586,-1.3271258,-0.20849974,0.0060976427,0.9432173,0.3064806,2.3032773,-2.2599652,-0.21642591,-0.009724782,0.92712694,0.2991811,2.2957387,-2.0568948
3.193277359008789,-0.20841402,-0.010886165,0.91379094,0.28632557,2.159087,-1.9779506,-0.38086823,-0.088275515,0.93378186,-1.0058008,2.6049604,-1.2898802,-0.2066041,0.006701564,0.9478238,0.30196065,2.2219367,-2.3010395,-0.21456248,-0.009134647,0.9317184,0.2950673,2.215076,-2.0976703
3.1952781677246094,-0.20658138,-0.010317238,0.91809624,0.28237334,2.1444788,-1.9726337,-0.37899023,-0.090292275,0.9389918,-1.0083807,2.6298888,-1.1828992,-0.20469956,0.007296281,0.9522677,0.29735857,2.2732606,-2.2503283,-0.21269017,-0.008552903,0.9361486,0.29087198,2.2663882,-2.0469856
3.1972789764404297,-0.20474017,-0.0097562075,0.92237216,0.27843204,2.12971,-1.9670429,-0.37710172,-0.09231377,0.94425154,-1.0107465,2.5363436,-1.1448429,-0.20278594,0.007881997,0.9568142,0.29285792,2.191488,-2.2907388,-0.21080881,-0.007979347,0.94068134,0.286778,2.1853116,-2.087163
3.19927978515625,-0.20289043,-0.009203051,0.9266184,0.2745022,2.1147833,-1.9611832,-0.37520307,-0.09433984,0.94932425,-1.0130361,2.5609913,-1.0371984,-0.20086354,0.00845855,0.9611972,0.28827643,2.2425385,-2.23945,-0.2089187,-0.00741414,0.94505197,0.28260368,2.236372,-2.0359488
3.2012805938720703,-0.20103222,-0.008657746,0.9308346,0.27058432,2.0996997,-1.9550548,-0.37329417,-0.09637006,0.95444626,-1.0151105,2.4670103,-0.9983773,-0.19893217,0.009026146,0.96568227,0.28379753,2.1603367,-2.2791913,-0.20701966,-0.006857076,0.9495247,0.2785318,2.1548867,-2.0755217
3.2032814025878906,-0.19916561,-0.008120268,0.93502045,0.266679,2.0844603,-1.9486601,-0.3713754,-0.09840428,0.95938027,-1.0171072,2.4913988,-0.890122,-0.19699216,0.009584624,0.97000295,0.27923915,2.2111144,-2.2273264,-0.20511198,-0.006308315,0.9538345,0.27438074,2.205697,-2.0237794
3.205282211303711,-0.19729066,-0.00759059,0.93917567,0.26278672,2.0690632,-1.9419937,-0.3694467,-0.10044206,0.96436304,-1.0188875,2.3970098,-0.8505938,-0.19504331,0.010134193,0.9744252,0.2747845,2.1284864,-2.2664144,-0.20319548,-0.0057676486,0.9582459,0.27033317,2.1238036,-2.0627525
3.2072830200195312,-0.19540742,-0.0070686867,0.94329995,0.25890803,2.0535111,-1.9350629,-0.36750838,-0.102483235,0.96915704,-1.0205888,2.421159,-0.74176896,-0.19308594,0.010674696,0.97868216,0.2702517,2.1789923,-2.2139788,-0.20127049,-0.0052352333,0.9624935,0.26620767,2.1743643,-2.0104845
3.2092835903167725,-0.19351618,-0.0065545905,0.94739246,0.25504395,2.0378046,-1.9278623,-0.36556038,-0.10452738,0.9739994,-1.0220723,2.3263726,-0.70158327,-0.19111986,0.011206344,0.98304015,0.26582372,2.095944,-2.2523952,-0.19933681,-0.00471086,0.96684223,0.2621867,2.0920694,-2.0488577
3.2112843990325928,-0.19161656,-0.0060481504,0.95145386,0.2511941,2.0219433,-1.9203979,-0.3636031,-0.10657433,0.9786521,-1.0234755,2.3503098,-0.5922487,-0.1891454,0.0117289815,0.987232,0.26131892,2.1461787,-2.1993864,-0.19739476,-0.004194682,0.97102636,0.25808898,2.1423814,-1.9960645
3.213285207748413,-0.18970886,-0.005549398,0.9554834,0.24735944,2.0059268,-1.912665,-0.36163637,-0.108623646,0.9833527,-1.02466,2.2551498,-0.5514766,-0.18716235,0.012242822,0.9915244,0.25692016,2.0627065,-2.2371426,-0.19544414,-0.0036864884,0.9753111,0.25409684,2.0596852,-2.0338407
3.2152860164642334,-0.18779312,-0.005058302,0.9594807,0.24354053,1.9897575,-1.9046676,-0.35966066,-0.11067517,0.987863,-1.0257629,2.2788932,-0.4416773,-0.18517105,0.012747713,0.9956498,0.25244588,2.112671,-2.1835642,-0.19348527,-0.00318643,0.9794305,0.25002915,2.1097496,-1.9805257
3.2172868251800537,-0.18586941,-0.004574831,0.96344554,0.23973787,1.9734346,-1.8964033,-0.35767582,-0.11272846,0.9924208,-1.0266463,2.183386,-0.4003724,-0.1831713,0.013243871,0.9998751,0.24807875,2.0287862,-2.2206557,-0.19151798,-0.0026942939,0.98364997,0.24606809,2.0266578,-2.0177038
3.219287633895874,-0.1839378,-0.004098952,0.96737754,0.23595202,1.9569607,-1.8878773,-0.35568225,-0.114783354,0.99678755,-1.027447,2.2069662,-0.29016334,-0.18116343,0.013731145,1.0039327,0.24363744,2.0784822,-2.1665106,-0.18954258,-0.0022102285,0.98770326,0.24203268,2.0764766,-1.9638708
3.2212884426116943,-0.18199836,-0.00363063,0.97127646,0.23218349,1.9403354,-1.8790879,-0.35367984,-0.11683941,1.0012015,-1.0280273,2.111122,-0.24838348,-0.17914724,0.014209754,1.0080897,0.23930442,1.9941862,-2.2029476,-0.18755886,-0.0017340186,0.9918562,0.23810494,1.9929917,-2.0004554
3.2232892513275146,-0.18005115,-0.0031698304,0.97514194,0.2284328,1.9235598,-1.8700362,-0.35166898,-0.118896455,1.0054238,-1.028524,2.1345568,-0.13781458,-0.17712308,0.014679551,1.012078,0.23489852,2.0436149,-2.1482384,-0.18556717,-0.0012658105,0.9958422,0.23410402,2.042565,-1.9461058
3.225290060043335,-0.17809623,-0.002716517,0.9789737,0.2247005,1.9066329,-1.8607205,-0.3496496,-0.12095405,1.0096929,-1.0287997,2.0383992,-0.0956222,-0.17509076,0.015140755,1.0161653,0.23060204,1.958914,-2.1840189,-0.18356732,-0.0008053868,0.99992734,0.23021181,1.9586939,-1.9820987
3.2272908687591553,-0.17613369,-0.0022706524,0.98277146,0.22098708,1.8895595,-1.8511486,-0.34762207,-0.123012036,1.0137697,-1.0289909,2.0617154,0.015253067,-0.1730506,0.015593223,1.0200831,0.226234,2.0080771,-2.128751,-0.18155962,-0.00035289157,1.0038447,0.22624761,2.0080237,-1.9272355
3.2292916774749756,-0.17416358,-0.0018321984,0.9865349,0.21729308,1.8723369,-1.8413152,-0.34558627,-0.12506996,1.0178932,-1.0289603,1.9652649,0.057799585,-0.1710024,0.016037175,1.0240992,0.2219765,1.9229738,-2.1638808,-0.1795439,9.189473e-05,1.0078608,0.22239314,1.923767,-1.9626397
3.231292486190796,-0.17218597,-0.0014011153,0.9902637,0.21361902,1.8549663,-1.831222,-0.34354264,-0.12712765,1.0218238,-1.0288447,1.988488,0.1689157,-0.16894652,0.016472474,1.0279452,0.21764874,1.9718746,-2.1080577,-0.17752048,0.00052883045,1.0117083,0.21846786,1.9728554,-1.9072688
3.233293294906616,-0.17020094,-0.0009773631,0.99395764,0.20996541,1.8374493,-1.8208711,-0.34149104,-0.12918466,1.0258007,-1.0285069,1.8917658,0.21175732,-0.16688274,0.01689934,1.031889,0.21343262,1.8863745,-2.1425364,-0.17548917,0.0009581371,1.015654,0.21465333,1.8882213,-1.9420869
3.2352941036224365,-0.16820855,-0.0005609002,0.99761635,0.20633276,1.8197877,-1.8102664,-0.33943188,-0.13124083,1.0295843,-1.0280833,1.9149212,0.32307273,-0.16481142,0.017317634,1.0356617,0.20914756,1.9350133,-2.0861633,-0.1734503,0.0013796755,1.0194304,0.21076915,1.93707,-1.8862109
3.237294912338257,-0.16620888,-0.0001516841,1.0012397,0.20272158,1.8019795,-1.7994024,-0.33736506,-0.1332957,1.0334141,-1.0274372,1.8179451,0.36614493,-0.16273235,0.017727584,1.0395317,0.20497523,1.8491235,-2.1199963,-0.17140369,0.001793669,1.0233046,0.20699672,1.8520607,-1.920449
3.239295721054077,-0.16420199,0.00025032865,1.0048271,0.1991324,1.7840294,-1.7882874,-0.33529097,-0.13534911,1.03705,-1.0267049,1.841056,0.47760275,-0.16064589,0.018129054,1.0432299,0.20073524,1.8975022,-2.0630755,-0.16934967,0.0021999807,1.0270087,0.20315583,1.9006716,-1.864072
3.2412965297698975,-0.16218796,0.00064518256,1.0083786,0.19556572,1.7659353,-1.7769178,-0.3332095,-0.13740061,1.0407321,-1.0257497,1.7438452,0.5208386,-0.15855184,0.018522272,1.047025,0.1966091,1.8112239,-2.096265,-0.16728805,0.002598836,1.03081,0.19942768,1.8152938,-1.8977318
3.2432973384857178,-0.16016687,0.0010329231,1.0118937,0.19202203,1.7476994,-1.7652966,-0.3311211,-0.13945003,1.0442199,-1.024708,1.7669357,0.63238937,-0.15645054,0.018907106,1.0506474,0.19241656,1.8593435,-2.0388012,-0.16521917,0.0029901005,1.0344406,0.19563222,1.863669,-1.840859
3.245298147201538,-0.15813878,0.0014135969,1.0153722,0.18850183,1.7293229,-1.753426,-0.32902557,-0.14149691,1.0477537,-1.0234432,1.6695143,0.6757256,-0.1543418,0.019283783,1.0543661,0.18833897,1.7726884,-2.071352,-0.16314283,0.0033740015,1.038168,0.1919505,1.7779269,-1.873947
3.2472989559173584,-0.15610376,0.0017872513,1.0188137,0.18500565,1.7108058,-1.7413043,-0.32692337,-0.1435411,1.0510927,-1.0220917,1.6926081,0.7873093,-0.15222599,0.019652175,1.0579115,0.18419626,1.8205545,-2.013353,-0.16105938,0.0037504067,1.0417238,0.1882026,1.826069,-1.8165839
3.2492997646331787,-0.1540619,0.002153935,1.0222181,0.18153396,1.6921499,-1.728936,-0.3248144,-0.14558214,1.0544779,-1.0205171,1.5949934,0.8306905,-0.15010288,0.020012515,1.0615526,0.18016955,1.7335212,-2.0452738,-0.15896863,0.0041195457,1.045376,0.18456943,1.739968,-1.8491024
3.251300573348999,-0.15201326,0.0025136974,1.025585,0.17808726,1.6733565,-1.7163221,-0.32269907,-0.14761984,1.057668,-1.0188557,1.6181164,0.94225246,-0.14797284,0.020364672,1.0650197,0.176079,1.7811351,-1.9867463,-0.15687092,0.004481288,1.0488559,0.18087123,1.7878795,-1.7912536
3.2533013820648193,-0.14995793,0.002866589,1.0289142,0.17466606,1.6544265,-1.7034637,-0.32057726,-0.14965379,1.0609041,-1.0169712,1.520332,0.9856076,-0.14583567,0.020708883,1.0685819,0.1721055,1.6937358,-2.0180423,-0.15476605,0.0048358655,1.0524317,0.17728873,1.701426,-1.823211
3.2553021907806396,-0.14789596,0.0032126615,1.0322053,0.17127083,1.6353593,-1.6903594,-0.31844938,-0.15168379,1.0639448,-1.015,1.543506,1.0971007,-0.14369173,0.021045022,1.0719694,0.16806942,1.7411014,-1.9589913,-0.15265438,0.00518315,1.0558345,0.17364231,1.7491099,-1.7648828
3.25730299949646,-0.14582746,0.003551967,1.0354582,0.16790205,1.6161582,-1.6770148,-0.31631532,-0.15370941,1.0670319,-1.0128058,1.4455684,1.1403756,-0.14154083,0.021373324,1.0754516,0.16415145,1.6533363,-1.9896668,-0.15053572,0.0055233752,1.0593327,0.17011254,1.6623085,-1.7962834
3.2593038082122803,-0.14375249,0.003884559,1.0386726,0.16456021,1.5968248,-1.6634325,-0.3141755,-0.15573046,1.069923,-1.0105251,1.4688128,1.2517565,-0.13938332,0.02169367,1.0787582,0.1601721,1.7004533,-1.9300965,-0.14841041,0.0058564153,1.0626574,0.16651997,1.7097669,-1.7374816
3.2613046169281006,-0.14167112,0.004210492,1.0418481,0.1612458,1.5773567,-1.6496074,-0.31202978,-0.1577465,1.0728607,-1.0080216,1.3707446,1.2948794,-0.137219,0.022006294,1.0821592,0.15631191,1.6123418,-1.9601567,-0.14627826,0.0061825053,1.0660769,0.163045,1.6226252,-1.7683313
3.263305425643921,-0.13958344,0.0045298217,1.0449845,0.15795927,1.5577585,-1.6355476,-0.3098786,-0.15975736,1.0756022,-1.0054319,1.3940852,1.4060888,-0.13504823,0.022311077,1.0853839,0.1523916,1.6592172,-1.9000734,-0.14413962,0.006501522,1.0693221,0.15950835,1.6698619,-1.7090629
3.265305995941162,-0.13748977,0.004842567,1.0480812,0.1547015,1.5380332,-1.621256,-0.3077218,-0.1617626,1.0783904,-1.0026197,1.2958987,1.4490136,-0.13287082,0.02260826,1.0887023,0.14859144,1.570745,-1.9295372,-0.1419943,0.006813702,1.0726619,0.15609021,1.5823846,-1.7393703
3.2673068046569824,-0.13538969,0.005148859,1.0511386,0.15147218,1.5181751,-1.6067262,-0.30555984,-0.16376203,1.0809822,-0.9997217,1.3193609,1.5600004,-0.13068713,0.022897724,1.0918438,0.14473237,1.6173818,-1.8689556,-0.13984264,0.007118925,1.0758266,0.15261148,1.6294022,-1.6796415
3.2693076133728027,-0.13328353,0.00544872,1.0541563,0.14827216,1.4981896,-1.5919654,-0.3033926,-0.16575524,1.0836209,-0.9966017,1.2210852,1.6026499,-0.12849697,0.023179714,1.0950786,0.14099446,1.5285765,-1.8978137,-0.13768448,0.0074174292,1.0790855,0.14925219,1.5415976,-1.7094114
3.271308422088623,-0.13117138,0.0057422076,1.0571338,0.14510189,1.4780788,-1.5769774,-0.30122048,-0.16774203,1.086063,-0.9933964,1.2446853,1.7133687,-0.12630071,0.023454111,1.0981357,0.13719884,1.5749764,-1.8367333,-0.13552015,0.007709096,1.0821687,0.14583337,1.5883995,-1.6492287
3.2733092308044434,-0.12905331,0.0060293823,1.0600709,0.14196184,1.4578425,-1.5617604,-0.29904336,-0.16972196,1.0885524,-0.9899697,1.146337,1.7556912,-0.12409814,0.023721162,1.1012857,0.13352537,1.4858325,-1.8650045,-0.13334945,0.007994166,1.0853455,0.14253491,1.5002717,-1.6784705
3.2753100395202637,-0.1269294,0.006310305,1.0629674,0.13885248,1.4374816,-1.5463166,-0.29686168,-0.17169487,1.090845,-0.9864583,1.1700982,1.8660938,-0.12188962,0.023980753,1.1042573,0.12979536,1.5320001,-1.8034356,-0.13117276,0.008272521,1.088346,0.13917798,1.5468619,-1.6178428
3.277310848236084,-0.12479974,0.006585038,1.0658231,0.13577422,1.4169992,-1.5306509,-0.29467532,-0.17366032,1.0931852,-0.9827261,1.0716959,1.908025,-0.11967498,0.02423313,1.1073214,0.12618849,1.4425308,-1.8311256,-0.12898988,0.008544406,1.0914397,0.1359423,1.4584202,-1.6465629
3.2793116569519043,-0.122664414,0.006853643,1.0686376,0.13272755,1.3963948,-1.5147622,-0.29248467,-0.17561814,1.0953286,-0.97891,1.0956397,2.0180666,-0.117454566,0.024478184,1.1102065,0.122526236,1.4884706,-1.769077,-0.12680116,0.008809704,1.0943565,0.13264917,1.5048016,-1.5854967
3.2813124656677246,-0.1205235,0.007116184,1.0714108,0.12971288,1.3756716,-1.4986559,-0.29028964,-0.17756788,1.0975199,-0.9748739,0.99719507,2.059556,-0.1152282,0.02471616,1.1131834,0.11898808,1.3986796,-1.7961973,-0.12460643,0.00906866,1.0973661,0.12947817,1.416051,-1.6137047
3.283313274383545,-0.11837707,0.0073727258,1.0741425,0.12673065,1.3548292,-1.4823306,-0.28809062,-0.1795094,1.0995142,-0.9707548,1.0213383,2.1691954,-0.112996235,0.02494695,1.1159807,0.11539569,1.4443957,-1.7336822,-0.122406036,0.009321162,1.1001981,0.12625076,1.462228,-1.5522085
3.2853140830993652,-0.11622521,0.0076233335,1.0768323,0.1237813,1.3338698,-1.4657899,-0.2858875,-0.18144223,1.1015569,-0.9664164,0.9228805,2.2101836,-0.1107585,0.025170807,1.1188695,0.11192832,1.3542938,-1.760237,-0.12019979,0.009567454,1.1031226,0.12314634,1.3731779,-1.5799125
3.2873148918151855,-0.114068024,0.007868073,1.07948,0.12086526,1.3127942,-1.4490356,-0.2836807,-0.18336622,1.1034026,-0.9619961,0.9472443,2.3193815,-0.108515345,0.025387622,1.1215781,0.10840785,1.39979,-1.6972594,-0.11798806,0.009807427,1.1058689,0.11998651,1.419154,-1.5179943
3.289315700531006,-0.111905575,0.008107012,1.0820855,0.117982954,1.2916048,-1.432071,-0.28147012,-0.18528093,1.1052971,-0.9573573,0.8487776,2.3598094,-0.10626659,0.025597649,1.1243777,0.105013326,1.3093837,-1.7232629,-0.115770645,0.010041328,1.1087072,0.11695053,1.3298097,-1.5452045
3.291316509246826,-0.109737955,0.008340218,1.0846485,0.1151348,1.2703029,-1.4148986,-0.27925614,-0.18718621,1.1069946,-0.9526377,0.87337935,2.46852,-0.10401259,0.025800783,1.1269965,0.1015668,1.3546623,-1.6598302,-0.113547914,0.010269049,1.1113669,0.113860115,1.3755891,-1.4828733
3.2933173179626465,-0.107565254,0.008567761,1.0871687,0.11232121,1.2488891,-1.3975191,-0.27703866,-0.18908161,1.1087414,-0.9477006,0.77492857,2.5083358,-0.10175318,0.025997277,1.1297058,0.09824714,1.2639619,-1.6852866,-0.111319676,0.0104908375,1.1141181,0.11089437,1.2859598,-1.5095985
3.295318126678467,-0.10538755,0.008789708,1.089646,0.1095426,1.2273657,-1.3799357,-0.2748181,-0.19096698,1.1102912,-0.94268394,0.7997859,2.6165242,-0.09948871,0.02618703,1.1322337,0.094876565,1.3090305,-1.6214138,-0.1090863,0.010706588,1.11669,0.10787517,1.3315471,-1.4468637
3.297318935394287,-0.103204936,0.009006131,1.0920801,0.10679937,1.2057347,-1.3621529,-0.2725943,-0.19284189,1.1118908,-0.9374509,0.7013632,2.6556683,-0.09721901,0.026370298,1.1348518,0.09163374,1.2180367,-1.6463414,-0.10684759,0.010916551,1.1193532,0.10498144,1.2416396,-1.4731138
3.2993197441101074,-0.10101749,0.009217102,1.0944709,0.10409192,1.183996,-1.3441689,-0.2703677,-0.19470617,1.1132935,-0.9321396,0.72649485,2.7632828,-0.09494444,0.02654698,1.1372879,0.08834106,1.2629001,-1.5820353,-0.10460392,0.011120621,1.1218364,0.10203521,1.2870388,-1.4099838
3.3013205528259277,-0.098825306,0.009422692,1.096818,0.10142065,1.1621523,-1.3259895,-0.26813823,-0.1965594,1.1147466,-0.92661303,0.6281258,2.8017175,-0.092664815,0.026717333,1.1398137,0.08517699,1.1716323,-1.6064423,-0.10235509,0.0113190515,1.1244105,0.09921524,1.1968611,-1.4357693
3.303321361541748,-0.09662847,0.009622973,1.0991213,0.098785944,1.1402044,-1.3076148,-0.2659062,-0.19840142,1.1160028,-0.9210096,0.653545,2.9087353,-0.090380505,0.02688126,1.142157,0.081964105,1.2162949,-1.5417138,-0.100101486,0.011511739,1.1268042,0.0963437,1.2420775,-1.3722552
3.3053221702575684,-0.09442707,0.00981802,1.1013806,0.096188195,1.1181549,-1.28905,-0.2636716,-0.2002318,1.1173099,-0.9151921,0.55523807,2.9463954,-0.08809133,0.027039021,1.1445895,0.078880675,1.1247535,-1.5656178,-0.09784291,0.011698938,1.1292884,0.09359919,1.1516376,-1.3975868
3.3073229789733887,-0.09222119,0.010007907,1.1035956,0.09362778,1.0960045,-1.2702955,-0.26143476,-0.2020504,1.1184204,-0.9092993,0.5809604,3.0527768,-0.08579765,0.02719052,1.146839,0.07574944,1.1692189,-1.5004767,-0.09557973,0.011880546,1.1315917,0.09080402,1.1966753,-1.3336979
3.309323787689209,-0.09001093,0.010192708,1.1057663,0.09110507,1.0737559,-1.2513567,-0.2591956,-0.2038568,1.1195823,-0.9031938,0.48273113,3.0896273,-0.0834993,0.027336016,1.1491774,0.07274849,1.0774182,-1.5238822,-0.09331176,0.012056819,1.133985,0.08813662,1.1059821,-1.3585863
3.3113245964050293,-0.087796375,0.0103725,1.1078924,0.08862045,1.0514097,-1.2322339,-0.2569545,-0.20565082,1.1205478,-0.8970145,0.50876945,3.1953511,-0.081196636,0.027475419,1.1513323,0.069700725,1.1216933,-1.4583462,-0.09103936,0.012227658,1.136197,0.085419446,1.150846,-1.2943325
3.3133254051208496,-0.08557761,0.010547359,1.1099737,0.086174265,1.0289673,-1.212929,-0.25471136,-0.20743208,1.1215653,-0.8906238,0.4106307,3.2313344,-0.07888948,0.027608987,1.1535757,0.06678403,1.0296414,-1.4812661,-0.088762365,0.01239332,1.1384987,0.08283078,1.0599076,-1.3187904
3.31532621383667,-0.08335472,0.010717362,1.1120099,0.083766885,1.0064316,-1.1934476,-0.2524666,-0.2092004,1.1223866,-0.8841611,0.43699947,3.336362,-0.076578215,0.02773663,1.155635,0.0638215,1.0737292,-1.4153342,-0.08648113,0.012553707,1.1406184,0.0801932,1.104603,-1.2541832
3.3173270225524902,-0.0811278,0.010882588,1.1140009,0.08139866,0.9838035,-1.1737909,-0.25022006,-0.21095538,1.1232606,-0.8774884,0.33896208,3.3714488,-0.07426265,0.027858611,1.1577824,0.060990833,0.9814286,-1.437788,-0.08419548,0.0127090765,1.1428276,0.077684835,1.0134282,-1.2782218
3.3193278312683105,-0.07889694,0.011043115,1.1159467,0.079069935,0.96108437,-1.1539615,-0.24797219,-0.21269687,1.1239386,-0.8707455,0.36567742,3.475739,-0.07194316,0.027974842,1.1597453,0.058115255,1.0253372,-1.3714814,-0.08190577,0.012859333,1.1448545,0.07512839,1.0579599,-1.2132705
3.3213284015655518,-0.0766625,0.011199004,1.1178466,0.076781325,0.93827933,-1.1339653,-0.24572285,-0.21442445,1.1246699,-0.863794,0.2677662,3.509879,-0.069619566,0.028085588,1.161796,0.05537229,0.93280876,-1.393474,-0.07961182,0.013004737,1.1469705,0.07270185,0.9665566,-1.2369024
3.323329210281372,-0.07442404,0.011350373,1.119701,0.07453262,0.9153846,-1.1138006,-0.24347243,-0.21613799,1.1252054,-0.8567743,0.294836,3.613422,-0.06729224,0.028190758,1.1636616,0.05258534,0.9765424,-1.3267987,-0.07731402,0.013145193,1.1489036,0.07022805,1.0109302,-1.1716197
3.3253300189971924,-0.07218192,0.011497282,1.1215096,0.072324425,0.8924047,-1.0934727,-0.24122083,-0.21783708,1.1257951,-0.84954745,0.19705169,3.6465747,-0.064961016,0.028290622,1.1656147,0.049931742,0.883781,-1.3483464,-0.07501217,0.0132809635,1.1509255,0.06788481,0.91930866,-1.1948575
3.3273308277130127,-0.06993622,0.011639815,1.1232721,0.070157066,0.86934054,-1.0729834,-0.23896845,-0.21952158,1.1261892,-0.8422543,0.22449109,3.7493339,-0.06262625,0.028385092,1.1673822,0.04723505,0.9273469,-1.2813227,-0.07270664,0.013411954,1.1527641,0.065495096,0.96352935,-1.1292537
3.329331636428833,-0.06768705,0.011778052,1.1249883,0.068030864,0.84619486,-1.0523369,-0.23671517,-0.2211911,1.1266382,-0.8347556,0.12685017,3.781454,-0.060287777,0.028474437,1.1692369,0.044672403,0.83437765,-1.3024431,-0.07039726,0.013538428,1.1546911,0.06323659,0.8716977,-1.1521109
3.3313324451446533,-0.065434486,0.011912076,1.1266582,0.065946124,0.8229688,-1.0315356,-0.23446138,-0.22284548,1.1268919,-0.82719266,0.15466568,3.8834105,-0.057945967,0.028558573,1.1709057,0.042067517,0.8777813,-1.2350776,-0.06808439,0.013660292,1.1564345,0.060932364,0.9157708,-1.0861981
3.3333332538604736,-0.06317863,0.01204197,1.1282815,0.06390315,0.79966503,-1.010584,-0.23220699,-0.22448432,1.1272012,-0.8194258,0.057181697,3.9144785,-0.055600643,0.028637767,1.1726613,0.039597362,0.78459865,-1.2557815,-0.065767854,0.013777812,1.1582661,0.05875997,0.8237391,-1.1086866
3.335334062576294,-0.060919568,0.01216782,1.129858,0.061902255,0.77628404,-0.98948234,-0.22995235,-0.22610752,1.1273155,-0.8115969,0.08538598,4.015611,-0.053252183,0.02871194,1.1742305,0.037085798,0.8278458,-1.1880907,-0.06344803,0.013890897,1.1599135,0.056542594,0.86767066,-1.0424768
3.3373348712921143,-0.0586574,0.012289708,1.1313877,0.05994372,0.7528291,-0.96823704,-0.22769737,-0.22771466,1.1274863,-0.8035656,-0.01193833,4.0455785,-0.05090041,0.028781358,1.1758862,0.034709617,0.7344734,-1.2083938,-0.061124727,0.013999812,1.1616489,0.054457642,0.7754471,-1.0646118
3.3393356800079346,-0.05639222,0.01240772,1.1328704,0.058027837,0.7293012,-0.94684947,-0.22544245,-0.22930561,1.1274625,-0.79547447,0.01666161,4.1458616,-0.0485457,0.028845944,1.177355,0.032292828,0.7775696,-1.1403869,-0.058798328,0.014104469,1.1631998,0.05232842,0.8192428,-0.9981173
3.341336488723755,-0.054124117,0.012521942,1.1343061,0.056154884,0.7057019,-0.925322,-0.22318746,-0.23087998,1.1274959,-0.78718275,-0.080478035,4.1746984,-0.046187878,0.028905967,1.1789101,0.030012054,0.68401,-1.1603084,-0.05646865,0.014205134,1.1648383,0.050332185,0.7268375,-1.0199116
3.343337297439575,-0.05185319,0.012632459,1.1356944,0.054325137,0.68203425,-0.9036604,-0.2209328,-0.23243764,1.127335,-0.7788333,-0.05147475,4.274121,-0.04382732,0.02896135,1.1802782,0.027691437,0.726962,-1.0920004,-0.054136068,0.014301718,1.166292,0.04829236,0.77050316,-0.9531448
3.3453381061553955,-0.049579535,0.012739359,1.1370353,0.052538868,0.6582995,-0.88186663,-0.21867833,-0.23397821,1.127232,-0.77028507,-0.14843786,4.3017964,-0.041463856,0.029012363,1.181732,0.025507435,0.63322777,-1.1115463,-0.0518004,0.01439449,1.167833,0.04638607,0.67792594,-0.9746136
3.347338914871216,-0.047303244,0.012842729,1.1383286,0.050796334,0.634499,-0.8599428,-0.21642445,-0.23550157,1.1269351,-0.7616815,-0.11902173,4.400332,-0.039097857,0.029058931,1.1829985,0.023284342,0.676043,-1.0429513,-0.04946202,0.014483363,1.1691889,0.044436842,0.7214677,-0.907587
3.349339723587036,-0.045024414,0.012942656,1.1395742,0.04909779,0.61063546,-0.83789396,-0.21417105,-0.23700733,1.1266971,-0.7528808,-0.21578377,4.426818,-0.036729157,0.029101329,1.1843506,0.02119844,0.5821412,-1.0621476,-0.047120757,0.014568606,1.1706318,0.04262167,0.6287275,-0.9287441
3.3513405323028564,-0.04274314,0.0130392285,1.140772,0.047443487,0.58671045,-0.81572264,-0.21191852,-0.2384954,1.1262655,-0.7440272,-0.1859505,4.524454,-0.03435813,0.029139478,1.1855149,0.019074146,0.6248267,-0.99328464,-0.04477698,0.014650134,1.1718892,0.04076418,0.6721514,-0.86147076
3.3533413410186768,-0.040459514,0.013132536,1.1419219,0.045833662,0.56272614,-0.79343283,-0.20966673,-0.23996535,1.1258936,-0.7349783,-0.2825081,4.549731,-0.0319846,0.029173654,1.1867646,0.017087577,0.53077537,-1.0121405,-0.042430513,0.014728216,1.1732335,0.039041236,0.57925904,-0.8823315
3.355342149734497,-0.03817364,0.013222667,1.1430237,0.044268552,0.53868407,-0.7710269,-0.20741607,-0.24141711,1.1253285,-0.72587883,-0.2522481,4.646449,-0.029608948,0.02920378,1.1878262,0.015063296,0.5733377,-0.94301623,-0.04008173,0.01480277,1.174392,0.037276573,0.6225712,-0.81482416
3.3573429584503174,-0.035885606,0.013309712,1.1440774,0.042748384,0.51458657,-0.74850917,-0.20516643,-0.24285029,1.124824,-0.71658593,-0.34859318,4.6704745,-0.027231002,0.029230135,1.1889728,0.013177264,0.47913522,-0.9615599,-0.037730455,0.014874063,1.1756371,0.035646927,0.5295357,-0.8354039
3.3593437671661377,-0.033595514,0.01339376,1.1450828,0.041273378,0.4904352,-0.7258823,-0.20291817,-0.24426478,1.1241269,-0.707245,-0.31790322,4.7662683,-0.02485114,0.029252643,1.1899312,0.011254144,0.5215792,-0.8921917,-0.035377063,0.0149420155,1.1766962,0.03397612,0.5727427,-0.7676762
3.361344575881958,-0.031303458,0.013474902,1.1460398,0.03984375,0.46623224,-0.7031503,-0.2006712,-0.2456602,1.123491,-0.6977125,-0.41402692,4.7890387,-0.02246919,0.029271582,1.1909744,0.009469761,0.42725173,-0.9104211,-0.03302138,0.015006897,1.1778417,0.032440767,0.47957447,-0.7879897
3.3633453845977783,-0.029009534,0.01355323,1.1469485,0.038459707,0.44197974,-0.68031675,-0.19842587,-0.24703647,1.122663,-0.68813443,-0.38290134,4.883891,-0.020085532,0.02928688,1.1918288,0.0076489183,0.4695864,-0.8408223,-0.030663777,0.015068627,1.1788008,0.030864786,0.52268255,-0.7200549
3.3653461933135986,-0.02671384,0.013628834,1.1478084,0.03712145,0.41767982,-0.6573854,-0.19618207,-0.24839321,1.1218972,-0.67836666,-0.4787954,4.9053645,-0.017699996,0.029298814,1.192768,0.005967274,0.37512618,-0.8587757,-0.028304085,0.015127476,1.1798462,0.029424677,0.42939165,-0.7401185
3.367347002029419,-0.024416476,0.013701807,1.1486198,0.035829168,0.39333412,-0.6343591,-0.19394019,-0.24973032,1.1209396,-0.6685559,-0.44722438,4.9992604,-0.015312959,0.029307313,1.1935183,0.0042497227,0.41735715,-0.78896433,-0.025942676,0.015183365,1.180705,0.02794444,0.47240725,-0.6719906
3.3693478107452393,-0.022117537,0.01377224,1.1493824,0.03458305,0.3689445,-0.6112413,-0.1917001,-0.25104743,1.1200452,-0.6585574,-0.54288626,5.0194273,-0.012924253,0.029312657,1.194353,0.002671794,0.32279792,-0.8066402,-0.023579376,0.015236566,1.1816498,0.02660046,0.37900433,-0.6918194
3.3713486194610596,-0.019817121,0.0138402255,1.150096,0.033383273,0.3445135,-0.5880363,-0.18946218,-0.25234446,1.1189594,-0.64851856,-0.5108693,5.1123567,-0.010534256,0.029314775,1.1949986,0.0010585135,0.3649345,-0.73662615,-0.02121456,0.015287,1.1824079,0.025216822,0.42193407,-0.6235118
3.37334942817688,-0.017515326,0.013905858,1.1507609,0.03223001,0.32004285,-0.56474715,-0.18722631,-0.25362104,1.1179377,-0.63829386,-0.60628814,5.1312075,-0.008142799,0.029313946,1.1957285,-0.00041473878,0.27025768,-0.75405705,-0.018848056,0.01533494,1.1832517,0.023969797,0.3284285,-0.64312243
3.3753502368927,-0.015212249,0.013969229,1.1513767,0.031123422,0.29553467,-0.5413777,-0.18499286,-0.2548771,1.1167251,-0.62803143,-0.5738214,5.2231636,-0.0057502612,0.0293101,1.196269,-0.0019228529,0.31230497,-0.68386155,-0.01648024,0.015380307,1.1839086,0.022683553,0.37127903,-0.5746495
3.3773510456085205,-0.012907989,0.014030432,1.1519434,0.030063672,0.270991,-0.51793164,-0.18276171,-0.25611225,1.1155775,-0.6175851,-0.6689956,5.2406707,-0.0033564738,0.029303519,1.1968937,-0.0032905762,0.21755292,-0.70105153,-0.014110937,0.015423375,1.1846511,0.021534255,0.27768213,-0.59405774
3.3793516159057617,-0.010602919,0.014089556,1.152461,0.029051024,0.24641693,-0.49441555,-0.18053323,-0.25732645,1.1142395,-0.60710377,-0.6360741,5.3316402,-0.00096181594,0.029294133,1.1973288,-0.0046926793,0.25951895,-0.63068753,-0.011740523,0.015464067,1.1852065,0.020346139,0.32046017,-0.52543354
3.381352424621582,-0.008296588,0.014146708,1.1529294,0.02808538,0.22180831,-0.47082675,-0.1783073,-0.25851932,1.1129673,-0.5964405,-0.73098975,5.3477893,0.0014338798,0.029282225,1.1978478,-0.005954054,0.16467956,-0.64766735,-0.0093688285,0.015502658,1.1858474,0.019295271,0.22678162,-0.54465634
3.3833532333374023,-0.00598937,0.0142019745,1.1533486,0.027167,0.19717036,-0.44717225,-0.17608428,-0.25969082,1.1115053,-0.5857449,-0.6976158,5.437782,0.0038302343,0.029267726,1.1981772,-0.007249389,0.20657124,-0.57714635,-0.0069962265,0.01553907,1.186301,0.01820596,0.2694939,-0.47589508
3.3853540420532227,-0.003681362,0.014255451,1.1537184,0.026296008,0.17250538,-0.4234561,-0.17386407,-0.26084056,1.11011,-0.57486933,-0.7922716,5.4525585,0.006227415,0.02925092,1.1985904,-0.008403681,0.111666165,-0.5939253,-0.0046225465,0.015573578,1.1868399,0.01725417,0.1757448,-0.49494848
3.387354850769043,-0.0013726633,0.014307233,1.1540388,0.02547253,0.1478151,-0.39968145,-0.17164701,-0.2619685,1.1085255,-0.5639642,-0.75843877,5.5415473,0.008625043,0.029231736,1.1988137,-0.009591532,0.15349032,-0.5232692,-0.0022481633,0.015606106,1.1871915,0.016264273,0.21839823,-0.4260645
3.3893556594848633,0.0009366267,0.014357414,1.1543099,0.024696674,0.12310153,-0.37585178,-0.169433,-0.26307425,1.1070087,-0.5528811,-0.8528248,5.554938,0.011023284,0.02921046,1.1991206,-0.01063807,0.05852987,-0.53986865,0.0001270934,0.01563693,1.1876283,0.015412143,0.12458854,-0.44496575
3.3913564682006836,0.0032464098,0.014406091,1.1545315,0.023968548,0.09836712,-0.35197157,-0.1672224,-0.2641578,1.105303,-0.54177123,-0.818531,5.6429257,0.013421759,0.029187024,1.1992377,-0.0117178075,0.100294486,-0.46908802,0.0025028484,0.015665974,1.1878774,0.014522212,0.16719002,-0.37597358
3.393357276916504,0.005556587,0.014453359,1.1547035,0.02328825,0.07361373,-0.32804412,-0.16501506,-0.26521876,1.103666,-0.5304854,-0.9126456,5.6549172,0.015820635,0.029161712,1.1994383,-0.012655984,0.0052853352,-0.48552454,0.004879272,0.015693516,1.1882118,0.013770265,0.0733308,-0.39473933
3.395358085632324,0.007867059,0.014499313,1.154826,0.02265587,0.048843436,-0.3040731,-0.16281137,-0.2662571,1.1018406,-0.5191755,-0.87788874,5.7419004,0.018219534,0.029134458,1.199449,-0.013627033,0.04699865,-0.41463774,0.007255989,0.015719477,1.1883584,0.012980786,0.115887195,-0.32565355
3.3973588943481445,0.010177726,0.01454405,1.154899,0.022071492,0.024058433,-0.28006247,-0.1606112,-0.2672725,1.1000848,-0.50769174,-0.97172105,5.7524776,0.020618621,0.029105546,1.199543,-0.014456308,-0.048043832,-0.43093598,0.0096331695,0.015744137,1.1885902,0.012329479,0.02198869,-0.344301
3.399359703063965,0.01248849,0.014587667,1.1549224,0.021535192,-0.00073923037,-0.25601596,-0.15841492,-0.2682649,1.0981413,-0.4961868,-0.93649673,5.8384414,0.023017514,0.02907491,1.1994469,-0.01531818,-0.006373928,-0.3599591,0.012010438,0.015767418,1.1886342,0.0116408765,0.064506985,-0.27513632
3.401360511779785,0.01479925,0.014630258,1.154896,0.021047037,-0.025547525,-0.23193711,-0.15622237,-0.2692339,1.0962683,-0.48450992,-1.030048,5.8476043,0.025416384,0.029042833,1.1994342,-0.0160381,-0.10143953,-0.3761308,0.014387965,0.015789598,1.1887631,0.011090604,-0.029419728,-0.29368222
3.4033613204956055,0.017109908,0.014671921,1.1548201,0.020607088,-0.050364256,-0.20782994,-0.15403396,-0.27017954,1.0942082,-0.4728147,-0.9943594,5.9325566,0.027814846,0.02900925,1.1992313,-0.01679036,-0.05980594,-0.3050796,0.016765375,0.015810605,1.1887043,0.010503239,0.013067324,-0.2244531
3.405362129211426,0.019420365,0.014712752,1.1546944,0.020215398,-0.07518738,-0.1836981,-0.15184952,-0.27110144,1.0922195,-0.4609496,-1.0876207,5.940301,0.03021307,0.02897445,1.1991117,-0.01740052,-0.1548851,-0.32114756,0.019142836,0.015830714,1.1887304,0.010054333,-0.08087726,-0.24291497
3.407362937927246,0.02173052,0.014752847,1.1545192,0.019872012,-0.10001468,-0.15954556,-0.14966944,-0.2719996,1.0900443,-0.449069,-1.0514612,6.0242286,0.032610673,0.028938364,1.1988019,-0.018042816,-0.113282345,-0.2500363,0.021519974,0.015849851,1.1885686,0.009568503,-0.038414154,-0.1736367
3.4093637466430664,0.024040274,0.014792304,1.1542943,0.019576969,-0.1248442,-0.1353758,-0.14749356,-0.27287364,1.0879413,-0.43702054,-1.1444311,6.0305257,0.035007823,0.028901279,1.1985753,-0.018542888,-0.20836136,-0.26601768,0.023896957,0.015868293,1.1884918,0.00922123,-0.13236587,-0.19203159
3.4113645553588867,0.02634953,0.014831219,1.1540196,0.019330299,-0.14967366,-0.11119298,-0.14532225,-0.27372357,1.0856525,-0.42495948,-1.1078044,6.113428,0.037404142,0.028863128,1.1981585,-0.019074922,-0.1667787,-0.19486646,0.02627341,0.015885968,1.188227,0.008837166,-0.089919776,-0.122718774
3.413365364074707,0.028658185,0.014869689,1.1536953,0.019132024,-0.17450128,-0.08700027,-0.14315538,-0.27454904,1.0834368,-0.41273263,-1.2004669,6.11829,0.03979979,0.028824199,1.197825,-0.019464655,-0.26184633,-0.21077989,0.028649505,0.01590315,1.1880472,0.008591728,-0.18386768,-0.14106399
3.4153661727905273,0.030966142,0.014907811,1.1533214,0.01898216,-0.19932465,-0.06280204,-0.14099331,-0.27535003,1.081036,-0.40049607,-1.1633694,6.200165,0.042194393,0.028784426,1.1973013,-0.019886214,-0.22027749,-0.13959837,0.031024864,0.01591977,1.1876794,0.0083096,-0.14143163,-0.0717312
3.4173669815063477,0.033273302,0.014945681,1.1528977,0.018880716,-0.2241416,-0.03860225,-0.13883589,-0.27612624,1.0787092,-0.38809574,-1.2557238,6.2035666,0.044588115,0.028744096,1.1968607,-0.020165412,-0.31532574,-0.15546604,0.033399656,0.0159361,1.1873965,0.008166137,-0.23536539,-0.09004432
3.419367790222168,0.035579566,0.014983397,1.1524245,0.018827688,-0.2489505,-0.014403617,-0.1366835,-0.2768776,1.0761977,-0.3756886,-1.2181544,6.28441,0.046980575,0.028703144,1.19623,-0.020476343,-0.273763,-0.08427583,0.03577351,0.015952073,1.1869258,0.007986048,-0.19293228,-0.020706829
3.4213685989379883,0.03788483,0.015021055,1.1519015,0.018823072,-0.27374858,0.009788514,-0.13453597,-0.27760386,1.0737615,-0.36311978,-1.3101984,6.2863574,0.04937194,0.028661855,1.1956825,-0.020644894,-0.36877784,-0.10011203,0.03814659,0.015967961,1.1865399,0.007944634,-0.2868407,-0.039004672
3.4233694076538086,0.040189,0.015058752,1.1513289,0.018866852,-0.29853433,0.033971753,-0.13239369,-0.27830496,1.0711411,-0.35054708,-1.2721571,6.366165,0.05176183,0.028620165,1.194945,-0.020845117,-0.3272141,-0.028927715,0.040518522,0.015983695,1.1859663,0.007866625,-0.2444034,0.030322941
3.425370216369629,0.042491976,0.015096585,1.1507068,0.018959006,-0.32330567,0.058142267,-0.13025649,-0.27898058,1.0685968,-0.33781475,-1.3638815,6.366646,0.05415041,0.02857836,1.1942905,-0.020902973,-0.4221854,-0.04475107,0.042889476,0.01599955,1.1854775,0.007927271,-0.33827648,0.012022251
3.427371025085449,0.044793658,0.015134651,1.1500351,0.019099504,-0.34805968,0.08229477,-0.12812474,-0.27963075,1.0658691,-0.32508147,-1.3253652,6.4454155,0.056537304,0.028536376,1.1934462,-0.020992475,-0.38061252,0.02641092,0.045259077,0.016015453,1.184801,0.0079513155,-0.295828,0.08132501
3.4293718338012695,0.047093946,0.015173047,1.149314,0.019288305,-0.37279493,0.10642654,-0.1259983,-0.28025514,1.0632184,-0.31219062,-1.4167607,6.4444294,0.058922675,0.028494496,1.1926849,-0.020939652,-0.4755252,0.010574146,0.047627497,0.01603168,1.1842093,0.008113965,-0.38965437,0.06300509
3.43137264251709,0.04939274,0.015211868,1.1485435,0.019525366,-0.3975096,0.13053451,-0.12387753,-0.28085375,1.0603849,-0.29930177,-1.3777658,6.522155,0.06130614,0.028452659,1.1917338,-0.020918503,-0.4339357,0.08169854,0.049994357,0.016048161,1.1834301,0.008239975,-0.34718752,0.13226801
3.43337345123291,0.051689945,0.015251212,1.1477234,0.019810636,-0.4222012,0.15461421,-0.121762276,-0.28142625,1.0576293,-0.28625748,-1.4688326,6.5196867,0.063687876,0.028411148,1.190866,-0.020755107,-0.5287837,0.065832034,0.052359827,0.016065171,1.1827357,0.008504511,-0.44095698,0.113910794
3.4353740215301514,0.053985186,0.01529117,1.1468542,0.02014401,-0.4468647,0.17865877,-0.11965289,-0.28197268,1.0546917,-0.2732181,-1.4293615,6.5963626,0.066067494,0.028369902,1.1898084,-0.020623442,-0.48716927,0.13690403,0.054723535,0.016082635,1.1818538,0.008732333,-0.39846498,0.18311965
3.4373748302459717,0.05627891,0.0153318485,1.1459354,0.0205255,-0.47150406,0.20267065,-0.117549226,-0.28249273,1.0518329,-0.26002538,-1.52009,6.592417,0.06844516,0.028329203,1.1888341,-0.020349633,-0.5819401,0.12099424,0.05708565,0.016100833,1.1810569,0.009098572,-0.4921669,0.1647084
3.439375638961792,0.058570746,0.015373338,1.1449674,0.020954994,-0.49611422,0.2266432,-0.11545164,-0.2829864,1.0487927,-0.24684055,-1.4801385,6.668038,0.0708205,0.028288988,1.1876702,-0.020107644,-0.5402944,0.19199692,0.059445795,0.016119689,1.1800725,0.009427989,-0.44964272,0.23384824
3.4413764476776123,0.060860597,0.015415735,1.1439502,0.02143241,-0.5206926,0.25057164,-0.11335997,-0.2834534,1.0458324,-0.23350447,-1.5705174,6.6626062,0.073193684,0.028249541,1.1865896,-0.01972365,-0.6349767,0.1760192,0.06180414,0.01613948,1.1791732,0.009895685,-0.54326624,0.21536522
3.4433772563934326,0.063148364,0.015459134,1.1428839,0.021957656,-0.5452379,0.27445364,-0.11127459,-0.28389376,1.0426913,-0.22017926,-1.5300871,6.737176,0.075564325,0.028210798,1.1853197,-0.019371612,-0.5932895,0.2469325,0.06416032,0.016160132,1.1780868,0.010326415,-0.500703,0.28442147
3.445378065109253,0.06543395,0.015503633,1.1417685,0.022530636,-0.56974787,0.29828545,-0.10919533,-0.28430718,1.0396311,-0.20670491,-1.6201121,6.730242,0.07793259,0.028173042,1.184133,-0.018877747,-0.68787086,0.23087347,0.066514485,0.016181923,1.1770854,0.010895258,-0.5942377,0.26585025
3.4473788738250732,0.067717254,0.015549325,1.140604,0.023151245,-0.5942205,0.322063,-0.10712255,-0.28469366,1.0363909,-0.19324443,-1.5791996,6.803745,0.0802981,0.02813621,1.1827573,-0.018415999,-0.6461373,0.30168787,0.068866275,0.016204778,1.1758969,0.011426958,-0.5516283,0.3348081
3.4493796825408936,0.06999818,0.015596307,1.1393907,0.02381937,-0.6186535,0.3457822,-0.105056085,-0.28505293,1.0332325,-0.17963694,-1.6688613,6.795324,0.08266103,0.028100586,1.181465,-0.017812623,-0.74061054,0.28552395,0.07121586,0.016228972,1.1747936,0.0120965745,-0.64506376,0.31613117
3.451380491256714,0.07227663,0.015644673,1.1381285,0.024534892,-0.643045,0.36944017,-0.1029963,-0.285385,1.0298947,-0.16604629,-1.6274608,6.8677664,0.085021004,0.028066102,1.1799839,-0.017241575,-0.69882345,0.3562212,0.07356287,0.016254429,1.1735035,0.012728837,-0.60240144,0.38497642
3.453381299972534,0.074552506,0.015694518,1.1368176,0.025297685,-0.66739285,0.39303273,-0.100943014,-0.28568962,1.0266398,-0.15231076,-1.7167614,6.8578277,0.087378174,0.028033044,1.1785862,-0.016529132,-0.7931722,0.3399365,0.07590747,0.016281426,1.1722987,0.013498791,-0.6957277,0.36617818
3.4553821086883545,0.07682571,0.015745936,1.1354579,0.026107613,-0.6916955,0.41655698,-0.0988966,-0.2859668,1.0232064,-0.1385951,-1.6748763,6.9291964,0.08973218,0.028001346,1.1769999,-0.015849259,-0.7513234,0.4105024,0.07824928,0.016309889,1.1709073,0.014231147,-0.6530056,0.43489626
3.457382917404175,0.07909614,0.015799021,1.1340497,0.026964536,-0.71595,0.44000787,-0.096856885,-0.2862163,1.0198566,-0.12473671,-1.763786,6.917755,0.09208317,0.02797129,1.1754973,-0.015028254,-0.8455403,0.3940769,0.08058848,0.016340092,1.1696012,0.01510094,-0.7462116,0.41595832
3.459383726119995,0.08136371,0.015853869,1.1325929,0.027868306,-0.7401559,0.4633845,-0.094824225,-0.28643808,1.016329,-0.1109012,-1.7214103,6.988046,0.09443078,0.02794281,1.1738062,-0.0142401,-0.80362165,0.4644936,0.0829247,0.016371958,1.1681088,0.015932856,-0.7034228,0.48453477
3.4613845348358154,0.08362831,0.015910571,1.1310878,0.028818768,-0.7643088,0.48667896,-0.09279845,-0.28663194,1.0128863,-0.09692511,-1.8099455,6.975078,0.09677518,0.027916187,1.1721989,-0.013311113,-0.89769644,0.44790962,0.085258104,0.016405761,1.166702,0.016901925,-0.7964989,0.4654416
3.4633853435516357,0.08588985,0.015969222,1.1295345,0.029815758,-0.78840953,0.50989276,-0.090779915,-0.28679788,1.0092664,-0.082974955,-1.7670784,7.0442805,0.09911599,0.027891356,1.1704035,-0.012415294,-0.8557013,0.5181618,0.087588325,0.016441427,1.165109,0.017832808,-0.753637,0.5338631
3.465386152267456,0.088148244,0.016029915,1.1279329,0.030859105,-0.812454,0.5330184,-0.08876845,-0.28693566,1.0057322,-0.06888639,-1.8551997,7.029787,0.10145337,0.027868599,1.1686921,-0.01137897,-0.9496223,0.501408,0.08991553,0.016479228,1.1636018,0.018900534,-0.84657276,0.5145986
3.4673869609832764,0.09040338,0.01609274,1.1262833,0.031948633,-0.8364411,0.5560543,-0.08676441,-0.2870453,1.0020218,-0.05482682,-1.8118371,7.0979,0.10378696,0.027847847,1.1667929,-0.0103761535,-0.90754354,0.57148576,0.09223935,0.016519086,1.1619086,0.019929731,-0.803631,0.5828505
3.4693877696990967,0.09265517,0.016157791,1.1245857,0.03308416,-0.8603691,0.5789971,-0.08476762,-0.28712657,0.9983981,-0.04063102,-1.8995596,7.0818663,0.10611691,0.02782938,1.1649778,-0.009233182,-1.001302,0.554532,0.09455995,0.016561277,1.1603013,0.021095432,-0.8964165,0.5633982
3.471388578414917,0.09490351,0.016225161,1.1228404,0.034265496,-0.8842356,0.6018428,-0.08277842,-0.2871795,0.994599,-0.026467286,-1.8556987,7.1488776,0.108442865,0.027813133,1.1629752,-0.008124119,-0.9591338,0.6244148,0.09687697,0.016605722,1.1585085,0.022222228,-0.85338825,0.6314668
3.4733893871307373,0.09714831,0.01629494,1.1210474,0.03549244,-0.90803856,0.62458706,-0.080796644,-0.28720385,0.9908876,-0.01216953,-1.9429978,7.1312957,0.11076498,0.027799383,1.1610569,-0.006875289,-1.0527127,0.6072549,0.09919058,0.016652692,1.1568018,0.023485161,-0.9460131,0.61180997
3.4753901958465576,0.09938947,0.016367218,1.1192068,0.03676479,-0.9317766,0.64722824,-0.07882264,-0.28719968,0.9870016,0.0020930627,-1.8986341,7.197198,0.113082886,0.027788062,1.1589514,-0.0056607793,-1.0104464,0.6769302,0.1015004,0.01670211,1.1549098,0.024708781,-0.90289205,0.6796821
3.477391004562378,0.10162691,0.016442087,1.1173187,0.03808233,-0.9554483,0.6697636,-0.07685623,-0.2871667,0.9832043,0.01648746,-1.9854996,7.178061,0.115396746,0.027779447,1.1569306,-0.004306919,-1.1038461,0.6595406,0.10380661,0.016754245,1.1531041,0.026068145,-0.99534684,0.6598054
3.4793918132781982,0.10386052,0.016519638,1.1153835,0.03944485,-0.97905034,0.692187,-0.074897766,-0.28710502,0.9792333,0.030843582,-1.9406302,7.242845,0.117706195,0.027773472,1.1547229,-0.0029878377,-1.0614758,0.72899365,0.10610884,0.01680902,1.1511134,0.027387757,-0.9521266,0.7274675
3.4813926219940186,0.10609021,0.01659996,1.113401,0.04085212,-1.0025816,0.7144964,-0.07294706,-0.28701437,0.97535205,0.045329273,-2.0270562,7.2221465,0.1200114,0.027770411,1.1525999,-0.0015298503,-1.154676,0.7113612,0.10840726,0.016866706,1.1492091,0.028842691,-1.0444013,0.70735586
3.483393430709839,0.10831589,0.016683143,1.1113716,0.04230391,-1.0260398,0.7366882,-0.071004465,-0.28689483,0.9712979,0.059773564,-1.9816755,7.285804,0.12231198,0.027770197,1.1502906,-0.000107127824,-1.1121943,0.7805772,0.1107015,0.016927222,1.1471204,0.030257404,-1.0010754,0.77479434
3.485394239425659,0.11053746,0.016769273,1.1092954,0.04379998,-1.0494232,0.7587586,-0.069069795,-0.28674614,0.96733457,0.07434517,-2.0676463,7.2635202,0.124608114,0.027773105,1.1480662,0.0014540267,-1.205191,0.7626822,0.112991735,0.016990837,1.1451182,0.031806994,-1.0931604,0.754432
3.4873950481414795,0.11275484,0.016858442,1.1071724,0.04534009,-1.0727315,0.78070784,-0.067143396,-0.2865684,0.96319926,0.08887221,-2.0217507,7.326033,0.12689942,0.027779063,1.1456558,0.0029793913,-1.1625906,0.8316467,0.115277596,0.01705747,1.1429319,0.03331586,-1.0497229,0.8216343
3.4893958568573,0.11496791,0.016950736,1.1050028,0.04692399,-1.0959609,0.8025287,-0.06522509,-0.28636137,0.95915574,0.103524275,-2.1072462,7.30216,0.12918608,0.027788348,1.1433306,0.004642685,-1.2553701,0.8134731,0.11755926,0.017127387,1.1408325,0.03495913,-1.141609,0.8010068
3.49139666557312,0.1171766,0.017046243,1.1027868,0.04855142,-1.1191106,0.82422036,-0.063315205,-0.28612512,0.9549413,0.1181286,-2.0608327,7.363523,0.13146771,0.027800888,1.1408198,0.006269631,-1.2126455,0.88217473,0.11983636,0.01720051,1.1385493,0.036561143,-1.0980536,0.86795944
3.4933972358703613,0.11938055,0.017145038,1.1005248,0.050221913,-1.1421746,0.84577376,-0.061413568,-0.2858594,0.9508196,0.13285564,-2.1458473,7.338048,0.13374451,0.027816955,1.1383945,0.008033981,-1.305203,0.8637058,0.12210907,0.017277103,1.1363533,0.03829706,-1.189731,0.84705144
3.4953980445861816,0.12158018,0.01724723,1.0982165,0.0519356,-1.1651589,0.86719567,-0.059520513,-0.28556433,0.9465279,0.14753173,-2.098908,7.398249,0.13601607,0.027836477,1.135784,0.009761392,-1.2623471,0.9321298,0.12437702,0.017357085,1.1339738,0.039991163,-1.146052,0.9137427
3.497398853302002,0.123775154,0.017352894,1.0958624,0.053692006,-1.1880574,0.8884768,-0.05763585,-0.28523967,0.94233006,0.16232823,-2.183428,7.371155,0.1382826,0.027859729,1.1332593,0.011625652,-1.3546684,0.91335034,0.12664038,0.017440721,1.1316817,0.04181865,-1.2375113,0.8925405
3.4993996620178223,0.12596537,0.017462114,1.0934625,0.055490848,-1.2108685,0.90961486,-0.055759925,-0.28488553,0.9379632,0.17707054,-2.1359553,7.4301744,0.1405437,0.027886633,1.1305499,0.013452353,-1.3116766,0.98148215,0.1288988,0.017527929,1.1292067,0.04360373,-1.1937025,0.95895725
3.5014004707336426,0.12815075,0.017574975,1.091017,0.05733184,-1.2335908,0.93060774,-0.05389254,-0.28450167,0.93369126,0.19193089,-2.2199569,7.4014416,0.14279956,0.027917463,1.1279266,0.015415317,-1.4037517,0.9623787,0.13115244,0.017618971,1.1268193,0.045521643,-1.2849351,0.93744516
3.503401279449463,0.13033117,0.017691562,1.0885261,0.05921469,-1.256223,0.9514524,-0.05203404,-0.2840882,0.9292514,0.20673378,-2.171946,7.459265,0.1450498,0.027952144,1.1251191,0.017340075,-1.3606163,1.0302072,0.13340093,0.017713765,1.1242493,0.047396533,-1.2409909,1.0035752
3.505402088165283,0.13250658,0.017811958,1.0859901,0.061139088,-1.2787626,0.9721453,-0.050184224,-0.28364488,0.9249075,0.22165231,-2.2554202,7.4288793,0.1472946,0.027990945,1.1223979,0.01940049,-1.4524419,1.0107609,0.13564447,0.017812572,1.1217674,0.049403682,-1.3319871,0.9817412
3.5074028968811035,0.13467686,0.017936245,1.0834091,0.06310474,-1.301209,0.9926848,-0.04834343,-0.28317186,0.9203967,0.23651007,-2.206863,7.4854956,0.14953358,0.02803379,1.119493,0.021422012,-1.409157,1.0782723,0.13788268,0.017915307,1.1191034,0.051367164,-1.2879019,1.047573
3.509403705596924,0.13684194,0.018064506,1.0807832,0.065111324,-1.3235581,1.0130635,-0.046511464,-0.2826689,0.91598296,0.25148106,-2.2897956,7.4534492,0.15176694,0.028080946,1.1166747,0.023578556,-1.5007155,1.0584735,0.14011574,0.018022232,1.1165277,0.05346231,-1.3786536,1.0254017
3.511404514312744,0.13900171,0.018196823,1.0781128,0.06715853,-1.3458108,1.033284,-0.044688657,-0.2821361,0.91140336,0.26638797,-2.2406847,7.508832,0.15399429,0.028132336,1.1136732,0.025695503,-1.4572749,1.1256537,0.14234328,0.018133258,1.1137704,0.055513114,-1.334422,1.0909243
3.5134053230285645,0.1411561,0.018333277,1.075398,0.069246024,-1.3679651,1.0533422,-0.042874813,-0.2815733,0.906922,0.28140563,-2.3230555,7.4750943,0.15621582,0.02818823,1.1107587,0.027946811,-1.5485656,1.1054841,0.1445655,0.018248647,1.1111015,0.057694964,-1.4249203,1.068403
3.5154061317443848,0.14330502,0.018473946,1.0726389,0.071373485,-1.3900185,1.0732338,-0.04107026,-0.2809806,0.90227586,0.2963558,-2.273385,7.529232,0.15843114,0.028248547,1.1076615,0.03015778,-1.504964,1.1723243,0.146782,0.018368311,1.1082517,0.05983177,-1.3805362,1.1336027
3.517406940460205,0.14544837,0.018618912,1.0698358,0.073540576,-1.4119701,1.0929576,-0.0392748,-0.28035775,0.8977291,0.31141427,-2.3551702,7.4937887,0.16064045,0.028313551,1.1046516,0.032502428,-1.5959728,1.1517724,0.14899297,0.018492509,1.1054906,0.062098972,-1.4707718,1.1107203
3.5194077491760254,0.14758606,0.018768253,1.0669888,0.07574696,-1.433817,1.1125078,-0.037488762,-0.27970496,0.8930188,0.32640186,-2.304932,7.5466666,0.16284336,0.028383164,1.1014596,0.034805972,-1.552205,1.2182584,0.15119807,0.01862115,1.1025491,0.064320415,-1.4262308,1.1755887
3.5214085578918457,0.14971802,0.018922048,1.0640982,0.07799229,-1.4555587,1.131884,-0.035711944,-0.27902198,0.8884089,0.3414952,-2.386124,7.509493,0.16504008,0.028457649,1.0983552,0.037242487,-1.6429218,1.1973059,0.15339747,0.018754493,1.0996966,0.066671595,-1.5161966,1.1523293
3.523409366607666,0.15184414,0.019080374,1.0611643,0.08027621,-1.477194,1.1510847,-0.03394467,-0.27830896,0.88363665,0.3565142,-2.3353064,7.5610805,0.16723022,0.028536923,1.0950693,0.0396371,-1.5989816,1.2634267,0.1555908,0.018892447,1.0966642,0.06897625,-1.471493,1.2168537
3.5254101753234863,0.15396436,0.01924331,1.0581871,0.08259837,-1.4987193,1.1701026,-0.03218674,-0.2775657,0.87896603,0.37163636,-2.4158769,7.522149,0.16941395,0.02862125,1.0918714,0.042163953,-1.689402,1.242065,0.15777825,0.019035267,1.0937212,0.07140996,-1.5611796,1.1932081
3.5274109840393066,0.15607858,0.019410927,1.0551671,0.084958404,-1.520137,1.1889435,-0.03043847,-0.27679232,0.8741343,0.38668066,-2.3644738,7.5724325,0.17159094,0.028710548,1.0884926,0.044648085,-1.6452837,1.3078115,0.15995945,0.019182859,1.0905988,0.07379638,-1.5163088,1.2573792
3.529411792755127,0.1581867,0.019583305,1.0521042,0.08735594,-1.5414414,1.2075963,-0.028699659,-0.27598867,0.8694053,0.40182552,-2.4444017,7.531724,0.17376134,0.028805075,1.0852021,0.047263708,-1.7354023,1.286026,0.16213459,0.01933548,1.0875663,0.076311134,-1.6057096,1.2333337
3.5314126014709473,0.16028866,0.019760517,1.0489988,0.08979062,-1.5626345,1.2260647,-0.026970625,-0.2751549,0.8645165,0.41688895,-2.392404,7.5806828,0.17592481,0.028904747,1.0817313,0.04983576,-1.6911019,1.3513848,0.1643033,0.019493036,1.0843549,0.078777805,-1.5606662,1.2971401
3.5334134101867676,0.16238436,0.019942638,1.0458512,0.09226206,-1.5837125,1.2443424,-0.025251161,-0.2742908,0.8597317,0.43205032,-2.471679,7.5381684,0.17808151,0.029009825,1.0783491,0.05253853,-1.7808998,1.3291644,0.16646577,0.01965578,1.0812335,0.08137208,-1.6497719,1.272684
3.535414218902588,0.16447373,0.020129738,1.0426615,0.09476988,-1.6046737,1.2624261,-0.023541585,-0.27339655,0.8547883,0.44712666,-2.4190724,7.5857725,0.1802311,0.029120218,1.0747873,0.05519686,-1.7364105,1.3941238,0.16862164,0.019823616,1.0779339,0.083917454,-1.6045521,1.3361171
3.537415027618408,0.16655667,0.020321894,1.03943,0.09731369,-1.6255181,1.2803167,-0.021841684,-0.27247196,0.84995013,0.4622982,-2.49767,7.541432,0.18237372,0.029236188,1.0713145,0.05798511,-1.8258923,1.371453,0.17077109,0.019996796,1.0747248,0.08658969,-1.6933551,1.3112389
3.5394158363342285,0.1686331,0.020519175,1.0361569,0.09989309,-1.646244,1.2980112,-0.020151775,-0.2715172,0.8449548,0.47738108,-2.4444485,7.5876646,0.18450904,0.029357644,1.0676627,0.060728014,-1.78121,1.4360006,0.17291377,0.02017522,1.071338,0.089212164,-1.647954,1.3742888
3.541416645050049,0.17070295,0.020721652,1.0328424,0.1025077,-1.6668513,1.315509,-0.018471643,-0.27053207,0.8400659,0.49255642,-2.5223393,7.54146,0.18663724,0.029484844,1.0641003,0.06360002,-1.8703573,1.4128739,0.17504986,0.020359142,1.0680422,0.09196074,-1.7364472,1.3489764
3.543417453765869,0.17276612,0.020929394,1.0294868,0.10515712,-1.6873362,1.3328036,-0.016801601,-0.2695168,0.8350212,0.50763935,-2.4684904,7.5862927,0.18875796,0.029617695,1.0603596,0.06642576,-1.8254759,1.477002,0.177179,0.02054846,1.0645692,0.094658695,-1.6908599,1.4116327
3.5454182624816895,0.17482254,0.021142473,1.0260904,0.10784094,-1.7076975,1.3498936,-0.015141433,-0.26847118,0.8300842,0.52281195,-2.5456634,7.538199,0.19087137,0.029756455,1.0567087,0.06937977,-1.9142877,1.4534005,0.17930137,0.020743422,1.0611875,0.09748196,-1.7790364,1.3858786
3.5474190711975098,0.17687212,0.021360956,1.0226533,0.11055875,-1.7279358,1.36678,-0.013491447,-0.2673954,0.8249929,0.53788835,-2.4911752,7.581607,0.19297713,0.029901028,1.0528802,0.07228657,-1.869208,1.5171071,0.18141663,0.02094393,1.0576295,0.100253716,-1.7332585,1.4481324
3.549419641494751,0.17891453,0.021584883,1.0191764,0.1133098,-1.7480457,1.3834552,-0.011851426,-0.2662893,0.82001054,0.5530516,-2.5675983,7.5315957,0.19507541,0.03005167,1.0491418,0.07532078,-1.9576731,1.4930254,0.18352495,0.02115023,1.054163,0.10314998,-1.8211108,1.4219242
3.5514204502105713,0.1809502,0.021814374,1.0156589,0.116094336,-1.7680318,1.3999238,-0.010221675,-0.26515305,0.81487536,0.56811476,-2.5124564,7.573544,0.19716586,0.030208282,1.0452265,0.07830683,-1.9123857,1.5562911,0.185626,0.021362217,1.0505208,0.10599383,-1.7751386,1.4837668
3.5534212589263916,0.18297878,0.02204947,1.0121015,0.11891161,-1.7878892,1.4161783,-0.008601974,-0.26398653,0.80985045,0.58326185,-2.5881112,7.521573,0.19924867,0.03037112,1.0414016,0.081419416,-2.0004985,1.5317154,0.18771994,0.02158014,1.0469705,0.108961366,-1.8626589,1.4570959
3.555422067642212,0.18500021,0.022290235,1.0085045,0.12176119,-1.8076167,1.4322178,-0.006992625,-0.2627899,0.8046742,0.598305,-2.5323105,7.5620494,0.20132348,0.030540086,1.0374006,0.08448285,-1.9549999,1.5945333,0.18980643,0.02180389,1.0432452,0.11187556,-1.8164887,1.51852
3.5574228763580322,0.1870144,0.022536734,1.0048681,0.12464265,-1.8272147,1.4480433,-0.005393406,-0.26156303,0.7996096,0.61342907,-2.607166,7.5080905,0.20339046,0.03071543,1.0334907,0.08767191,-2.0427542,1.5694592,0.19188565,0.022033714,1.0396122,0.1149126,-1.9036716,1.4913758
3.5594236850738525,0.18902127,0.02278903,1.0011927,0.12755556,-1.8466814,1.4636517,-0.0038046152,-0.26030615,0.79439527,0.62844527,-2.5506876,7.5470543,0.20544927,0.030897051,1.0294051,0.090810835,-1.9970413,1.6318227,0.19395725,0.022269504,1.0358049,0.11789535,-1.8572986,1.552371
3.561424493789673,0.19102076,0.023047185,0.9974785,0.13049948,-1.8660147,1.4790393,-0.0022260274,-0.25901908,0.7892939,0.64353937,-2.6247354,7.491076,0.20750009,0.0310852,1.025411,0.09407448,-2.0844307,1.6062346,0.19602144,0.022511505,1.0320903,0.12100009,-1.9078127,1.5495194
3.563425302505493,0.19301277,0.02331126,0.9937257,0.13347396,-1.8852136,1.4942039,-0.00065793854,-0.25770202,0.7840444,0.65852153,-2.567568,7.5284953,0.20954257,0.031279776,1.0212421,0.09728695,-2.0385003,1.6681353,0.19807799,0.022759702,1.0282747,0.12409913,-1.9687127,1.5243158
3.5654261112213135,0.19499724,0.023581317,0.9899347,0.13647857,-1.9042784,1.5091475,0.0008998801,-0.25635487,0.77890927,0.6735785,-2.6407614,7.4704585,0.21157691,0.031481024,1.0171652,0.10062322,-2.1255121,1.6420302,0.20012666,0.023013998,1.0243372,0.12714776,-1.925307,1.5864941
3.567426919937134,0.19697408,0.023857415,0.9861056,0.13951285,-1.9232061,1.523864,0.0024471357,-0.25497782,0.77362776,0.6885194,-2.582894,7.5063148,0.21360274,0.03168884,1.0129142,0.10390728,-2.0793571,1.7034587,0.20216763,0.02327464,1.0204866,0.13032076,-1.9984727,1.5710695
3.569427728652954,0.19894323,0.024139613,0.9822388,0.14257635,-1.9419963,1.538353,0.0039840597,-0.25357077,0.76846194,0.70353204,-2.6552308,7.446184,0.21562025,0.031903468,1.0087554,0.1073142,-2.1660004,1.6768157,0.20420061,0.023541566,1.0164896,0.13346289,-1.952706,1.6349139
3.5714285373687744,0.2009046,0.024427969,0.9783346,0.14566861,-1.9606489,1.5526155,0.005510363,-0.2521339,0.76315147,0.7184244,-2.5966427,7.480429,0.21762909,0.032124802,1.0044235,0.11066783,-2.11962,1.7377642,0.20622578,0.023815032,1.0125842,0.13673271,-2.0454664,1.6021491
3.5734293460845947,0.20285812,0.02472254,0.9743932,0.14878917,-1.9791614,1.5666462,0.0070262793,-0.25066712,0.7579582,0.73338526,-2.668084,7.4181623,0.21962945,0.03235309,1.0001843,0.114143364,-2.2058647,1.7105933,0.20824277,0.024094906,1.0084933,0.13993701,-1.9984822,1.6603498
3.575430154800415,0.20480372,0.025023384,0.9704149,0.15193757,-1.9975322,1.5804435,0.008531524,-0.24917068,0.752622,0.7482216,-2.6087675,7.4507756,0.22162099,0.032588217,0.99577254,0.11756455,-2.1592553,1.77106,0.21025176,0.024381422,1.0044963,0.1432577,-2.079286,1.634788
3.5774309635162354,0.20674132,0.025330555,0.9663999,0.15511335,-2.015764,1.5940115,0.010026333,-0.24764442,0.74740446,0.76312315,-2.6792927,7.386336,0.2236039,0.032830432,0.991454,0.12110667,-2.2451243,1.7433354,0.21225244,0.024674475,1.0003377,0.14652729,-2.0320933,1.6949389
3.5794317722320557,0.20867085,0.025644107,0.96234864,0.15831603,-2.0338502,1.6073391,0.011510424,-0.24608864,0.7420459,0.7778958,-2.6192324,7.4172826,0.22557783,0.03307962,0.98696375,0.12459334,-2.198283,1.8033042,0.21424499,0.024974309,0.9962735,0.14991717,-2.120671,1.6625353
3.581432580947876,0.21059224,0.025964092,0.9582613,0.16154516,-2.0517955,1.620435,0.012984039,-0.24450319,0.7368074,0.7927304,-2.6888106,7.3506413,0.22754297,0.03333602,0.9825672,0.12819995,-2.2837389,1.775034,0.21622905,0.025280794,0.9920322,0.15324225,-2.0731082,1.7202601
3.5834333896636963,0.21250542,0.026290566,0.9541382,0.16480024,-2.0695932,1.6332878,0.014446899,-0.24288832,0.73142976,0.8074317,-2.6279895,7.3798847,0.22949897,0.033599522,0.9779997,0.13175002,-2.236661,1.8345054,0.21820483,0.02559416,0.98788595,0.15668276,-2.1554265,1.6917859
3.5854341983795166,0.2144103,0.026623577,0.94997966,0.16808079,-2.0872457,1.6459007,0.015899247,-0.24124393,0.72617376,0.8221915,-2.6966045,7.310985,0.23144603,0.03387036,0.97352636,0.13541903,-2.3217258,1.8056664,0.22017197,0.025914293,0.9835751,0.16006634,-2.1077092,1.7504334
3.587435007095337,0.21630685,0.026963178,0.94578594,0.17138635,-2.1047547,1.6582793,0.017340807,-0.2395703,0.72078055,0.83681345,-2.6350114,7.338499,0.23338379,0.03414842,0.9688829,0.13903035,-2.2744098,1.864629,0.22213069,0.026241427,0.9793597,0.1635672,-2.1939654,1.7181234
3.5894358158111572,0.21819496,0.027309416,0.94155735,0.17471643,-2.1221147,1.6704121,0.01877183,-0.23786733,0.71551055,0.85149044,-2.702623,7.267305,0.23531246,0.03443394,0.9643341,0.1427596,-2.3590584,1.835233,0.22408062,0.026575435,0.9749718,0.16700345,-2.1459498,1.7752502
3.5914366245269775,0.22007458,0.02766234,0.9372942,0.17807053,-2.1393251,1.6822993,0.02019204,-0.23613527,0.7101053,0.86602503,-2.64024,7.293049,0.23723169,0.0347268,0.95961595,0.14643008,-2.3115017,1.8936884,0.22602198,0.026916543,0.9706799,0.17055395,-2.228675,1.7448043
3.593437433242798,0.22194563,0.028022,0.9329967,0.18144818,-2.156388,1.6939442,0.02160169,-0.23437405,0.7048248,0.8806111,-2.7068353,7.219513,0.23914167,0.035027232,0.95499295,0.15021746,-2.395745,1.8637092,0.22795442,0.02726463,0.9662225,0.17404357,-2.1804767,1.8022094
3.595438241958618,0.22380805,0.028388442,0.9286652,0.18484887,-2.1732998,1.7053416,0.023000512,-0.23258394,0.69941115,0.89505017,-2.643648,7.243453,0.24104208,0.035335124,0.95020145,0.15394488,-2.3479433,1.9216433,0.22987814,0.027619926,0.96186155,0.17764798,-2.265113,1.7694582
3.5974390506744385,0.22566177,0.028761711,0.9243001,0.18827213,-2.1900616,1.7164932,0.02438876,-0.23076487,0.69412386,0.9095371,-2.7091932,7.1675467,0.2429331,0.0356507,0.94550556,0.15778817,-2.431761,1.8910916,0.23179281,0.0279823,0.9573313,0.1811869,-2.216643,1.8258106
3.599439859390259,0.22750673,0.02914185,0.91990155,0.19171745,-2.2066715,1.7273953,0.025766172,-0.22891712,0.6887055,0.9238722,-2.6451886,7.1896534,0.24481438,0.03597384,0.94064206,0.16157036,-2.3837135,1.9485064,0.2336986,0.028351977,0.952898,0.18483852,-2.2992089,1.793792
3.601440668106079,0.22934285,0.029528905,0.91546994,0.19518434,-2.2231278,1.738046,0.027133001,-0.22704062,0.6834151,0.9382515,-2.7096643,7.1113267,0.24668613,0.036304776,0.93587464,0.16546737,-2.467114,1.9173683,0.23559521,0.02872883,0.9482996,0.1884261,-2.250534,1.8500623
3.6034414768218994,0.23117007,0.029922917,0.91100556,0.19867228,-2.239432,1.7484492,0.028488994,-0.22513567,0.6779958,0.9524742,-2.6448267,7.1315665,0.24854802,0.03664338,0.9309404,0.1693021,-2.4188182,1.9742535,0.23748282,0.029113082,0.94379854,0.19212623,-2.3339145,1.8165591
3.6054422855377197,0.23298833,0.03032393,0.9065087,0.20218079,-2.255582,1.7585998,0.029834406,-0.2232022,0.6727061,0.96673733,-2.7082052,7.050782,0.25040022,0.03698988,0.92610276,0.17325062,-2.5017874,1.9425303,0.23936108,0.0295046,0.9391307,0.19575934,-2.2849815,1.8720285
3.607442855834961,0.23479734,0.030731933,0.9019802,0.20570894,-2.2715757,1.768497,0.031168986,-0.22124052,0.66728973,0.9808389,-2.6425223,7.069126,0.25224242,0.03734415,0.9210992,0.17713568,-2.4532394,1.9988843,0.2412302,0.029903607,0.9345608,0.19950339,-2.3670752,1.8386444
3.6094436645507812,0.23659748,0.031147065,0.89741933,0.20925705,-2.2874148,1.7781401,0.032492995,-0.21925056,0.6620047,0.9949772,-2.7047753,6.985827,0.2540748,0.037706416,0.9161927,0.18113345,-2.5357811,1.9665627,0.24308985,0.03030997,0.9298266,0.20318069,-2.3179216,1.8938308
3.6114444732666016,0.23838845,0.031569313,0.8928269,0.21282421,-2.3030984,1.78753,0.033806186,-0.21723266,0.6565952,1.0089488,-2.6382287,7.002231,0.25589705,0.03807655,0.91112113,0.18506658,-2.4869812,2.022378,0.24494024,0.030723907,0.92519075,0.20696835,-2.4002407,1.8594012
3.613445281982422,0.24017021,0.031998716,0.8882033,0.2164099,-2.3186283,1.7966704,0.035108823,-0.21518676,0.6513187,1.0229533,-2.6993353,6.916395,0.25770935,0.03845477,0.9061472,0.18911134,-2.56908,1.9894621,0.24678102,0.031145282,0.92039025,0.21068716,-2.3508344,1.9139211
3.615446090698242,0.24194269,0.032435313,0.8835488,0.22001362,-2.3339972,1.8055477,0.036400665,-0.21311319,0.64592004,1.0367861,-2.631913,6.930833,0.25951138,0.038840953,0.901009,0.19309026,-2.520027,2.0447404,0.2486124,0.031574313,0.9156886,0.214515,-2.4322834,1.8792754
3.6174468994140625,0.24370582,0.032879137,0.8788637,0.22363484,-2.3492107,1.814173,0.03768198,-0.21101189,0.64065623,1.0506477,-2.6918542,6.842417,0.2613033,0.039235312,0.895969,0.19717973,-2.6016924,2.0112212,0.25043404,0.03201086,0.910824,0.21827355,-2.3826454,1.933398
3.619447708129883,0.24545956,0.033330224,0.8741483,0.22727306,-2.3642619,1.8225338,0.038952522,-0.20888323,0.6352725,1.0643326,-2.623541,6.8548512,0.26308483,0.03963772,0.8907656,0.20120218,-2.5523815,2.0659502,0.25224617,0.032455143,0.9060587,0.22214034,-2.4640012,1.8979383
3.621448516845703,0.24720381,0.033788607,0.86940295,0.23092777,-2.3791568,1.8306421,0.04021257,-0.20672715,0.63002545,1.0780423,-2.6822867,6.7638206,0.26485616,0.040048387,0.8856608,0.20533408,-2.6335976,2.0318308,0.25404844,0.032907017,0.90113074,0.22593622,-2.4141126,1.9514654
3.6234493255615234,0.24893855,0.03425432,0.86462796,0.23459843,-2.3938909,1.8384887,0.041461892,-0.20454401,0.62466085,1.0915699,-2.6130722,6.7742324,0.26661694,0.040467184,0.8803936,0.20939775,-2.5840294,2.086019,0.25584105,0.033366695,0.8963025,0.22983915,-2.4948177,1.915609
3.6254501342773438,0.2506637,0.03472739,0.85982364,0.23828453,-2.4084642,1.846076,0.04270076,-0.20233378,0.6194347,1.1051184,-2.6706073,6.6805377,0.26836738,0.040894322,0.87522554,0.21356979,-2.6648078,2.051287,0.25762367,0.033834036,0.8913129,0.23367037,-2.444691,1.9686767
3.627450942993164,0.2523792,0.035207853,0.8549903,0.24198556,-2.4228783,1.8534052,0.043928947,-0.20009682,0.6140935,1.1184795,-2.6004777,6.688895,0.27010718,0.041329667,0.86989594,0.21767236,-2.6149802,2.1049228,0.25939652,0.034309253,0.8864235,0.23760772,-2.525132,1.9321264
3.6294517517089844,0.25408503,0.035695735,0.8501283,0.24570099,-2.4371295,1.860471,0.045146734,-0.1978331,0.6088925,1.1318573,-2.6567802,6.5925126,0.27183652,0.04177343,0.864666,0.22188221,-2.6953022,2.0695868,0.26115927,0.034792196,0.8813733,0.24147198,-2.4747555,1.9846321
3.6314525604248047,0.25578108,0.036191065,0.8452379,0.24943028,-2.4512188,1.8672756,0.04635389,-0.19554302,0.6035789,1.1450423,-2.5857267,6.5987897,0.27355507,0.042225473,0.8592754,0.22602138,-2.6452143,2.1226707,0.26291212,0.035283078,0.8764238,0.24544124,-2.5546548,1.9475937
3.633453369140625,0.25746733,0.036693867,0.8403195,0.25317293,-2.4651465,1.8738191,0.047550708,-0.19322655,0.59840745,1.1582398,-2.6407766,6.4996896,0.27526304,0.042686008,0.85398495,0.23026672,-2.7250865,2.08672,0.26465476,0.03578175,0.87131447,0.24933644,-2.5040352,1.9996071
3.6354541778564453,0.2591437,0.037204172,0.8353734,0.2569284,-2.4789126,1.8801031,0.04873696,-0.19088407,0.5931259,1.1712393,-2.5687857,6.50386,0.2769601,0.043154888,0.84853476,0.23444016,-2.6747363,2.1392448,0.26638737,0.03628842,0.8663064,0.25333565,-2.5835838,1.96193
3.6374549865722656,0.26081017,0.037722003,0.83039993,0.2606962,-2.4925146,1.8861223,0.049912937,-0.18851557,0.5879883,1.184247,-2.6225638,6.402002,0.27864647,0.043632325,0.8431853,0.23871866,-2.754149,2.10268,0.26810965,0.03680294,0.86113924,0.25725952,-2.5327148,2.013398
3.639455795288086,0.26246664,0.038247384,0.8253994,0.26447576,-2.5059538,1.8918799,0.051078424,-0.18612148,0.58274317,1.197051,-2.5496273,6.404044,0.28032184,0.044118173,0.837677,0.24292402,-2.7035365,2.1546483,0.2698218,0.037325513,0.8560738,0.26128632,-2.6117733,1.9751862
3.6414566040039062,0.26411307,0.03878034,0.82037216,0.2682666,-2.5192273,1.8973716,0.05223371,-0.18370175,0.57764393,1.2098591,-2.602122,6.2994084,0.2819864,0.04461264,0.8322699,0.24723332,-2.782491,2.1174679,0.2715235,0.037855987,0.8508502,0.2652367,-2.5606575,2.0261424
3.6434574127197266,0.26574942,0.03932089,0.8153185,0.27206814,-2.5323365,1.9025992,0.05337859,-0.18125683,0.5724397,1.222458,-2.5282254,6.299296,0.2836398,0.045115575,0.8267049,0.25146824,-2.7316163,2.1688747,0.27321497,0.038394563,0.84572893,0.269289,-2.6393192,1.9873201
3.645458221435547,0.26737565,0.03986906,0.81023884,0.2758799,-2.5452807,1.9075623,0.054513358,-0.17878672,0.5673832,1.2350566,-2.5794196,6.19185,0.28528228,0.045627188,0.8212417,0.255806,-2.8101082,2.1310806,0.27489588,0.03894109,0.8404503,0.27326363,-2.5879524,2.0377355
3.647459030151367,0.26899168,0.040424865,0.8051334,0.2797013,-2.5580611,1.9122634,0.055637807,-0.17629184,0.5622244,1.2474403,-2.5045626,6.1895733,0.2869135,0.046147324,0.81562144,0.26006815,-2.7589686,2.1819274,0.27656642,0.039495766,0.8352744,0.2773391,-2.666148,1.9983541
3.6494598388671875,0.27059746,0.040988322,0.8000026,0.28353184,-2.5706763,1.9167002,0.05675224,-0.1737722,0.5572153,1.2598195,-2.554447,6.0793104,0.28853372,0.04667619,0.8101035,0.264432,-2.837,2.1435122,0.2782263,0.040058438,0.8299421,0.2813358,-2.614533,2.0482476
3.651460647583008,0.27219296,0.041559454,0.79484665,0.287371,-2.5831249,1.9208708,0.05785645,-0.17122824,0.5521064,1.2719781,-2.4786217,6.0748563,0.29014257,0.047213625,0.8044295,0.26871905,-2.785596,2.193793,0.27987573,0.0406293,0.82471305,0.2854323,-2.6923056,2.0082705
3.653461456298828,0.2737781,0.042138275,0.789666,0.29121825,-2.5954082,1.9247782,0.05895075,-0.16865999,0.5471491,1.2841278,-2.527181,5.9617567,0.29174027,0.04775984,0.7988583,0.27310663,-2.863155,2.1547618,0.28151438,0.0412082,0.8193284,0.28944886,-2.6404395,2.0576272
3.6554622650146484,0.27535287,0.042724803,0.78446096,0.29507306,-2.6075244,1.928418,0.06003494,-0.16606788,0.54209477,1.2960514,-2.4503844,5.955117,0.29332653,0.048314672,0.79313195,0.27741617,-2.8114855,2.204482,0.28314248,0.04179533,0.8140476,0.2935641,-2.717757,2.0170784
3.6574630737304688,0.2769172,0.04331905,0.77923185,0.29893488,-2.619474,1.9317936,0.061109327,-0.16345195,0.537194,1.3079616,-2.497621,5.8391643,0.29490155,0.048878323,0.78750896,0.28182513,-2.888585,2.1648312,0.2847597,0.042390525,0.80861205,0.29759827,-2.66564,2.0659058
3.659463882446289,0.27847102,0.04392103,0.77397895,0.3028032,-2.6312597,1.9349091,0.062173724,-0.16081268,0.5321988,1.3196399,-2.419849,5.8303246,0.296465,0.049450632,0.7817318,0.28615478,-2.83665,2.2139843,0.28636625,0.042993985,0.8032808,0.3017301,-2.7425225,2.0247688
3.6614646911621094,0.28001434,0.044530757,0.7687026,0.30667746,-2.6428754,1.9377539,0.06322844,-0.15815008,0.52735907,1.3313006,-2.465749,5.7115273,0.2980171,0.050031796,0.7760585,0.29058275,-2.9132733,2.173717,0.28796184,0.043605544,0.7977957,0.30577964,-2.690155,2.0730622
3.6634652614593506,0.2815469,0.045148168,0.7634039,0.3105567,-2.6543221,1.940332,0.0642733,-0.15546463,0.52242756,1.3427237,-2.3870015,5.7004933,0.29955757,0.050621655,0.77023196,0.2949302,-2.8610725,2.2223043,0.28954667,0.044225395,0.7924154,0.30992576,-2.7665846,2.0313473
3.665466070175171,0.28306898,0.045773417,0.7580818,0.3144413,-2.6656046,1.9426482,0.06530861,-0.15275638,0.5176536,1.3541247,-2.4315696,5.5788364,0.30108657,0.051220406,0.7645098,0.2993748,-2.9372284,2.1814191,0.29112044,0.04485337,0.7868822,0.31398845,-2.713966,2.0791078
3.667466878890991,0.2845804,0.046406444,0.7527373,0.31833026,-2.6767175,1.9446965,0.06633419,-0.15002581,0.51279044,1.3652823,-2.3518481,5.565606,0.30260384,0.05182788,0.75863534,0.30373764,-2.8847613,2.2294412,0.29268336,0.045489665,0.78145427,0.31814668,-2.7899525,2.03681
3.6694676876068115,0.28608114,0.047047257,0.7473707,0.32222307,-2.6876657,1.9464839,0.06735036,-0.14727299,0.50808674,1.3764135,-2.3950775,5.441101,0.30410957,0.052444275,0.7528658,0.3081965,-2.9604433,2.187939,0.2942351,0.046134107,0.7758744,0.3222203,-2.7370825,2.0840352
3.671468496322632,0.2875711,0.04769586,0.7419824,0.32611918,-2.6984446,1.9480047,0.06835695,-0.1444984,0.5032966,1.3872957,-2.3143835,5.425678,0.30560347,0.05306942,0.7469449,0.3125724,-2.9077108,2.2353935,0.29577592,0.046786882,0.7704002,0.32638836,-2.8126173,2.0411592
3.673469305038452,0.28905025,0.048352264,0.7365727,0.33001807,-2.7090566,1.9492623,0.06935429,-0.1417021,0.49866784,1.3981471,-2.3562853,5.2983403,0.30708572,0.053703506,0.74112946,0.3170432,-2.9829183,2.1932728,0.29730546,0.047447823,0.764775,0.33047068,-2.759496,2.0878506
3.6754701137542725,0.29051855,0.04901647,0.7311419,0.3339192,-2.7194982,1.9502512,0.0703422,-0.13888462,0.49395525,1.4087437,-2.274625,5.2807436,0.30855605,0.054346364,0.7351636,0.32142973,-2.929921,2.2401633,0.29882398,0.048117116,0.759256,0.33464637,-2.8345826,2.0443954
3.6774709224700928,0.29197598,0.04968848,0.7256904,0.33782205,-2.7297742,1.9509807,0.07132101,-0.136046,0.489406,1.4193052,-2.3152132,5.150598,0.31001467,0.054998185,0.7293038,0.32591006,-3.004654,2.1974287,0.30033115,0.048794586,0.7535868,0.33873516,-2.7812116,2.0905552
3.679471731185913,0.29342246,0.050368305,0.72021854,0.3417261,-2.7398815,1.9514439,0.07229056,-0.13318679,0.48477557,1.4296064,-2.2325933,5.1308374,0.31146124,0.055658795,0.7232945,0.33030492,-2.9513905,2.2437487,0.3018272,0.04948042,0.7480244,0.34291628,-2.8558452,2.0465212
3.6814725399017334,0.29485798,0.05105594,0.71472657,0.3456308,-2.749822,1.9516464,0.07325118,-0.13030705,0.48031038,1.4398681,-2.2718608,4.9978995,0.312896,0.05632838,0.7173917,0.3347924,-3.0256453,2.2004015,0.30331182,0.050174437,0.7423127,0.34700933,-2.8022232,2.0921474
3.6834733486175537,0.2962825,0.05175139,0.7092149,0.34953564,-2.7595887,1.9515754,0.07420272,-0.12740733,0.47576666,1.4498639,-2.1882951,4.9760056,0.3143187,0.057006765,0.7113404,0.3391932,-2.9721162,2.2461574,0.30478525,0.050876826,0.7367083,0.35119364,-2.8764071,2.0475385
3.685474157333374,0.29769596,0.05245465,0.70368385,0.3534401,-2.769193,1.9512516,0.0751455,-0.1244877,0.47139007,1.459816,-2.2262719,4.8403144,0.31572947,0.057694137,0.7053962,0.3436855,-3.045897,2.2021968,0.30624717,0.051587403,0.7309555,0.3552887,-2.8225348,2.0926313
3.6874749660491943,0.29909834,0.053165723,0.69813377,0.35734364,-2.778626,1.9506588,0.076079376,-0.121548705,0.4669375,1.4694966,-2.1417713,4.816315,0.3171281,0.058390316,0.6993044,0.3480899,-2.9921038,2.247388,0.3076978,0.05230635,0.7253104,0.35947397,-2.8962653,2.0474486
3.6894757747650146,0.3004896,0.053884603,0.69256496,0.36124572,-2.787893,1.9498097,0.077004686,-0.118590444,0.46265396,1.4791292,-2.1784673,4.677911,0.31851473,0.059095483,0.6933202,0.3525847,-3.0654047,2.2028167,0.30913684,0.05303349,0.7195178,0.36356887,-2.8421423,2.0920095
3.691476583480835,0.30186972,0.054611288,0.6869778,0.36514583,-2.7969909,1.9486945,0.07792128,-0.115613475,0.45829704,1.488485,-2.0930471,4.651834,0.31988913,0.059809465,0.6871894,0.35699034,-3.011347,2.247445,0.31056452,0.053768996,0.7138336,0.36775288,-2.9154227,2.0462549
3.6934773921966553,0.30323863,0.055345774,0.6813726,0.36904347,-2.805922,1.9473215,0.0788295,-0.112617895,0.45411095,1.4977887,-2.1284895,4.510772,0.32125145,0.060532436,0.6811667,0.36148524,-3.084172,2.2022634,0.31198052,0.054512687,0.70800275,0.3718454,-2.8610513,2.0902855
3.6954782009124756,0.3045963,0.056088056,0.67574966,0.3729381,-2.814683,1.9456828,0.07972921,-0.10960428,0.44985396,1.5068102,-2.0421653,4.482655,0.32260144,0.061264217,0.67499834,0.36588976,-3.0298507,2.246326,0.31338507,0.055264737,0.70228064,0.37602597,-2.933876,2.0439608
3.697479009628296,0.3059427,0.05683813,0.6701094,0.37682918,-2.8232753,1.9437824,0.08062074,-0.106572725,0.44576964,1.5157754,-2.0763748,4.3389883,0.32393932,0.062004983,0.66893864,0.3703824,-3.102195,2.2005436,0.31477788,0.056024965,0.69641286,0.3801139,-2.8792565,2.0874617
3.699479818344116,0.30727783,0.05759598,0.6644521,0.3807162,-2.8317,1.9416231,0.08150398,-0.10352382,0.4416169,1.5244534,-1.9891741,4.3088984,0.32526478,0.06275455,0.66273427,0.3747835,-3.0476093,2.2440438,0.3161592,0.05679354,0.69065434,0.38428882,-2.9516294,2.0405703
3.7014806270599365,0.3086016,0.058361605,0.6587781,0.38459864,-2.839958,1.9392046,0.08237926,-0.100457676,0.43763855,1.5330712,-2.0221877,4.1626945,0.32657805,0.06351309,0.65663904,0.37927157,-3.1194794,2.1976523,0.3175287,0.057570282,0.6847511,0.38836995,-2.8967624,2.0835435
3.703481435775757,0.309914,0.059134994,0.65308774,0.38847598,-2.84805,1.9365326,0.08324645,-0.097374886,0.43359417,1.5413965,-1.934131,4.130672,0.32787886,0.06428043,0.6504001,0.38366687,-3.064631,2.240592,0.3188866,0.058355357,0.6789576,0.39253703,-2.9686818,2.0360875
3.705482244491577,0.31121498,0.059916135,0.64738137,0.39234772,-2.8559718,1.9335952,0.0841059,-0.09427557,0.42972592,1.5496578,-1.9659765,3.9820106,0.3291674,0.06505673,0.64427084,0.38814807,-3.1360211,2.1936016,0.32023266,0.059148576,0.67302024,0.39660922,-2.9135683,2.0785356
3.7074830532073975,0.31250456,0.060705017,0.6416593,0.39621332,-2.863728,1.9304042,0.08495749,-0.09116033,0.42579398,1.5576218,-1.8770916,3.948117,0.33044338,0.065841794,0.6379988,0.39253527,-3.0809107,2.2359793,0.32156706,0.05995011,0.6671931,0.40076628,-2.9850361,2.0305195
3.7094838619232178,0.31378266,0.061501626,0.63592196,0.40007228,-2.8713167,1.9269546,0.085801564,-0.08802929,0.4220398,1.565518,-1.9078104,3.7970772,0.33170706,0.06663581,0.631837,0.39700723,-3.1518233,2.188392,0.3228895,0.060759764,0.66122305,0.40482733,-2.9296765,2.072442
3.711484670639038,0.31504926,0.06230595,0.6301696,0.40392408,-2.8787358,1.9232438,0.08663801,-0.084883064,0.4182242,1.5731121,-1.818125,3.761379,0.33295813,0.06743858,0.62553334,0.401384,-3.0964518,2.2302115,0.32420024,0.061577708,0.6553637,0.4089722,-3.000692,2.023868
3.7134854793548584,0.31630436,0.06311797,0.62440246,0.4077682,-2.885989,1.9192786,0.087467186,-0.0817218,0.41458794,1.5806348,-1.8477601,3.6080554,0.3341968,0.06825027,0.6193404,0.40584442,-3.1668859,2.1820314,0.32549897,0.062403746,0.64936227,0.41301996,-2.945088,2.065268
3.7154862880706787,0.3175479,0.06393768,0.61862105,0.41160414,-2.8930774,1.915062,0.08828897,-0.07854609,0.41089243,1.5878509,-1.7573119,3.5706341,0.3354228,0.06907069,0.61300665,0.4102085,-3.1112545,2.2232938,0.32678592,0.06323805,0.6434721,0.4171505,-3.0156515,2.0161402
3.717487096786499,0.31877983,0.06476505,0.61282563,0.41543138,-2.8999982,1.9105889,0.08910373,-0.07535611,0.4073778,1.5949922,-1.7859044,3.4151337,0.3366364,0.0699,0.60678416,0.4146551,-3.1812127,2.1745195,0.3280608,0.06408041,0.6374408,0.42118278,-2.959804,2.0570207
3.7194876670837402,0.32000002,0.06559997,0.6070172,0.41924897,-2.9067523,1.9058636,0.08991134,-0.072152466,0.403806,1.6018224,-1.6947262,3.3760645,0.33783725,0.07073801,0.6004217,0.41900414,-3.1253257,2.2152321,0.32932386,0.064931005,0.63152117,0.4252968,-3.0299165,2.0073426
3.7214884757995605,0.32120872,0.06644262,0.60119474,0.4230573,-2.91334,1.9008818,0.090712175,-0.06893532,0.40041655,1.6085745,-1.7223312,3.2184815,0.3390256,0.07158488,0.59417105,0.42343462,-3.1948051,2.1658716,0.33057478,0.065789625,0.62546134,0.42931148,-2.9738266,2.047705
3.723489284515381,0.32240576,0.06729288,0.59535927,0.4268554,-2.9197638,1.8956511,0.091506116,-0.0657053,0.39697188,1.6150115,-1.6304601,3.177841,0.34020114,0.072440416,0.5877814,0.42776635,-3.1386595,2.2060313,0.3318138,0.06665644,0.6195137,0.4334069,-3.0434892,1.9974808
3.725490093231201,0.3235911,0.06815072,0.5895111,0.43064278,-2.9260173,1.8901592,0.09229354,-0.062462565,0.39371097,1.6213671,-1.6571206,3.018314,0.34136415,0.07330477,0.5815041,0.4321784,-3.2076628,2.1560879,0.33304065,0.06753124,0.6134267,0.43740186,-2.9871578,2.0373263
3.7274909019470215,0.32476476,0.069016136,0.5836506,0.43441895,-2.93211,1.8844258,0.09307433,-0.059207756,0.39039674,1.6274037,-1.5646013,2.9762156,0.34251434,0.07417776,0.5750888,0.4364906,-3.1512618,2.1956985,0.33425555,0.0684142,0.6074524,0.44147652,-3.0563707,1.9865588
3.729491710662842,0.32592666,0.06988909,0.57777804,0.43818337,-2.9380398,1.878446,0.09384886,-0.055941045,0.38726753,1.6333562,-1.590391,2.8148527,0.34365192,0.07505952,0.56878626,0.440882,-3.2197921,2.1451697,0.33545822,0.06930509,0.60133964,0.44544965,-2.9998002,2.0258932
3.731492519378662,0.3270768,0.07076957,0.5718938,0.44193557,-2.9438012,1.8722098,0.09461704,-0.052663073,0.38408676,1.6389859,-1.4972657,2.7713826,0.3447766,0.07594986,0.5623467,0.44517234,-3.1631346,2.1842299,0.3366489,0.070204094,0.59534,0.44950143,-3.0685651,1.974586
3.7334933280944824,0.32821515,0.071657546,0.5659982,0.44567505,-2.9494,1.8657293,0.095379226,-0.049374014,0.38109222,1.6445286,-1.5222331,2.6083305,0.34588864,0.07684895,0.55602044,0.4495408,-3.2311878,2.1331284,0.33782732,0.07111099,0.5892029,0.4534506,-3.0117557,2.0134072
3.7354941368103027,0.3293417,0.07255299,0.56009156,0.44940132,-2.9548326,1.8589965,0.09613532,-0.046074525,0.37804776,1.6497453,-1.4285504,2.5635977,0.34698775,0.07775656,0.54955804,0.45380706,-3.1742773,2.1716435,0.3389937,0.07202595,0.58317935,0.4574774,-3.0800736,1.96157
3.737494945526123,0.33045644,0.07345587,0.5541742,0.45311388,-2.9601028,1.8520199,0.096885696,-0.04276478,0.37519068,1.6548725,-1.4527596,2.398984,0.34807417,0.07867286,0.5432095,0.45815036,-3.2418606,2.1199653,0.34014773,0.07294875,0.5770192,0.46140054,-3.0230277,1.9998856
3.7394957542419434,0.3315593,0.07436617,0.54824644,0.45681223,-2.9652114,1.8448013,0.09763027,-0.039445437,0.37228516,1.6596705,-1.3585625,2.3530958,0.34914762,0.079597645,0.53672576,0.46239027,-3.1846962,2.1579378,0.34128967,0.07387955,0.57097316,0.4654003,-3.0909011,1.9475179
3.7414965629577637,0.3326503,0.07528385,0.5423086,0.4604959,-2.9701545,1.8373338,0.098369405,-0.036116686,0.36956802,1.6643766,-1.3820893,2.1870747,0.35020834,0.08053105,0.53035635,0.46670616,-3.2518039,2.1056957,0.34241927,0.07481814,0.5647914,0.46929535,-3.0336199,1.9853294
3.743497371673584,0.33372942,0.07620888,0.5363611,0.46416438,-2.9749365,1.8296248,0.09910301,-0.032779183,0.36680385,1.6687508,-1.2874341,2.1401484,0.35125604,0.08147289,0.52385277,0.47091755,-3.1943886,2.1431282,0.3435367,0.07576467,0.55872416,0.473266,-3.1010492,1.9324367
3.7454981803894043,0.3347966,0.07714124,0.53040415,0.4678172,-2.979556,1.8216733,0.09983147,-0.02943312,0.364229,1.6730311,-1.3103399,1.9728789,0.35229096,0.0824233,0.517464,0.4752038,-3.2610283,2.090316,0.34464175,0.076718934,0.55252206,0.4771309,-3.0435348,1.9697472
3.7474989891052246,0.33585188,0.07808089,0.52443814,0.47145385,-2.9840133,1.8134785,0.10055469,-0.026079167,0.36160833,1.6769768,-1.2152764,1.9250311,0.35331285,0.08338207,0.5109419,0.47938445,-3.203363,2.1272128,0.34573463,0.07768107,0.546435,0.4810704,-3.1105216,1.9163384
3.749499797821045,0.3368952,0.07902781,0.5184634,0.47507387,-2.98831,1.8050456,0.101273045,-0.022717513,0.35917777,1.6808269,-1.2376407,1.7566581,0.35432193,0.08434935,0.5045352,0.48363888,-3.2695353,2.0738437,0.34681505,0.07865088,0.54021394,0.48490307,-3.0527744,1.9531496
3.7515006065368652,0.33792657,0.079981945,0.5124802,0.4786768,-2.992444,1.7963686,0.10198645,-0.019348832,0.35670248,1.6843402,-1.142226,1.708012,0.35531792,0.08532492,0.49799612,0.48778656,-3.2116222,2.1102047,0.34788325,0.0796285,0.5341084,0.48880938,-3.1193197,1.8992238
3.7535014152526855,0.33894596,0.08094328,0.50648886,0.4822621,-2.9964192,1.7874578,0.102695286,-0.015973318,0.35441804,1.6877563,-1.1641082,1.5387135,0.35630107,0.086308934,0.4915729,0.49200696,-3.2773242,2.0562835,0.348939,0.08061371,0.52786976,0.49260783,-3.0613437,1.9355435
3.755502223968506,0.33995333,0.081911765,0.5004898,0.48582935,-3.0002332,1.778307,0.10339946,-0.012591651,0.35208982,1.6908337,-1.0684005,1.489407,0.3572711,0.08730117,0.48501822,0.49611953,-3.219162,2.0921106,0.3499825,0.08160667,0.52174705,0.49647892,-3.1274512,1.8811096
3.757503032684326,0.3409487,0.08288737,0.4944832,0.48937806,-3.0038884,1.7689222,0.10409937,-0.009204025,0.34995303,1.6938125,-1.0898957,1.319338,0.35822827,0.08830178,0.4785799,0.50030375,-3.2844028,2.0376377,0.35101348,0.08260715,0.51549214,0.50024116,-3.0692453,1.916935
3.7595038414001465,0.34193206,0.08387005,0.48846948,0.49290776,-3.0073848,1.759302,0.10479492,-0.005811123,0.34777322,1.6964512,-0.99394625,1.2694831,0.35917228,0.089310534,0.4720111,0.50437903,-3.2259965,2.072937,0.35203218,0.0836153,0.50935364,0.50407505,-3.134916,1.8620001
3.761504650115967,0.34290338,0.08485978,0.4824489,0.49641797,-3.010721,1.7494453,0.10548649,-0.0024131427,0.34578532,1.6989901,-1.0151162,1.0988252,0.3601034,0.09032758,0.4655591,0.5085249,-3.290772,2.0179198,0.35303834,0.0846309,0.5030838,0.507799,-3.0764844,1.8973407
3.763505458831787,0.34386262,0.08585651,0.47642183,0.4999082,-3.0138986,1.7393553,0.106174,0.0009892329,0.3437551,1.7011877,-0.91898715,1.0485667,0.36102134,0.0913527,0.45897755,0.5125607,-3.232122,2.0526924,0.3540322,0.08565409,0.49693087,0.5115937,-3.141721,1.8419061
3.7655062675476074,0.34480983,0.08686021,0.47038856,0.50337803,-3.0169196,1.7290355,0.106857836,0.0043958025,0.34191713,1.7032849,-0.93992406,0.87748134,0.36192638,0.09238604,0.4525133,0.5166661,-3.2964354,1.9971305,0.3550135,0.086684644,0.49064744,0.5152775,-3.0830648,1.8767627
3.7675070762634277,0.34574494,0.08787083,0.4643494,0.506827,-3.0197816,1.7184817,0.10753791,0.0078058825,0.3400373,1.7050399,-0.8436726,0.8269453,0.3628182,0.09342736,0.44592044,0.5206604,-3.2375455,2.0313828,0.35598245,0.087722704,0.4844813,0.51903105,-3.147868,1.8208382
3.769507884979248,0.34666798,0.088888325,0.45830464,0.5102546,-3.0224907,1.7077059,0.10821461,0.0112192705,0.33834994,1.7066938,-0.8644433,0.65561235,0.3636971,0.094476804,0.43944535,0.5247232,-3.301395,1.9752903,0.3569388,0.08876805,0.47818556,0.5226727,-3.0889893,1.8552159
3.7715086936950684,0.3475789,0.08991266,0.45225465,0.51366043,-3.0250406,1.6966963,0.10888785,0.014635281,0.33662105,1.708005,-0.7681297,0.6049374,0.3645628,0.09553415,0.43284255,0.52867377,-3.242263,2.0090263,0.35788283,0.08982082,0.47200757,0.52638316,-3.1533623,1.7988027
3.7735095024108887,0.34847772,0.09094378,0.44619972,0.517044,-3.0274332,1.6854564,0.10955802,0.01805371,0.3350848,1.7092148,-0.788825,0.43353438,0.3654155,0.096599534,0.426358,0.53269184,-3.3056624,1.9523995,0.35881424,0.09088078,0.46570083,0.5299808,-3.0942638,1.8327061
3.775510311126709,0.34936443,0.09198166,0.44014013,0.5204049,-3.0296726,1.6739945,0.11022504,0.021473875,0.33350715,1.7100819,-0.692508,0.3828513,0.36625502,0.09767273,0.4197467,0.53659666,-3.2462907,1.9856179,0.35973325,0.09194808,0.4595123,0.53364617,-3.1582084,1.775813
3.77751088142395,0.3502389,0.09302611,0.43407694,0.5237422,-3.0317554,1.6623071,0.11088928,0.024895571,0.33212215,1.7108476,-0.71319723,0.21154957,0.36708152,0.09875387,0.4132541,0.5405679,-3.3092306,1.9284651,0.36063963,0.09302247,0.45319587,0.53719777,-3.0988903,1.8092428
3.7795116901397705,0.35110134,0.094077334,0.428009,0.5270563,-3.0336864,1.6503979,0.11155067,0.028318113,0.33069575,1.7112707,-0.616938,0.16099626,0.3678948,0.09984272,0.40663564,0.54442483,-3.249624,1.9611716,0.36153364,0.094104104,0.4469981,0.54081625,-3.1624105,1.7518771
3.781512498855591,0.35195163,0.09513517,0.42193738,0.53034633,-3.0354638,1.6382664,0.11220959,0.0317413,0.32946187,1.7115927,-0.63770705,-0.010030817,0.36869508,0.100939415,0.40013638,0.5483472,-3.312111,1.9035014,0.362415,0.095192745,0.44067326,0.54432,-3.102876,1.7848387
3.783513307571411,0.35278976,0.09619956,0.41586235,0.5336119,-3.0370865,1.6259122,0.11286596,0.035164446,0.32818645,1.7115726,-0.5415622,-0.060325988,0.3694821,0.102043726,0.39351216,0.5521542,-3.2522705,1.9357004,0.36328393,0.096288525,0.43446752,0.54788965,-3.1659737,1.7270054
3.7855141162872314,0.35361573,0.09727046,0.40978423,0.5368525,-3.038557,1.6133382,0.11352017,0.03858735,0.32710332,1.711452,-0.5624862,-0.23090291,0.37025613,0.10315578,0.38700762,0.55602556,-3.3143077,1.8775145,0.3641402,0.09739121,0.42813557,0.5513437,-3.106226,1.7595061
3.7875149250030518,0.35442954,0.09834782,0.4037033,0.5400677,-3.0398746,1.6005431,0.11417212,0.04200933,0.32597834,1.7109902,-0.46651655,-0.28080478,0.3710169,0.10427534,0.38037902,0.5597806,-3.254234,1.9092085,0.36498407,0.09850094,0.42192313,0.5548627,-3.1689022,1.7012116
3.789515733718872,0.3552312,0.09943159,0.3976199,0.54325706,-3.0410435,1.5875367,0.11482222,0.045430187,0.32504532,1.7104286,-0.48767388,-0.45075533,0.37176463,0.10540254,0.37387055,0.563599,-3.315822,1.8505179,0.36581522,0.09961747,0.41558534,0.5582651,-3.1089425,1.7332541
3.7915165424346924,0.35602066,0.10052171,0.39153433,0.5464202,-3.0420585,1.5743079,0.11547036,0.04884924,0.32406998,1.7095271,-0.39193863,-0.5001276,0.3724991,0.10653713,0.3672389,0.5673,-3.2555163,1.8817109,0.36663395,0.10074093,0.40936744,0.5617316,-3.1712015,1.6745037
3.7935173511505127,0.35679796,0.10161814,0.38544685,0.5495567,-3.0429258,1.560871,0.116116926,0.052266292,0.3232861,1.7085268,-0.4134085,-0.66929686,0.37322056,0.10767926,0.36072788,0.57106346,-3.3166618,1.822515,0.36744002,0.101871096,0.40302503,0.5650806,-3.111032,1.7060916
3.795518159866333,0.35756308,0.10272081,0.37935778,0.55266607,-3.0436418,1.547216,0.11676185,0.05568067,0.32245928,1.7071882,-0.31796017,-0.71802187,0.37392876,0.10882868,0.35409456,0.57470846,-3.256128,1.8532103,0.36823362,0.103008084,0.39680296,0.56849277,-3.1728768,1.6468941
3.7975189685821533,0.358316,0.10382968,0.37326744,0.5557479,-3.0442097,1.5333503,0.1174055,0.059092175,0.32182336,1.7057523,-0.33981237,-0.8862309,0.37462392,0.10998551,0.3475823,0.57841486,-3.3168259,1.7935212,0.36901453,0.10415166,0.3904572,0.5717866,-3.1124997,1.6780314
3.7995197772979736,0.35905674,0.10494468,0.36717612,0.55880183,-3.0446284,1.519274,0.11804778,0.062500134,0.32114375,1.7039798,-0.24470785,-0.93417764,0.37530583,0.11114951,0.34094867,0.5820019,-3.2560656,1.823726,0.36978298,0.10530195,0.38423222,0.5751426,-3.173933,1.6183933
3.801520586013794,0.3597853,0.10606577,0.3610841,0.56182736,-3.044899,1.5049875,0.11868909,0.06590436,0.32065433,1.7021115,-0.26702031,-1.1012791,0.3759747,0.11232081,0.33443654,0.5856494,-3.3163261,1.7635393,0.37053874,0.10645871,0.37788436,0.5783794,-3.1133506,1.6490855
3.8035213947296143,0.36050165,0.10719288,0.3549917,0.5648241,-3.0450263,1.4905008,0.11932933,0.069304176,0.3201203,1.699909,-0.17231414,-1.14833,0.37663034,0.113499165,0.32780388,0.5891765,-3.2553408,1.7932544,0.37128207,0.107622065,0.37165767,0.58167756,-3.1743746,1.5890115
3.8055222034454346,0.36120582,0.10832596,0.3488992,0.56779164,-3.0450003,1.4757944,0.11996888,0.0726994,0.31977567,1.6976123,-0.19514816,-1.3141649,0.37727293,0.11468469,0.3212932,0.592763,-3.3151631,1.7325834,0.37201267,0.108791776,0.3653089,0.58485556,-3.1135905,1.6192658
3.807523012161255,0.3618978,0.10946494,0.34280688,0.57072955,-3.0448341,1.460894,0.12060765,0.07608937,0.31938538,1.694984,-0.10088927,-1.3602048,0.37790227,0.11587715,0.31466287,0.5962282,-3.253956,1.7618129,0.37273085,0.10996796,0.35908172,0.5880941,-3.1742094,1.5587627
3.809523820877075,0.3625776,0.11060978,0.33671504,0.5736374,-3.0445216,1.4457871,0.12124602,0.0794739,0.3191836,1.6922636,-0.12432135,-1.5246251,0.37851858,0.11707666,0.30815497,0.59975183,-3.3133402,1.7006615,0.37343633,0.111150384,0.35273328,0.5912116,-3.1132247,1.5885812
3.8115246295928955,0.3632452,0.1117604,0.33062398,0.5765149,-3.0440629,1.4304758,0.121883884,0.08285233,0.31893495,1.6892143,-0.030560916,-1.569542,0.37912163,0.11828297,0.30152828,0.60315317,-3.2519128,1.7294114,0.37412935,0.11233916,0.34650683,0.5943888,-3.1734397,1.5276552
3.813525438308716,0.3639006,0.11291675,0.32453397,0.5793615,-3.0434606,1.4149636,0.12252163,0.086224474,0.31887382,1.6860752,-0.054649614,-1.7324017,0.3797117,0.11949619,0.29502445,0.60661197,-3.3108685,1.6677903,0.37480968,0.11353405,0.34015995,0.5974441,-3.112257,1.5570414
3.815526247024536,0.36454386,0.11407877,0.3184453,0.58217686,-3.0427158,1.3992538,0.12315916,0.08958969,0.31876454,1.6826104,0.038565546,-1.776089,0.38028848,0.12071609,0.2884027,0.60994756,-3.2492235,1.6960663,0.37547755,0.114735164,0.33393544,0.6005582,-3.1720726,1.4957051
3.8175270557403564,0.36517492,0.115246385,0.31235826,0.58496064,-3.041827,1.3833424,0.12379684,0.09294781,0.31884167,1.6790582,0.013757193,-1.9372528,0.38085228,0.121942766,0.28190425,0.6133397,-3.3077517,1.6339805,0.37613273,0.11594226,0.3275913,0.60354966,-3.1106951,1.5246673
3.8195278644561768,0.3657938,0.11641954,0.30627316,0.58771235,-3.0407987,1.3672409,0.12443458,0.09629818,0.31886917,1.6751837,0.10638102,-1.9796034,0.38140285,0.12317598,0.27528876,0.61660767,-3.245889,1.6617799,0.37677547,0.11715546,0.32136992,0.606599,-3.170116,1.4629216
3.821528673171997,0.3664005,0.11759816,0.30019024,0.59043163,-3.039627,1.3509384,0.12507275,0.09964063,0.31908193,1.6712245,0.0807896,-2.1389458,0.38194045,0.124415845,0.26879698,0.6199312,-3.30399,1.5992328,0.37740552,0.11837451,0.31502968,0.60952485,-3.1085458,1.4914621
3.8235294818878174,0.36699504,0.11878219,0.29410982,0.59311813,-3.0383148,1.3344436,0.12571123,0.10297453,0.31924352,1.6669465,0.17277983,-2.179869,0.38246483,0.1256621,0.262189,0.62312967,-3.2419143,1.6265686,0.37802315,0.11959953,0.3088126,0.61250776,-3.167571,1.4293169
3.8255302906036377,0.3675774,0.119971566,0.28803217,0.59577143,-3.036863,1.3177569,0.12635042,0.1062997,0.31958908,1.6625868,0.146358,-2.3372612,0.38297623,0.12691487,0.25570518,0.6263828,-3.2995934,1.563567,0.3786281,0.12083026,0.30247745,0.6153664,-3.1058104,1.4574417
3.827531099319458,0.3681476,0.121166214,0.28195757,0.5983912,-3.0352733,1.3008826,0.12699018,0.10961552,0.3198818,1.6579123,0.2376728,-2.376663,0.38347444,0.12817389,0.24910599,0.62951,-3.2373073,1.5904411,0.37922063,0.122066826,0.29626584,0.6182813,-3.1644466,1.3949037
3.8295319080352783,0.3687057,0.12236607,0.27588627,0.60097694,-3.0335433,1.2838151,0.1276309,0.112921834,0.32035714,1.6531589,0.21036382,-2.5319967,0.3839597,0.12943926,0.24263138,0.63269085,-3.2945688,1.5269951,0.3798005,0.12330897,0.28993696,0.6210711,-3.102498,1.4226166
3.8315327167510986,0.3692516,0.12357107,0.26981857,0.6035284,-3.0316765,1.2665619,0.12827246,0.11621802,0.32077786,1.6480949,0.30097032,-2.5698013,0.3844318,0.13071075,0.23604223,0.6357448,-3.2320714,1.5534064,0.38036796,0.1245568,0.28373197,0.6239163,-3.1607485,1.3596973
3.83353328704834,0.36978534,0.12478099,0.26375547,0.6060448,-3.029671,1.249121,0.12891522,0.11950393,0.3213798,1.6429553,0.27273247,-2.7229621,0.38489097,0.13198845,0.2295781,0.63885164,-3.288918,1.4895184,0.3809228,0.12581007,0.27741048,0.62663573,-3.0986145,1.3870043
3.83553409576416,0.370307,0.12599605,0.2576958,0.60852647,-3.0275316,1.2314993,0.12955907,0.12277895,0.32192528,1.6375093,0.36259267,-2.7590823,0.38533697,0.13327211,0.22300026,0.6418307,-3.226216,1.5154787,0.38146523,0.12706889,0.27121323,0.62940973,-3.1564815,1.3237028
3.8375349044799805,0.37081653,0.12721606,0.25164053,0.61097264,-3.0252538,1.2136879,0.13020436,0.12604293,0.32265046,1.6319911,0.33337018,-2.9099836,0.38577005,0.13456184,0.21654783,0.64486164,-3.2826505,1.4511629,0.38199502,0.128333,0.26490027,0.63205713,-3.0941653,1.3506083
3.839535713195801,0.37131396,0.12844092,0.24558996,0.61338305,-3.0228434,1.1957008,0.130851,0.12929527,0.3233172,1.6261712,0.42245406,-2.9443552,0.38619003,0.13585736,0.20998253,0.64776397,-3.2197433,1.4766707,0.38251245,0.12960252,0.25871193,0.63475835,-3.151651,1.2869388
3.841536521911621,0.3717993,0.12967056,0.23954435,0.6157573,-3.0202956,1.1775259,0.13149932,0.13253585,0.3241621,1.6202825,0.39221886,-3.0928917,0.38659713,0.1371588,0.20354304,0.6507173,-3.2757695,1.4119262,0.38301727,0.13087718,0.25240862,0.63733226,-3.0891557,1.3134522
3.8435373306274414,0.37227252,0.13090491,0.23350397,0.618095,-3.0176177,1.1591805,0.13214922,0.13576403,0.32494652,1.6140968,0.48049468,-3.125443,0.3869911,0.13846588,0.1969915,0.65354115,-3.2126603,1.4369893,0.38350973,0.1321571,0.24623032,0.63995916,-3.1462662,1.2494165
3.8455381393432617,0.37273368,0.13214391,0.22746909,0.6203958,-3.0148036,1.140651,0.13280104,0.13897972,0.3259075,1.6078459,0.44920614,-3.2715437,0.38737226,0.13977872,0.19056618,0.6564151,-3.2682817,1.3718317,0.3839896,0.13344201,0.23993778,0.64245796,-3.0835938,1.2755387
3.847538948059082,0.37318277,0.13338748,0.22143996,0.6226593,-3.0118577,1.1219468,0.13345465,0.14218232,0.32680592,1.6013029,0.5366481,-3.3022144,0.3877403,0.14109704,0.18402962,0.65915877,-3.2049716,1.3964562,0.38445714,0.13473204,0.2337706,0.64500904,-3.140331,1.2111499
3.8495397567749023,0.3736198,0.13463554,0.21541686,0.62488526,-3.0087836,1.1030741,0.1341104,0.14537172,0.32787922,1.5946984,0.5042697,-3.4458048,0.38809556,0.14242095,0.17761968,0.66195166,-3.2601907,1.3308817,0.38491213,0.1360269,0.22748993,0.6474313,-3.077483,1.2368859
3.8515405654907227,0.37404478,0.13588801,0.20940006,0.6270733,-3.005576,1.0840243,0.13476819,0.14854734,0.32888776,1.5878068,0.59085584,-3.4745483,0.38843775,0.14375018,0.1710993,0.6646134,-3.196686,1.3550725,0.38535482,0.13732672,0.22133496,0.6499051,-3.1338525,1.1721494
3.853541374206543,0.37445772,0.13714482,0.2033898,0.629223,-3.0022383,1.0648026,0.13542832,0.15170905,0.33006948,1.5808578,0.55736506,-3.6155512,0.38876715,0.14508483,0.16470593,0.6673236,-3.2515094,1.2891004,0.38578495,0.13863121,0.21506725,0.6522494,-3.0708325,1.1975043
3.8555421829223633,0.37485865,0.13840589,0.19738634,0.63133407,-2.9987736,1.045417,0.1360907,0.15485631,0.3311842,1.5736266,0.643072,-3.6423116,0.38908356,0.14642464,0.15820292,0.6699018,-3.1878104,1.3128625,0.3862028,0.1399405,0.20892559,0.6546444,-3.126834,1.132427
3.8575429916381836,0.37524757,0.13967115,0.19138995,0.6334062,-2.9951773,1.0258561,0.13675563,0.157989,0.33247036,1.566342,0.6084365,-3.780684,0.38938722,0.14776969,0.15182729,0.6725275,-3.2422388,1.2464912,0.38660815,0.14125432,0.20267192,0.6569093,-3.0636454,1.1574084
3.859543800354004,0.3756245,0.14094052,0.18540087,0.63543904,-2.991453,1.0061293,0.13742301,0.16110656,0.33368722,1.5587807,0.69324696,-3.8054311,0.3896779,0.14911973,0.14534281,0.67502046,-3.1783485,1.26983,0.38700125,0.14257278,0.19654462,0.6592241,-3.119287,1.0920008
3.861544609069824,0.37598947,0.14221391,0.17941938,0.6374322,-2.9876046,0.98624235,0.13809316,0.16420889,0.3350737,1.5511698,0.6574562,-3.9411073,0.38995588,0.15047486,0.13898611,0.6775601,-3.2323864,1.2030694,0.38738185,0.1438956,0.19030604,0.66140807,-3.055932,1.1166126
3.8635454177856445,0.37634248,0.14349125,0.17344572,0.63938546,-2.9836287,0.9661917,0.13876593,0.16729547,0.33638862,1.5432875,0.7413553,-3.9637969,0.3902209,0.1518348,0.13252133,0.6799662,-3.1683064,1.2259873,0.38775024,0.14522287,0.18419418,0.6636413,-3.1112127,1.0508791
3.865546226501465,0.37668353,0.14477246,0.16748013,0.6412984,-2.9795263,0.94597703,0.13944167,0.1703662,0.33787134,1.53536,0.70437896,-4.096752,0.39047328,0.15319964,0.12618472,0.68241817,-3.221955,1.1588519,0.38810617,0.14655437,0.17797175,0.66574305,-3.0476937,1.0751262
3.867547035217285,0.37701267,0.14605746,0.16152287,0.6431708,-2.9752967,0.925597,0.14012022,0.17342053,0.3392801,1.5271665,0.7873546,-4.1173663,0.39071277,0.15456912,0.11974081,0.6847359,-3.1576903,1.181358,0.3884499,0.14789015,0.17187636,0.6678933,-3.102619,1.0090754
3.8695478439331055,0.3773299,0.14734615,0.15557419,0.6450022,-2.9709485,0.9050693,0.14080194,0.1764584,0.3408548,1.5189317,0.74918914,-4.2475486,0.39093962,0.15594332,0.113425426,0.6870986,-3.2109628,1.1138449,0.38878125,0.14922997,0.16567113,0.66991144,-3.0389392,1.0329639
3.871548652648926,0.3776352,0.14863847,0.14963435,0.6467924,-2.9664733,0.8843789,0.14148664,0.17947927,0.34235317,1.5104367,0.83122766,-4.2660565,0.39115363,0.15732197,0.1070035,0.6893263,-3.146514,1.13594,0.38910043,0.15057392,0.15959324,0.6719774,-3.0935137,0.9666071
3.873549461364746,0.37792867,0.14993434,0.14370358,0.64854103,-2.9618757,0.8635323,0.14217468,0.18248308,0.34401563,1.5019045,0.79185706,-4.393447,0.39135507,0.15870517,0.100710474,0.6915982,-3.1994026,1.0680637,0.38940725,0.15192175,0.15340622,0.6739106,-3.0296752,0.9901401
3.8755502700805664,0.37821028,0.15123366,0.13778213,0.6502478,-2.9571588,0.8425385,0.14286588,0.18546931,0.34559935,1.4931176,0.87295264,-4.409833,0.3915437,0.16009264,0.09431167,0.6937343,-3.134773,1.0897582,0.38970193,0.15327354,0.14734687,0.6758909,-3.0839026,0.9234852
3.8775510787963867,0.37848005,0.15253635,0.13187024,0.65191245,-2.9523141,0.8213769,0.14356057,0.18843791,0.34734526,1.4842979,0.83237165,-4.534411,0.39171976,0.16148447,0.088042125,0.6959138,-3.1872878,1.0215318,0.38998428,0.154629,0.14117907,0.6777379,-3.0199091,0.946671
3.879551887512207,0.378738,0.15384233,0.12596816,0.6535346,-2.947355,0.80008,0.14425859,0.19138837,0.34901002,1.475229,0.91251856,-4.5486646,0.3918831,0.16288038,0.08166755,0.69795686,-3.1224806,1.0428239,0.39025456,0.15598828,0.13513926,0.67963123,-3.0737903,0.8797202
3.8815526962280273,0.37898412,0.15515152,0.12007613,0.65511394,-2.9422734,0.77862626,0.14496025,0.19432063,0.35083506,1.4661317,0.87072366,-4.670415,0.39203396,0.16428046,0.075422585,0.7000425,-3.1746256,0.97424346,0.39051253,0.15735106,0.12899168,0.6813907,-3.0096433,0.9025615
3.8835535049438477,0.3792185,0.15646382,0.11419438,0.65665025,-2.9370732,0.7570269,0.1456654,0.19723421,0.3525765,1.4567908,0.949918,-4.682527,0.3921721,0.16568445,0.069073334,0.70199096,-3.1096432,0.9951441,0.39075848,0.15871745,0.12297239,0.6831958,-3.063185,0.83532685
3.885554313659668,0.37944108,0.15777914,0.10832316,0.65814316,-2.9317546,0.7352819,0.14637436,0.20012906,0.35447633,1.4474257,0.90691024,-4.8014464,0.3922978,0.16709241,0.062854044,0.7039812,-3.1614199,0.9262308,0.39099216,0.16008718,0.116846025,0.6848665,-2.9988878,0.8578287
3.8875551223754883,0.37965196,0.15909742,0.102462694,0.65959245,-2.9263194,0.7133929,0.14708693,0.2030047,0.35629016,1.4378228,0.9851536,-4.8114204,0.39241087,0.16850407,0.056531206,0.7058337,-3.096266,0.9467463,0.39121386,0.16146034,0.11084825,0.68658215,-3.0520916,0.7903189
3.8895559310913086,0.37985113,0.16041856,0.09661322,0.6609978,-2.9207687,0.691365,0.14780346,0.2058611,0.35826048,1.4282,0.94093066,-4.92751,0.39251155,0.16991954,0.050338674,0.7077272,-3.1476805,0.8775001,0.39142334,0.16283667,0.10474406,0.6881628,-2.9876473,0.81248945
3.89155650138855,0.38003856,0.1617423,0.09077567,0.66235876,-2.9151008,0.66919535,0.14852373,0.2086978,0.36014235,1.418345,1.0182217,-4.9353456,0.39259964,0.1713385,0.044043314,0.7094822,-3.0823586,0.8976327,0.39162087,0.16421625,0.09876877,0.6897878,-3.0405166,0.7447109
3.89355731010437,0.38021436,0.16306888,0.084948875,0.66367537,-2.9093153,0.64687955,0.1492481,0.21151474,0.3621788,1.4084743,0.97279817,-5.048605,0.3926754,0.17276105,0.037878595,0.7112775,-3.1334114,0.82806283,0.39180624,0.16559881,0.09268774,0.6912772,-2.9759278,0.7665544
3.8955581188201904,0.3803785,0.16439804,0.07913377,0.6649472,-2.9034188,0.62443334,0.14997634,0.2143115,0.3641244,1.3983771,1.0491412,-5.0543075,0.3927386,0.17418692,0.03161177,0.7129336,-3.0679216,0.8478195,0.39197972,0.16698442,0.08673588,0.6928103,-3.0284684,0.69851667
3.8975589275360107,0.38053104,0.16572972,0.07333058,0.666174,-2.8974068,0.601848,0.1507088,0.21708803,0.36622268,1.3882685,1.0025109,-5.164751,0.39278957,0.17561617,0.025475927,0.71462923,-3.1186213,0.7779365,0.39214107,0.16837284,0.08067895,0.6942073,-2.9637375,0.72003603
3.899559736251831,0.38067198,0.16706379,0.067539535,0.6673555,-2.8912811,0.5791265,0.15144525,0.21984391,0.3682277,1.377939,1.077909,-5.168334,0.39282805,0.17704855,0.019238684,0.7161851,-3.0529687,0.7973237,0.39229056,0.16976413,0.074751474,0.69564736,-3.01595,0.6517464
3.9015605449676514,0.38080132,0.16840018,0.061760858,0.66849136,-2.8850417,0.5562688,0.15218602,0.2225791,0.3703835,1.3676023,1.0300955,-5.2759705,0.3928543,0.17848411,0.013132746,0.71777976,-3.1033165,0.72714067,0.392428,0.17115803,0.06871957,0.69695085,-2.9510806,0.6729496
3.9035613536834717,0.38091913,0.1697388,0.055994775,0.66958135,-2.8786924,0.53328425,0.15293092,0.2252932,0.3724437,1.3570504,1.104557,-5.2774496,0.39286816,0.17992258,0.006926113,0.71923405,-3.0375037,0.74616337,0.39255366,0.17255463,0.06281741,0.6982967,-3.00297,0.60441405
3.905562162399292,0.3810254,0.17107956,0.050241508,0.67062527,-2.8722308,0.5101666,0.15368022,0.2279862,0.37465283,1.3464955,1.055563,-5.3823195,0.39286986,0.18136403,0.00085110497,0.7207264,-3.0875072,0.6756842,0.3926673,0.17395364,0.05681147,0.69950557,-2.9379644,0.6253051
3.9075629711151123,0.38112018,0.17242236,0.04450128,0.6716228,-2.865661,0.4869243,0.15443374,0.23065767,0.37676397,1.3357309,1.1290948,-5.381716,0.39285922,0.18280819,-0.0053239097,0.7220777,-3.0215387,0.6943487,0.39276916,0.17535515,0.05093554,0.7007562,-2.9895334,0.55653447
3.9095637798309326,0.38120347,0.1737671,0.038774304,0.6725737,-2.8589795,0.46355206,0.15519178,0.2333076,0.37902215,1.3249675,1.0789475,-5.4838204,0.39283648,0.18425512,-0.011366988,0.7234664,-3.071197,0.6235833,0.39285907,0.17675889,0.04495647,0.70186925,-2.9243948,0.5771198
3.911564588546753,0.38127533,0.17511371,0.033060808,0.6734777,-2.8521922,0.44006047,0.15595414,0.2359356,0.38118005,1.3139999,1.1515597,-5.4811497,0.39280146,0.18570454,-0.017509382,0.72471356,-3.0050738,0.6418902,0.39293727,0.17816493,0.03910768,0.7030235,-2.9756477,0.5081213
3.9135653972625732,0.38133577,0.17646207,0.027361,0.6743346,-2.8452952,0.41644153,0.1567211,0.23854168,0.38348317,1.3030376,1.1002623,-5.580543,0.39275444,0.18715654,-0.02351953,0.7259973,-3.054389,0.57084906,0.39300358,0.17957301,0.033156384,0.70403975,-2.9103785,0.52840406
3.9155662059783936,0.38138482,0.1778121,0.0216751,0.6751441,-2.838288,0.3926954,0.15749247,0.24112543,0.3856837,1.2918766,1.171966,-5.5758395,0.3926952,0.18861082,-0.029628308,0.72713906,-2.9881165,0.5888127,0.39305824,0.1809832,0.027335627,0.70509654,-2.961317,0.45918688
3.917567014694214,0.38142252,0.17916371,0.016003324,0.67590594,-2.8311772,0.3688354,0.15826853,0.24368688,0.3880276,1.2807249,1.119553,-5.672534,0.392624,0.19006746,-0.03560454,0.72831666,-3.0371,0.5175058,0.39310107,0.18239523,0.021412993,0.70601493,-2.8959198,0.47917286
3.919567823410034,0.38144886,0.1805168,0.010345883,0.67661995,-2.8239598,0.34485513,0.15904906,0.24622564,0.39026672,1.2693799,1.190362,-5.66582,0.39254063,0.19152616,-0.04167874,0.7293517,-2.970677,0.5351233,0.3931323,0.18380918,0.015621154,0.70697325,-2.9465494,0.40974468
3.9215686321258545,0.38146392,0.18187125,0.004702987,0.67728585,-2.816636,0.32075572,0.15983436,0.24874173,0.39264745,1.2580482,1.1368368,-5.7598724,0.3924454,0.19298701,-0.047620095,0.73042196,-3.0193284,0.46355742,0.39315176,0.18522476,0.0097280545,0.70779276,-2.8810275,0.42944008
3.923569440841675,0.3814677,0.183227,-0.0009251535,0.6779034,-2.8092124,0.29654947,0.16062419,0.2512348,0.39492112,1.2465284,1.2067629,-5.7511883,0.39233807,0.19444971,-0.053658754,0.73134905,-2.952764,0.48084295,0.3931597,0.18664207,0.0039659995,0.70865166,-2.9313495,0.35980883
3.925570249557495,0.38146022,0.18458393,-0.00653833,0.6784724,-2.80168,0.27222016,0.16141886,0.25370485,0.39733464,1.235026,1.1521664,-5.84262,0.39221895,0.19591433,-0.05956428,0.7323107,-3.0010867,0.40902957,0.3931559,0.1880608,-0.0018966999,0.70937127,-2.8657057,0.3792189
3.9275710582733154,0.38144153,0.18594195,-0.012136338,0.6789926,-2.7940469,0.24778296,0.16221814,0.25615153,0.39963898,1.2233407,1.2212247,-5.8319883,0.39208782,0.19738059,-0.06556646,0.7331288,-2.9343789,0.42598265,0.39314064,0.18948106,-0.0076281116,0.7101297,-2.9157245,0.30939245
3.9295718669891357,0.38141167,0.18730097,-0.017718969,0.67946386,-2.786311,0.2232339,0.1630223,0.25857487,0.40208143,1.2116767,1.165566,-5.9208593,0.39194494,0.19884855,-0.07143521,0.7339808,-2.9823787,0.3539308,0.39311373,0.19090256,-0.013459561,0.71074843,-2.8499603,0.32851854
3.931572675704956,0.38137063,0.18866087,-0.023286019,0.67988586,-2.7784715,0.19857341,0.16383111,0.26097456,0.40441257,1.199835,1.2337724,-5.908323,0.39179015,0.20031792,-0.07739997,0.73468864,-2.9155338,0.37056175,0.3930754,0.19232537,-0.019159483,0.71140546,-2.8996794,0.2585051
3.9335734844207764,0.38131848,0.19002157,-0.02883728,0.6802584,-2.770532,0.17380595,0.16464488,0.2633506,0.4068801,1.1880183,1.177085,-5.994667,0.39162368,0.20178878,-0.08323104,0.73542976,-2.963213,0.29827932,0.3930255,0.19374922,-0.024958842,0.71192247,-2.8337991,0.27735585
3.9355742931365967,0.38125524,0.19138297,-0.03437256,0.6805813,-2.7624953,0.14894027,0.16546336,0.26570266,0.4092343,1.176029,1.2444551,-5.980257,0.39144537,0.20326084,-0.08915746,0.73602635,-2.896233,0.31458825,0.39296424,0.19517417,-0.03062644,0.7124772,-2.88322,0.20716497
3.937575101852417,0.38118094,0.19274497,-0.039891656,0.6808543,-2.754354,0.12396017,0.16628681,0.2680308,0.4117232,1.1640685,1.1867615,-6.0641313,0.39125547,0.20473415,-0.09494993,0.73665553,-2.943599,0.24208894,0.39289147,0.19659996,-0.036392882,0.7128915,-2.817227,0.22574715
3.9395759105682373,0.38109562,0.19410746,-0.04539437,0.68107724,-2.7461166,0.0988825,0.167115,0.27033466,0.4140967,1.1519402,1.253313,-6.0478873,0.3910538,0.20620842,-0.10083713,0.7371397,-2.8764865,0.2580842,0.39280742,0.19802664,-0.042027336,0.713343,-2.866355,0.15538421
3.9415767192840576,0.3809993,0.19547035,-0.0508805,0.6812499,-2.7377799,0.07370151,0.16794822,0.27261436,0.41660333,1.1398444,1.1946385,-6.1293344,0.39084062,0.20768374,-0.1065901,0.7376559,-2.923536,0.18537545,0.3927119,0.19945395,-0.047760047,0.7136538,-2.8002496,0.1736954
3.943577527999878,0.380892,0.19683354,-0.05634985,0.6813721,-2.7293444,0.048419554,0.1687862,0.27486953,0.4189926,1.1275858,1.2603863,-6.111299,0.39061573,0.20915979,-0.11243717,0.7380266,-2.8562958,0.20106335,0.3926052,0.20088196,-0.053360548,0.7140012,-2.8490856,0.10317345
3.9455783367156982,0.3807738,0.19819692,-0.06180223,0.68144363,-2.7208142,0.023043204,0.16962923,0.27710027,0.42151338,1.1153631,1.2007672,-6.1903744,0.39037943,0.21063665,-0.118149765,0.7384288,-2.9030378,0.12815745,0.39248708,0.20231037,-0.05905872,0.71420753,-2.782872,0.121223226
3.9475789070129395,0.38064474,0.19956023,-0.0672368,0.68146425,-2.7121887,-0.0024272087,0.17047706,0.27930623,0.4239149,1.1029824,1.265731,-6.1705847,0.3901315,0.21211402,-0.12395584,0.7386851,-2.8356714,0.14354381,0.39235783,0.20373927,-0.064624466,0.71445,-2.831421,0.050547604
3.9495797157287598,0.3805048,0.20092368,-0.072654665,0.68143386,-2.7034657,-0.027995415,0.17132996,0.28148752,0.42644638,1.0906413,1.2051853,-6.2473416,0.38987225,0.21359196,-0.12962718,0.7389722,-2.8821104,0.07044958,0.39221725,0.20516837,-0.07028731,0.7145511,-2.7651012,0.068338364
3.95158052444458,0.38035402,0.20228703,-0.07805497,0.6813522,-2.6946473,-0.053659026,0.17218767,0.2836438,0.42885676,1.0781466,1.2693843,-6.225847,0.38960147,0.21507019,-0.1353914,0.7391131,-2.8146234,0.08553942,0.3920656,0.20659775,-0.07581751,0.71468776,-2.8133645,-0.0024814354
3.9535813331604004,0.38019246,0.20365016,-0.08343755,0.6812191,-2.685735,-0.079413556,0.17305046,0.2857752,0.43139553,1.0656949,1.2079506,-6.300337,0.38931942,0.21654876,-0.14102064,0.73928416,-2.860758,0.012265268,0.39190271,0.20802711,-0.08144424,0.7146828,-2.7469423,0.015056959
3.9555821418762207,0.38002014,0.20501298,-0.088802196,0.6810344,-2.6767304,-0.10525463,0.17391808,0.2878814,0.43381143,1.0530943,1.2714038,-6.277176,0.38902593,0.21802737,-0.14674215,0.7393087,-2.7931519,0.027067319,0.39172885,0.20945653,-0.08693813,0.7147129,-2.7949224,-0.055900093
3.957582950592041,0.37983713,0.20637538,-0.09414873,0.6807979,-2.6676302,-0.13119003,0.17479078,0.28996247,0.43635422,1.0405399,1.2091049,-6.3494525,0.38872126,0.2195061,-0.15232846,0.73936284,-2.8389914,-0.046379954,0.3915438,0.21088573,-0.09252797,0.7146011,-2.7284007,-0.038607165
3.9595837593078613,0.3796434,0.20773724,-0.09947697,0.6805094,-2.658439,-0.15720926,0.17566833,0.29201815,0.43877244,1.027841,1.2718313,-6.324672,0.38840523,0.22098464,-0.15800644,0.7392701,-2.7712696,-0.031865705,0.39134783,0.21231478,-0.097984776,0.7145239,-2.7761016,-0.1096946
3.9615845680236816,0.37943906,0.20909847,-0.10478673,0.68016875,-2.6491563,-0.1833139,0.17655095,0.29404852,0.4413161,1.0151917,1.2086977,-6.394788,0.38807812,0.22246306,-0.16354899,0.7392064,-2.816815,-0.10547045,0.39114076,0.21374339,-0.10353698,0.7143045,-2.7094815,-0.09264851
3.963585376739502,0.3792241,0.21045898,-0.11007783,0.6797758,-2.6397817,-0.20950378,0.17743842,0.29605332,0.44373348,1.0024021,1.2707156,-6.3684254,0.38773975,0.22394104,-0.16918263,0.73899543,-2.7489834,-0.09123705,0.39092284,0.21517162,-0.10895594,0.7141192,-2.756907,-0.16385499
3.9655861854553223,0.37899858,0.21181865,-0.115350075,0.67933035,-2.6303186,-0.23577242,0.17833097,0.29803264,0.4462749,0.9896652,1.2067791,-6.43644,0.38739038,0.22541867,-0.17468059,0.738813,-2.7942343,-0.16498959,0.3906939,0.2165992,-0.11446976,0.7137915,-2.6901915,-0.14704847
3.9675869941711426,0.3787625,0.21317737,-0.12060329,0.6788323,-2.6207647,-0.2621238,0.17922835,0.2999862,0.44868848,0.97679234,1.2681078,-6.40854,0.38702983,0.22689565,-0.18026906,0.738483,-2.7262928,-0.15102991,0.3904542,0.21802619,-0.119850144,0.7134974,-2.7373435,-0.21836503
3.969587802886963,0.37851596,0.21453504,-0.12583731,0.6782814,-2.6111212,-0.288555,0.1801308,0.30191416,0.45122468,0.96397525,1.2033994,-6.4745116,0.38665837,0.22837201,-0.18572165,0.73818094,-2.77126,-0.22491892,0.39020357,0.2194523,-0.12532483,0.7130607,-2.6705368,-0.20179504
3.971588611602783,0.37825897,0.21589155,-0.13105194,0.6776776,-2.6013885,-0.31506598,0.18103805,0.3038162,0.4536315,0.9510262,1.2640568,-6.44512,0.38627583,0.22984748,-0.19126417,0.7377311,-2.7032118,-0.21123084,0.38994223,0.22087762,-0.1306659,0.7126571,-2.717415,-0.2732157
3.9735894203186035,0.37799156,0.21724682,-0.13624701,0.6770206,-2.5915682,-0.34165064,0.18195038,0.30569246,0.4561596,0.938136,1.198607,-6.5090938,0.3858825,0.2313221,-0.19667059,0.7373086,-2.7478936,-0.28524354,0.38967,0.22230184,-0.13610072,0.71211064,-2.6505191,-0.25687754
3.975590229034424,0.37771377,0.2186007,-0.14142235,0.67631036,-2.581661,-0.36831048,0.18286748,0.3075427,0.4585568,0.9251178,1.2586156,-6.478259,0.38547817,0.23279557,-0.20216638,0.73673815,-2.679744,-0.27181914,0.38938722,0.22372504,-0.14140177,0.7115969,-2.697129,-0.32839158
3.977591037750244,0.37742564,0.21995312,-0.14657778,0.6755467,-2.5716665,-0.39504322,0.18378963,0.30936703,0.46107402,0.9121613,1.1924527,-6.5403047,0.3850631,0.23426795,-0.20752586,0.7361945,-2.724146,-0.34595218,0.38909364,0.22514692,-0.14679603,0.7109401,-2.6301463,-0.31228015
3.9795918464660645,0.37712723,0.22130395,-0.15171312,0.6747295,-2.561587,-0.42184648,0.18471654,0.31116518,0.46345893,0.8990807,1.2518274,-6.508064,0.38463718,0.23573895,-0.21297416,0.7355026,-2.6558986,-0.33278126,0.38878953,0.22656755,-0.15205632,0.7103156,-2.6764896,-0.38388246
3.9815926551818848,0.37681857,0.22265309,-0.15682821,0.67385864,-2.5514216,-0.44872022,0.18564846,0.31293732,0.4659626,0.8860646,1.184987,-6.5682225,0.3842006,0.23720862,-0.21828596,0.73483706,-2.7000241,-0.40702224,0.3884747,0.22798665,-0.1574093,0.7095478,-2.6094224,-0.3679959
3.983593463897705,0.37649968,0.22400044,-0.16192287,0.6729339,-2.5411713,-0.47566152,0.18658513,0.31468317,0.46833256,0.87292814,1.2437502,-6.5346193,0.38375324,0.23867667,-0.22368601,0.73402303,-2.6316817,-0.39410943,0.38814944,0.22940427,-0.16262814,0.7088118,-2.6555033,-0.43967405
3.9855942726135254,0.37617064,0.22534588,-0.16699694,0.67195517,-2.5308352,-0.5026732,0.18752676,0.31640288,0.47082007,0.85985893,1.1762497,-6.592953,0.38329533,0.24014314,-0.22894937,0.7332348,-2.6755323,-0.4684447,0.38781357,0.23082013,-0.16793916,0.7079325,-2.5883534,-0.42400917
3.9875950813293457,0.37583145,0.22668931,-0.17205025,0.67092234,-2.5204167,-0.5297477,0.1884731,0.31809622,0.47317258,0.846673,1.2344197,-6.558035,0.38282672,0.24160773,-0.23430043,0.73229796,-2.6070988,-0.45578477,0.38746732,0.2322343,-0.17311586,0.7070845,-2.6341708,-0.49575886
3.989595890045166,0.37548217,0.22803062,-0.17708263,0.66983527,-2.5099134,-0.5568896,0.1894244,0.31976333,0.47564143,0.83355695,1.1662997,-6.6145897,0.38234767,0.2430705,-0.23951463,0.73138636,-2.6506746,-0.5302026,0.38711056,0.23364648,-0.1783842,0.70609295,-2.5669434,-0.48030844
3.9915966987609863,0.37512285,0.2293697,-0.1820939,0.66869384,-2.4993289,-0.584091,0.19038035,0.32140398,0.47797403,0.82032776,1.2238955,-6.5783973,0.38185805,0.24453115,-0.24481599,0.73032594,-2.5821505,-0.517787,0.38674352,0.23505674,-0.18351808,0.70513237,-2.6125035,-0.55211645
3.9935975074768066,0.3747535,0.23070644,-0.18708391,0.66749793,-2.48866,-0.6113566,0.19134119,0.3230183,0.4804218,0.807171,1.1551815,-6.6332293,0.3813581,0.24598974,-0.24998029,0.72929037,-2.6254606,-0.5922796,0.38636604,0.2364648,-0.18874308,0.7040281,-2.545199,-0.5368807
3.995598316192627,0.3743742,0.23204073,-0.19205251,0.6662474,-2.4779136,-0.63867486,0.19230665,0.32460612,0.48273218,0.79390454,1.2122198,-6.595804,0.38084763,0.24744596,-0.2552312,0.7281058,-2.5568504,-0.58010334,0.38597837,0.23787071,-0.19383349,0.70295435,-2.5905,-0.608744
3.9975991249084473,0.373985,0.23337246,-0.19699952,0.6649422,-2.467083,-0.6660575,0.19327697,0.32616755,0.48515663,0.78071296,1.1429409,-6.648965,0.38032696,0.24889985,-0.2603449,0.7269456,-2.599899,-0.6546603,0.38558033,0.23927419,-0.19901448,0.70173687,-2.5231233,-0.5937159
3.9995999336242676,0.3735859,0.23470153,-0.20192479,0.6635821,-2.4561741,-0.69349205,0.19425185,0.32770237,0.4874425,0.76741505,1.19944,-6.610344,0.37979588,0.25035113,-0.26554468,0.72563624,-2.5312088,-0.6427232,0.38517222,0.24067529,-0.20406073,0.7005494,-2.5681703,-0.66562146
4.001600742340088,0.373177,0.23602782,-0.20682813,0.6621671,-2.445182,-0.72098833,0.19523153,0.32921076,0.48984137,0.7541944,1.1296197,-6.661885,0.37925467,0.25179982,-0.2706071,0.7243508,-2.57399,-0.7173311,0.38475382,0.24207371,-0.20919707,0.69921815,-2.5007226,-0.6508012
4.003601551055908,0.37275827,0.23735122,-0.21170941,0.660697,-2.4341137,-0.7485325,0.19621573,0.3306925,0.4921006,0.7408706,1.1855974,-6.6221128,0.37870315,0.25324565,-0.2757551,0.7229161,-2.5052207,-0.70562965,0.3843254,0.24346955,-0.21419851,0.69791657,-2.5455155,-0.72274417
4.0056023597717285,0.3723298,0.23867163,-0.21656847,0.6591717,-2.4229655,-0.77613014,0.19720468,0.33214775,0.4944718,0.7276264,1.1152738,-6.672083,0.3781416,0.25468865,-0.28076556,0.72150487,-2.547748,-0.78027487,0.38388684,0.2448625,-0.21928954,0.6964711,-2.4779997,-0.7081272
4.007603168487549,0.37189165,0.23998894,-0.22140515,0.65759116,-2.4117389,-0.8037791,0.19819808,0.33357632,0.49670234,0.7142822,1.1707481,-6.6311955,0.37756988,0.25612855,-0.28586105,0.7199443,-2.4788997,-0.768807,0.38343835,0.24625261,-0.22424555,0.6950548,-2.5225415,-0.7800957
4.009603977203369,0.37144384,0.24130303,-0.22621928,0.65595526,-2.4004354,-0.83147514,0.19919617,0.33497837,0.49904385,0.7010198,1.099936,-6.679644,0.37698823,0.25756535,-0.29081884,0.7184067,-2.521167,-0.84347415,0.38297978,0.2476396,-0.22929063,0.6934946,-2.4549596,-0.76568115
4.0116047859191895,0.37098643,0.24261379,-0.23101072,0.65426385,-2.3890557,-0.8592168,0.20019867,0.3363537,0.5012437,0.6876605,1.1549238,-6.6376863,0.3763965,0.25899878,-0.29586118,0.71671975,-2.4522471,-0.8322343,0.38251138,0.24902353,-0.23420055,0.69196326,-2.4992537,-0.83766544
4.01360559463501,0.37051946,0.24392112,-0.23577932,0.6525169,-2.377596,-0.8870121,0.20120578,0.33770245,0.50355357,0.67438513,1.0836592,-6.684658,0.37579498,0.2604289,-0.3007657,0.7150553,-2.4942632,-0.90692574,0.382033,0.2504041,-0.23919906,0.69028795,-2.431609,-0.8234493
4.01560640335083,0.37004295,0.24522488,-0.2405249,0.65071434,-2.3660614,-0.91484886,0.20221722,0.33902448,0.5057209,0.6610158,1.1381757,-6.641659,0.37518346,0.2618554,-0.3057542,0.71324146,-2.4252763,-0.8959054,0.38154486,0.25178137,-0.24406227,0.6886411,-2.4756567,-0.8954402
4.01760721206665,0.36955696,0.24652499,-0.24524733,0.64885604,-2.3544521,-0.9427265,0.20323321,0.34031996,0.5079973,0.6477325,1.0664796,-6.687207,0.37456226,0.2632783,-0.31060478,0.7114496,-2.46704,-0.970605,0.38104683,0.25315508,-0.24901359,0.6868502,-2.40795,-0.8814244
4.019608020782471,0.36906156,0.24782132,-0.24994646,0.6469419,-2.3427682,-0.97064644,0.20425348,0.34158868,0.5101302,0.6343581,1.1205401,-6.6432076,0.3739312,0.2646973,-0.31553885,0.7095084,-2.3979855,-0.9598093,0.38053918,0.25452524,-0.25382948,0.6850873,-2.4517522,-0.9534156
4.021608829498291,0.3685568,0.24911377,-0.25462213,0.64497185,-2.3310087,-0.9986083,0.20527822,0.3428308,0.5123713,0.6210717,1.048442,-6.687367,0.37329054,0.26611248,-0.32033482,0.7075888,-2.439505,-1.0345001,0.38002172,0.2558916,-0.25873297,0.6831805,-2.383989,-0.9395918
4.023609638214111,0.36804268,0.2504022,-0.2592742,0.6429458,-2.3191738,-1.0266105,0.20630716,0.3440462,0.5144682,0.60769695,1.1020621,-6.6424,0.3726401,0.26752353,-0.32521382,0.7055198,-2.3703878,-1.0239269,0.37949473,0.25725418,-0.26350096,0.68130136,-2.4275482,-1.0115751
4.025610446929932,0.3675193,0.25168654,-0.26390254,0.6408637,-2.3072677,-1.0546457,0.20734051,0.34523502,0.5166723,0.59441215,1.029583,-6.6852193,0.3719802,0.26893046,-0.3299546,0.70347196,-2.4116573,-1.0985992,0.37895802,0.25861275,-0.26835606,0.6792782,-2.3597295,-0.9979454
4.027611255645752,0.36698666,0.25296667,-0.26850697,0.6387255,-2.2952876,-1.0827187,0.20837797,0.3463971,0.5187315,0.5810417,1.0827804,-6.6393223,0.37131062,0.27033302,-0.33477792,0.70127475,-2.3424819,-1.0882436,0.37841186,0.25996733,-0.27307552,0.67728233,-2.4030464,-1.0699106
4.029612064361572,0.36644486,0.25424245,-0.27308735,0.6365311,-2.2832344,-1.1108274,0.20941977,0.34753263,0.52089703,0.56776303,1.0099452,-6.6808367,0.3706317,0.27173123,-0.33946288,0.6990983,-2.3835092,-1.16288,0.3778561,0.2613176,-0.27788162,0.6751425,-2.3351748,-1.0564717
4.031612873077393,0.3658939,0.2555138,-0.27764356,0.6342804,-2.271109,-1.138969,0.21046561,0.34864143,0.5229169,0.55440134,1.0627309,-6.6340423,0.36994323,0.27312478,-0.3442299,0.6967725,-2.3142755,-1.1527458,0.377291,0.26266366,-0.28255197,0.6730296,-2.3782532,-1.1284072
4.033613204956055,0.36533397,0.25678027,-0.28217435,0.6319739,-2.2589138,-1.1671377,0.2115157,0.3497237,0.52504236,0.5411332,0.98956406,-6.674308,0.36924553,0.27451372,-0.34885845,0.694467,-2.3550649,-1.227347,0.37671638,0.2640052,-0.28730848,0.6707728,-2.310331,-1.1151603
4.035614013671875,0.3647649,0.25804237,-0.28668174,0.6296105,-2.246647,-1.1953388,0.21256974,0.35077927,0.52702147,0.5277846,1.0419556,-6.626649,0.36853838,0.27589774,-0.35356858,0.6920123,-2.2857814,-1.2174243,0.37613252,0.2653423,-0.29192916,0.66854244,-2.353171,-1.1870599
4.037614822387695,0.36418682,0.2592997,-0.29116452,0.6271906,-2.2343104,-1.2235665,0.21362795,0.35180834,0.52910537,0.5145313,0.9684796,-6.665687,0.3678221,0.2772769,-0.35814014,0.68957746,-2.326335,-1.2919672,0.37553924,0.26667464,-0.2966355,0.66616833,-2.2852025,-1.174002
4.039615631103516,0.3635998,0.2605521,-0.29562253,0.6247142,-2.2219,-1.2518294,0.21469003,0.35281074,0.53104234,0.50119996,1.0204877,-6.6171894,0.3670965,0.27865088,-0.36279282,0.68699354,-2.2570004,-1.2822645,0.37493682,0.26800227,-0.3012059,0.6638203,-2.3278077,-1.2458528
4.041616439819336,0.36300388,0.2617995,-0.30005565,0.62218124,-2.2094233,-1.2801107,0.2157562,0.35378668,0.5330833,0.48796558,0.9467196,-6.655049,0.3663619,0.28001973,-0.36730683,0.684429,-2.2973206,-1.3567368,0.3743251,0.26932493,-0.30586153,0.6613286,-2.259794,-1.2329854
4.043617248535156,0.3623991,0.2630418,-0.30446374,0.61959165,-2.1968734,-1.3084229,0.21682614,0.354736,0.5349768,0.47465548,0.9983585,-6.605751,0.36561808,0.28138316,-0.37190148,0.6817155,-2.2279384,-1.3472551,0.37370434,0.27064267,-0.3103811,0.65886265,-2.3021636,-1.3047808
4.045618057250977,0.36178553,0.26427883,-0.30884665,0.6169454,-2.1842573,-1.3367543,0.21790008,0.3556589,0.5369735,0.461444,0.924328,-6.6424646,0.36486536,0.2827412,-0.37635735,0.679021,-2.268029,-1.4216454,0.37307438,0.27195516,-0.31498545,0.6562531,-2.2341075,-1.2921027
4.047618865966797,0.36116323,0.26551053,-0.31320426,0.61424243,-2.1715703,-1.365112,0.21897772,0.3565552,0.5388221,0.44815907,0.9756119,-6.59239,0.3641036,0.28409356,-0.3808934,0.6761777,-2.1986048,-1.412382,0.37243548,0.2732625,-0.31945366,0.6536689,-2.276247,-1.3638282
4.049619674682617,0.36053222,0.26673675,-0.3175364,0.61148274,-2.1588192,-1.3934823,0.22005926,0.35742515,0.54077333,0.43497428,0.90133053,-6.6279874,0.36333302,0.28544027,-0.38529062,0.6733529,-2.2384663,-1.4866797,0.37178746,0.2745644,-0.32400614,0.65094125,-2.2081506,-1.3513429
4.0516204833984375,0.35989258,0.2679574,-0.321843,0.60866624,-2.145999,-1.4218749,0.22114441,0.3582686,0.542576,0.4217183,0.9522684,-6.5771627,0.36255348,0.286781,-0.38976756,0.6703795,-2.1690013,-1.4776379,0.37113062,0.27586088,-0.32842243,0.64823854,-2.25006,-1.4229933
4.053621292114258,0.35924435,0.26917234,-0.32612386,0.60579294,-2.1331112,-1.4502858,0.22223337,0.3590857,0.54448056,0.40856397,0.87775797,-6.611685,0.36176527,0.28811586,-0.39410555,0.66742426,-2.2086463,-1.5518222,0.37046477,0.27715167,-0.33292255,0.64539254,-2.1819274,-1.4106998
4.055622100830078,0.35858756,0.27038148,-0.33037886,0.6028628,-2.120156,-1.4787142,0.22332585,0.3598764,0.5462361,0.3953406,0.9283626,-6.560137,0.36096823,0.2894445,-0.39852285,0.6643206,-2.1391392,-1.5430155,0.3697902,0.2784368,-0.3372864,0.64257115,-2.2236094,-1.4822615
4.057622909545898,0.35792232,0.27158472,-0.33460787,0.5998757,-2.1071377,-1.5071512,0.22442204,0.36064082,0.54809284,0.38222033,0.8536455,-6.5936127,0.36016262,0.29076698,-0.40280113,0.66123456,-2.1785674,-1.6170785,0.36910674,0.279716,-0.34173363,0.63960665,-2.1554413,-1.4701642
4.059623718261719,0.35724863,0.2727819,-0.33881077,0.5968317,-2.0940514,-1.5356065,0.22552164,0.36137888,0.54980016,0.3690331,0.9039252,-6.541365,0.3593483,0.292083,-0.40715826,0.6580004,-2.109027,-1.6084988,0.36841464,0.28098935,-0.3460445,0.6366663,-2.1968992,-1.5416274
4.061624526977539,0.35656655,0.27397296,-0.34298742,0.59373075,-2.080901,-1.5640725,0.22662486,0.36209077,0.551608,0.35595036,0.8290173,-6.5738325,0.35852554,0.29339257,-0.4113763,0.6547834,-2.148244,-1.6824282,0.36771375,0.2822565,-0.3504383,0.63358307,-2.1286988,-1.5297295
4.063625335693359,0.35587615,0.27515775,-0.3471377,0.59057283,-2.0676847,-1.592549,0.22773139,0.36277637,0.55326605,0.3428027,0.87898403,-6.5209117,0.3576942,0.2946954,-0.41567278,0.65141857,-2.0786664,-1.6740974,0.36700436,0.28351757,-0.3546957,0.6305236,-2.1699347,-1.601082
4.06562614440918,0.35517746,0.27633616,-0.35126147,0.58735794,-2.0544071,-1.621028,0.22884144,0.3634359,0.555024,0.32976088,0.80390614,-6.5523834,0.35685456,0.29599154,-0.4198301,0.6480704,-2.1176822,-1.7478659,0.3662863,0.28477222,-0.35903558,0.6273215,-2.1017044,-1.5893873
4.067626953125,0.35447055,0.27750808,-0.3553586,0.58408606,-2.0410619,-1.6495224,0.2299547,0.3640692,0.55663186,0.3166561,0.85357225,-6.4988117,0.3560064,0.2972807,-0.42406547,0.64457464,-2.0480714,-1.7397921,0.36555982,0.28602052,-0.363239,0.6241427,-2.142723,-1.6606163
4.06962776184082,0.35375547,0.2786734,-0.35942897,0.58075714,-2.0276535,-1.6780219,0.23107138,0.3646765,0.558339,0.3036585,0.77833116,-6.529337,0.3551501,0.29856288,-0.42816162,0.64109504,-2.0868921,-1.8133925,0.36482477,0.28726217,-0.36752445,0.6208215,-2.0744643,-1.649132
4.071628570556641,0.35303226,0.279832,-0.36347246,0.57737124,-2.0141835,-1.7065238,0.23219118,0.3652577,0.55989563,0.29059982,0.8277052,-6.4751434,0.35428542,0.29983783,-0.4323354,0.6374683,-2.0172486,-1.805584,0.3640814,0.2884972,-0.37167338,0.6175232,-2.115269,-1.7202269
4.073629379272461,0.352301,0.28098378,-0.36748892,0.5739283,-2.0006502,-1.7350308,0.23331428,0.36581302,0.56155103,0.27764952,0.752331,-6.5047307,0.3534127,0.30110553,-0.4363699,0.63385713,-2.0558875,-1.8790051,0.36332962,0.28972536,-0.3759039,0.61408275,-2.046986,-1.7089533
4.075630187988281,0.35156173,0.2821286,-0.37147826,0.5704283,-1.9870545,-1.7635394,0.23444039,0.3663423,0.5630557,0.26464006,0.80142057,-6.4499283,0.35253173,0.30236572,-0.44048166,0.6300991,-1.9862131,-1.8714731,0.36256963,0.2909467,-0.37999788,0.61066484,-2.087581,-1.7799045
4.077630996704102,0.3508145,0.28326637,-0.37544033,0.5668713,-1.9733958,-1.7920501,0.2355697,0.3668458,0.5646585,0.25174022,0.7259153,-6.478611,0.35164282,0.30361843,-0.4444541,0.6263562,-2.0246856,-1.944695,0.3618013,0.2921609,-0.38417304,0.607105,-2.0192733,-1.7688568
4.079631805419922,0.35005936,0.28439695,-0.379375,0.5632572,-1.9596807,-1.8205504,0.23670192,0.36732334,0.5661104,0.238783,0.7747283,-6.423221,0.3507458,0.30486336,-0.44850346,0.6224668,-1.9549711,-1.9374746,0.3610249,0.29336804,-0.38821158,0.6035673,-2.0596662,-1.8396487
4.081632614135742,0.3492964,0.28552026,-0.38328218,0.5595861,-1.9459014,-1.8490559,0.23783724,0.3677752,0.56765985,0.22593656,0.6991125,-6.4510202,0.34984097,0.30610055,-0.4524134,0.61859185,-1.9933003,-2.0104759,0.36024022,0.29456782,-0.3923309,0.599888,-1.9913352,-1.8288364
4.0836334228515625,0.34852564,0.28663617,-0.38716173,0.555858,-1.9320612,-1.877557,0.23897536,0.3682013,0.56905806,0.21303453,0.74765784,-6.395063,0.34892818,0.30732968,-0.4564,0.6145709,-1.9235401,-2.0035825,0.3594476,0.29576027,-0.39631358,0.5962303,-2.0315344,-1.899459
4.085634231567383,0.34774715,0.28774455,-0.39101353,0.5520729,-1.918163,-1.9060501,0.24011646,0.36860177,0.57055336,0.2002444,0.67194945,-6.422001,0.34800768,0.3085508,-0.4602471,0.61056376,-1.9617506,-2.0763493,0.35864684,0.29694512,-0.40037665,0.5924314,-1.9631802,-1.8888954
4.087635040283203,0.34696096,0.2888453,-0.39483747,0.54823077,-1.9042032,-1.9345386,0.24126026,0.36897656,0.57189727,0.1874004,0.7202354,-6.3654904,0.34707934,0.30976364,-0.4641706,0.60641104,-1.8919305,-2.069809,0.35783824,0.29812244,-0.404303,0.5886536,-2.0031981,-1.9593316
4.089635848999023,0.34616718,0.2899383,-0.3986334,0.5443316,-1.8901862,-1.963016,0.24240693,0.3693259,0.57333773,0.17466941,0.6444348,-6.3915997,0.34614342,0.3109682,-0.46795446,0.60227144,-1.930063,-2.1423357,0.35702163,0.2992919,-0.4083094,0.584735,-1.9348199,-1.9490347
4.091636657714844,0.34536582,0.29102346,-0.4024012,0.54037553,-1.876109,-1.9914865,0.24355619,0.36964968,0.5746266,0.16188622,0.6924671,-6.3345575,0.3451998,0.31216416,-0.47181457,0.59798676,-1.860164,-2.1361823,0.35619727,0.30045357,-0.41217905,0.5808369,-1.9746681,-2.019275
4.093637466430664,0.34455696,0.29210064,-0.4061408,0.53636247,-1.8619744,-2.0199456,0.24470821,0.36994812,0.57601154,0.1492171,0.61659944,-6.359845,0.3442487,0.31335157,-0.47553492,0.5937144,-1.8982666,-2.2084594,0.355365,0.30160716,-0.4161284,0.5767983,-1.9062636,-2.0092607
4.095638275146484,0.34374064,0.29316974,-0.40985206,0.5322925,-1.8477811,-2.0483923,0.2458627,0.3702211,0.57724476,0.13649741,0.6643856,-6.302286,0.34329006,0.31453016,-0.47933146,0.5892975,-1.8282505,-2.2027202,0.35452512,0.30275273,-0.41994092,0.5727798,-1.9459629,-2.079294
4.097639083862305,0.3429169,0.29423064,-0.41353488,0.5281656,-1.8335333,-2.07682,0.24701984,0.37046888,0.5785735,0.123892836,0.5884606,-6.326779,0.34232408,0.31569993,-0.48298797,0.58489203,-1.8663999,-2.2747335,0.35367745,0.30389,-0.42383283,0.56862116,-1.8775233,-2.0695896
4.099639892578125,0.34208584,0.29528323,-0.41718912,0.5239818,-1.8192254,-2.1052377,0.24817935,0.37069136,0.5797504,0.11123928,0.6360052,-6.2687097,0.34135064,0.31686062,-0.48672077,0.5803426,-1.796202,-2.26942,0.35282227,0.30501896,-0.42758787,0.564482,-1.9171025,-2.1394017
4.101640701293945,0.3412475,0.29632738,-0.4208147,0.51974124,-1.8048617,-2.1336372,0.2493414,0.37088877,0.58102244,0.09870186,0.56002516,-6.292422,0.34037003,0.31801224,-0.49031317,0.57580376,-1.8344843,-2.3411798,0.35195944,0.30613938,-0.43142208,0.5602032,-1.8486159,-2.130033
4.103641510009766,0.34040192,0.29736298,-0.42441148,0.51544386,-1.7904434,-2.1620164,0.2505057,0.371061,0.5821425,0.086117014,0.60733455,-6.2338643,0.33938205,0.31915447,-0.49398214,0.5711214,-1.7640043,-2.3362849,0.3510892,0.30725127,-0.43511933,0.55594313,-1.8881106,-2.1996186
4.105642318725586,0.33954918,0.29838994,-0.42797935,0.5110897,-1.7759687,-2.1903768,0.2516724,0.3712083,0.58335716,0.07364929,0.53131616,-6.2568154,0.33838704,0.32028738,-0.49751014,0.5664488,-1.8025222,-2.4077995,0.3502114,0.30835435,-0.43889555,0.5515439,-1.8195542,-2.190613
4.107643127441406,0.33868933,0.29940814,-0.4315182,0.5066788,-1.7614393,-2.218715,0.25284123,0.3713306,0.5844198,0.061135657,0.5783953,-6.1977787,0.33738482,0.32141066,-0.5011152,0.5616332,-1.7316118,-2.4032485,0.34932634,0.30944866,-0.44253466,0.54716265,-1.8590173,-2.2599645
4.109643936157227,0.33782244,0.30041745,-0.43502793,0.5022113,-1.7468549,-2.24703,0.25401238,0.37142807,0.5855766,0.0487401,0.5023497,-6.2199817,0.33637565,0.3225243,-0.5045784,0.5568267,-1.7704796,-2.474513,0.34843382,0.31053394,-0.4462527,0.5426427,-1.7903523,-2.2513504
4.111644744873047,0.33694854,0.30141777,-0.43850842,0.4976871,-1.7322168,-2.2753212,0.25518554,0.37150067,0.5865813,0.036300138,0.54920447,-6.160481,0.33535942,0.32362807,-0.50811934,0.5518777,-1.6989462,-2.4701383,0.34753415,0.31161022,-0.44983342,0.53814,-1.82985,-2.3204737
4.113645553588867,0.3360677,0.30240896,-0.44195956,0.49310634,-1.7175229,-2.3035893,0.25636092,0.37154862,0.5876797,0.023979176,0.47313797,-6.181951,0.3343364,0.32472193,-0.5115172,0.5469374,-1.7382438,-2.541159,0.34662718,0.31267723,-0.45349312,0.53349906,-1.7610157,-2.312257
4.1156463623046875,0.33518,0.30339095,-0.44538125,0.48846903,-1.7027782,-2.3318255,0.25753817,0.37157184,0.58862597,0.011615274,0.5197696,-6.1219954,0.3333064,0.32580563,-0.5149937,0.5418551,-1.6658931,-2.536732,0.34571314,0.31373498,-0.45701516,0.5288746,-1.8006388,-2.381156
4.117647171020508,0.3342855,0.3043636,-0.44877338,0.48377526,-1.6879816,-2.360031,0.2587175,0.3715706,0.58966553,-0.0006287182,0.4436937,-6.142753,0.33226976,0.3268792,-0.5183255,0.5367816,-1.7056472,-2.6074877,0.34479192,0.31478322,-0.46061644,0.5241123,-1.7315304,-2.3733227
4.119647979736328,0.33338422,0.30532682,-0.45213586,0.4790251,-1.6731309,-2.3882093,0.2598986,0.37154475,0.5905529,-0.012914225,0.49010956,-6.0823545,0.3312263,0.32794234,-0.5217368,0.5315666,-1.6323786,-2.6027656,0.34386376,0.31582195,-0.4640795,0.51936567,-1.771384,-2.4420094
4.121648788452148,0.33247623,0.30628046,-0.45546857,0.47421858,-1.6582277,-2.4163566,0.26108167,0.3714946,0.5915331,-0.025078936,0.41402867,-6.102399,0.3301763,0.32899505,-0.5250016,0.5263611,-1.6725384,-2.6732504,0.3429285,0.3168509,-0.46762228,0.51448166,-1.7018521,-2.4344754
4.123649597167969,0.33156163,0.30722442,-0.4587714,0.46935576,-1.6432735,-2.4444706,0.2622664,0.37142003,0.59236115,-0.037283733,0.46023303,-6.0415645,0.3291196,0.3300371,-0.52834666,0.52101463,-1.5984219,-2.6681032,0.34198645,0.31787014,-0.47102597,0.50961274,-1.7420412,-2.5029602
4.125650405883789,0.33064044,0.3081586,-0.46204427,0.46443674,-1.6282686,-2.472549,0.26345295,0.3713213,0.5932816,-0.04936686,0.38415152,-6.060921,0.3280565,0.33106846,-0.5315435,0.5156784,-1.6388912,-2.7383537,0.34103742,0.31887937,-0.47451004,0.50460684,-1.6718897,-2.4955595
4.127651214599609,0.32971272,0.3090829,-0.46528706,0.4594616,-1.6132151,-2.500586,0.26464105,0.37119833,0.59404993,-0.061488703,0.4301435,-5.999659,0.32698688,0.33208886,-0.5348213,0.5102017,-1.564113,-2.732807,0.34008172,0.3198786,-0.47785383,0.49961573,-1.7124969,-2.5638342
4.12965202331543,0.32877854,0.30999717,-0.4684997,0.45443037,-1.5981109,-2.5285869,0.26583087,0.37105134,0.5949102,-0.07348802,0.3540749,-6.0183306,0.325911,0.33309832,-0.5379495,0.50473607,-1.6047922,-2.8028789,0.33911917,0.3208676,-0.48127884,0.49448806,-1.6415329,-2.5563288
4.13165283203125,0.32783797,0.3109013,-0.47168204,0.44934317,-1.5829539,-2.556555,0.2670221,0.3708803,0.59561837,-0.08552468,0.3998616,-5.956651,0.32482865,0.33409658,-0.5411591,0.4991303,-1.5295323,-2.7970154,0.33815005,0.32184634,-0.4845619,0.4893754,-1.6825756,-2.6243796
4.13365364074707,0.32689106,0.31179523,-0.47483402,0.44420007,-1.5677518,-2.584475,0.26821494,0.37068543,0.5964181,-0.09743798,0.32380772,-5.974654,0.3237402,0.33508366,-0.5442182,0.49353626,-1.5703558,-2.8669662,0.3371742,0.32281458,-0.48792705,0.48412666,-1.6107074,-2.6165433
4.135654449462891,0.3259379,0.3126788,-0.47795555,0.43900114,-1.5525004,-2.6123528,0.26940906,0.37046665,0.5970657,-0.109387286,0.36938512,-5.912557,0.3226455,0.33605927,-0.5473589,0.48780233,-1.4947277,-2.8608513,0.33619192,0.32377237,-0.49114847,0.47889358,-1.6521347,-2.6843603
4.137655258178711,0.3249785,0.31355193,-0.4810465,0.4337465,-1.5372028,-2.6401837,0.27060467,0.37022424,0.5978045,-0.1212124,0.29335862,-5.9298954,0.3215448,0.33702344,-0.55034834,0.48208064,-1.5356543,-2.9307148,0.33520302,0.32471943,-0.49445274,0.47352487,-1.5794392,-2.6760871
4.139656066894531,0.32401296,0.31441447,-0.4841068,0.4284362,-1.5218556,-2.667972,0.27180144,0.3699581,0.5983912,-0.1330722,0.33873445,-5.867391,0.32043797,0.3379759,-0.55341965,0.4762192,-1.4597208,-2.924383,0.3342078,0.3256558,-0.4976116,0.4681727,-1.6211562,-2.7436972
4.141656875610352,0.32304132,0.31526634,-0.48713636,0.42307034,-1.5064623,-2.6957111,0.27299958,0.36966848,0.59906864,-0.14480698,0.2627299,-5.8840785,0.3193253,0.33891663,-0.5563391,0.47037044,-1.5007353,-2.9941754,0.3332061,0.32658115,-0.5008539,0.46268532,-1.5478197,-2.7350192
4.143657684326172,0.32206365,0.31610742,-0.49013507,0.41764903,-1.4910237,-2.7234006,0.27419877,0.36935532,0.5995941,-0.15657514,0.3079023,-5.8211694,0.3182066,0.3398454,-0.55934054,0.46438208,-1.4245188,-2.9876354,0.3321982,0.32749557,-0.5039495,0.45721528,-1.5897316,-2.8024762
4.145658493041992,0.32108,0.3169376,-0.49310285,0.41217238,-1.4755385,-2.751039,0.27539918,0.36901888,0.6002099,-0.16821748,0.23193432,-5.837211,0.31708223,0.3407622,-0.5621896,0.4584068,-1.4656174,-3.0573566,0.33118394,0.3283988,-0.507129,0.45161033,-1.5159287,-2.793489
4.147658824920654,0.32009068,0.31775656,-0.49603888,0.4066418,-1.460013,-2.7786162,0.27660054,0.3686591,0.60067374,-0.1798919,0.2769042,-5.773904,0.31595197,0.3416668,-0.5651208,0.45229208,-1.3891219,-3.0506246,0.33016363,0.32929084,-0.51016086,0.44602334,-1.5579723,-2.8608418
4.149659633636475,0.31909528,0.3185646,-0.49894452,0.40105477,-1.4444377,-2.806149,0.277803,0.36827624,0.6012275,-0.1914397,0.20097241,-5.7893057,0.31481618,0.34255916,-0.56789905,0.44619083,-1.4302988,-3.1202767,0.3291371,0.33017144,-0.5132768,0.44030166,-1.4838133,-2.8516111
4.151660442352295,0.3180941,0.3193614,-0.50181895,0.3954127,-1.4288205,-2.8336213,0.27900627,0.3678702,0.6016295,-0.20301831,0.24574326,-5.725606,0.31367466,0.34343907,-0.57075965,0.4399503,-1.353543,-3.11333,0.3281046,0.33104062,-0.5162445,0.43459845,-1.5259532,-2.918894
4.153661251068115,0.3170872,0.32014683,-0.5046621,0.38971573,-1.4131579,-2.8610396,0.28021052,0.36744127,0.602121,-0.21446952,0.1698536,-5.7403793,0.31252772,0.34430653,-0.5734667,0.43372363,-1.3947978,-3.1829107,0.327066,0.33189815,-0.51929635,0.42876065,-1.4514898,-2.9094605
4.1556620597839355,0.31607464,0.32092083,-0.5074738,0.38396397,-1.3974541,-2.8883948,0.28141543,0.36698937,0.6024607,-0.22595029,0.21442729,-5.676291,0.3113752,0.34516123,-0.57625633,0.4273578,-1.3177842,-3.1757445,0.3260216,0.33274403,-0.52219933,0.4229417,-1.4937094,-2.9766881
4.157662868499756,0.3150565,0.32168326,-0.51025414,0.37815753,-1.3817083,-2.9156895,0.2826212,0.36651477,0.60288954,-0.23730287,0.13857628,-5.690432,0.3102174,0.34600323,-0.57889193,0.4210063,-1.3591179,-3.2452497,0.32497123,0.33357802,-0.5251868,0.41698834,-1.4189656,-2.9670637
4.159663677215576,0.31403282,0.32243404,-0.5130029,0.37229654,-1.3659186,-2.9429247,0.28382754,0.3660174,0.6031667,-0.24868374,0.1829499,-5.625958,0.3090542,0.34683228,-0.58161014,0.4145158,-1.2818485,-3.2378514,0.32391518,0.33440012,-0.52802473,0.41105422,-1.4612592,-3.034238
4.1616644859313965,0.3130037,0.32317302,-0.51572,0.3663811,-1.3500909,-2.97009,0.2850346,0.36549753,0.6035326,-0.25993565,0.10714942,-5.6394773,0.30788586,0.34764835,-0.58417386,0.40804008,-1.3232613,-3.3072734,0.3228533,0.33521008,-0.53094727,0.40498576,-1.3862461,-3.0244207
4.163665294647217,0.31196913,0.3239001,-0.51840544,0.3604114,-1.3342215,-2.9971907,0.2862421,0.3649551,0.6037469,-0.2712146,0.15132195,-5.5746117,0.3067122,0.3484512,-0.58682036,0.40142554,-1.2457428,-3.2996457,0.32178587,0.33600795,-0.5337198,0.39893693,-1.4286125,-3.0915372
4.165666103363037,0.31092924,0.3246152,-0.52105904,0.35438755,-1.3183135,-3.0242207,0.2874502,0.36439037,0.60404956,-0.28236383,0.075569145,-5.5875196,0.3055336,0.34924084,-0.58931184,0.39482626,-1.2872362,-3.3689759,0.32071272,0.33679345,-0.536577,0.39275384,-1.353337,-3.0815234
4.167666912078857,0.30988407,0.3253182,-0.5236808,0.34830967,-1.302366,-3.0511825,0.2886586,0.3638033,0.6042007,-0.29353887,0.119540885,-5.522266,0.3043498,0.350017,-0.5918863,0.38808832,-1.2094725,-3.361098,0.31963414,0.33756664,-0.53928363,0.38659078,-1.3957733,-3.1485837
4.169667720794678,0.3088337,0.32600898,-0.5262706,0.34217793,-1.2863803,-3.078072,0.28986746,0.36319414,0.6044398,-0.3045834,0.043844398,-5.5345635,0.3031612,0.35077974,-0.5943052,0.38136613,-1.2510467,-3.4303367,0.31855,0.33832723,-0.54207516,0.3802936,-1.3202418,-3.1383646
4.171668529510498,0.30777815,0.32668743,-0.5288284,0.33599246,-1.2703559,-3.1048884,0.2910765,0.36256284,0.6045275,-0.31565252,0.0876166,-5.468927,0.3019676,0.35152876,-0.5968073,0.37450546,-1.1730434,-3.4222078,0.31746057,0.33907527,-0.54471564,0.37401688,-1.36275,-3.2053614
4.173669338226318,0.30671754,0.32735345,-0.53135407,0.3297534,-1.2542956,-3.131628,0.29228592,0.36190966,0.6047027,-0.32659036,0.011971116,-5.4806137,0.30076927,0.35226408,-0.5991534,0.36766106,-1.2147012,-3.4913464,0.3163657,0.3398105,-0.5474411,0.36760616,-1.2869678,-3.1949296
4.175670146942139,0.3056519,0.32800692,-0.5338476,0.32346094,-1.2381991,-3.1582892,0.2934954,0.36123455,0.6047267,-0.3375516,0.055542696,-5.4145937,0.2995661,0.35298544,-0.6015828,0.36067837,-1.136466,-3.4829488,0.31526566,0.34053293,-0.55001503,0.3612163,-1.3295467,-3.2618597
4.177670955657959,0.3045813,0.32864776,-0.5363088,0.3171152,-1.2220688,-3.1848683,0.29470506,0.3605378,0.6048378,-0.34838077,-0.020048853,-5.425673,0.29835838,0.35369286,-0.6038557,0.35371247,-1.1782091,-3.55198,0.31416032,0.3412423,-0.5526741,0.35469258,-1.2535174,-3.2512074
4.179671764373779,0.30350584,0.32927585,-0.5387378,0.31071636,-1.205902,-3.2113683,0.29591465,0.35981932,0.60479766,-0.35923213,0.02331805,-5.359263,0.29714596,0.3543861,-0.60621214,0.34660852,-1.099738,-3.5433025,0.31304994,0.3419387,-0.55518115,0.34819016,-1.2961696,-3.3180628
4.1816725730896,0.30242553,0.3298911,-0.54113436,0.30426458,-1.1897029,-3.2377822,0.29712433,0.35907942,0.6048443,-0.36995065,-0.052215904,-5.3697395,0.29592913,0.35506514,-0.6084116,0.3395219,-1.1415644,-3.6122253,0.31193438,0.3426218,-0.5577735,0.34155405,-1.2198979,-3.3071775
4.18367338180542,0.30134046,0.33049336,-0.5434985,0.29776004,-1.1734676,-3.2641156,0.2983338,0.35831803,0.60473984,-0.38069013,-0.009053223,-5.3029404,0.29470775,0.35572973,-0.61069477,0.33229747,-1.0628682,-3.6032617,0.31081396,0.34329167,-0.56021327,0.3349397,-1.2626232,-3.3739548
4.18567419052124,0.30025068,0.33108258,-0.54583013,0.2912029,-1.1572028,-3.290356,0.29954323,0.35753545,0.6047217,-0.391296,-0.08453118,-5.312823,0.2934821,0.3563799,-0.6128205,0.32509094,-1.1047853,-3.672061,0.30968848,0.34394807,-0.56273854,0.3281918,-1.1861176,-3.3628304
4.1876749992370605,0.29915628,0.33165863,-0.5481292,0.28459334,-1.1409038,-3.3165123,0.30075234,0.3567316,0.6045527,-0.40192166,-0.041574042,-5.2456384,0.29225203,0.3570154,-0.61503005,0.31774682,-1.0258735,-3.6627946,0.30855826,0.344591,-0.5651108,0.32146612,-1.228916,-3.4295263
4.189675807952881,0.29805732,0.3322214,-0.5503956,0.27793154,-1.1245757,-3.342573,0.30196127,0.35590675,0.60446954,-0.41241294,-0.11698842,-5.254919,0.29101786,0.35763624,-0.6170818,0.31042123,-1.0678772,-3.7314746,0.3074231,0.3452202,-0.56756866,0.31460705,-1.1521769,-3.4181523
4.191676616668701,0.29695383,0.33277076,-0.5526293,0.2712177,-1.108217,-3.368541,0.30316976,0.3550609,0.6042356,-0.4229228,-0.074242674,-5.1873374,0.28977942,0.35824215,-0.6192176,0.30295828,-0.98874956,-3.721905,0.30628335,0.34583575,-0.56987303,0.30777076,-1.1950517,-3.484757
4.1936774253845215,0.29584593,0.33330667,-0.55483025,0.264452,-1.0918304,-3.3944116,0.30437794,0.3541943,0.6040871,-0.43329746,-0.1496042,-5.1960244,0.28853703,0.3588332,-0.6211951,0.29551446,-1.0308486,-3.790447,0.30513883,0.34643734,-0.5722631,0.30080125,-1.1180854,-3.4731257
4.195678234100342,0.29473364,0.333829,-0.5569984,0.25763464,-1.0754143,-3.4201856,0.30558553,0.35330695,0.6037879,-0.4436895,-0.10706849,-5.1280537,0.2872905,0.35940906,-0.6232568,0.28793356,-0.95150644,-3.7805526,0.30398983,0.34702504,-0.5744993,0.29385498,-1.1610391,-3.5396333
4.197679042816162,0.29361704,0.3343376,-0.55913365,0.2507658,-1.0589725,-3.4458566,0.30679268,0.35239905,0.60357374,-0.4539456,-0.18236734,-5.13615,0.2860402,0.3599698,-0.6251598,0.28037244,-0.99369776,-3.8489563,0.30283618,0.34759858,-0.5768214,0.2867757,-1.0838506,-3.527734
4.199679851531982,0.2924962,0.3348324,-0.56123596,0.2438457,-1.0425016,-3.4714303,0.3079991,0.35147062,0.603209,-0.4642179,-0.14004394,-5.0677843,0.2847859,0.36051515,-0.6271472,0.27267453,-0.9141496,-3.838747,0.3016782,0.34815803,-0.5789891,0.27972025,-1.1268826,-3.594142
4.201680660247803,0.2913712,0.33531332,-0.5633053,0.23687455,-1.0260066,-3.4968967,0.30920497,0.35052192,0.60292894,-0.47435346,-0.21528332,-5.075285,0.28352794,0.36104515,-0.6289755,0.26499704,-0.95643866,-3.9070048,0.3005157,0.3487031,-0.58124286,0.27253196,-1.049475,-3.581965
4.203681468963623,0.29024208,0.33578023,-0.56534165,0.22985254,-1.009487,-3.5222557,0.31040996,0.3495529,0.60249835,-0.48450404,-0.17317812,-5.006517,0.28226617,0.3615595,-0.6308884,0.25718302,-0.87668884,-3.8964438,0.29934904,0.34923384,-0.58334184,0.265368,-1.0925895,-3.6482604
4.205682277679443,0.28910893,0.33623305,-0.5673449,0.2227799,-0.9929437,-3.5475063,0.31161427,0.34856388,0.602152,-0.4945171,-0.24835849,-5.0134277,0.28100088,0.36205828,-0.6326418,0.24939013,-0.9190789,-3.964545,0.298178,0.34974998,-0.585527,0.25807148,-1.0149697,-3.635798
4.207683086395264,0.2879718,0.33667168,-0.569315,0.21565685,-0.97637624,-3.572648,0.31281757,0.3475548,0.60165524,-0.50454396,-0.2064744,-4.944254,0.27973193,0.3625412,-0.63447994,0.24146104,-0.839137,-3.953631,0.29700288,0.3502516,-0.58755696,0.2507999,-1.0581675,-3.701979
4.209683895111084,0.28683075,0.337096,-0.571252,0.2084836,-0.95978856,-3.5976732,0.31402007,0.34652594,0.6012423,-0.5144325,-0.28159878,-4.9505763,0.2784596,0.36300832,-0.6361582,0.23355378,-0.8816273,-4.0215716,0.29582354,0.35073838,-0.5896733,0.24339594,-0.98033965,-3.6892185
4.211684703826904,0.28568587,0.33750594,-0.5731557,0.20126042,-0.9431786,-3.6225858,0.31522143,0.34547728,0.6006791,-0.52433366,-0.23993549,-4.880997,0.27718377,0.36345935,-0.6379215,0.22551064,-0.801497,-4.0102954,0.29464027,0.35121042,-0.591634,0.2360175,-1.0236247,-3.7552757
4.213685512542725,0.28453723,0.33790135,-0.5750262,0.19398749,-0.92655003,-3.6473782,0.31642184,0.34440908,0.6001992,-0.53409564,-0.31499788,-4.8867316,0.27590472,0.36389434,-0.6395245,0.21749005,-0.8440951,-4.0780606,0.29345292,0.35166743,-0.5936812,0.22850694,-0.94559294,-3.7422075
4.215686321258545,0.28338486,0.33828217,-0.5768634,0.18666509,-0.90990245,-3.6720493,0.31762096,0.34332135,0.5995692,-0.54386914,-0.27356574,-4.8167343,0.2746223,0.364313,-0.6412127,0.20933393,-0.763774,-4.066409,0.29226178,0.3521095,-0.5955724,0.22102252,-0.98896736,-3.8081334
4.217687129974365,0.28222886,0.3386483,-0.5786673,0.17929344,-0.89323765,-3.696598,0.31881902,0.34221435,0.5990221,-0.5535026,-0.34857067,-4.821881,0.2733368,0.3647154,-0.64274025,0.20120111,-0.8064821,-4.1339965,0.29106668,0.3525363,-0.59755033,0.21340625,-0.91073644,-3.794748
4.2196879386901855,0.28106928,0.3389996,-0.5804378,0.1718728,-0.8765556,-3.721022,0.32001567,0.34108806,0.59832495,-0.56314635,-0.3073692,-4.7514687,0.2720481,0.36510128,-0.6443532,0.19293311,-0.72598547,-4.1219544,0.28986794,0.35294792,-0.5993718,0.20581675,-0.9542028,-3.860535
4.221688747406006,0.27990618,0.339336,-0.5821749,0.16440341,-0.85985804,-3.7453184,0.3212111,0.33994275,0.5977102,-0.5726493,-0.3823157,-4.756026,0.27075648,0.36547065,-0.6458052,0.18468921,-0.76880497,-4.189352,0.28866538,0.3533441,-0.6012802,0.19809568,-0.87577987,-3.8468177
4.223689556121826,0.27873966,0.33965743,-0.5838786,0.15688555,-0.8431455,-3.769486,0.32240498,0.33877844,0.5969456,-0.58216137,-0.34134814,-4.685194,0.2694618,0.36582327,-0.6473428,0.17631051,-0.6881349,-4.1769156,0.2874593,0.35372493,-0.60303175,0.19040205,-0.9193404,-3.9124596
4.2256903648376465,0.27756974,0.33996376,-0.5855488,0.14931947,-0.8264193,-3.7935202,0.32359752,0.33759537,0.5962629,-0.59153175,-0.41623682,-4.689167,0.26816437,0.36615917,-0.6487191,0.16795668,-0.7310729,-4.2441163,0.28624958,0.3540901,-0.60487044,0.18257713,-0.84073174,-3.8984015
4.227691173553467,0.2763965,0.3402549,-0.58718556,0.14170544,-0.8096833,-3.8174148,0.3247884,0.33639356,0.5954304,-0.60091007,-0.37551397,-4.6179,0.266864,0.36647812,-0.65018123,0.15946844,-0.650238,-4.231259,0.28503647,0.35443965,-0.6065519,0.17478032,-0.88438904,-3.9638896
4.229691982269287,0.27522007,0.34053078,-0.5887888,0.13404372,-0.792934,-3.8411765,0.32597774,0.33517328,0.59467936,-0.61014587,-0.4503445,-4.621297,0.26556104,0.36678013,-0.6514817,0.15100592,-0.693296,-4.2982516,0.28381982,0.35477334,-0.60832065,0.16685255,-0.8055979,-3.9494824
4.231692790985107,0.27404043,0.34079129,-0.59035856,0.12633461,-0.7761747,-3.8647976,0.3271653,0.33393452,0.59377867,-0.61938846,-0.4098668,-4.549594,0.26425532,0.36706495,-0.6528683,0.14240941,-0.6122983,-4.28497,0.28259996,0.35509124,-0.6099318,0.15895358,-0.8493583,-4.0148044
4.233693599700928,0.2728577,0.34103632,-0.59189475,0.118578374,-0.75940853,-3.8882737,0.32835123,0.33267754,0.5929589,-0.62848765,-0.48463938,-4.55241,0.26294714,0.36733264,-0.65409285,0.13383947,-0.6554808,-4.351745,0.2813767,0.35539308,-0.61163056,0.15092397,-0.7703917,-4.0000315
4.235694408416748,0.27167192,0.34126577,-0.5933974,0.110775314,-0.742633,-3.911607,0.32953522,0.33140236,0.59198964,-0.6375925,-0.4444107,-4.4802666,0.26163635,0.36758292,-0.6554038,0.12513599,-0.5743313,-4.338022,0.28015035,0.35567892,-0.61317134,0.1429239,-0.8142551,-4.065184
4.237695217132568,0.27048317,0.34147957,-0.59486645,0.102925725,-0.72585416,-3.934786,0.3307174,0.33010927,0.5911008,-0.64655304,-0.5191273,-4.4825077,0.26032326,0.36781582,-0.65655243,0.11645994,-0.6176414,-4.4045725,0.27892074,0.3559485,-0.61479986,0.13479353,-0.735121,-4.050034
4.239696025848389,0.26929152,0.3416776,-0.596302,0.095029905,-0.7090685,-3.9578183,0.33189753,0.32879823,0.59006256,-0.65551805,-0.47915354,-4.409915,0.2590077,0.3680311,-0.65778774,0.1076508,-0.53634757,-4.390402,0.2776882,0.3562019,-0.6162701,0.12669347,-0.7790925,-4.115006
4.241696834564209,0.268097,0.34185982,-0.5977039,0.08708816,-0.6922794,-3.9806964,0.33307573,0.32746956,0.58910424,-0.6643379,-0.55381376,-4.4115853,0.25768998,0.36822885,-0.65886045,0.098869994,-0.57979107,-4.456712,0.27645254,0.35643882,-0.6178283,0.11846346,-0.6997945,-4.0994678
4.243697643280029,0.26689973,0.34202608,-0.5990722,0.079100795,-0.67548984,-4.003414,0.33425173,0.32612324,0.5879966,-0.67316103,-0.514102,-4.3385363,0.25636995,0.36840877,-0.66002005,0.08995657,-0.49835554,-4.44207,0.27521408,0.35665935,-0.6192279,0.110264525,-0.7438777,-4.164249
4.24569845199585,0.26569977,0.34217632,-0.60040694,0.07106813,-0.65869826,-4.0259748,0.33542567,0.32475957,0.5869684,-0.6818381,-0.58870703,-4.339635,0.25504792,0.36857092,-0.66101676,0.08107243,-0.54193604,-4.508136,0.27397263,0.35686323,-0.6207156,0.10193603,-0.6644239,-4.148311
4.24769926071167,0.26449716,0.34231043,-0.60170805,0.06299049,-0.64190817,-4.0483713,0.33659726,0.32337853,0.585791,-0.69051737,-0.5492647,-4.2661214,0.2537237,0.36871505,-0.6621006,0.07205616,-0.46037093,-4.4930077,0.27272853,0.3570505,-0.62204444,0.0936394,-0.7086241,-4.21289
4.24970006942749,0.26329198,0.34242836,-0.6029756,0.0548682,-0.62511814,-4.0706067,0.33776665,0.32198045,0.5846925,-0.6990496,-0.6238078,-4.266657,0.25239766,0.3688412,-0.6630213,0.06307014,-0.5040926,-4.558812,0.2714816,0.35722095,-0.62346166,0.085213624,-0.6290206,-4.1965384
4.2517008781433105,0.2620843,0.34252998,-0.60420954,0.046701595,-0.6083325,-4.0926714,0.33893353,0.32056528,0.58344483,-0.7075829,-0.58464116,-4.192668,0.2510696,0.36894912,-0.66402954,0.053952515,-0.42240447,-4.5431957,0.27023217,0.35737458,-0.6247197,0.076820545,-0.67333966,-4.2609105
4.253701686859131,0.26087418,0.34261522,-0.6054099,0.038491018,-0.59155434,-4.1145597,0.34009808,0.31913334,0.58227557,-0.71596825,-0.65912956,-4.1926503,0.24973986,0.36903885,-0.6648744,0.044866122,-0.46626922,-4.6087365,0.26898003,0.35751116,-0.6260664,0.06829873,-0.5935954,-4.2441316
4.255702495574951,0.2596617,0.34268397,-0.60657674,0.030236814,-0.57478,-4.136278,0.34126,0.31768462,0.5809573,-0.72435355,-0.6202447,-4.1181808,0.24840824,0.36911014,-0.6658069,0.035648648,-0.38446593,-4.592611,0.26772553,0.3576308,-0.6272536,0.059810463,-0.6380394,-4.308283
4.2577033042907715,0.25844693,0.34273618,-0.60771,0.021939334,-0.558014,-4.157819,0.34241942,0.31621945,0.5797168,-0.7325899,-0.69467413,-4.1176143,0.2470751,0.36916307,-0.66657585,0.026463427,-0.42848644,-4.6578655,0.26646847,0.3577332,-0.62852967,0.051193897,-0.5581579,-4.2910614
4.259704113006592,0.25722992,0.34277174,-0.6088097,0.013598936,-0.54125786,-4.1791778,0.34357607,0.3147378,0.5783275,-0.7408251,-0.6560794,-4.042655,0.24574023,0.36919737,-0.66743284,0.017147694,-0.34657738,-4.641206,0.26520917,0.35781842,-0.629646,0.042611774,-0.6027309,-4.354981
4.261704444885254,0.25601104,0.34279057,-0.6098757,0.005217988,-0.52451694,-4.2003474,0.3447301,0.31323996,0.57701534,-0.7489104,-0.73044896,-4.0415473,0.24440399,0.3692131,-0.668126,0.007865282,-0.3907536,-4.7061634,0.26394746,0.35788622,-0.63085145,0.03390181,-0.5227234,-4.337307
4.263705253601074,0.25478977,0.3427926,-0.6109084,-0.003207134,-0.5077836,-4.2213373,0.34588122,0.31172597,0.57555443,-0.75699353,-0.6921543,-3.966086,0.24306618,0.36921,-0.6689075,-0.0015470451,-0.30874476,-4.6889706,0.26268366,0.35793668,-0.6318969,0.025227197,-0.56742966,-4.400986
4.2657060623168945,0.25356644,0.34277773,-0.61190766,-0.011674062,-0.49106482,-4.2421365,0.34702957,0.31019613,0.5741701,-0.7649257,-0.7664613,-3.9644535,0.24172713,0.36918816,-0.669525,-0.010924987,-0.3530841,-4.7536235,0.2614176,0.35796952,-0.6330318,0.016425224,-0.48730135,-4.382844
4.267706871032715,0.25234115,0.34274587,-0.6128735,-0.020182412,-0.4743618,-4.262743,0.34817484,0.30865043,0.5726372,-0.7728546,-0.7284714,-3.8884828,0.24038666,0.3691473,-0.6702312,-0.020432234,-0.2709887,-4.735867,0.2601496,0.35798484,-0.6340064,0.007659536,-0.53214735,-4.446268
4.269707679748535,0.25111398,0.34269693,-0.6138059,-0.028731793,-0.45767668,-4.2831516,0.3493172,0.30708918,0.5711803,-0.7806316,-0.80271506,-3.8863358,0.23904511,0.3690875,-0.6707732,-0.029903967,-0.3154948,-4.800203,0.25887945,0.35798237,-0.6350707,-0.0012330003,-0.45190758,-4.4276395
4.2717084884643555,0.24988496,0.34263086,-0.61470497,-0.037321806,-0.4410114,-4.3033576,0.35045636,0.30551237,0.56957483,-0.7884043,-0.76504266,-3.80984,0.23770231,0.36900848,-0.6714042,-0.03950437,-0.23331812,-4.7818737,0.2576075,0.3579622,-0.6359745,-0.01008828,-0.4968955,-4.490801
4.273709297180176,0.24865419,0.34254757,-0.61557066,-0.045952052,-0.42436606,-4.323364,0.35159245,0.30392033,0.5680447,-0.79602396,-0.83921975,-3.807199,0.23635857,0.36891034,-0.6718708,-0.04906812,-0.27799845,-4.8458776,0.25633356,0.35792404,-0.6369683,-0.019069882,-0.41655517,-4.4716744
4.275710105895996,0.24742171,0.34244695,-0.6164031,-0.054622114,-0.40774542,-4.3431587,0.35272518,0.30231306,0.56636626,-0.80363834,-0.80187297,-3.7301664,0.23501371,0.36879283,-0.6724268,-0.058759876,-0.19575197,-4.8269567,0.25505796,0.35786802,-0.6378014,-0.028013231,-0.46169242,-4.5345592
4.277710914611816,0.2461876,0.34232897,-0.61720234,-0.063331574,-0.39114588,-4.36275,0.35385472,0.30069086,0.56476253,-0.8110987,-0.8759832,-3.7270472,0.23366807,0.368656,-0.6728183,-0.06841379,-0.24061231,-4.890616,0.2537805,0.35779384,-0.6387248,-0.03708235,-0.38125655,-4.514918
4.279711723327637,0.24495192,0.3421935,-0.6179684,-0.072080016,-0.3745747,-4.3821235,0.35498074,0.29905376,0.5630106,-0.8185528,-0.83897525,-3.6494603,0.23232147,0.3684996,-0.67329955,-0.07819502,-0.15830563,-4.871088,0.25250155,0.3577016,-0.6394873,-0.046112187,-0.42654848,-4.5775123
4.281712532043457,0.24371475,0.3420405,-0.6187013,-0.08086701,-0.35803205,-4.4012775,0.3561034,0.29740205,0.56133264,-0.82585174,-0.91301525,-3.645894,0.23097424,0.36832374,-0.6736162,-0.0879372,-0.20334981,-4.934388,0.25122085,0.35759106,-0.64034045,-0.05526721,-0.34602615,-4.557343
4.283713340759277,0.24247614,0.3418699,-0.6194011,-0.0896921,-0.34151798,-4.4202147,0.3572224,0.29573578,0.5595066,-0.83314353,-0.876359,-3.567735,0.2296262,0.36812812,-0.67402285,-0.09780598,-0.1209965,-4.9142394,0.24993879,0.3574623,-0.6410325,-0.0643819,-0.39147833,-4.619634
4.285714149475098,0.24123617,0.34168157,-0.6200679,-0.09855486,-0.32503814,-4.4389224,0.3583379,0.29405522,0.55775386,-0.840279,-0.9503253,-3.5637462,0.22827767,0.36791286,-0.67426485,-0.107634455,-0.16623646,-4.977161,0.24865516,0.35731503,-0.6418155,-0.07362117,-0.31088263,-4.5989184
4.287714958190918,0.23999488,0.3414755,-0.6207018,-0.10745482,-0.30858976,-4.457407,0.35944963,0.29236042,0.5558532,-0.84740645,-0.91403055,-3.484993,0.22692847,0.3676777,-0.6745973,-0.11758877,-0.083841644,-4.9563665,0.24737029,0.3571494,-0.6424372,-0.08281901,-0.35650024,-4.660896
4.289715766906738,0.23875237,0.34125155,-0.6213028,-0.11639154,-0.29217705,-4.4756584,0.36055768,0.29065168,0.5540251,-0.85437644,-0.9879223,-3.4806256,0.22557895,0.3674227,-0.674765,-0.1275015,-0.1292798,-5.018904,0.24608399,0.35696512,-0.6431502,-0.0921408,-0.27583712,-4.6396174
4.291716575622559,0.23750868,0.3410097,-0.621871,-0.12536453,-0.27580455,-4.4936705,0.36166176,0.28892902,0.5520493,-0.86133766,-0.95200396,-3.4012544,0.2242289,0.36714762,-0.67502356,-0.13753931,-0.04685341,-4.997451,0.24479659,0.3567623,-0.6437019,-0.10142004,-0.32162577,-4.701267
4.293717384338379,0.2362639,0.34074986,-0.6224065,-0.13437332,-0.25947124,-4.5114427,0.36276206,0.28719273,0.55014527,-0.86814016,-1.0258175,-3.3965602,0.22287866,0.36685255,-0.67511725,-0.14753422,-0.09249628,-5.0595818,0.24350789,0.35654065,-0.64434516,-0.11082257,-0.24090755,-4.679409
4.295718193054199,0.23501807,0.34047195,-0.6229093,-0.14341743,-0.24317788,-4.5289764,0.36385825,0.28544286,0.5480936,-0.8749333,-0.990289,-3.3165386,0.22152805,0.36653724,-0.67530227,-0.15765339,-0.010061158,-5.0374455,0.24221824,0.3563003,-0.644827,-0.12018139,-0.28687516,-4.7407146
4.2977190017700195,0.23377128,0.34017593,-0.6233796,-0.15249638,-0.22693048,-4.546258,0.36495048,0.28367972,0.546113,-0.8815664,-1.0640261,-3.311576,0.22017741,0.3662018,-0.6753224,-0.16772828,-0.055917718,-5.099158,0.24092744,0.35604095,-0.64540076,-0.12966281,-0.20611095,-4.7182612
4.29971981048584,0.23252358,0.3398617,-0.62381744,-0.16160966,-0.21072789,-4.563291,0.36603844,0.28190336,0.54398495,-0.88818955,-1.0288953,-3.230862,0.21882655,0.36584595,-0.67543423,-0.17792659,0.026523262,-5.076323,0.23963581,0.35576275,-0.645813,-0.13909933,-0.25226295,-4.77921
4.30172061920166,0.23127502,0.3395292,-0.6242229,-0.17075676,-0.19457291,-4.5800695,0.3671223,0.28011405,0.54192716,-0.8946513,-1.102561,-3.2256994,0.21747579,0.36546978,-0.6753812,-0.18807924,-0.01955521,-5.1376004,0.23834318,0.35546544,-0.64631754,-0.14865775,-0.17146379,-4.75614
4.3037214279174805,0.2300257,0.33917835,-0.62459606,-0.17993717,-0.17846991,-4.5965853,0.36820173,0.27831185,0.539722,-0.9011027,-1.0678343,-3.1442335,0.21612495,0.36507308,-0.6754203,-0.19835444,0.06288229,-5.114041,0.23704986,0.3551491,-0.64666045,-0.15817003,-0.21780622,-4.816719
4.305722236633301,0.22877565,0.33880913,-0.62493706,-0.18915036,-0.16241884,-4.6128387,0.3692769,0.27649707,0.53758633,-0.9073912,-1.1414385,-3.1389654,0.21477437,0.3646559,-0.6752945,-0.20858252,0.016576108,-5.174864,0.23575567,0.3548135,-0.64709604,-0.16780347,-0.13698319,-4.793016
4.307723045349121,0.22752495,0.33842143,-0.625246,-0.19839582,-0.14642234,-4.628825,0.37034753,0.27466974,0.5353035,-0.9136691,-1.1071115,-3.0566816,0.21342385,0.36421806,-0.6752614,-0.21893224,0.09898648,-5.150576,0.23446092,0.35445872,-0.64737,-0.1773895,-0.1835244,-4.8532076
4.309723854064941,0.22627367,0.3380152,-0.625523,-0.20767298,-0.13048284,-4.6445394,0.3714137,0.27283016,0.5330893,-0.91978246,-1.1806744,-3.0514057,0.21207373,0.36375958,-0.67506343,-0.2292334,0.052444622,-5.21093,0.23316544,0.35408452,-0.647737,-0.18709591,-0.1026888,-4.828854
4.311724662780762,0.22502187,0.33759037,-0.6257681,-0.2169813,-0.11460174,-4.65998,0.37247518,0.2709784,0.5307279,-0.92588526,-1.1467247,-2.9682071,0.21072382,0.36328027,-0.6749585,-0.23965526,0.13482626,-5.185877,0.23186956,0.353691,-0.6479424,-0.19675362,-0.1494348,-4.888643
4.313725471496582,0.2237696,0.33714688,-0.62598157,-0.22632025,-0.098783,-4.675138,0.37353206,0.26911473,0.52843446,-0.9318217,-1.2202724,-2.9630334,0.20937444,0.3627802,-0.6746889,-0.250027,0.08803815,-5.2457395,0.23057309,0.35327795,-0.6482413,-0.20653091,-0.06859945,-4.863619
4.315726280212402,0.22251695,0.33668467,-0.6261634,-0.23568924,-0.08302858,-4.690011,0.37458405,0.26723924,0.5259939,-0.9377478,-1.1866446,-2.8788016,0.20802541,0.36225918,-0.6745128,-0.2605185,0.17037246,-5.219905,0.22927633,0.35284543,-0.6483785,-0.21625815,-0.115557805,-4.9229903
4.317727088928223,0.22126396,0.3362037,-0.62631387,-0.24508768,-0.06734033,-4.7045956,0.3756313,0.26535222,0.5236206,-0.9435054,-1.2602154,-2.8738291,0.20667706,0.36171725,-0.67417204,-0.2709583,0.12333317,-5.2792654,0.22797911,0.3523932,-0.6486096,-0.22610414,-0.03473206,-4.897277
4.319727897644043,0.2200107,0.33570388,-0.62643296,-0.25451502,-0.05172115,-4.7188864,0.3766735,0.26345372,0.52110016,-0.9492531,-1.2268192,-2.7884254,0.20532921,0.36115423,-0.6739254,-0.28151685,0.20560479,-5.2526317,0.22668175,0.3519214,-0.648679,-0.23589869,-0.081911415,-4.9562116
4.321728706359863,0.21875723,0.3351852,-0.6265209,-0.26397067,-0.03617137,-4.732882,0.3777108,0.26154405,0.51864654,-0.95482993,-1.3004603,-2.7837105,0.20398217,0.3605702,-0.6735142,-0.2920221,0.15830503,-5.3114715,0.22538407,0.3514298,-0.6488428,-0.2458111,-0.0011088355,-4.9297876
4.323729515075684,0.21750362,0.33464757,-0.62657773,-0.273454,-0.02069646,-4.7465734,0.37874287,0.25962326,0.51604563,-0.96039736,-1.2671726,-2.6969788,0.20263578,0.3599649,-0.67319757,-0.30264506,0.24050207,-5.2840085,0.22408637,0.35091844,-0.648845,-0.25567067,-0.048515417,-4.9882717
4.325730323791504,0.21624993,0.33409092,-0.6266037,-0.28296444,-0.0052976734,-4.7599573,0.3797699,0.25769168,0.5135113,-0.96579134,-1.3409319,-2.6925232,0.20129035,0.3593385,-0.67271656,-0.31321308,0.19293231,-5.3423033,0.22278848,0.35038716,-0.64894205,-0.2656472,0.032248087,-4.9611173
4.327731132507324,0.21499622,0.33351523,-0.62659895,-0.29250133,0.010022328,-4.7730308,0.38079154,0.25574932,0.51082945,-0.9711764,-1.3076168,-2.6043508,0.19994569,0.3586907,-0.6723307,-0.3238977,0.2750425,-5.3140025,0.22149073,0.34983602,-0.64887756,-0.27556944,-0.015393661,-5.019133
4.3297319412231445,0.21374254,0.33292043,-0.62656367,-0.30206406,0.02526159,-4.785789,0.38180798,0.25379655,0.50821424,-0.9763851,-1.3815402,-2.6000535,0.19860213,0.35802165,-0.6717806,-0.3345257,0.22719468,-5.3717375,0.22019291,0.3492648,-0.6489084,-0.2856077,0.065323025,-4.9912276
4.331732749938965,0.21248896,0.33230647,-0.6264979,-0.311652,0.04041699,-4.7982254,0.38281888,0.25183338,0.50545114,-0.9815852,-1.3481046,-2.5104375,0.19725947,0.3573311,-0.6713262,-0.34526917,0.30919835,-5.3425617,0.21889536,0.3486736,-0.6487777,-0.29559016,0.017437287,-5.0487566
4.333733558654785,0.21123555,0.3316733,-0.62640196,-0.3212645,0.055486105,-4.810337,0.38382438,0.24986017,0.5027549,-0.98660606,-1.4222192,-2.50616,0.19591805,0.35661918,-0.6707078,-0.3559543,0.26106188,-5.3997135,0.21759787,0.34806225,-0.64874285,-0.30568767,0.098088585,-5.0200787
4.3357343673706055,0.20998237,0.33102086,-0.62627596,-0.3309009,0.070465825,-4.822118,0.3848242,0.24787693,0.49991047,-0.9916184,-1.3886405,-2.415212,0.19457768,0.35588568,-0.6701857,-0.36675373,0.34294635,-5.3696384,0.21630079,0.3474308,-0.6485467,-0.31572783,0.049950328,-5.0771027
4.337735176086426,0.20872946,0.33034915,-0.62612003,-0.34056056,0.08535339,-4.833562,0.38581845,0.24588403,0.4971332,-0.9964488,-1.4629549,-2.4108195,0.19323868,0.3551307,-0.6694998,-0.377493,0.29451513,-5.4261937,0.2150039,0.34677902,-0.6484468,-0.32588205,0.13052614,-5.0476303
4.339735984802246,0.2074769,0.32965806,-0.6259344,-0.35024276,0.10014825,-4.844671,0.38680688,0.2438815,0.4942073,-1.0012704,-1.4292779,-2.3187242,0.19190085,0.35435402,-0.6689108,-0.3883454,0.3762597,-5.3952065,0.21370752,0.34610707,-0.64818573,-0.33597732,0.082128115,-5.104133
4.341736793518066,0.20622474,0.32894757,-0.6257193,-0.35994685,0.11484472,-4.8554325,0.38778958,0.24186967,0.49134874,-1.0059079,-1.5037897,-2.3141189,0.19056453,0.35355574,-0.6681583,-0.3991358,0.32752234,-5.451138,0.21241148,0.3454147,-0.64802146,-0.3461856,0.16261156,-5.0738435
4.343737602233887,0.20497304,0.32821766,-0.62547493,-0.36967212,0.12944077,-4.8658423,0.38876626,0.2398486,0.48834115,-1.0105361,-1.4700748,-2.2210617,0.18922952,0.35273567,-0.66750324,-0.41003808,0.40912077,-5.4192057,0.21111609,0.34470204,-0.64769626,-0.3563333,0.11394447,-5.1298046
4.345738410949707,0.20372185,0.32746828,-0.6252014,-0.37941787,0.14393443,-4.875899,0.38973707,0.23781864,0.485401,-1.0149782,-1.5447726,-2.2161963,0.18789615,0.3518939,-0.666685,-0.4208765,0.3600669,-5.4744954,0.20982115,0.34396884,-0.6474684,-0.36659288,0.19432199,-5.0986753
4.347739219665527,0.20247124,0.32669938,-0.624899,-0.38918337,0.15832463,-4.8855996,0.39070168,0.23577982,0.48231146,-1.0194106,-1.5110676,-2.1223168,0.18656422,0.35103026,-0.66596484,-0.4318255,0.4414937,-5.4416018,0.20852698,0.34321526,-0.64707977,-0.37679023,0.14537682,-5.1540766
4.349740028381348,0.20122126,0.3259109,-0.6245679,-0.39896792,0.17260554,-4.8949327,0.39166027,0.2337325,0.47928932,-1.0236553,-1.5859373,-2.1171813,0.18523405,0.35014483,-0.66508186,-0.4427087,0.3921119,-5.4962263,0.2072334,0.34244105,-0.646789,-0.38709837,0.22563452,-5.1220837
4.351740837097168,0.19997197,0.32510284,-0.6242084,-0.40877077,0.18677424,-4.9038954,0.39261252,0.23167673,0.47611746,-1.0278896,-1.5522628,-2.0225837,0.18390545,0.34923744,-0.66429764,-0.45370117,0.47335845,-5.4623327,0.20594072,0.34164637,-0.64633775,-0.39734253,0.17640102,-5.1769023
4.353741645812988,0.19872344,0.32427514,-0.6238206,-0.41859117,0.20082898,-4.9124823,0.39355853,0.22961286,0.47301292,-1.0319347,-1.6272984,-2.0171635,0.18257876,0.34830818,-0.66335094,-0.46462584,0.4236401,-5.5162725,0.20464875,0.34083098,-0.64598495,-0.40769634,0.25652283,-5.1440263
4.355742454528809,0.1974757,0.32342777,-0.6234048,-0.42842838,0.21476823,-4.920692,0.39449805,0.22754093,0.46975833,-1.035969,-1.5936707,-1.9219048,0.18125375,0.34735686,-0.66250366,-0.4756584,0.5046816,-5.4813657,0.2033578,0.33999503,-0.64547193,-0.4179844,0.20699215,-5.198245
4.357743263244629,0.19622883,0.3225607,-0.6229612,-0.43828163,0.2285874,-4.928517,0.3954312,0.2254613,0.466571,-1.0398128,-1.6688628,-1.916215,0.17993076,0.3463836,-0.6614943,-0.4866211,0.45461565,-5.534595,0.20206769,0.33913827,-0.6450579,-0.42838088,0.28696322,-5.164457
4.359744071960449,0.19498287,0.3216739,-0.62249017,-0.44815013,0.24228033,-4.9359436,0.39635766,0.22337401,0.4632333,-1.0436453,-1.6352875,-1.8203269,0.1786096,0.34538823,-0.6605851,-0.4976903,0.5354397,-5.4986405,0.20077872,0.33826086,-0.644484,-0.4387098,0.23712604,-5.2180533
4.3617448806762695,0.19373788,0.32076734,-0.6219918,-0.4580331,0.25585145,-4.942983,0.3972776,0.22127944,0.45996273,-1.0472859,-1.7106295,-1.8143674,0.17729056,0.34437087,-0.65951425,-0.50868756,0.48501784,-5.5511427,0.1994907,0.33736256,-0.6440097,-0.4491459,0.31692985,-5.1833296
4.36374568939209,0.19249392,0.319841,-0.62146646,-0.46792978,0.2692916,-4.949617,0.39819068,0.21917762,0.45654148,-1.0509146,-1.6771057,-1.7178847,0.17597347,0.34333128,-0.65854424,-0.5197898,0.5656051,-5.514121,0.19820395,0.33644354,-0.6433759,-0.45951256,0.26677674,-5.2362833
4.36574649810791,0.19125102,0.31889483,-0.62091434,-0.47783932,0.2826007,-4.9558454,0.39909706,0.21706891,0.45318726,-1.0543504,-1.7525929,-1.7116674,0.17465866,0.34226963,-0.657413,-0.53081805,0.51481444,-5.565868,0.19691826,0.33550358,-0.6428423,-0.46998513,0.34639516,-5.2006016
4.3677473068237305,0.19000927,0.31792885,-0.6203357,-0.4877609,0.2957743,-4.9616613,0.39999643,0.21495336,0.44968206,-1.0577737,-1.719115,-1.61461,0.1733459,0.34118572,-0.6563834,-0.5419498,0.5951484,-5.527746,0.19563396,0.3345428,-0.6421495,-0.48038632,0.29591614,-5.2528934
4.369748115539551,0.1887687,0.316943,-0.61973083,-0.49769372,0.3088098,-4.96706,0.40088892,0.21283136,0.44624382,-1.061003,-1.794741,-1.6081413,0.1720355,0.3400797,-0.6551931,-0.5530053,0.54398036,-5.578715,0.19435085,0.33356103,-0.6415577,-0.4908921,0.3753367,-5.216225
4.371748924255371,0.18752937,0.31593725,-0.61910003,-0.5076369,0.32170346,-4.972034,0.40177423,0.21070293,0.44265434,-1.0642192,-1.7613095,-1.5105352,0.17072728,0.33895138,-0.6541051,-0.56416273,0.6240323,-5.5394683,0.19306923,0.3325584,-0.64080703,-0.50132453,0.32452142,-5.267831
4.373749732971191,0.18629132,0.3149116,-0.6184436,-0.5175896,0.334453,-4.97658,0.4026525,0.20856844,0.43913174,-1.0672404,-1.8370659,-1.5038328,0.16942157,0.3378009,-0.65285707,-0.5752417,0.5724728,-5.5896378,0.19178891,0.33153468,-0.640158,-0.5118602,0.40372327,-5.230153
4.3757500648498535,0.18505491,0.3138663,-0.61776197,-0.5275486,0.34705278,-4.980693,0.40352342,0.20642795,0.43545762,-1.070248,-1.8036735,-1.4057013,0.16811815,0.33662805,-0.6517121,-0.58642095,0.652239,-5.549231,0.19051021,0.33049005,-0.63935053,-0.5223205,0.35256124,-5.281051
4.377750873565674,0.18381959,0.3128008,-0.6170551,-0.5375178,0.359505,-4.984367,0.40438712,0.20428182,0.43185028,-1.0730594,-1.879556,-1.3987682,0.16681734,0.335433,-0.6504076,-0.5975194,0.6002797,-5.5985765,0.18923292,0.3294243,-0.6386454,-0.53288263,0.43153104,-5.242337
4.379751682281494,0.18258572,0.31171533,-0.6163235,-0.5474939,0.3718032,-4.987595,0.4052433,0.20213011,0.42809117,-1.0758569,-1.8461984,-1.3001316,0.16551892,0.33421558,-0.64920706,-0.60871655,0.6797311,-5.5569954,0.18795735,0.32833755,-0.63778234,-0.5433673,0.38001207,-5.292506
4.3817524909973145,0.18135333,0.3106099,-0.6155674,-0.5574759,0.3839433,-4.9903703,0.4060921,0.1999732,0.42439878,-1.0784572,-1.9221979,-1.2929882,0.16422322,0.33297592,-0.6478476,-0.61983055,0.62735903,-5.6054935,0.1866833,0.32722965,-0.6370223,-0.55395234,0.45872885,-5.2527266
4.383753299713135,0.18012248,0.3094845,-0.61478716,-0.5674631,0.39592364,-4.9926906,0.40693322,0.19781111,0.42055437,-1.0810432,-1.8888749,-1.1938679,0.16293004,0.33171386,-0.64659286,-0.6310415,0.70647967,-5.5626965,0.18541108,0.32610074,-0.6361049,-0.5644578,0.4068427,-5.302144
4.385754108428955,0.17889321,0.30833912,-0.61398315,-0.57745445,0.40774086,-4.994549,0.40776676,0.19564424,0.41677663,-1.083431,-1.9649845,-1.1865251,0.16163968,0.33042952,-0.64517987,-0.6421669,0.6536822,-5.610312,0.1841405,0.3249506,-0.6352912,-0.57506204,0.48529086,-5.261275
4.387754917144775,0.17766558,0.30717376,-0.61315566,-0.5874491,0.41939196,-4.995941,0.40859246,0.19347264,0.41284665,-1.0858041,-1.9316802,-1.0869515,0.16035193,0.32912275,-0.6438725,-0.65338755,0.7324529,-5.5662813,0.18287186,0.32377943,-0.6343206,-0.5855846,0.43302548,-5.309915
4.389755725860596,0.17643961,0.30598837,-0.61230505,-0.59744596,0.43087313,-4.9968596,0.40941042,0.19129668,0.4089833,-1.087978,-2.007893,-1.0794219,0.15906712,0.32779372,-0.6424076,-0.6645201,0.6792205,-5.6130066,0.18160495,0.322587,-0.63345456,-0.5962044,0.5111865,-5.267928
4.391756534576416,0.17521538,0.304783,-0.6114316,-0.6074442,0.4421787,-4.9972944,0.41022035,0.1891164,0.40496752,-1.0901369,-1.9746069,-0.97941995,0.15778503,0.3264422,-0.64104915,-0.6757461,0.7576225,-5.567699,0.18034008,0.32137352,-0.63243216,-0.60674024,0.4585324,-5.3157716
4.393757343292236,0.17399292,0.3035576,-0.61053574,-0.6174429,0.4533098,-4.997248,0.4110224,0.1869322,0.4010183,-1.0920957,-2.0509143,-0.97172,0.15650596,0.32506844,-0.6395339,-0.6868815,0.7039426,-5.6134996,0.17907704,0.32013878,-0.6315151,-0.6173718,0.53638947,-5.27264
4.395758152008057,0.17277227,0.30231223,-0.60961777,-0.627441,0.4642603,-4.9967093,0.41181624,0.18474413,0.39691645,-1.0940392,-2.0176375,-0.8713154,0.1552297,0.32367224,-0.638126,-0.6981085,0.78195316,-5.566899,0.17781615,0.31888294,-0.6304423,-0.62791705,0.48333398,-5.3196607
4.397758960723877,0.17155348,0.30104685,-0.60867804,-0.6374375,0.47502774,-4.995675,0.412602,0.18255258,0.39288118,-1.0957818,-2.0940325,-0.8634558,0.15395658,0.32225376,-0.6365621,-0.7092423,0.727813,-5.611748,0.1765572,0.31760582,-0.62947565,-0.63855636,0.5608672,-5.275355
4.399759769439697,0.17033659,0.29976147,-0.607717,-0.64743143,0.48560786,-4.9941363,0.4133794,0.18035756,0.38869312,-1.0975087,-2.0607615,-0.7626763,0.15268636,0.32081282,-0.6351065,-0.7204658,0.80541176,-5.56382,0.1753005,0.3163076,-0.6283539,-0.6491071,0.5074004,-5.3215284
4.401760578155518,0.16912164,0.2984561,-0.60673493,-0.65742177,0.4959987,-4.9920907,0.41414854,0.17815949,0.3845716,-1.0990341,-2.137234,-0.75468326,0.15141937,0.31934965,-0.6334957,-0.73159343,0.7507985,-5.6076922,0.17404582,0.3149881,-0.62733907,-0.65975016,0.5845909,-5.276023
4.403761386871338,0.16790868,0.29713073,-0.6057323,-0.6674075,0.5061971,-4.9895325,0.41490912,0.17595841,0.38029715,-1.1005434,-2.1039534,-0.65355366,0.15015538,0.31786403,-0.63199407,-0.7428088,0.82796943,-5.558402,0.17279348,0.3136475,-0.62616986,-0.6703022,0.5307022,-5.3213286
4.405762195587158,0.16669776,0.2957854,-0.6047095,-0.6773876,0.5161978,-4.986452,0.4156613,0.1737547,0.37608925,-1.1018505,-2.1804943,-0.6454449,0.1488947,0.31635618,-0.63033813,-0.7539256,0.7728734,-5.601276,0.17154326,0.31228563,-0.6251085,-0.68094486,0.60753274,-5.2745934
4.4077630043029785,0.16548888,0.2944201,-0.60366684,-0.687361,0.5259979,-4.9828444,0.41640475,0.17154843,0.37172824,-1.1031414,-2.1471965,-0.5439938,0.14763711,0.31482592,-0.6287924,-0.7651282,0.84959286,-5.5506034,0.17029546,0.31090266,-0.62389344,-0.69149405,0.55320984,-5.3190045
4.409763813018799,0.16428213,0.29303485,-0.6026048,-0.69732666,0.53559697,-4.9787097,0.41713962,0.16933997,0.36743385,-1.1042295,-2.223798,-0.5357774,0.14638293,0.31327346,-0.6270932,-0.7762294,0.7939999,-5.592451,0.16904989,0.3094984,-0.622787,-0.70213205,0.6296601,-5.2710104
4.411764621734619,0.1630775,0.29162967,-0.60152376,-0.7072835,0.5449887,-4.974036,0.4178656,0.16712937,0.36298624,-1.105301,-2.19048,-0.4340409,0.14513192,0.31169865,-0.6255052,-0.7874143,0.8702508,-5.5403543,0.16780683,0.30807304,-0.6215277,-0.7126741,0.5748918,-5.314503
4.4137654304504395,0.16187507,0.29020458,-0.6004241,-0.71723044,0.55417013,-4.968819,0.41858283,0.16491702,0.35860527,-1.1061691,-2.2671318,-0.4257473,0.14388439,0.31010166,-0.6237647,-0.798495,0.8141495,-5.5811486,0.16656607,0.30662644,-0.6203779,-0.7233031,0.6509426,-5.2652235
4.41576623916626,0.16067486,0.2887596,-0.59930634,-0.7271664,0.5631375,-4.963052,0.41929096,0.16270298,0.354071,-1.1070206,-2.2337754,-0.32375243,0.14264011,0.30848235,-0.6221364,-0.8096573,0.88990736,-5.527608,0.16532792,0.30515876,-0.619076,-0.73383355,0.5957184,-5.307776
4.41776704788208,0.15947689,0.28729475,-0.5981708,-0.7370903,0.5718899,-4.9567323,0.41999015,0.16048764,0.34960344,-1.1076682,-2.310468,-0.3154023,0.1413994,0.30684093,-0.6203566,-0.8207125,0.83328825,-5.567328,0.16409215,0.30366987,-0.6178846,-0.7444491,0.67135334,-5.2571797
4.4197678565979,0.15828122,0.28581005,-0.597018,-0.747001,0.5804217,-4.9498515,0.4206801,0.15827104,0.3449825,-1.108299,-2.2770655,-0.21317402,0.14016202,0.30517724,-0.61869,-0.8318472,0.9085345,-5.512307,0.16285907,0.30215994,-0.61654186,-0.75496346,0.6156596,-5.2987638
4.421768665313721,0.15708788,0.28430554,-0.5958483,-0.75689733,0.5887305,-4.9424057,0.42136097,0.15605359,0.34042838,-1.1087253,-2.3537893,-0.20478192,0.13892828,0.3034915,-0.61687297,-0.8428718,0.85138315,-5.5509233,0.16162844,0.3006288,-0.61531055,-0.765561,0.69085795,-5.2468243
4.423769474029541,0.15589689,0.28278124,-0.59466225,-0.76677823,0.5968127,-4.934387,0.42203242,0.15383531,0.3357208,-1.1091349,-2.3203344,-0.10235138,0.13769794,0.30178356,-0.6151702,-0.8539736,0.92609745,-5.494402,0.16040058,0.2990767,-0.61392885,-0.7760546,0.6346849,-5.287418
4.425770282745361,0.15470828,0.28123719,-0.59346026,-0.7766425,0.6046647,-4.9257903,0.42269456,0.15161663,0.33108014,-1.1093396,-2.3970804,-0.09394293,0.1364713,0.30005363,-0.61331797,-0.86496246,0.8684019,-5.53189,0.15917526,0.29750344,-0.6126595,-0.78662944,0.7094266,-5.234105
4.427771091461182,0.15352209,0.27967343,-0.5922428,-0.786489,0.61228436,-4.9166126,0.42334715,0.14939758,0.326286,-1.1095275,-2.3635566,0.008659357,0.13524814,0.29830158,-0.61158115,-0.8760262,0.94256514,-5.4738293,0.15795279,0.29590926,-0.6112407,-0.7970976,0.6527626,-5.2736835
4.429771900177002,0.15233836,0.27808997,-0.5910103,-0.79631656,0.61966604,-4.906842,0.42399025,0.14717856,0.32155886,-1.1095102,-2.4403112,0.017057702,0.13402875,0.29652762,-0.60969603,-0.88697386,0.8843145,-5.510161,0.15673292,0.29429397,-0.60993516,-0.80764496,0.72703034,-5.218969
4.431772708892822,0.1511571,0.27648687,-0.5897632,-0.806124,0.62680966,-4.8964806,0.4246236,0.14495961,0.31667823,-1.1094761,-2.40671,0.11979879,0.13281289,0.29473165,-0.6079274,-0.89799416,0.9579049,-5.450537,0.15551595,0.2926578,-0.6084811,-0.8180829,0.6698636,-5.257507
4.433773517608643,0.14997835,0.27486417,-0.58850217,-0.81591004,0.6337097,-4.8855186,0.42524734,0.14274114,0.3118648,-1.1092365,-2.4834642,0.12817174,0.13160086,0.29291385,-0.60601157,-0.90889525,0.899086,-5.485692,0.15430167,0.2910006,-0.6071414,-0.82859796,0.7436364,-5.2013626
4.435774326324463,0.14880215,0.2732219,-0.5872275,-0.8256736,0.6403649,-4.8739524,0.42586115,0.14052318,0.30689788,-1.1089802,-2.4497712,0.23101273,0.13039243,0.29107413,-0.6042134,-0.9198666,0.9720832,-5.424466,0.15309036,0.2893226,-0.6056541,-0.8390007,0.6859564,-5.2388377
4.437775135040283,0.1476285,0.27156013,-0.5859398,-0.83541334,0.64677,-4.8617744,0.42646515,0.13830614,0.30199835,-1.1085181,-2.5265133,0.23933235,0.1291879,0.2892127,-0.60226923,-0.93071556,0.9126857,-5.458418,0.1518818,0.28762364,-0.6042822,-0.84947836,0.7592173,-5.1812344
4.4397759437561035,0.14645745,0.2698789,-0.58463955,-0.8451281,0.65292215,-4.8489795,0.42705905,0.13609006,0.29694533,-1.1080395,-2.4927142,0.3422379,0.12798701,0.28732944,-0.60044384,-0.9416324,0.98507226,-5.3955746,0.15067627,0.28590396,-0.6027638,-0.8598408,0.70101255,-5.217622
4.441776752471924,0.145289,0.26817825,-0.58332723,-0.8548167,0.65881926,-4.835563,0.42764297,0.13387534,0.2919599,-1.107355,-2.5694346,0.35048276,0.12679006,0.2854246,-0.59847367,-0.9524235,0.9250876,-5.428301,0.14947355,0.28416342,-0.60136175,-0.87027603,0.77374,-5.158533
4.443777561187744,0.1441232,0.26645827,-0.58200336,-0.86447775,0.6644574,-4.8215203,0.4282166,0.13166203,0.28682104,-1.106654,-2.5355213,0.45342883,0.12559682,0.28349802,-0.5966235,-0.96328014,0.9968383,-5.363802,0.14827392,0.28240222,-0.5998143,-0.8805931,0.7149984,-5.193809
4.4457783699035645,0.14296006,0.26471898,-0.5806685,-0.8741101,0.66983396,-4.806845,0.4287801,0.12945053,0.28175,-1.1057472,-2.6122055,0.46156952,0.12440756,0.28155,-0.5946298,-0.9740077,0.9362522,-5.3952794,0.14707714,0.28062025,-0.5983843,-0.8909807,0.78717816,-5.133203
4.447779178619385,0.1417996,0.26296043,-0.5793231,-0.8837125,0.6749457,-4.791533,0.42933315,0.12724088,0.2765256,-1.1048241,-2.5781634,0.5645212,0.123222046,0.27958038,-0.59275734,-0.9847983,1.0073543,-5.329099,0.14588353,0.27881774,-0.59681,-0.90124714,0.7278898,-5.1673446
4.449779987335205,0.14064184,0.26118273,-0.57796776,-0.89328355,0.6797902,-4.7755795,0.42987588,0.1250335,0.27136925,-1.103695,-2.654804,0.57253766,0.12204056,0.27758947,-0.59074265,-0.9954565,0.94615614,-5.3593016,0.14469282,0.2769946,-0.5953542,-0.9115818,0.79949915,-5.1051993
4.451780796051025,0.1394868,0.25938588,-0.576603,-0.9028221,0.6843634,-4.758977,0.430408,0.122828394,0.26605964,-1.1025499,-2.620616,0.6754561,0.120862864,0.27557713,-0.5888503,-1.0061752,1.0165863,-5.291421,0.14350532,0.275151,-0.5937552,-0.9217922,0.7396537,-5.1381845
4.453781604766846,0.1383345,0.25757,-0.57522935,-0.91232675,0.6886637,-4.7417245,0.43092963,0.120625995,0.2608184,-1.101199,-2.6971996,0.6833232,0.119689226,0.27354363,-0.58681715,-1.016758,0.95476425,-5.3203273,0.14232077,0.27328688,-0.59227586,-0.9320686,0.8106751,-5.074468
4.455782413482666,0.13718495,0.25573513,-0.5738474,-0.9217962,0.69268703,-4.723814,0.43144047,0.11842633,0.255424,-1.0998324,-2.662859,0.786178,0.11851941,0.27148882,-0.5849076,-1.0273986,1.0245117,-5.2507076,0.14113946,0.27140245,-0.5906545,-0.9422175,0.75026065,-5.106273
4.457783222198486,0.13603818,0.25388134,-0.5724577,-0.9312292,0.696432,-4.705243,0.43194067,0.11622981,0.2500983,-1.09826,-2.7393727,0.79386735,0.11735369,0.26941302,-0.58285856,-1.0379,0.9620582,-5.2782955,0.13996115,0.26949757,-0.58915395,-0.95243007,0.8206795,-5.0409613
4.459784030914307,0.1348942,0.2520087,-0.5710607,-0.94062436,0.6998927,-4.6860023,0.4324299,0.11403646,0.24461955,-1.0966723,-2.7048597,0.89661896,0.11619183,0.2673161,-0.58093446,-1.0484565,1.0310901,-5.206926,0.13878612,0.26757255,-0.5875126,-0.962512,0.759687,-5.0715637
4.461784839630127,0.13375303,0.25011733,-0.56965715,-0.9499803,0.7030715,-4.6660957,0.43290833,0.11184671,0.23920983,-1.094879,-2.7812943,0.9041086,0.11503408,0.26519835,-0.57887226,-1.0588704,0.9679959,-5.233177,0.13761413,0.26562724,-0.58599323,-0.9726551,0.8294814,-5.0046325
4.463785648345947,0.13261467,0.24820727,-0.5682475,-0.9592958,0.70596033,-4.6455097,0.43337563,0.109660566,0.23364724,-1.0930709,-2.7465994,1.0067263,0.11388021,0.26305968,-0.57693624,-1.0693368,1.036317,-5.160019,0.13644546,0.26366192,-0.58433425,-0.9826644,0.76790047,-5.034013
4.465786457061768,0.13147913,0.24627861,-0.56683236,-0.9685694,0.7085581,-4.6242414,0.43383193,0.107478455,0.22815405,-1.0910574,-2.8229444,1.0139902,0.11273048,0.26090035,-0.5748636,-1.0796568,0.9725717,-5.184907,0.13527986,0.26167646,-0.5827985,-0.9927324,0.8370578,-4.9654346
4.467787265777588,0.13034643,0.24433145,-0.56541234,-0.9777998,0.7108663,-4.6022964,0.43427694,0.1053004,0.22250816,-1.0890294,-2.7880464,1.1164408,0.11158464,0.2587203,-0.5729185,-1.0900266,1.0401382,-5.1099596,0.13411762,0.25967112,-0.58112437,-1.0026633,0.7748784,-4.99357
4.469788074493408,0.12921658,0.24236587,-0.563988,-0.98698556,0.71287805,-4.57966,0.4347108,0.1031268,0.21693207,-1.0867965,-2.8642864,1.1234567,0.110442966,0.25651982,-0.5708382,-1.1002465,0.9757332,-5.1334767,0.13295847,0.25764582,-0.5795746,-1.0126504,0.84337693,-4.9233227
4.4717888832092285,0.12808958,0.24038194,-0.56255984,-0.99612534,0.71459186,-4.556331,0.43513322,0.1009577,0.2112035,-1.0845497,-2.8291824,1.225702,0.109305196,0.2542988,-0.56888676,-1.1105134,1.0425593,-5.05669,0.1318027,0.2556008,-0.57788783,-1.022497,0.7805905,-4.9501963
4.473789691925049,0.12696543,0.23837978,-0.5611286,-1.0052178,0.7160064,-4.5323086,0.4355443,0.0987935,0.20554514,-1.0820982,-2.905308,1.2324337,0.10817159,0.25205755,-0.56680167,-1.1206268,0.9774853,-5.078808,0.13065004,0.25353602,-0.57632667,-1.0323975,0.8484199,-4.878254
4.475790500640869,0.12584415,0.23635948,-0.5596949,-1.0142615,0.7171194,-4.507588,0.43594378,0.09663423,0.19973452,-1.0796334,-2.869973,1.3344436,0.107041895,0.24979599,-0.5648467,-1.1307844,1.0435252,-5.0001793,0.12950078,0.2514517,-0.57462984,-1.0421541,0.7850175,-4.903845
4.4777913093566895,0.124725744,0.23432113,-0.5582592,-1.023255,0.7179271,-4.482163,0.43633178,0.094480306,0.19399458,-1.0769645,-2.9459705,1.3408728,0.10591637,0.24751441,-0.56275964,-1.1407847,0.9777754,-5.020888,0.12835465,0.24934778,-0.5730598,-1.0519618,0.8521566,-4.8301897
4.47979211807251,0.12361021,0.23226485,-0.5568222,-1.0321969,0.71842784,-4.456031,0.43670797,0.09233174,0.18810263,-1.0742828,-2.9103951,1.4426086,0.10479476,0.24521276,-0.56080407,-1.1508266,1.0430423,-4.94039,0.12721194,0.24722452,-0.57135546,-1.0616221,0.7881301,-4.854481
4.48179292678833,0.12249756,0.23019072,-0.5553845,-1.0410858,0.7186215,-4.4291925,0.43707255,0.09018894,0.18228184,-1.0713975,-2.9862554,1.4487066,0.103677325,0.24289134,-0.55871797,-1.1607074,0.9766095,-4.9596663,0.12607239,0.24508186,-0.5697792,-1.0713311,0.85457003,-4.77909
4.48379373550415,0.12138778,0.22809887,-0.55394673,-1.0499203,0.7185019,-4.401636,0.43742517,0.088051945,0.17630933,-1.0685002,-2.950423,1.550137,0.1025638,0.24055009,-0.5567647,-1.1706266,1.0410653,-4.8772964,0.12493625,0.24292007,-0.56807005,-1.0808893,0.7899103,-4.802063
4.485794544219971,0.12028088,0.22598939,-0.55250955,-1.058699,0.71807307,-4.3733716,0.437766,0.085921146,0.17040849,-1.0653999,-3.0261345,1.5558771,0.10145444,0.23818932,-0.5546826,-1.1803812,0.97394437,-4.895137,0.12380327,0.24073908,-0.56649023,-1.0904934,0.85563165,-4.7249174
4.487794876098633,0.11917711,0.2238629,-0.55107385,-1.0674183,0.7173285,-4.344392,0.4380947,0.08379657,0.16435622,-1.0622882,-2.990025,1.6569684,0.100348964,0.23580898,-0.55273473,-1.1901715,1.037599,-4.8108654,0.12267371,0.23853919,-0.564779,-1.0999433,0.7903326,-4.7465587
4.489795684814453,0.11807595,0.22171852,-0.54963964,-1.076081,0.7162679,-4.3146853,0.43841144,0.08167862,0.15837617,-1.0589743,-3.065577,1.6623352,0.09924764,0.23340939,-0.55065954,-1.1997932,0.9697805,-4.8272467,0.12154732,0.23632032,-0.5631983,-1.1094364,0.8553268,-4.6676383
4.491796493530273,0.11697766,0.21955687,-0.5482079,-1.0846835,0.71489036,-4.2842574,0.43871593,0.07956732,0.15224501,-1.0556496,-3.029187,1.7630558,0.0981502,0.2309905,-0.54872,-1.2094477,1.0326067,-4.74107,0.120424345,0.23408277,-0.5614877,-1.1187717,0.78938067,-4.687929
4.493797302246094,0.11588223,0.21737806,-0.54677916,-1.0932245,0.71319246,-4.2531023,0.4390083,0.077463076,0.14618663,-1.0521235,-3.1045651,1.7680149,0.09705689,0.22855264,-0.54665476,-1.2189299,0.9640874,-4.7559867,0.11930453,0.23182648,-0.5599089,-1.1281475,0.85363,-4.6072235
4.495798110961914,0.11478966,0.21518224,-0.5453542,-1.1017025,0.71117556,-4.221223,0.43928826,0.0753659,0.1399775,-1.0485876,-3.0678778,1.8683311,0.095967434,0.22609575,-0.5447266,-1.2284418,1.0260836,-4.6678853,0.11818813,0.22955176,-0.5582017,-1.1373619,0.78703177,-4.626156
4.497798919677734,0.11369993,0.21296953,-0.5439336,-1.1101158,0.70883596,-4.1886134,0.43955594,0.0732762,0.13384174,-1.044851,-3.1430724,1.8728557,0.094882086,0.22362019,-0.5426744,-1.2377776,0.9568601,-4.6813293,0.11707487,0.22725853,-0.55662763,-1.1466142,0.8505324,-4.5436435
4.499799728393555,0.11261304,0.21074003,-0.54251796,-1.1184632,0.70617324,-4.1552734,0.43981105,0.071193986,0.1275556,-1.0411053,-3.106065,1.9727336,0.09380057,0.22112592,-0.5407607,-1.2471403,1.0180141,-4.5912986,0.115965016,0.22494712,-0.5549266,-1.1557015,0.7832753,-4.5612
4.501800537109375,0.11152898,0.2084939,-0.54110795,-1.1267431,0.703188,-4.1212053,0.44005373,0.06911967,0.12134346,-1.0371598,-3.1810668,1.9768041,0.09272312,0.21861327,-0.53872466,-1.2563229,0.9480846,-4.6032586,0.1148583,0.22261748,-0.55336004,-1.1648239,0.84600717,-4.4768753
4.503801345825195,0.11044773,0.20623128,-0.53970426,-1.1349541,0.6998768,-4.086403,0.4402837,0.06705326,0.11498133,-1.0332062,-3.1437323,2.0762153,0.09164946,0.21608222,-0.5368285,-1.2655294,1.0083834,-4.511292,0.113754965,0.22026992,-0.55166805,-1.1737777,0.77808845,-4.4930525
4.505802154541016,0.10936928,0.2039523,-0.53830755,-1.1430948,0.6962399,-4.050868,0.44050106,0.06499515,0.10869387,-1.0290538,-3.2185283,2.0798087,0.09057984,0.21353312,-0.53481174,-1.274552,0.9377437,-4.52177,0.11265474,0.21790439,-0.5501119,-1.1827638,0.8400512,-4.4068956
4.507802963256836,0.108293615,0.2016571,-0.5369184,-1.1511636,0.6922769,-4.0146,0.44070557,0.06294536,0.10225681,-1.0248942,-3.1808512,2.178717,0.089513965,0.21096593,-0.5329363,-1.2835956,0.99719375,-4.4278617,0.11155787,0.21552123,-0.5484318,-1.1915776,0.7714652,-4.421679
4.509803771972656,0.107220724,0.19934583,-0.53553754,-1.1591592,0.6879855,-3.977595,0.44089735,0.060904283,0.09589511,-1.0205368,-3.255434,2.181811,0.08845208,0.20838103,-0.5309419,-1.2924513,0.92584294,-4.4368463,0.110464096,0.21312039,-0.5468889,-1.2004209,0.83264273,-4.333689
4.511804580688477,0.10615059,0.19701864,-0.53416556,-1.1670799,0.68336594,-3.9398558,0.4410761,0.058871936,0.08938424,-1.0161731,-3.2173984,2.2801895,0.087393895,0.20577838,-0.5290902,-1.301325,0.98442477,-4.340995,0.10937365,0.21070221,-0.5452236,-1.2090882,0.7633877,-4.347076
4.513805389404297,0.10508319,0.19467567,-0.5328032,-1.1749245,0.6784193,-3.9013839,0.441242,0.056848712,0.082949445,-1.0116128,-3.2917538,2.2827554,0.08633965,0.20315836,-0.52712137,-1.310007,0.91236156,-4.3484845,0.108286254,0.20826665,-0.5436968,-1.2177824,0.8237794,-4.2572417
4.515806198120117,0.10401851,0.19231708,-0.531451,-1.1826913,0.67314476,-3.8621793,0.44139475,0.05483462,0.07636594,-1.0070473,-3.253348,2.3805707,0.08528906,0.20052096,-0.5252966,-1.3187039,0.97007686,-4.2506905,0.10720216,0.20581405,-0.5420493,-1.2262969,0.7538526,-4.2692246
4.5178070068359375,0.10295652,0.18994305,-0.5301097,-1.190379,0.66754127,-3.8222408,0.44153446,0.052830048,0.069859244,-1.0022862,-3.3274672,2.3825867,0.08424235,0.19786656,-0.5233565,-1.3272053,0.89730257,-4.2566934,0.10612107,0.20334437,-0.5405416,-1.2348354,0.8134485,-4.1775446
4.519807815551758,0.1018972,0.1875537,-0.52878,-1.197986,0.661609,-3.7815692,0.44166088,0.050835006,0.06320431,-0.99752104,-3.288672,2.4798164,0.083199225,0.19519512,-0.5215619,-1.3357186,0.95415515,-4.15696,0.10504324,0.200858,-0.5389147,-1.2431905,0.7428478,-4.18812
4.521808624267578,0.10084054,0.18514922,-0.5274624,-1.2055109,0.6553487,-3.7401671,0.44177413,0.048849884,0.056626968,-0.9925614,-3.362546,2.481267,0.08215992,0.19250706,-0.5196536,-1.3440325,0.88067144,-4.161473,0.10396838,0.19835487,-0.537429,-1.2515668,0.80164593,-4.0945926
4.523809432983398,0.0997865,0.18272977,-0.52615774,-1.2129521,0.6487605,-3.6980355,0.44187394,0.046874687,0.049901877,-0.98759884,-3.3233578,2.5778708,0.081124134,0.18980235,-0.5178923,-1.3523555,0.9366498,-4.059812,0.10289673,0.19583535,-0.53582567,-1.259756,0.73037153,-4.1037602
4.525810241699219,0.09873505,0.18029551,-0.5248666,-1.2203084,0.6418444,-3.6551752,0.44196045,0.0449098,0.04325516,-0.9824431,-3.3969767,2.5787313,0.080092095,0.1870814,-0.516019,-1.3604751,0.86246127,-4.0628476,0.101827994,0.19329943,-0.53436494,-1.2679635,0.7883668,-4.008384
4.527811050415039,0.09768617,0.17784663,-0.52358955,-1.2275783,0.63460195,-3.6115906,0.44203338,0.04295523,0.036461208,-0.9772856,-3.3573763,2.6746955,0.079063505,0.1843442,-0.5142941,-1.3686007,0.91757745,-3.9592593,0.10076242,0.19074747,-0.5327882,-1.2759804,0.7164206,-4.0161467
4.529811859130859,0.096639834,0.17538327,-0.52232736,-1.2347602,0.62703294,-3.567282,0.44209287,0.04101136,0.029746454,-0.9719362,-3.4307303,2.6749437,0.07803859,0.18159117,-0.5124589,-1.3765192,0.8426832,-3.960815,0.099699706,0.18817945,-0.5313554,-1.2840127,0.77361214,-3.9189272
4.53181266784668,0.09559601,0.17290564,-0.5210806,-1.2418526,0.61913866,-3.5222526,0.44213864,0.039078187,0.022884993,-0.96658635,-3.390707,2.770231,0.07701704,0.17882228,-0.51077354,-1.3844408,0.89692974,-3.855322,0.09864009,0.18559575,-0.52980816,-1.2918506,0.7009946,-3.9252858
4.5338134765625,0.09455466,0.17041391,-0.51985,-1.2488544,0.6109197,-3.4765046,0.44217086,0.037156094,0.016103579,-0.96104586,-3.463787,2.7698436,0.07599908,0.17603798,-0.5089797,-1.3921515,0.8213397,-3.8554184,0.09758328,0.18299635,-0.5284062,-1.2997011,0.7573809,-3.8262286
4.53581428527832,0.09351576,0.16790827,-0.51863617,-1.2557639,0.6023777,-3.4300423,0.44218922,0.035245083,0.009176005,-0.95550615,-3.4233239,2.8644264,0.07498441,0.17323826,-0.507337,-1.3998623,0.87473303,-3.7480233,0.0965295,0.18038164,-0.52689147,-1.3073535,0.6840951,-3.8311899
4.537815093994141,0.092479266,0.16538888,-0.5174397,-1.2625797,0.593514,-3.3828683,0.44219387,0.033345528,0.0023293565,-0.9497773,-3.496122,2.8633857,0.07397323,0.17042355,-0.5055875,-1.4073583,0.7984539,-3.7466664,0.09547845,0.17775162,-0.5255233,-1.3150159,0.73968047,-3.730306
4.539815902709961,0.09144515,0.16285597,-0.51626134,-1.2693003,0.58433133,-3.3349903,0.44218454,0.031457428,-0.0046628877,-0.94405055,-3.4552083,2.9572525,0.07296525,0.16759385,-0.5039906,-1.4148517,0.85098195,-3.6374123,0.094430365,0.17510666,-0.5240439,-1.3224765,0.6657303,-3.7338762
4.541816711425781,0.09041337,0.1603097,-0.5151017,-1.2759246,0.57482743,-3.2864037,0.44216138,0.029581156,-0.011573304,-0.93813604,-3.5277154,2.95554,0.07196067,0.16474959,-0.50228864,-1.4221265,0.7740204,-3.6346273,0.09338494,0.17244677,-0.52271247,-1.3299443,0.72051495,-3.6311777
4.543817520141602,0.08938389,0.15775028,-0.5139613,-1.2824508,0.56500816,-3.2371213,0.44212413,0.027716706,-0.018628735,-0.932225,-3.4863398,3.0486498,0.07095919,0.1618908,-0.5007406,-1.4293958,0.8257143,-3.52351,0.09234239,0.16977236,-0.52127147,-1.3372066,0.6459062,-3.6333702
4.545818328857422,0.08835668,0.15517789,-0.5128409,-1.2888777,0.55487424,-3.1871457,0.44207293,0.02586445,-0.025601415,-0.9261277,-3.5585485,3.046249,0.06996101,0.15901792,-0.49908915,-1.4364429,0.7480776,-3.519305,0.09130243,0.16708341,-0.51997966,-1.3444734,0.6998961,-3.5288715
4.547819137573242,0.08733169,0.15259275,-0.5117411,-1.295204,0.54442716,-3.1364808,0.44200748,0.02402438,-0.032718513,-0.9200352,-3.5166988,3.1385896,0.06896582,0.15613095,-0.497593,-1.4434814,0.7989244,-3.40637,0.090265274,0.16438036,-0.51857984,-1.3515311,0.6246345,-3.5296972
4.5498199462890625,0.086308874,0.14999504,-0.5106625,-1.3014283,0.5336696,-3.0851321,0.44192797,0.022196865,-0.03975191,-0.913758,-3.5885997,3.1354823,0.06797383,0.15323037,-0.49599513,-1.4502941,0.72062546,-3.4007766,0.08923061,0.16166317,-0.5173306,-1.3585905,0.6778347,-3.423417
4.551820755004883,0.0852882,0.147385,-0.50960577,-1.3075491,0.52260447,-3.0331073,0.44183412,0.02038189,-0.04692911,-0.90748703,-3.5462675,3.227021,0.06698472,0.15031618,-0.4945539,-1.4570957,0.7706578,-3.2860441,0.08819866,0.1589323,-0.51597494,-1.3654373,0.6019284,-3.4228928
4.553821563720703,0.08426961,0.14476281,-0.50857145,-1.3135651,0.5112337,-2.9804103,0.4417261,0.018579824,-0.054021645,-0.901033,-3.617854,3.223187,0.065998696,0.14738885,-0.49301258,-1.4636679,0.69170725,-3.2790773,0.08716912,0.15618773,-0.5147711,-1.3722831,0.6543483,-3.3148565
4.555822372436523,0.08325307,0.14212869,-0.5075602,-1.319475,0.49956098,-2.9270499,0.44160357,0.01679065,-0.061257355,-0.8945866,-3.5750232,3.3139117,0.065015435,0.1444484,-0.49162915,-1.470226,0.7409212,-3.162587,0.08614219,0.1534299,-0.5134624,-1.3789128,0.577806,-3.3130004
4.557823181152344,0.08223853,0.13948286,-0.5065726,-1.3252776,0.48758778,-2.8730297,0.44146675,0.015014733,-0.0684074,-0.8879588,-3.646288,3.3093407,0.06403514,0.1414953,-0.49014732,-1.4765512,0.66133326,-3.1542828,0.08511758,0.15065882,-0.5123068,-1.3855388,0.629455,-3.2032306
4.559823989868164,0.08122595,0.13682552,-0.5056093,-1.3309714,0.4753178,-2.8183582,0.44131535,0.0132520525,-0.07569998,-0.88134015,-3.6029541,3.3992212,0.06305749,0.13852958,-0.48882467,-1.4828597,0.7097606,-3.0360653,0.084095486,0.14787492,-0.5110479,-1.3919452,0.55228674,-3.2000632
4.561824798583984,0.08021526,0.1341569,-0.5046708,-1.3365551,0.46275523,-2.7630439,0.44114953,0.011502969,-0.08290589,-0.8745417,-3.6738875,3.393885,0.062082678,0.13555172,-0.48740515,-1.4889319,0.62954617,-3.0264452,0.0830756,0.14507823,-0.5099433,-1.3983454,0.60317665,-3.0885913
4.563825607299805,0.07920643,0.1314772,-0.5037577,-1.3420275,0.4499031,-2.7070944,0.44096902,0.009767462,-0.090253666,-0.8677539,-3.6300306,3.4829094,0.061110385,0.13256176,-0.48614606,-1.4949847,0.67718875,-2.9065523,0.082058124,0.14226918,-0.50873697,-1.4045225,0.52539384,-3.0841365
4.565826416015625,0.0781994,0.12878668,-0.5028706,-1.3473874,0.43676433,-2.6505167,0.440774,0.008045886,-0.09751373,-0.8607881,-3.700629,3.4768066,0.0601408,0.12956016,-0.4847917,-1.5007979,0.5963683,-2.8956602,0.08104275,0.1394478,-0.5076862,-1.4106908,0.5755376,-2.970995
4.567827224731445,0.07719412,0.12608555,-0.5020101,-1.3526335,0.42334417,-2.5933216,0.44056416,0.0063382164,-0.104914986,-0.8538345,-3.6562486,3.5649436,0.059173603,0.12654698,-0.48359895,-1.5065892,0.6432605,-2.774122,0.08002968,0.13661453,-0.5065351,-1.4166328,0.4971532,-2.9652793
4.569828033447266,0.07619053,0.12337404,-0.5011767,-1.3577645,0.40964493,-2.5355148,0.4403397,0.004644807,-0.112227485,-0.8467046,-3.7265046,3.5580513,0.058208976,0.12352271,-0.48231244,-1.5121374,0.56184894,-2.7619832,0.0790186,0.13376941,-0.5055408,-1.4225633,0.54656696,-2.8505034
4.571828842163086,0.075188585,0.12065238,-0.50037104,-1.3627793,0.3956718,-2.4771075,0.44010034,0.0029656298,-0.119680494,-0.8395885,-3.6815822,3.6452897,0.0572466,0.120487384,-0.48118874,-1.5176613,0.6079995,-2.6388626,0.0780097,0.13091289,-0.50444764,-1.4282644,0.46759552,-2.8435574
4.573829650878906,0.07418822,0.1179208,-0.4995936,-1.3676765,0.38142893,-2.4181094,0.43984625,0.0013010339,-0.12704366,-0.8322979,-3.7514882,3.637598,0.056286655,0.117441505,-0.47997275,-1.5229391,0.5260168,-2.6255236,0.077002674,0.12804498,-0.50351244,-1.4339515,0.5162957,-2.7271888
4.575830459594727,0.07318938,0.11517954,-0.4988449,-1.3724551,0.36692023,-2.3585286,0.43957716,-0.00034901162,-0.13454664,-0.8250227,-3.706024,3.7239168,0.055328812,0.11438513,-0.47892073,-1.5281901,0.57145756,-2.5008605,0.07599772,0.12516616,-0.50247985,-1.4394059,0.43675187,-2.7190433
4.577831268310547,0.072192006,0.11242884,-0.4981255,-1.377114,0.35215122,-2.2983773,0.43929324,-0.0019841613,-0.14195868,-0.81757486,-3.7755766,3.7154102,0.054373257,0.111318745,-0.4777778,-1.5331918,0.48892143,-2.4863567,0.074994504,0.12227648,-0.50160635,-1.444844,0.48475808,-2.6011236
4.579832077026367,0.07119605,0.10966893,-0.4974359,-1.381652,0.33712566,-2.237664,0.43899423,-0.0036044496,-0.14950983,-0.81014407,-3.7295532,3.8007944,0.053419657,0.108242415,-0.47679996,-1.5381645,0.53367144,-2.3602135,0.07399323,0.11937638,-0.5006368,-1.4500463,0.4046596,-2.5918148
4.5818328857421875,0.07020144,0.10690007,-0.4967766,-1.386068,0.3218493,-2.1764011,0.4386803,-0.0052095344,-0.15696894,-0.80254245,-3.7987447,3.7914603,0.05246819,0.105156645,-0.47573262,-1.542885,0.450604,-2.344595,0.07299358,0.116465926,-0.4998275,-1.4552299,0.451992,-2.4723938
4.583833694458008,0.06920812,0.104122505,-0.49614814,-1.3903608,0.30632743,-2.1146002,0.43835115,-0.006799454,-0.16456643,-0.79495955,-3.7521563,3.8758922,0.05151853,0.102061495,-0.4748314,-1.5475742,0.4946969,-2.2170262,0.07199573,0.113545574,-0.4989235,-1.4601747,0.37135637,-2.4619586
4.585834503173828,0.068216026,0.101336464,-0.49555096,-1.3945295,0.29056388,-2.0522695,0.43800703,-0.00837387,-0.17207074,-0.7872078,-3.820981,3.8657181,0.050570846,0.09895748,-0.473842,-1.5520083,0.41111964,-2.200334,0.07099937,0.11061538,-0.4981808,-1.4650986,0.4180387,-2.3410852
4.587835311889648,0.06722509,0.09854221,-0.49498555,-1.3985729,0.27456602,-1.989425,0.4376476,-0.009932823,-0.1797127,-0.77947634,-3.7738223,3.9491777,0.049624804,0.09584466,-0.47301975,-1.5564089,0.45457965,-2.071409,0.07000468,0.10767582,-0.49734473,-1.4697808,0.3368856,-2.3295646
4.589836120605469,0.06623526,0.09574,-0.4944524,-1.4024901,0.25833827,-1.9260765,0.4372731,-0.011475978,-0.18726034,-0.771578,-3.8422744,3.938149,0.048680585,0.09272356,-0.4721106,-1.5605516,0.37051895,-2.0536978,0.06901134,0.10472694,-0.49667096,-1.47444,0.38294098,-2.2072942
4.591836929321289,0.06524646,0.09293007,-0.49395192,-1.40628,0.24188612,-1.8622357,0.43688318,-0.013003382,-0.19494489,-0.76370174,-3.794533,4.0206246,0.047737844,0.089594245,-0.47136956,-1.564659,0.41337815,-1.9234753,0.068019524,0.10176923,-0.49590507,-1.4788545,0.30129158,-2.1947324
4.593837738037109,0.064258635,0.090112686,-0.4934846,-1.4099418,0.22521612,-1.7979169,0.4364781,-0.014514703,-0.20253396,-0.7556605,-3.8626087,4.008733,0.046796758,0.08645723,-0.47054282,-1.568506,0.328858,-1.9047956,0.06702892,0.098802745,-0.4953025,-1.483244,0.34674734,-2.0711217
4.59583854675293,0.06327171,0.087288104,-0.4930508,-1.4134743,0.20833416,-1.7331325,0.4360576,-0.01600999,-0.21025918,-0.747643,-3.8142762,4.090204,0.045856986,0.0833126,-0.4698851,-1.5723156,0.37114534,-1.7733493,0.0660397,0.095827974,-0.494609,-1.4873862,0.2646235,-2.0575647
4.59783935546875,0.062285613,0.084456585,-0.49265105,-1.4168768,0.19124633,-1.667896,0.43562183,-0.017488915,-0.21788773,-0.7394626,-3.881971,4.0774407,0.0449187,0.08016088,-0.46914282,-1.5758623,0.2861917,-1.7537616,0.06505153,0.09284497,-0.49407974,-1.4915013,0.3095075,-1.9326761
4.59984016418457,0.061300285,0.08161839,-0.49228567,-1.4201483,0.17395952,-1.6022218,0.43517053,-0.018951531,-0.22565167,-0.73130774,-3.8330433,4.1578965,0.04398156,0.07700214,-0.46857044,-1.5793698,0.327951,-1.6211587,0.064064614,0.08985424,-0.4934607,-1.4953667,0.22693217,-1.9181719
4.601840496063232,0.06031589,0.07877446,-0.49195513,-1.4232872,0.15648307,-1.5361373,0.4347039,-0.020397516,-0.23331775,-0.72299194,-3.900352,4.144248,0.04304573,0.073836915,-0.46791455,-1.5826122,0.24259086,-1.6007125,0.0630786,0.086855836,-0.49300686,-1.4992031,0.27127406,-1.7920702
4.603841304779053,0.059331883,0.0759237,-0.49165967,-1.4262942,0.13881642,-1.4696274,0.43422166,-0.021826923,-0.24111845,-0.71470344,-3.8508189,4.22367,0.04211087,0.070665285,-0.46742937,-1.5858136,0.2838463,-1.4670377,0.062093668,0.083850265,-0.4924643,-1.5027872,0.18827188,-1.7766708
4.605842113494873,0.058348432,0.07306706,-0.49139977,-1.4291677,0.12096943,-1.40272,0.43372402,-0.023239436,-0.24882008,-0.7062561,-3.9177358,4.2091236,0.04117715,0.06748779,-0.46686167,-1.5887477,0.19810951,-1.4458003,0.06110949,0.080837585,-0.49208775,-1.5063406,0.23210362,-1.649423
4.607842922210693,0.057365466,0.07020481,-0.49117574,-1.431907,0.102950335,-1.3354328,0.4332107,-0.024635112,-0.25665554,-0.6978378,-3.8675892,4.2875066,0.040244218,0.064304516,-0.46646544,-1.5916394,0.2389053,-1.3111259,0.060126245,0.077818304,-0.49162355,-1.5096395,0.14870024,-1.6331816
4.609843730926514,0.05638291,0.06733721,-0.49098793,-1.4345114,0.084764704,-1.2677777,0.43268192,-0.026013637,-0.26439074,-0.6892628,-3.9341102,4.2720585,0.039312243,0.06111599,-0.46598762,-1.5942616,0.15282023,-1.2891564,0.05914359,0.07479249,-0.49132615,-1.5129058,0.19205335,-1.5048591
4.611844539642334,0.055400696,0.06446453,-0.49083665,-1.43698,0.06642047,-1.1997718,0.4321374,-0.027375074,-0.27225897,-0.68071866,-3.8833506,4.34938,0.03838088,0.05792231,-0.46568197,-1.5968399,0.19319579,-1.1535604,0.058161706,0.071760654,-0.49094206,-1.5159155,0.10827585,-1.4878329
4.613845348358154,0.054418746,0.061587054,-0.49072224,-1.4393122,0.047925003,-1.1314305,0.43157735,-0.028719114,-0.28002566,-0.6720199,-3.9494708,4.3330173,0.037450287,0.054724015,-0.46529558,-1.5991471,0.10679309,-1.1309203,0.057180256,0.068722874,-0.49072552,-1.5188912,0.1511867,-1.3585088
4.615846157073975,0.053436987,0.058705047,-0.49064496,-1.4415073,0.029284466,-1.0627674,0.4310015,-0.030045822,-0.2879246,-0.66335386,-3.898086,4.4092665,0.036520123,0.051521197,-0.465082,-1.601409,0.1467801,-0.99449277,0.05619941,0.065679654,-0.49042314,-1.5216082,0.067062356,-1.3407547
4.617846965789795,0.052455347,0.055818785,-0.49060515,-1.4435648,0.010507375,-0.9938004,0.4304101,-0.031354893,-0.29572076,-0.65453535,-3.9638014,4.3919787,0.035590548,0.0483144,-0.46478844,-1.603398,0.060092703,-0.97125494,0.05521883,0.06263108,-0.49028903,-1.5242897,0.109564655,-1.2105072
4.619847774505615,0.051473748,0.052928545,-0.49060303,-1.4454839,-0.008399177,-0.92454475,0.4298028,-0.032646395,-0.30364835,-0.6457514,-3.9117885,4.46714,0.03466121,0.045103718,-0.46466824,-1.6053405,0.0997401,-0.8340784,0.054238692,0.059577655,-0.4900699,-1.5267107,0.025122954,-1.192087
4.6218485832214355,0.050492115,0.050034605,-0.49063885,-1.4472642,-0.027427139,-0.8550175,0.42917985,-0.03392003,-0.31147194,-0.63681716,-3.9770951,4.4489145,0.033732273,0.0418897,-0.46446878,-1.6070087,0.01280034,-0.81030786,0.053258654,0.056519464,-0.49001965,-1.5290949,0.06725587,-1.0609947
4.623849391937256,0.049510375,0.04713724,-0.49071285,-1.4489051,-0.046569698,-0.7852334,0.428541,-0.03517587,-0.31942612,-0.6279193,-3.92444,4.522984,0.032803386,0.038672443,-0.46444318,-1.6086293,0.05215029,-0.672476,0.052278884,0.05345703,-0.48988515,-1.531217,-0.017473875,-1.0419703
4.625850200653076,0.048528448,0.044236735,-0.49082527,-1.4504062,-0.06581835,-0.7152102,0.42788646,-0.036413617,-0.327275,-0.61887336,-3.9893346,4.5038185,0.03187471,0.035452496,-0.46433887,-1.6099743,-0.035010573,-0.64824003,0.051299043,0.050390426,-0.4899201,-1.5333009,0.024326611,-0.9101146
4.6278510093688965,0.047546256,0.041333366,-0.4909763,-1.451767,-0.085164964,-0.6449654,0.42721596,-0.03763335,-0.3352537,-0.6098657,-3.93604,4.5767694,0.030945892,0.032229956,-0.4644089,-1.6112708,0.004082312,-0.5098382,0.0503193,0.047320183,-0.48987144,-1.5351211,-0.060660236,-0.8905506
4.629851818084717,0.046563722,0.038427416,-0.49116614,-1.452987,-0.10460236,-0.5745144,0.4265297,-0.038834773,-0.34312576,-0.6007122,-4.000518,4.5566535,0.03001709,0.029005375,-0.46440074,-1.6122905,-0.08326529,-0.48521215,0.049339313,0.04424638,-0.48999277,-1.5369022,-0.019151658,-0.75801563
4.631852626800537,0.04558077,0.035519164,-0.49139494,-1.4540658,-0.12412224,-0.5038745,0.42582744,-0.04001797,-0.3511268,-0.59159887,-3.9465735,4.6284876,0.029087955,0.025778852,-0.46456727,-1.613261,-0.044384014,-0.34633332,0.048359253,0.041169543,-0.49003106,-1.5384182,-0.104364425,-0.7379778
4.633853435516357,0.04459732,0.032608896,-0.49166286,-1.4550031,-0.1437161,-0.43306398,0.42510942,-0.041182652,-0.35901994,-0.5823419,-4.0106297,4.6074076,0.028158642,0.022550944,-0.46465605,-1.6139537,-0.1318818,-0.32139018,0.04737877,0.038089756,-0.4902398,-1.5398941,-0.063107684,-0.6048503
4.635854244232178,0.043613296,0.029696895,-0.49197006,-1.4557986,-0.16337635,-0.36209914,0.42437533,-0.042328905,-0.3670412,-0.5731271,-3.9560304,4.678097,0.027228802,0.01932175,-0.4649198,-1.6145965,-0.09316533,-0.18213105,0.04639804,0.035007548,-0.490366,-1.5411038,-0.14851452,-0.5844054
4.637855052947998,0.042628616,0.026783442,-0.49231666,-1.456452,-0.1830941,-0.29099852,0.4236254,-0.043456446,-0.37495327,-0.5637709,-4.0196624,4.656052,0.02629859,0.01609183,-0.46510613,-1.6149608,-0.18078035,-0.15694156,0.045416713,0.031923003,-0.49066305,-1.5422727,-0.10746807,-0.45077297
4.639855861663818,0.041643206,0.023868825,-0.49270278,-1.4569631,-0.20286192,-0.21977814,0.42285943,-0.044565365,-0.3829926,-0.5544588,-3.9644055,4.7256,0.025367655,0.01286128,-0.4654677,-1.6152747,-0.14218667,-0.017398331,0.044434957,0.028836654,-0.490878,-1.5431743,-0.19303574,-0.4299909
4.641856670379639,0.040656984,0.02095333,-0.49312848,-1.4573314,-0.22267108,-0.14845654,0.4220776,-0.04565538,-0.3909214,-0.5450076,-4.02761,4.702579,0.02443615,0.0096306605,-0.46575207,-1.6153095,-0.22988163,0.007957181,0.04345243,0.025748586,-0.49126405,-1.5440342,-0.15215741,-0.2959421
4.643857479095459,0.039669868,0.01803724,-0.49359384,-1.4575571,-0.2425128,-0.07705207,0.42127964,-0.046726584,-0.39897662,-0.53560245,-3.971688,4.770959,0.023503726,0.006400073,-0.46621183,-1.6152936,-0.19135725,0.14769292,0.042469293,0.022659333,-0.49156836,-1.5446261,-0.2378531,-0.27489176
4.645858287811279,0.038681783,0.01512084,-0.49409893,-1.4576398,-0.26237965,-0.005580874,0.4204658,-0.047778707,-0.40692002,-0.5260605,-4.034458,4.7469487,0.022570537,0.0031700763,-0.46659455,-1.6149982,-0.2790988,0.17314571,0.041485205,0.019568982,-0.49204406,-1.5451759,-0.19709998,-0.14051774
4.6478590965271,0.037692647,0.012204418,-0.49464378,-1.4575795,-0.28226253,0.065937795,0.41963583,-0.04881184,-0.41498893,-0.51656663,-3.9778707,4.8141627,0.021636233,-5.9227692e-05,-0.46715274,-1.6146519,-0.24060392,0.31296858,0.040500328,0.016478067,-0.49243826,-1.5454569,-0.28288975,-0.11927042
4.64985990524292,0.036702383,0.00928826,-0.49522844,-1.457376,-0.30215335,0.13748698,0.41878995,-0.049825717,-0.42294466,-0.50693834,-4.0402055,4.7891607,0.020700965,-0.0032872797,-0.46763396,-1.614026,-0.32835302,0.33843502,0.039514318,0.013386676,-0.49300402,-1.5456954,-0.24221846,0.015337301
4.65186071395874,0.03571091,0.006372652,-0.4958529,-1.4570293,-0.32204345,0.20904814,0.4179279,-0.050820436,-0.4310251,-0.49736002,-3.9829435,4.8551836,0.019764384,-0.0065139784,-0.46829066,-1.6133491,-0.28983438,0.47825125,0.03852734,0.010295346,-0.49348846,-1.5456648,-0.32806864,0.03671047
4.6538615226745605,0.034718145,0.0034578813,-0.49651712,-1.4565395,-0.34192476,0.2806042,0.4170499,-0.051795736,-0.43899098,-0.48764965,-4.0448365,4.829176,0.018826643,-0.009738764,-0.4688703,-1.6123925,-0.37755594,0.5036576,0.03753905,0.007204164,-0.4941446,-1.5455914,-0.28743523,0.17145953
4.655862331390381,0.03372401,0.0005442337,-0.4972211,-1.4559065,-0.3617884,0.35213628,0.41615576,-0.05275172,-0.44708064,-0.47799128,-3.9868963,4.8940043,0.017887393,-0.012961535,-0.4696254,-1.6113852,-0.3389684,0.64336914,0.036549613,0.0041136667,-0.49471945,-1.5452484,-0.37331164,0.19288708
4.657863140106201,0.03272843,-0.002368004,-0.49796483,-1.4551305,-0.38162616,0.42362717,0.41524565,-0.053688128,-0.45505443,-0.46820328,-4.048346,4.866987,0.016946787,-0.016181732,-0.47030336,-1.6100985,-0.42662624,0.6686391,0.035558682,0.0010239412,-0.49546608,-1.5448626,-0.3326726,0.32768467
4.6598639488220215,0.03173132,-0.0052785464,-0.4987482,-1.4542114,-0.4014294,0.49505824,0.41431934,-0.054605067,-0.46315113,-0.4584693,-3.9897215,4.9306,0.016004473,-0.019399254,-0.4711566,-1.6087612,-0.38792416,0.80814725,0.034566417,-0.0020644735,-0.49613142,-1.5442072,-0.41854078,0.34909394
4.661864757537842,0.030732602,-0.008187106,-0.49957117,-1.4531494,-0.42119005,0.56641245,0.41337708,-0.055502284,-0.47113058,-0.4486081,-4.050723,4.902565,0.015060608,-0.022613544,-0.47193244,-1.607145,-0.47548157,0.8332037,0.03357248,-0.0051514916,-0.4969685,-1.543509,-0.37785137,0.48384672
4.663865566253662,0.0297322,-0.011093399,-0.5004336,-1.4519448,-0.44089982,0.63767225,0.4124186,-0.056379892,-0.479232,-0.43880296,-3.99141,4.9649506,0.014114842,-0.025824502,-0.4728834,-1.6054785,-0.43661612,0.9724065,0.03257703,-0.008236574,-0.4977242,-1.5425413,-0.46367702,0.5051658
4.665866374969482,0.028730031,-0.0139971385,-0.50133544,-1.4505978,-0.4605501,0.70881927,0.4114442,-0.057237636,-0.48721483,-0.42887306,-4.051959,4.935886,0.013167328,-0.02903157,-0.47375664,-1.6035337,-0.5240352,0.99717396,0.031579725,-0.011319636,-0.49865156,-1.541531,-0.42289355,0.63978076
4.667867183685303,0.02772602,-0.01689804,-0.50227654,-1.4491085,-0.48013213,0.77983516,0.41045356,-0.05807564,-0.49531874,-0.41900128,-3.9919586,4.9970365,0.012217719,-0.032234646,-0.4748047,-1.6015394,-0.48496172,1.1359754,0.030580731,-0.014400139,-0.49949735,-1.5402514,-0.5086425,0.6609377
4.669867992401123,0.026720088,-0.01979582,-0.50325674,-1.4474772,-0.4996384,0.8507038,0.40944695,-0.058893654,-0.50330263,-0.40900722,-4.0520506,4.9669337,0.01126617,-0.03543318,-0.47577462,-1.5992674,-0.57220584,1.160371,0.029579703,-0.017477999,-0.5005146,-1.5389295,-0.46772084,0.79532194
4.671868801116943,0.025712155,-0.022690196,-0.50427586,-1.4457043,-0.51906025,0.9214067,0.40842414,-0.0596918,-0.5114067,-0.39907336,-3.9913497,5.0268335,0.010312332,-0.038627073,-0.47691903,-1.5969466,-0.53287023,1.2986735,0.028576802,-0.020552676,-0.50145006,-1.5373389,-0.55335903,0.8162452
4.673869609832764,0.024702143,-0.025580883,-0.5053338,-1.4437902,-0.53839,0.9919276,0.40738535,-0.06046984,-0.5193894,-0.3890197,-4.0509815,4.995685,0.009356363,-0.041815773,-0.47798476,-1.5943493,-0.6199075,1.3226302,0.02757169,-0.023624089,-0.5025568,-1.5357064,-0.51225567,0.95030683
4.675870418548584,0.023689976,-0.0284676,-0.50643027,-1.4417351,-0.557619,1.0622482,0.40633038,-0.061227895,-0.52749133,-0.37902832,-3.9895847,5.05432,0.008397914,-0.044999182,-0.47922456,-1.591704,-0.5802725,1.4603336,0.026564527,-0.026691701,-0.5035813,-1.5338057,-0.5977492,0.9709253
4.677871227264404,0.022675578,-0.03135006,-0.5075651,-1.4395397,-0.57673895,1.132351,0.40525943,-0.061965734,-0.5354705,-0.36891967,-4.048752,5.0221157,0.0074371435,-0.04817675,-0.4803851,-1.5887834,-0.66706353,1.4837714,0.025554974,-0.029755428,-0.5047768,-1.5318639,-0.55642104,1.1045728
4.679872035980225,0.02165887,-0.034227993,-0.50873804,-1.4372041,-0.5957432,1.2022213,0.4041723,-0.062683485,-0.543568,-0.35887545,-3.9866493,5.079475,0.006473705,-0.05134838,-0.48171923,-1.5858158,-0.6270747,1.620788,0.024543194,-0.032814737,-0.5058896,-1.5296547,-0.6417366,1.1248161
4.681872844696045,0.020639777,-0.037101112,-0.5099489,-1.434729,-0.6146219,1.2718389,0.40306923,-0.06338092,-0.5515413,-0.3487165,-4.0453506,5.046213,0.0055077584,-0.05451353,-0.48297337,-1.5825742,-0.7135859,1.6436367,0.023528848,-0.035869546,-0.50717306,-1.5274051,-0.6001406,1.2579595
4.683873653411865,0.019618224,-0.03996914,-0.51119745,-1.4321148,-0.6333687,1.3411896,0.40194997,-0.06405817,-0.559632,-0.33862406,-3.982544,5.1022854,0.004538957,-0.057672102,-0.48440054,-1.5792869,-0.6732099,1.7798597,0.0225121,-0.038919326,-0.5083733,-1.5248892,-0.6852449,1.2777588
4.6858744621276855,0.018594136,-0.042831797,-0.51248336,-1.4293622,-0.6519755,1.4102566,0.40081477,-0.064715005,-0.5675971,-0.32841948,-4.04077,5.0679483,0.003567463,-0.060823556,-0.48574695,-1.5757272,-0.75940776,1.8020439,0.021492613,-0.041963995,-0.5097438,-1.5223337,-0.64334035,1.4103091
4.687875270843506,0.017567437,-0.045688808,-0.51380634,-1.4264717,-0.6704341,1.4790224,0.39966342,-0.065351576,-0.57567865,-0.3182836,-3.9772496,5.12271,0.0025929315,-0.0639678,-0.48726577,-1.5721232,-0.71858674,1.9373999,0.020470552,-0.04500302,-0.5110305,-1.5195131,-0.72820115,1.4295955
4.689876079559326,0.016538056,-0.0485399,-0.5151661,-1.4234439,-0.68873763,1.547472,0.39849615,-0.06596765,-0.5836331,-0.30803818,-4.035,5.0872974,0.0016155256,-0.067104295,-0.48870295,-1.5682484,-0.8044372,1.958852,0.019445578,-0.048036326,-0.5124869,-1.5166539,-0.68594533,1.561466
4.6918768882751465,0.015505916,-0.051384795,-0.5165623,-1.4202795,-0.7068782,1.6155889,0.39731273,-0.066563375,-0.5917031,-0.29786357,-3.9707646,5.140738,0.0006349018,-0.07023296,-0.49031183,-1.5643307,-0.76314175,2.0932338,0.01841786,-0.05106339,-0.5138588,-1.513531,-0.77053124,1.5801741
4.693877696990967,0.014470947,-0.054223225,-0.51799464,-1.4169792,-0.7248485,1.6833576,0.39611346,-0.06713854,-0.59964466,-0.2875821,-4.0280337,5.1042275,-0.00034877448,-0.073353246,-0.49183813,-1.5601442,-0.8486111,2.1138825,0.01738706,-0.05408413,-0.5153999,-1.5103706,-0.7278855,1.7112788
4.695878505706787,0.013433076,-0.057054915,-0.51946276,-1.4135436,-0.7426413,1.7507621,0.39489806,-0.067693286,-0.6077007,-0.27737364,-3.963078,5.1563396,-0.0013358452,-0.07646508,-0.49353534,-1.5559164,-0.8067909,2.2472098,0.016353348,-0.057098027,-0.51685566,-1.5069481,-0.8121651,1.7293423
4.697879314422607,0.012392232,-0.059879597,-0.5209663,-1.4099735,-0.76024973,1.8177881,0.3936668,-0.06822741,-0.6156269,-0.26706097,-4.0198593,5.1187296,-0.002326143,-0.079567924,-0.49514893,-1.551422,-0.89184743,2.2669888,0.015316389,-0.060105007,-0.51848,-1.5034894,-0.76908946,1.8595992
4.699880123138428,0.011348345,-0.062697,-0.52250487,-1.4062698,-0.7776662,1.8844194,0.39241946,-0.06874106,-0.6236666,-0.2568235,-3.9541852,5.169493,-0.0033200083,-0.0826617,-0.49693263,-1.546888,-0.84946626,2.399173,0.014276352,-0.06310455,-0.52001816,-1.4997702,-0.8530327,1.8769555
4.701880931854248,0.010301345,-0.06550686,-0.5240781,-1.4024332,-0.7948842,1.950642,0.39115632,-0.06923403,-0.6315749,-0.24648452,-4.010478,5.1307726,-0.0043172715,-0.085745886,-0.49863157,-1.5420897,-0.93407845,2.418018,0.013232904,-0.06609658,-0.5217242,-1.4960163,-0.80949014,2.0062826
4.703881740570068,0.009251162,-0.06830891,-0.52568555,-1.3984644,-0.81189734,2.016442,0.3898771,-0.06970648,-0.63959587,-0.23622297,-3.9440756,5.180177,-0.005318271,-0.08882039,-0.5004997,-1.5372536,-0.89109766,2.5489793,0.012186217,-0.06908059,-0.5233432,-1.4920037,-0.8930676,2.0228696
4.705882549285889,0.0081977295,-0.071102895,-0.5273268,-1.3943645,-0.82869804,2.0818036,0.38858214,-0.070158206,-0.647484,-0.2258626,-3.999876,5.140344,-0.0063228346,-0.0918847,-0.5022819,-1.5321556,-0.9752374,2.5668252,0.011135958,-0.07205651,-0.5251293,-1.487958,-0.8490207,2.151189
4.707883358001709,0.0071409796,-0.07388854,-0.52900153,-1.3901342,-0.84528035,2.1467135,0.38727117,-0.07058937,-0.6554838,-0.21558192,-3.9327495,5.188371,-0.0073312996,-0.09493875,-0.5042324,-1.527022,-0.93161756,2.6964839,0.010082304,-0.07502382,-0.52682734,-1.4836556,-0.93220407,2.1669476
4.709884166717529,0.006080846,-0.076665595,-0.5307092,-1.3857745,-0.86163825,2.211159,0.38594446,-0.07099978,-0.6633493,-0.20520519,-3.9880502,5.1474037,-0.008343491,-0.097982004,-0.50609565,-1.5216291,-1.0152553,2.7132733,0.00902492,-0.07798246,-0.52869177,-1.4793217,-0.8876181,2.2941837
4.71188497543335,0.005017263,-0.0794338,-0.53244936,-1.3812863,-0.87776434,2.2751243,0.3846018,-0.0713896,-0.6713254,-0.19491038,-3.9201882,5.194048,-0.009359743,-0.10101441,-0.50812614,-1.5162026,-0.97096115,2.8415549,0.007963986,-0.08093193,-0.53046703,-1.4747334,-0.97037995,2.3090565
4.71388578414917,0.003950166,-0.08219289,-0.53422153,-1.3766706,-0.89365345,2.3385978,0.38324347,-0.07175864,-0.6791658,-0.18452229,-3.9749851,5.151945,-0.01037988,-0.10403545,-0.51006806,-1.5105195,-1.0540699,2.8572314,0.0068991706,-0.08387216,-0.5324078,-1.4701152,-0.9252209,2.4351363
4.715886116027832,0.0028797472,-0.08494197,-0.5360248,-1.3719295,-0.90929544,2.401551,0.38186923,-0.07210708,-0.6871157,-0.1742184,-3.9063916,5.197181,-0.011404232,-0.10704506,-0.5121762,-1.5048051,-1.0090729,2.9840572,0.005830654,-0.086802654,-0.53425825,-1.4652449,-1.0075351,2.4490683
4.717886924743652,0.0018054338,-0.08768209,-0.53785956,-1.367062,-0.9246921,2.4640017,0.38047937,-0.07243472,-0.6949285,-0.16382404,-3.9606822,5.1539335,-0.012432621,-0.110042736,-0.51419437,-1.498837,-1.0916262,2.9985616,0.0047581075,-0.08972335,-0.5362733,-1.4603467,-0.9617714,2.5739217
4.719887733459473,0.0007274187,-0.09041235,-0.5397249,-1.36207,-0.93983525,2.525925,0.37907368,-0.072741754,-0.70284986,-0.15351617,-3.8913512,5.197751,-0.013465377,-0.113028415,-0.5163776,-1.4928398,-1.045886,3.1238706,0.0036817137,-0.09263375,-0.53819686,-1.4551989,-1.0436127,2.5868602
4.721888542175293,-0.0003543587,-0.093132496,-0.54162025,-1.3569546,-0.9547173,2.5873044,0.3776524,-0.073028,-0.71063256,-0.14312068,-3.9451303,5.1533456,-0.014502316,-0.1160016,-0.5184694,-1.486592,-1.1278614,3.137158,0.0026011453,-0.095533796,-0.5402841,-1.4500252,-0.9972134,2.7104206
4.723889350891113,-0.001439958,-0.09584228,-0.5435451,-1.3517169,-0.96933436,2.6481314,0.37621537,-0.07329363,-0.71852285,-0.13281399,-3.8750591,5.1957293,-0.015543766,-0.118962236,-0.52072513,-1.4803177,-1.0813575,3.2608802,0.0015165881,-0.098423004,-0.5422785,-1.4446044,-1.078558,2.7223153
4.725890159606934,-0.0025294377,-0.09854147,-0.54549897,-1.3463581,-0.98367953,2.7083912,0.37476283,-0.073538475,-0.72627294,-0.12242253,-3.9283211,5.150155,-0.016589543,-0.12190983,-0.5228878,-1.473796,-1.1627287,3.2728996,0.00042771688,-0.10130133,-0.5444356,-1.4391598,-1.0314933,2.8445203
4.727890968322754,-0.003622855,-0.10122981,-0.54748124,-1.3408793,-0.99774915,2.7680757,0.37329456,-0.07376272,-0.7341296,-0.11212222,-3.857505,5.191094,-0.017639969,-0.12484433,-0.5252133,-1.4672502,-1.1154324,3.3949776,-0.0006652804,-0.104168266,-0.5464986,-1.4334707,-1.1123183,2.855324
4.729891777038574,-0.0047202664,-0.10390707,-0.5494914,-1.3352817,-1.0115384,2.8271742,0.37181088,-0.073966205,-0.7418446,-0.10174003,-3.910249,5.1443496,-0.018694857,-0.12776525,-0.5274442,-1.4604603,-1.1961771,3.405676,-0.0017627269,-0.10702378,-0.5487232,-1.4277601,-1.0645628,2.976112
4.7318925857543945,-0.005821727,-0.106573015,-0.5515289,-1.3295665,-1.0250425,2.8856766,0.37031156,-0.07414911,-0.7496651,-0.09145133,-3.8386896,5.1838274,-0.01975453,-0.13067254,-0.52983654,-1.4536489,-1.1480583,3.5260518,-0.0028644316,-0.1098674,-0.55085236,-1.4218079,-1.1448466,2.9857798
4.733893394470215,-0.0069272914,-0.10922741,-0.55359304,-1.3237348,-1.0382568,2.9435718,0.36879689,-0.07431128,-0.75734246,-0.08108368,-3.8909085,5.135898,-0.020818796,-0.13356574,-0.5321326,-1.4465969,-1.2281578,3.5353935,-0.0039707157,-0.11269908,-0.5531421,-1.4158363,-1.0963734,3.1050947
4.735894203186035,-0.008037012,-0.11187002,-0.5556834,-1.3177879,-1.0511758,3.0008488,0.36726663,-0.0744529,-0.76512426,-0.07081188,-3.818605,5.1739025,-0.021887973,-0.13644479,-0.53458893,-1.4395261,-1.1791923,3.6540103,-0.0050813854,-0.11551833,-0.5553348,-1.4096261,-1.1760961,3.1135845
4.7378950119018555,-0.009150941,-0.11450062,-0.5577993,-1.3117269,-1.0637972,3.0575013,0.3657211,-0.07457383,-0.77276146,-0.060464077,-3.8702939,5.1247797,-0.022961868,-0.13930923,-0.5369473,-1.4322181,-1.2586253,3.6619554,-0.0061967596,-0.11832513,-0.557687,-1.403399,-1.1268824,3.2313733
4.739895820617676,-0.010269128,-0.11711898,-0.5599401,-1.3055533,-1.0761147,3.1135159,0.3641601,-0.074674256,-0.7805021,-0.050214518,-3.7972417,5.161298,-0.024040798,-0.14215901,-0.53946453,-1.4248942,-1.2088019,3.778762,-0.007316641,-0.121119,-0.55994076,-1.3969363,-1.2060248,3.2386453
4.741896629333496,-0.011391623,-0.11972487,-0.56210524,-1.2992682,-1.0881269,3.1688893,0.3625839,-0.07475404,-0.78809655,-0.03989192,-3.8483987,5.11097,-0.025124563,-0.1449937,-0.54188216,-1.4173367,-1.2875553,3.7852738,-0.008441347,-0.12389992,-0.5623528,-1.3904591,-1.1560484,3.3548584
4.743897438049316,-0.012518474,-0.122318074,-0.5642941,-1.292873,-1.099828,3.2236087,0.3609923,-0.07481337,-0.79579335,-0.029669981,-3.7745988,5.1459956,-0.026213478,-0.14781323,-0.54445726,-1.4097662,-1.2368397,3.9002328,-0.009570677,-0.12666743,-0.5646649,-1.3837494,-1.2345934,3.360876
4.745898246765137,-0.013649727,-0.124898374,-0.5665061,-1.286369,-1.1112148,3.2776666,0.35938564,-0.07485213,-0.8033426,-0.01937799,-3.8252196,5.0944624,-0.02730734,-0.15061717,-0.5469309,-1.4019657,-1.3148946,3.9052787,-0.010704945,-0.12942149,-0.5671341,-1.3770276,-1.1838344,3.475467
4.747899055480957,-0.014785429,-0.12746556,-0.56874055,-1.2797575,-1.1222854,3.3310585,0.35776365,-0.07487051,-0.810993,-0.009189065,-3.7506683,5.1279674,-0.028406462,-0.15340547,-0.5495607,-1.3941551,-1.2632835,4.0183415,-0.011843949,-0.13216165,-0.56950176,-1.3700767,-1.2617651,3.480197
4.749899864196777,-0.015925623,-0.13001941,-0.5709968,-1.2730398,-1.1330346,3.3837733,0.35612667,-0.07486838,-0.8184944,0.001066871,-3.800748,5.0752144,-0.029510636,-0.15617771,-0.5520873,-1.3861184,-1.3406285,4.021894,-0.012987999,-0.13488787,-0.5720253,-1.3631163,-1.2102063,3.5931222
4.751900672912598,-0.017070353,-0.13255972,-0.5732743,-1.2662174,-1.1434588,3.435802,0.35447448,-0.07484595,-0.8260959,0.0112173,-3.725441,5.107193,-0.030620173,-0.15893386,-0.55476856,-1.3780746,-1.2880985,4.1330323,-0.014136891,-0.13759974,-0.5744457,-1.35593,-1.287508,3.5965333
4.753901481628418,-0.018219661,-0.13508627,-0.5755723,-1.2592915,-1.1535583,3.4871452,0.3528074,-0.074803084,-0.83354676,0.021431686,-3.7749789,5.053214,-0.03173486,-0.16167349,-0.55734473,-1.3698086,-1.3647203,4.135066,-0.015290933,-0.1402972,-0.57702076,-1.3487369,-1.2351308,3.7077553
4.755902290344238,-0.019373586,-0.13759886,-0.5778902,-1.2522637,-1.1633278,3.5377905,0.3511252,-0.07474001,-0.8410967,0.031538114,-3.698918,5.0836587,-0.03285501,-0.16439657,-0.56007415,-1.3615384,-1.3112657,4.2442465,-0.016449915,-0.14297985,-0.579491,-1.3413213,-1.3117903,3.7098198
4.757903099060059,-0.020532168,-0.14009728,-0.5802273,-1.2451352,-1.1727651,3.5877335,0.3494282,-0.0746566,-0.8484945,0.04170543,-3.7479086,5.028449,-0.033980407,-0.16710266,-0.5626967,-1.3530499,-1.3871527,4.244736,-0.017614145,-0.14564764,-0.5821146,-1.3339018,-1.2585834,3.8193016
4.759903907775879,-0.021695446,-0.14258134,-0.58258295,-1.2379074,-1.1818678,3.6369677,0.3477162,-0.07455307,-0.85599035,0.051762328,-3.6710978,5.0573416,-0.03511135,-0.16979179,-0.565471,-1.3445604,-1.332756,4.351922,-0.01878341,-0.14830017,-0.58463174,-1.3262632,-1.3345879,3.8199925
4.761904716491699,-0.022863455,-0.14505085,-0.58495647,-1.2305819,-1.1906343,3.685489,0.34598956,-0.07442932,-0.86333257,0.061877012,-3.7195377,5.0008893,-0.036247622,-0.1724635,-0.5681365,-1.3358566,-1.4078982,4.350851,-0.019958012,-0.15093742,-0.5873009,-1.3186232,-1.2805359,3.9277046
4.7639055252075195,-0.02403623,-0.1475056,-0.5873472,-1.22316,-1.1990612,3.73329,0.344248,-0.07428556,-0.87077165,0.07187879,-3.6419687,5.028228,-0.037389528,-0.17511782,-0.5709523,-1.3271549,-1.3525566,4.4560237,-0.021137737,-0.15355895,-0.589862,-1.3107678,-1.3558748,3.9270012
4.76590633392334,-0.025213806,-0.14994541,-0.58975446,-1.2156432,-1.2071476,3.780368,0.3424919,-0.07412169,-0.8780556,0.08193525,-3.6898568,4.9705305,-0.038536843,-0.17775431,-0.5736574,-1.3182428,-1.4269446,4.4533696,-0.022322884,-0.15616478,-0.59257376,-1.3029138,-1.3009701,4.0329113
4.76790714263916,-0.026396213,-0.15237008,-0.5921775,-1.2080328,-1.2148914,3.8267179,0.340721,-0.07393794,-0.8854353,0.09187631,-3.6115363,4.9963017,-0.039689865,-0.18037298,-0.57651126,-1.3093361,-1.3706515,4.556514,-0.023513235,-0.15875448,-0.5951757,-1.294848,-1.3756331,4.030792
4.7699079513549805,-0.027583484,-0.15477943,-0.59461576,-1.2003306,-1.2222908,3.8723345,0.3389357,-0.0737342,-0.89265835,0.10186892,-3.6588657,4.937352,-0.04084837,-0.18297343,-0.57925254,-1.300223,-1.4442811,4.552271,-0.024709089,-0.16132806,-0.597927,-1.2867864,-1.3198643,4.13488
4.771908760070801,-0.028775647,-0.15717329,-0.5970684,-1.1925378,-1.2293451,3.9172158,0.33713576,-0.073510714,-0.8999761,0.11174363,-3.5797915,4.9615407,-0.042012654,-0.18555567,-0.5821411,-1.2911185,-1.3870343,4.6533556,-0.025910223,-0.1638851,-0.6005667,-1.2785167,-1.3938438,4.1313286
4.773909568786621,-0.029972732,-0.15955146,-0.59953487,-1.1846559,-1.2360523,3.961357,0.3353215,-0.07326738,-0.90713567,0.121666715,-3.6265638,4.901334,-0.043182485,-0.18811929,-0.58491516,-1.2818118,-1.4598999,4.647509,-0.027116932,-0.16642562,-0.6033544,-1.270254,-1.3372046,4.233568
4.775910377502441,-0.031174764,-0.16191377,-0.60201436,-1.1766864,-1.2424107,4.0047536,0.3334927,-0.07300444,-0.9143888,0.13146938,-3.5467362,4.923941,-0.044358157,-0.19066432,-0.58783495,-1.2725168,-1.4016882,4.746543,-0.028328989,-0.16894919,-0.6060288,-1.2617869,-1.4104929,4.2285686
4.777911186218262,-0.03238177,-0.16426004,-0.60450625,-1.1686308,-1.2484204,4.047405,0.33164972,-0.0727218,-0.92148226,0.14131726,-3.5929463,4.8624716,-0.045539435,-0.19319037,-0.59063834,-1.2630237,-1.4737883,4.739094,-0.02954669,-0.17145585,-0.60884976,-1.2533298,-1.352977,4.3289447
4.779911994934082,-0.033593774,-0.16659012,-0.6070098,-1.1604908,-1.2540785,4.089304,0.32979238,-0.07241972,-0.92866814,0.15104221,-3.5123692,4.883485,-0.046726607,-0.19569746,-0.5935859,-1.2535455,-1.4146279,4.8360505,-0.0307698,-0.17394519,-0.6115557,-1.2446718,-1.4255683,4.322487
4.781912803649902,-0.034810796,-0.16890383,-0.60952437,-1.1522676,-1.2593861,4.130452,0.327921,-0.0720981,-0.9356929,0.16080917,-3.5580165,4.8207507,-0.047919437,-0.1981852,-0.59641516,-1.2438735,-1.485955,4.8269815,-0.031998616,-0.17641725,-0.6144068,-1.2360269,-1.3671749,4.420981
4.783913612365723,-0.036032863,-0.171201,-0.61204916,-1.1439627,-1.2643427,4.1708474,0.32603538,-0.0717572,-0.9428089,0.17045067,-3.4766886,4.840163,-0.049118213,-0.20065364,-0.59938705,-1.2342196,-1.4258307,4.92186,-0.033232898,-0.17887162,-0.6171412,-1.2271849,-1.4390639,4.413053
4.785914421081543,-0.03725999,-0.17348148,-0.61458355,-1.1355779,-1.2689474,4.210487,0.32413587,-0.07139693,-0.9497623,0.180131,-3.5217707,4.776156,-0.05032269,-0.2031024,-0.6022387,-1.2243758,-1.4963892,4.911181,-0.034472935,-0.18130833,-0.6200193,-1.2183588,-1.3797863,4.5096564
4.787915229797363,-0.038492195,-0.1757451,-0.61712676,-1.1271145,-1.2731996,4.2493687,0.32222226,-0.07101756,-0.9568058,0.18968332,-3.4396954,4.7939625,-0.05153315,-0.20553151,-0.60523146,-1.2145535,-1.4353145,5.0039797,-0.035718493,-0.18372701,-0.6227789,-1.2093395,-1.4509703,4.5002527
4.789916038513184,-0.0397295,-0.1779917,-0.61967814,-1.1185741,-1.2770991,4.287491,0.3202949,-0.070619024,-0.9636852,0.19927125,-3.4842122,4.728682,-0.052749354,-0.2079406,-0.6081021,-1.2045455,-1.5051012,4.9916854,-0.036969855,-0.18612769,-0.6256808,-1.200339,-1.390812,4.594952
4.791916847229004,-0.040971916,-0.18022116,-0.62223697,-1.1099582,-1.2806456,4.3248525,0.3183536,-0.07020157,-0.97065365,0.20872861,-3.4013865,4.744885,-0.053971577,-0.21032971,-0.6111123,-1.1945621,-1.4430797,5.0824084,-0.03822678,-0.18850999,-0.62846243,-1.191149,-1.4612875,4.5840673
4.793917655944824,-0.04221946,-0.18243329,-0.62480253,-1.1012682,-1.2838403,4.3614545,0.31639868,-0.06976513,-0.97745645,0.21821839,-3.445338,4.678334,-0.055199575,-0.2126985,-0.6139985,-1.1843972,-1.5120993,5.0685077,-0.03948955,-0.19087395,-0.631385,-1.1819808,-1.4002479,4.6768584
4.7959184646606445,-0.04347214,-0.18462797,-0.6273742,-1.0925058,-1.2866825,4.3972945,0.31443,-0.06930998,-0.9843471,0.22757505,-3.3617766,4.692923,-0.05643362,-0.21504703,-0.6170227,-1.1742603,-1.4491371,5.1571636,-0.04075792,-0.1932192,-0.63418555,-1.1726271,-1.470014,4.66449
4.797919273376465,-0.044729974,-0.18680504,-0.6299511,-1.0836724,-1.2891725,4.432372,0.31244785,-0.068836056,-0.9910707,0.23696089,-3.4051604,4.625097,-0.057673465,-0.21737492,-0.61992097,-1.1639459,-1.5173901,5.141659,-0.04203217,-0.1955458,-0.63712555,-1.1632981,-1.4080955,4.7553687
4.799920082092285,-0.045992967,-0.18896437,-0.6325327,-1.0747696,-1.2913104,4.4666867,0.31045207,-0.06834363,-0.997881,0.24621108,-3.320852,4.638072,-0.058919378,-0.21968225,-0.62295574,-1.1536626,-1.4534986,5.2282467,-0.043312054,-0.19785337,-0.63994175,-1.1537874,-1.4771513,4.741515
4.8019208908081055,-0.04726113,-0.19110581,-0.63511825,-1.065799,-1.2930976,4.50024,0.30844304,-0.067832656,-1.0045227,0.25548723,-3.3636684,4.568968,-0.060171105,-0.22196867,-0.6258627,-1.1432061,-1.5209863,5.211143,-0.044597846,-0.20014198,-0.64289606,-1.1443044,-1.4143585,4.8304815
4.803921699523926,-0.048534468,-0.19322924,-0.637707,-1.056762,-1.2945353,4.533033,0.30642053,-0.067303404,-1.01125,0.26462516,-3.278627,4.580325,-0.061428916,-0.22423424,-0.6289047,-1.1327839,-1.4561745,5.2956815,-0.045889296,-0.20241126,-0.6457248,-1.1346434,-1.4827045,4.815144
4.805922508239746,-0.04981299,-0.19533452,-0.64029825,-1.0476601,-1.295622,4.5650616,0.30438492,-0.06675583,-1.0178072,0.2737858,-3.3208768,4.5099473,-0.06269255,-0.22647862,-0.63181704,-1.1221925,-1.522906,5.2769957,-0.047186676,-0.2046613,-0.64869016,-1.1250131,-1.419042,4.9021983
4.807923316955566,-0.0510967,-0.19742154,-0.64289135,-1.038495,-1.2963599,4.59633,0.302336,-0.06619022,-1.024449,0.28280568,-3.2350998,4.519693,-0.06396228,-0.2287019,-0.63486284,-1.1116385,-1.4571829,5.35949,-0.048489735,-0.20689172,-0.65152824,-1.1152087,-1.4866796,4.8853827
4.809924125671387,-0.0523856,-0.19949014,-0.6454856,-1.0292679,-1.2967526,4.6268435,0.30027416,-0.06560653,-1.0309192,0.29184505,-3.276784,4.4480457,-0.065237835,-0.23090374,-0.6377772,-1.1009196,-1.5231621,5.339232,-0.04979874,-0.20910259,-0.6545016,-1.105438,-1.4221549,4.970526
4.811924934387207,-0.053679686,-0.20154023,-0.6480802,-1.0199805,-1.2967958,4.656593,0.2981992,-0.06500504,-1.0374727,0.30074114,-3.1902823,4.4561815,-0.066519484,-0.23308423,-0.64082354,-1.0902412,-1.4565425,5.419704,-0.05111343,-0.21129358,-0.65734595,-1.0954969,-1.4890869,4.952235
4.813925743103027,-0.054978967,-0.20357168,-0.65067464,-1.0106344,-1.2964964,4.6855907,0.2961115,-0.064385734,-1.0438533,0.3096535,-3.2314022,4.3832645,-0.06780696,-0.23524304,-0.6437366,-1.0794017,-1.5217761,5.3978887,-0.05243408,-0.21346477,-0.6603241,-1.0855924,-1.4237055,5.035479
4.815926551818848,-0.056283437,-0.20558436,-0.6532681,-1.0012311,-1.2958502,4.7138276,0.29401085,-0.063748896,-1.0503161,0.31842002,-3.1441755,4.389792,-0.06910052,-0.23738025,-0.64678013,-1.0686059,-1.4542733,5.476342,-0.053760424,-0.21561581,-0.6631715,-1.0755215,-1.4899343,5.0157213
4.817927360534668,-0.057593096,-0.20757818,-0.65585995,-0.991772,-1.2948644,4.7413173,0.29189762,-0.0630945,-1.0566045,0.3271996,-3.1847315,4.315607,-0.070399895,-0.23949556,-0.64968866,-1.0576532,-1.5187677,5.4529843,-0.055092726,-0.2177468,-0.6661514,-1.06549,-1.423709,5.0970674
4.819928169250488,-0.058907937,-0.20955302,-0.6584495,-0.9822587,-1.293536,4.768051,0.28977168,-0.062422834,-1.062974,0.3358308,-3.096791,4.32053,-0.07170535,-0.24158905,-0.6527262,-1.0467472,-1.4503936,5.5294466,-0.056430724,-0.21985738,-0.66899884,-1.0552958,-1.4892389,5.075849
4.821928977966309,-0.060227957,-0.21150877,-0.66103595,-0.9726926,-1.2918668,4.794033,0.28763333,-0.06173389,-1.0691676,0.34447187,-3.1367865,4.245085,-0.073016606,-0.24366044,-0.65562695,-1.0356883,-1.5141604,5.504566,-0.057774678,-0.22194767,-0.67197734,-1.0451441,-1.4221743,5.155314
4.823929786682129,-0.061553147,-0.21344532,-0.6636188,-0.9630753,-1.2898618,4.8192716,0.28548244,-0.061027966,-1.0754412,0.35296205,-3.0481303,4.248414,-0.07433391,-0.24570979,-0.6586553,-1.0246792,-1.4449333,5.5790596,-0.05912432,-0.22401734,-0.6748217,-1.0348334,-1.4870104,5.132649
4.825930595397949,-0.062883504,-0.2153626,-0.6661973,-0.95340824,-1.2875209,4.8437657,0.28331935,-0.060305048,-1.0815375,0.36145887,-3.087565,4.171713,-0.075657,-0.24773684,-0.66154516,-1.0135211,-1.507978,5.552677,-0.060479913,-0.22606647,-0.6777957,-1.0245681,-1.4191241,5.210238
4.8279314041137695,-0.06421901,-0.21726047,-0.6687708,-0.9436929,-1.2848454,4.8675165,0.28114393,-0.059565444,-1.0877126,0.3698023,-2.9982116,4.1734533,-0.07698613,-0.24974167,-0.6645611,-1.0024158,-1.4379219,5.625223,-0.061841182,-0.22809477,-0.68063396,-1.0141476,-1.4832706,5.186134
4.829931735992432,-0.06555934,-0.21913841,-0.67133796,-0.93393314,-1.2818391,4.890524,0.2789565,-0.058809146,-1.0937091,0.3781492,-3.0370934,4.0955086,-0.078321,-0.251724,-0.66743696,-0.99116534,-1.500254,5.597355,-0.06320839,-0.23010232,-0.6836005,-1.0037754,-1.4145683,5.2618656
4.831932544708252,-0.066905126,-0.22099723,-0.6738994,-0.92412573,-1.2785012,4.912798,0.27675694,-0.058036465,-1.0997833,0.38634023,-2.9470365,4.095669,-0.079661876,-0.25368395,-0.67043746,-0.97997063,-1.4293731,5.6679807,-0.064581245,-0.23208882,-0.6864296,-0.9932516,-1.4780318,5.2363386
4.833933353424072,-0.06825603,-0.22283638,-0.6764538,-0.9142745,-1.2748355,4.93434,0.27454558,-0.0572474,-1.1056774,0.39453158,-2.9853675,4.0164847,-0.08100847,-0.25562122,-0.6732962,-0.96863467,-1.4910036,5.638649,-0.06596002,-0.23405437,-0.6893857,-0.98277897,-1.4085315,5.3102226
4.835934162139893,-0.06961203,-0.22465578,-0.6790006,-0.9043809,-1.2708445,4.9551525,0.2723223,-0.056442272,-1.1116481,0.40256456,-2.894625,4.015085,-0.08236103,-0.25753593,-0.67627823,-0.95735735,-1.4193298,5.7073703,-0.06734443,-0.23599869,-0.69220275,-0.9721585,-1.4713188,5.283284
4.837934970855713,-0.07097313,-0.22645535,-0.68153906,-0.8944464,-1.2665293,4.9752374,0.27008742,-0.055621084,-1.1174374,0.41059473,-2.93241,3.934677,-0.08371926,-0.25942782,-0.6791169,-0.9459426,-1.4802654,5.6765924,-0.06873472,-0.23792188,-0.69514537,-0.9615919,-1.4010285,5.3553452
4.839935779571533,-0.07233929,-0.22823499,-0.68406856,-0.88447237,-1.2618927,4.994598,0.2678408,-0.054784156,-1.1233022,0.4184641,-2.8409848,3.9317238,-0.08508342,-0.261297,-0.6820774,-0.9345894,-1.4078066,5.7434425,-0.07013062,-0.23982364,-0.69794744,-0.9508812,-1.4631466,5.3270144
4.8419365882873535,-0.0737105,-0.22999464,-0.68658847,-0.87446034,-1.2569366,5.0132384,0.26558283,-0.0539315,-1.1289842,0.42632756,-2.8782268,3.850095,-0.08645321,-0.26314318,-0.684893,-0.9231025,-1.4680638,5.7112527,-0.07153236,-0.24170409,-0.70087373,-0.94022715,-1.392088,5.3972607
4.843937397003174,-0.07508674,-0.23173422,-0.6890981,-0.8644118,-1.2516664,5.0311666,0.26331335,-0.053063445,-1.1347407,0.43402776,-2.786133,3.8456042,-0.08782887,-0.26496655,-0.68782914,-0.91168,-1.3948495,5.776264,-0.07293968,-0.24356295,-0.7036579,-0.92943263,-1.4535438,5.36755
4.845938205718994,-0.076468,-0.23345366,-0.6915969,-0.85432804,-1.2460803,5.04838,0.26103273,-0.052180007,-1.140313,0.44171897,-2.8228385,3.7627702,-0.08921011,-0.26676682,-0.6906188,-0.9001275,-1.4544367,5.7426786,-0.07435281,-0.24540034,-0.706565,-0.91869754,-1.3817248,5.4360075
4.8479390144348145,-0.07785424,-0.23515289,-0.6940842,-0.84421057,-1.2401835,5.0648847,0.2587408,-0.05128152,-1.1459587,0.4492445,-2.7300792,3.7567577,-0.09059716,-0.2685441,-0.6935277,-0.88864213,-1.3804777,5.805865,-0.075771466,-0.24721599,-0.7093285,-0.9078255,-1.4425272,5.404937
4.849939823150635,-0.07924545,-0.23683184,-0.6965594,-0.8340608,-1.2339784,5.080688,0.256438,-0.050368004,-1.1514188,0.45675802,-2.7662559,3.6727374,-0.09198974,-0.27029818,-0.69628865,-0.8770304,-1.4394073,5.7709117,-0.07719589,-0.24901001,-0.7122135,-0.89701563,-1.3699697,5.471622
4.851940631866455,-0.0806416,-0.23849046,-0.69902194,-0.8238801,-1.2274666,5.09579,0.25412408,-0.049439795,-1.1569513,0.4641035,-2.6728444,3.6652203,-0.09338807,-0.27202916,-0.6991675,-0.8654885,-1.3647306,5.832314,-0.0786258,-0.25078216,-0.7149535,-0.8860724,-1.4301267,5.4392076
4.853941440582275,-0.08204266,-0.24012868,-0.7014711,-0.81366986,-1.2206507,5.110194,0.2517995,-0.048496928,-1.162297,0.47143394,-2.7084982,3.5800252,-0.09479187,-0.2737368,-0.70189697,-0.8538239,-1.4230144,5.796011,-0.08006143,-0.25253254,-0.71781373,-0.87519395,-1.3568414,5.5041447
4.855942249298096,-0.083448604,-0.24174644,-0.7039063,-0.8034315,-1.213535,5.1239085,0.24946406,-0.04753974,-1.167714,0.47859398,-2.6144419,3.5710301,-0.09620135,-0.27542126,-0.70474297,-0.84223187,-1.3476342,5.855664,-0.08150248,-0.25426093,-0.7205274,-0.8641857,-1.4163626,5.4704084
4.857943058013916,-0.08485941,-0.24334368,-0.70632696,-0.7931664,-1.2061204,5.1369343,0.24711818,-0.046568267,-1.1729429,0.48573604,-2.6495805,3.4846756,-0.09761623,-0.2770823,-0.70743823,-0.8305206,-1.4052849,5.8180504,-0.082949206,-0.2559674,-0.7233601,-0.8532449,-1.3423706,5.5336146
4.859943866729736,-0.08627504,-0.24492036,-0.7087325,-0.7828759,-1.1984099,5.149276,0.24476169,-0.045582857,-1.1782421,0.4927054,-2.5548968,3.474224,-0.09903673,-0.27872005,-0.7102488,-0.8188845,-1.3292339,5.8759694,-0.084401295,-0.25765178,-0.72604483,-0.8421777,-1.4012644,5.4985743
4.861944675445557,-0.08769547,-0.24647643,-0.71112233,-0.7725614,-1.1904099,5.1609445,0.24239498,-0.044583548,-1.1833519,0.49965385,-2.5895274,3.386731,-0.10046255,-0.28033432,-0.7129073,-0.80713254,-1.3862631,5.8370643,-0.085858986,-0.25931415,-0.7288474,-0.8311805,-1.3265818,5.5600767
4.863945484161377,-0.08912067,-0.24801184,-0.71349585,-0.7622242,-1.1821177,5.171934,0.24001792,-0.043570694,-1.1885309,0.5064273,-2.4942253,3.3748443,-0.10189391,-0.28192523,-0.7156798,-0.79545844,-1.3095489,5.893286,-0.08732199,-0.26095426,-0.73150057,-0.8200604,-1.3848584,5.5237517
4.865946292877197,-0.0905506,-0.24952655,-0.7158525,-0.7518657,-1.173541,5.182258,0.23763089,-0.04254434,-1.1935194,0.513177,-2.5283568,3.286231,-0.10333051,-0.28349257,-0.7182989,-0.78367186,-1.3659667,5.853117,-0.08879053,-0.2625723,-0.7342703,-0.8090129,-1.3094996,5.583575
4.867947101593018,-0.091985226,-0.2510205,-0.71819174,-0.7414872,-1.1646812,5.1919193,0.23523374,-0.04150484,-1.1985761,0.51974946,-2.4324486,3.272937,-0.10477257,-0.2850365,-0.72103083,-0.7719656,-1.2886263,5.9076724,-0.090264305,-0.264168,-0.7368893,-0.7978457,-1.3671688,5.545989
4.869947910308838,-0.093424514,-0.25249368,-0.7205129,-0.73109007,-1.1555402,5.200919,0.23282686,-0.04045225,-1.203441,0.52629536,-2.4660902,3.1832218,-0.10621978,-0.2865568,-0.7236081,-0.76015025,-1.3444457,5.8662558,-0.09174355,-0.2657415,-0.73962367,-0.7867537,-1.2911581,5.6041527
4.871948719024658,-0.09486843,-0.25394604,-0.7228156,-0.7206756,-1.1461226,5.2092667,0.23041011,-0.039386924,-1.2083732,0.5326618,-2.3695872,3.1685495,-0.10767238,-0.28805363,-0.72629696,-0.74841774,-1.2664849,5.919183,-0.09322796,-0.2672926,-0.742206,-0.7755454,-1.3482293,5.565325
4.8739495277404785,-0.09631693,-0.25537753,-0.7250991,-0.710245,-1.1364279,5.2169595,0.22798389,-0.038308926,-1.2131124,0.5389989,-2.4027493,3.0777562,-0.10913004,-0.2895268,-0.7288299,-0.73657936,-1.3217229,5.8765626,-0.09471776,-0.26882142,-0.74490243,-0.7644148,-1.2715793,5.621856
4.875950336456299,-0.09776998,-0.25678813,-0.72736293,-0.6997997,-1.126465,5.2240133,0.22554806,-0.037218615,-1.2179178,0.5451544,-2.3056648,3.0617313,-0.11059298,-0.29097643,-0.7314734,-0.7248262,-1.243175,5.927878,-0.096212655,-0.27032775,-0.7474456,-0.7531711,-1.3280631,5.5818095
4.877951145172119,-0.09922755,-0.25817785,-0.72960657,-0.68934095,-1.1162348,5.23043,0.223103,-0.03611606,-1.2225292,0.5512779,-2.3383596,2.9698868,-0.112060905,-0.2924024,-0.73395973,-0.71297044,-1.2978429,5.8840723,-0.09771286,-0.27181175,-0.7501017,-0.7420075,-1.2507952,5.6367316
4.8799519538879395,-0.100689575,-0.2595466,-0.73182946,-0.67886996,-1.1057363,5.2362046,0.22064859,-0.035001624,-1.2272059,0.55721766,-2.2407086,2.9525473,-0.11353402,-0.2938048,-0.7365554,-0.7012023,-1.2187206,5.9338255,-0.09921806,-0.27327323,-0.7526033,-0.73073405,-1.3067024,5.595488
4.88195276260376,-0.102156036,-0.26089442,-0.7340311,-0.66838807,-1.0949777,5.241355,0.21818522,-0.03387538,-1.2316873,0.56312275,-2.272946,2.8596745,-0.115012005,-0.29518345,-0.7389928,-0.68933463,-1.2728288,5.8888664,-0.1007285,-0.27471232,-0.7552167,-0.7195431,-1.2288337,5.648829
4.88395357131958,-0.10362688,-0.26222125,-0.73621094,-0.6578965,-1.083961,5.2458816,0.21571276,-0.032737695,-1.2362332,0.5688421,-2.1747422,2.8410487,-0.11649508,-0.29653856,-0.74153847,-0.6775569,-1.1931679,5.937071,-0.10224385,-0.27612883,-0.7576744,-0.70824546,-1.2841742,5.606411
4.8859543800354,-0.105102055,-0.26352707,-0.7383685,-0.6473965,-1.0726881,5.249788,0.2132316,-0.031588648,-1.2405827,0.5745242,-2.2065325,2.7471747,-0.11798293,-0.29786992,-0.7439248,-0.66568273,-1.2467309,5.8909807,-0.10376433,-0.2775229,-0.76024276,-0.69703263,-1.2057251,5.658195
4.887955188751221,-0.10658153,-0.26481187,-0.74050325,-0.6368893,-1.0611625,5.2530794,0.21074161,-0.03042861,-1.2449957,0.5800186,-2.1077926,2.7272995,-0.11947577,-0.29917774,-0.74641824,-0.65390074,-1.1665406,5.937689,-0.10528964,-0.27889434,-0.7626542,-0.6857162,-1.2605102,5.614625
4.889955997467041,-0.108065255,-0.26607564,-0.7426147,-0.6263761,-1.0493877,5.255762,0.20824319,-0.029257664,-1.2492113,0.5854732,-2.1391506,2.6324534,-0.12097327,-0.3004618,-0.74875134,-0.64202535,-1.2195724,5.8904986,-0.10681999,-0.2802433,-0.7651752,-0.67448694,-1.1814977,5.66488
4.891956806182861,-0.10955318,-0.26731837,-0.74470234,-0.61585814,-1.0373687,5.2578454,0.2057362,-0.028076189,-1.2534896,0.59073806,-2.0398903,2.6113677,-0.12247565,-0.3017223,-0.7511905,-0.6302444,-1.1388748,5.935719,-0.10835506,-0.28156963,-0.7675382,-0.66315717,-1.2357378,5.620182
4.893957614898682,-0.111045256,-0.26854005,-0.7467657,-0.6053366,-1.0251056,5.2593284,0.20322107,-0.026884267,-1.2575694,0.5959608,-2.0708318,2.5155816,-0.123982586,-0.30295902,-0.7534682,-0.6183729,-1.1913857,5.8874516,-0.10989508,-0.28287345,-0.77000964,-0.6519168,-1.1561844,5.6689277
4.895958423614502,-0.11254144,-0.2697407,-0.7488043,-0.5948127,-1.0126026,5.2602167,0.20069765,-0.025682284,-1.2617111,0.60099196,-1.9710644,2.493329,-0.12549429,-0.30417222,-0.755851,-0.606598,-1.1102074,5.931227,-0.11143973,-0.28415462,-0.772322,-0.6405789,-1.2098901,5.623122
4.897959232330322,-0.11404167,-0.27092028,-0.7508176,-0.5842876,-0.99986416,5.26052,0.19816634,-0.024470326,-1.2656533,0.6059786,-2.0015976,2.396626,-0.12701043,-0.3053617,-0.75807136,-0.59473556,-1.1622106,5.881913,-0.11298921,-0.2854133,-0.77474177,-0.62933266,-1.1298089,5.670394
4.899960041046143,-0.115545906,-0.27207878,-0.7528052,-0.5737625,-0.98689216,5.260239,0.19562703,-0.023248782,-1.2696564,0.61077183,-1.9013435,2.3732405,-0.12853123,-0.30652764,-0.76039577,-0.58297175,-1.0805647,5.924266,-0.114543214,-0.2866493,-0.7770014,-0.61799186,-1.1829914,5.6235075
4.901960849761963,-0.11705409,-0.27321625,-0.7547666,-0.5632385,-0.9736906,5.2593827,0.19308011,-0.022017745,-1.2734591,0.61551833,-1.9314857,2.275661,-0.13005635,-0.30766988,-0.7625569,-0.57112324,-1.1320729,5.873933,-0.11610195,-0.28786278,-0.7793674,-0.6067448,-1.1024092,5.669324
4.903961658477783,-0.11856617,-0.27433264,-0.75670135,-0.5527168,-0.96026343,5.257956,0.19052547,-0.020777605,-1.277322,0.6200697,-1.8307623,2.2511914,-0.131586,-0.30878863,-0.76482105,-0.5593754,-1.049989,5.9148912,-0.1176651,-0.2890536,-0.7815722,-0.5954062,-1.1550786,5.6213756
4.9059624671936035,-0.120082095,-0.275428,-0.75860906,-0.54219854,-0.9466119,5.255961,0.1879635,-0.019528462,-1.2809836,0.62457204,-1.8605274,2.1527627,-0.13311984,-0.3098837,-0.76692104,-0.5475456,-1.1010156,5.863557,-0.11923286,-0.29022193,-0.7838824,-0.5841634,-1.0740075,5.665768
4.907963275909424,-0.12160181,-0.2765023,-0.7604892,-0.5316848,-0.9327412,5.2534075,0.1853941,-0.018270707,-1.2847046,0.6288776,-1.7593508,2.127247,-0.13465808,-0.31095535,-0.7691231,-0.5358185,-1.0185062,5.903169,-0.12080492,-0.2913676,-0.7860304,-0.57283187,-1.1261754,5.6167846
4.909964084625244,-0.12312526,-0.27755558,-0.7623414,-0.52117676,-0.91865224,5.250295,0.18281765,-0.017004443,-1.2882233,0.6331321,-1.7887563,2.0280092,-0.1362004,-0.31200337,-0.77116007,-0.5240122,-1.0690596,5.850864,-0.122381486,-0.29249078,-0.78828275,-0.5615983,-1.0446407,5.6597757
4.9119648933410645,-0.12465239,-0.27858785,-0.76416516,-0.5106755,-0.9043515,5.2466364,0.18023404,-0.015730066,-1.2918007,0.63718814,-1.6871423,2.0014992,-0.13774699,-0.313028,-0.7732982,-0.5123105,-0.98616135,5.889149,-0.12396223,-0.29359135,-0.790372,-0.5502787,-1.0963176,5.6097765
4.913965702056885,-0.12618314,-0.2795991,-0.7659601,-0.5001821,-0.8898379,5.2424273,0.1776437,-0.0144476835,-1.2951751,0.6411911,-1.7162026,1.9014884,-0.13929753,-0.31402907,-0.7752705,-0.5005322,-1.0362564,5.8359003,-0.12554736,-0.29466948,-0.79256463,-0.53905916,-1.0143305,5.6513963
4.915966510772705,-0.12771745,-0.28058937,-0.7677258,-0.48969766,-0.87511915,5.237684,0.17504649,-0.0131576955,-1.2986075,0.6449941,-1.6141769,1.8740262,-0.14085221,-0.3150068,-0.77734303,-0.4888604,-0.9529671,5.8728805,-0.12713656,-0.295725,-0.7945933,-0.5277564,-1.0655276,5.6004076
4.917967319488525,-0.12925526,-0.2815587,-0.76946187,-0.47922325,-0.8601969,5.2324066,0.17244282,-0.011860211,-1.3018358,0.64874214,-1.6429096,1.7732767,-0.14241071,-0.31596103,-0.77924895,-0.47711465,-1.0026155,5.818713,-0.12873001,-0.2967581,-0.7967243,-0.51655555,-0.98311424,5.6406775
4.919968128204346,-0.13079652,-0.28250706,-0.7711679,-0.46875992,-0.84507215,5.2265964,0.16983259,-0.010555634,-1.3051215,0.6522887,-1.5404844,1.7449198,-0.14397322,-0.316892,-0.7812542,-0.46547723,-0.91897345,5.854423,-0.13032739,-0.29776862,-0.79869056,-0.5052742,-1.0338415,5.588719
4.921968936920166,-0.13234116,-0.2834345,-0.7728434,-0.45830876,-0.8297511,5.220266,0.16721618,-0.009244077,-1.3082025,0.6557785,-1.5689081,1.643476,-0.1455394,-0.31779954,-0.78309214,-0.45376837,-0.9681865,5.79936,-0.1319289,-0.2987568,-0.80075824,-0.49409673,-0.951015,5.6276703
4.923969745635986,-0.13388912,-0.28434107,-0.7744881,-0.44787076,-0.8142353,5.213416,0.1645935,-0.007925946,-1.3113403,0.6590655,-1.4661076,1.6142668,-0.14710946,-0.3186839,-0.7850285,-0.44216967,-0.88420165,5.833833,-0.13353422,-0.2997225,-0.8026603,-0.48284137,-1.0012835,5.574767
4.925970554351807,-0.13544035,-0.28522673,-0.7761015,-0.437447,-0.7985268,5.2060504,0.16196495,-0.0066013583,-1.3142725,0.66229403,-1.4942391,1.5121608,-0.14868306,-0.3195449,-0.7867969,-0.430502,-0.9329938,5.7779055,-0.13514355,-0.3006659,-0.8046628,-0.47169185,-0.9180663,5.612419
4.927971363067627,-0.13699476,-0.28609157,-0.7776834,-0.4270385,-0.78263205,5.19818,0.15933043,-0.0052707214,-1.317261,0.66531837,-1.3910776,1.4821588,-0.15026039,-0.3203828,-0.7886629,-0.41894618,-0.8486857,5.811157,-0.13675654,-0.3015868,-0.80649894,-0.460467,-0.96788716,5.5585933
4.929972171783447,-0.13855232,-0.2869356,-0.7792332,-0.4166462,-0.7665524,5.189808,0.15669034,-0.003934156,-1.3200431,0.6682827,-1.4189345,1.3794378,-0.1518411,-0.32119745,-0.7903603,-0.40732387,-0.89706016,5.754372,-0.1383734,-0.3024855,-0.8084347,-0.44934982,-0.88429344,5.5949774
4.931972980499268,-0.14011294,-0.28775886,-0.7807507,-0.4062712,-0.750289,5.1809344,0.15404458,-0.0025920728,-1.322881,0.67104155,-1.315441,1.3486928,-0.15342541,-0.3219891,-0.7921544,-0.39581513,-0.8124529,5.786445,-0.13999382,-0.3033618,-0.8102033,-0.43815985,-0.9336767,5.540251
4.933973789215088,-0.14167656,-0.28856137,-0.78223544,-0.3959144,-0.7338491,5.171573,0.15139356,-0.0012445948,-1.3255118,0.67373896,-1.3430448,1.2453988,-0.15501297,-0.32275757,-0.79377925,-0.38424224,-0.8604244,5.7288365,-0.14161795,-0.30421597,-0.81207067,-0.42707935,-0.8497291,5.5753875
4.935974597930908,-0.14324312,-0.28934318,-0.7836871,-0.38557684,-0.71723294,5.161723,0.14873716,0.00010786485,-1.328198,0.6762298,-1.2392312,1.2139713,-0.15660396,-0.32350314,-0.7955001,-0.37278455,-0.77553296,5.759742,-0.14324549,-0.3050478,-0.8137701,-0.41592857,-0.89868486,5.5197816
4.9379754066467285,-0.14481255,-0.29010433,-0.7851054,-0.3752595,-0.7004429,5.1513896,0.14607581,0.0014651803,-1.3306764,0.6786577,-1.2665974,1.1101457,-0.15819806,-0.32422566,-0.7970512,-0.36126506,-0.8231174,5.701336,-0.14487663,-0.3058576,-0.8155675,-0.40488902,-0.81439584,5.5537
4.939976215362549,-0.14638479,-0.29084486,-0.7864899,-0.36496326,-0.683485,5.1405816,0.1434094,0.0028269363,-1.3332096,0.680878,-1.1624937,1.0780828,-0.15979545,-0.3249254,-0.7986974,-0.3498624,-0.7379514,5.7311096,-0.14651102,-0.30664515,-0.8171963,-0.3937816,-0.86293465,5.4972386
4.941977024078369,-0.14795977,-0.2915648,-0.7878403,-0.35468915,-0.66635966,5.129301,0.14073834,0.0041930047,-1.3355346,0.6830341,-1.1896462,0.97377217,-0.16139579,-0.3256022,-0.80017334,-0.3384002,-0.78515595,5.6719246,-0.14814886,-0.30741072,-0.81892216,-0.38278714,-0.77832764,5.5299587
4.943977355957031,-0.14953703,-0.29226404,-0.78915596,-0.34444052,-0.6490749,5.1175556,0.1380625,0.005562968,-1.3379139,0.68498164,-1.0852617,0.94113636,-0.16299927,-0.3262563,-0.8017436,-0.32705635,-0.69974595,5.7005887,-0.14978983,-0.30815417,-0.8204788,-0.37172723,-0.8264598,5.4726615
4.945978164672852,-0.15111727,-0.29294297,-0.7904372,-0.3342134,-0.63162625,5.105348,0.13538234,0.006936696,-1.3400844,0.6868639,-1.1122183,0.83638436,-0.16460556,-0.3268876,-0.80314314,-0.31565517,-0.7465814,5.640651,-0.1514341,-0.30887574,-0.8221317,-0.3607819,-0.74154574,5.504213
4.947978973388672,-0.15270004,-0.29360145,-0.7916834,-0.32401118,-0.6140196,5.092683,0.13269772,0.0083137695,-1.3423089,0.68853664,-1.0075881,0.8032285,-0.16621482,-0.32749635,-0.8046363,-0.30437386,-0.66093946,5.668236,-0.15308133,-0.3095753,-0.8236148,-0.34977347,-0.78928065,5.446102
4.949979782104492,-0.15428527,-0.29423955,-0.7928942,-0.31383473,-0.5962588,5.0795674,0.13000907,0.009694056,-1.3443241,0.6901431,-1.0343704,0.69807893,-0.16782674,-0.3280824,-0.80595815,-0.29303738,-0.7074136,5.6075644,-0.15473172,-0.31025305,-0.82519335,-0.33888125,-0.70408195,5.4765058
4.9519805908203125,-0.15587288,-0.29485732,-0.7940693,-0.30368498,-0.57834685,5.066005,0.12731628,0.011077134,-1.3463929,0.6915393,-0.929506,0.6644689,-0.16944149,-0.32864606,-0.807373,-0.28182226,-0.62156045,5.634092,-0.15638493,-0.3109089,-0.8266015,-0.32792825,-0.75143015,5.4176025
4.953981399536133,-0.1574628,-0.2954548,-0.7952084,-0.2935628,-0.56028587,5.0520015,0.124619775,0.01246287,-1.3482519,0.69286823,-0.9561331,0.5589731,-0.17105873,-0.32918718,-0.8086161,-0.27055407,-0.66768384,5.5727,-0.15804113,-0.3115431,-0.8281044,-0.31709304,-0.66596127,5.446884
4.955982208251953,-0.15905498,-0.29603207,-0.7963112,-0.28346908,-0.5420794,5.0375624,0.121919446,0.013850843,-1.3501642,0.6939862,-0.85106486,0.5249688,-0.17267863,-0.329706,-0.8099515,-0.25940865,-0.5816244,5.598193,-0.1597,-0.31215551,-0.8294363,-0.30619928,-0.7129321,5.3872085
4.957983016967773,-0.16064931,-0.29658917,-0.79737747,-0.2734047,-0.5237305,5.0226912,0.11921571,0.015240915,-1.3518662,0.6950361,-0.87755996,0.41917092,-0.17430086,-0.33020243,-0.8111147,-0.24821226,-0.62740755,5.5361114,-0.16136172,-0.31274638,-0.83086216,-0.29542488,-0.62720937,5.41539
4.959983825683594,-0.16224575,-0.29712614,-0.7984069,-0.26337048,-0.5052402,5.007392,0.11650847,0.016632665,-1.3536214,0.69587445,-0.7723053,0.384832,-0.1759256,-0.3306767,-0.8123695,-0.23714004,-0.5411737,5.560585,-0.16302596,-0.31331557,-0.8321166,-0.2845941,-0.6738126,5.3549614
4.961984634399414,-0.16384421,-0.2976431,-0.7993992,-0.2533673,-0.48661402,4.9916725,0.113798134,0.018025953,-1.355166,0.6966441,-0.79868877,0.2787815,-0.1775525,-0.33112875,-0.8134519,-0.22601888,-0.5866255,5.4978294,-0.1646929,-0.31386334,-0.8334642,-0.27388418,-0.5878514,5.382068
4.963985443115234,-0.16544461,-0.29814005,-0.80035406,-0.243396,-0.4678539,4.975537,0.11108461,0.019420357,-1.3567634,0.69720167,-0.6932702,0.2441667,-0.17918175,-0.3315588,-0.81462514,-0.21502322,-0.5002199,5.521328,-0.16636217,-0.3143896,-0.8346399,-0.26312006,-0.63409543,5.3209076
4.965986251831055,-0.16704689,-0.2986171,-0.80127126,-0.23345739,-0.4489614,4.9589877,0.10836831,0.020815738,-1.3581499,0.69769,-0.7195631,0.13790724,-0.180813,-0.33196676,-0.8156256,-0.20398057,-0.54535335,5.4579225,-0.16803399,-0.31489456,-0.8359081,-0.25247824,-0.5479138,5.346961
4.967987060546875,-0.16865097,-0.2990743,-0.80215055,-0.22355229,-0.42994094,4.9420333,0.10564913,0.022211669,-1.359589,0.6979658,-0.61400586,0.103083916,-0.18244644,-0.33235288,-0.8167163,-0.19306472,-0.45879513,5.480455,-0.169708,-0.31537813,-0.83700395,-0.24178432,-0.5938097,5.285089
4.969987869262695,-0.17025676,-0.2995117,-0.8029916,-0.21368152,-0.41079438,4.9246755,0.10292749,0.023608014,-1.360817,0.698172,-0.6402296,-0.0033335541,-0.1840817,-0.3327171,-0.8176339,-0.18210381,-0.5036128,5.416412,-0.17138438,-0.31584057,-0.83819157,-0.23121414,-0.5074207,5.310113
4.971988677978516,-0.17186421,-0.29992938,-0.80379426,-0.20384589,-0.3915251,4.9069204,0.1002033,0.025004344,-1.3620974,0.6981653,-0.53455436,-0.038308475,-0.18571898,-0.33305964,-0.8186411,-0.171271,-0.41692075,5.4379983,-0.17306279,-0.31628177,-0.8392064,-0.22059391,-0.55297625,5.2475476
4.973989486694336,-0.17347322,-0.30032742,-0.8045583,-0.19404617,-0.3721337,4.88877,0.09747697,0.026400521,-1.3631665,0.6980887,-0.5607316,-0.14483427,-0.18735793,-0.33338043,-0.819475,-0.160395,-0.461439,5.373345,-0.17474341,-0.31670195,-0.84031236,-0.21009882,-0.46639758,5.271563
4.975990295410156,-0.17508373,-0.3007059,-0.80528337,-0.18428315,-0.35262516,4.8702326,0.09474839,0.02779612,-1.364288,0.697799,-0.45496494,-0.17989416,-0.18899873,-0.33367974,-0.82039785,-0.14964831,-0.37462023,5.394013,-0.1764259,-0.31710106,-0.8412452,-0.1995557,-0.5116224,5.2083244
4.977991104125977,-0.17669563,-0.30106488,-0.8059693,-0.17455761,-0.3330027,4.8513136,0.09201799,0.029190999,-1.3651979,0.69743925,-0.48111647,-0.2864806,-0.19064102,-0.33395746,-0.8211471,-0.13886029,-0.41883904,5.328758,-0.17811044,-0.31747934,-0.8422684,-0.18913904,-0.42486593,5.2313557
4.979991912841797,-0.17830887,-0.30140445,-0.8066158,-0.1648703,-0.3132672,4.832014,0.08928567,0.03058473,-1.3661602,0.6968663,-0.37527874,-0.32156497,-0.19228499,-0.33421388,-0.82198477,-0.12820277,-0.3319097,5.3485265,-0.17979667,-0.3178367,-0.84311813,-0.17867632,-0.46976885,5.1674633
4.981992721557617,-0.17992337,-0.30172467,-0.8072228,-0.155222,-0.29342118,4.81234,0.08655185,0.031977177,-1.3669107,0.69622314,-0.40142778,-0.42816186,-0.19393028,-0.3344489,-0.8226486,-0.117505714,-0.37584448,5.282698,-0.18148479,-0.31817338,-0.8440577,-0.1683414,-0.3828512,5.189528
4.9839935302734375,-0.18153904,-0.30202562,-0.8077899,-0.14561342,-0.27346796,4.7922955,0.083816424,0.03336791,-1.3677136,0.6953668,-0.2955426,-0.46320966,-0.19557709,-0.3346628,-0.82340026,-0.106940314,-0.28882056,5.3015842,-0.18317443,-0.3184893,-0.84482336,-0.15796234,-0.4274399,5.1249976
4.985994338989258,-0.1831558,-0.30230737,-0.808317,-0.1360453,-0.25340897,4.7718835,0.08107981,0.03475679,-1.3683046,0.69444036,-0.3217103,-0.5697693,-0.19722503,-0.33485547,-0.8239779,-0.09633715,-0.33247554,5.2351947,-0.18486579,-0.31878474,-0.84567827,-0.14771233,-0.34037524,5.146124
4.987995147705078,-0.18477358,-0.30257004,-0.80880386,-0.1265184,-0.23325038,4.7511153,0.078341916,0.036143392,-1.368948,0.69330084,-0.21579982,-0.60471004,-0.19887432,-0.3350272,-0.82464284,-0.08586676,-0.24537441,5.2532287,-0.1865585,-0.31905958,-0.846359,-0.13742009,-0.38465944,5.0809765
4.989995956420898,-0.18639229,-0.30281368,-0.8092503,-0.1170334,-0.21299052,4.7299886,0.07560316,0.037527576,-1.3693796,0.6920914,-0.24200991,-0.71117914,-0.2005246,-0.3351779,-0.82513356,-0.0753603,-0.2887565,5.1862907,-0.18825276,-0.3193141,-0.84712833,-0.12725814,-0.29746112,5.101179
4.991996765136719,-0.18801185,-0.3030384,-0.8096561,-0.107591026,-0.19263306,4.7085085,0.07286343,0.038908914,-1.3698636,0.69066906,-0.13609672,-0.7459544,-0.20217602,-0.33530787,-0.8257111,-0.06498772,-0.20158035,5.203486,-0.1899482,-0.3195482,-0.84772325,-0.11705578,-0.34144852,5.0354314
4.993997573852539,-0.18963219,-0.30324423,-0.81002104,-0.09819198,-0.17218286,4.686685,0.07012316,0.040287267,-1.3701358,0.68917716,-0.16236731,-0.85229045,-0.20382825,-0.33541703,-0.82611424,-0.054580748,-0.24469998,5.136022,-0.19164501,-0.31976217,-0.84840614,-0.10698492,-0.25413018,5.0547357
4.995998382568359,-0.19125322,-0.30343133,-0.810345,-0.08883694,-0.15163888,4.6645155,0.06738224,0.041662212,-1.3704605,0.6874726,-0.05648108,-0.8868362,-0.20548145,-0.33550566,-0.82660365,-0.044308703,-0.15747447,5.1524076,-0.19334283,-0.31995592,-0.8489144,-0.09687545,-0.2978283,4.9884033
4.99799919128418,-0.19287485,-0.30359975,-0.81062776,-0.0795266,-0.13100444,4.642006,0.06464109,0.04303361,-1.3705735,0.6856989,-0.08283651,-0.99298567,-0.20713529,-0.33557367,-0.8269186,-0.034003887,-0.20034236,5.084437,-0.19504185,-0.32012972,-0.84951,-0.08689865,-0.2104039,5.0068283
5.0,-0.194497,-0.3037496,-0.81086916,-0.070261635,-0.11028483,4.6191664,0.06189961,0.04440104,-1.3707392,0.68371296,0.023009012,-1.0272454,-0.20878993,-0.33562136,-0.82731926,-0.023835013,-0.113062285,5.100021,-0.19674172,-0.3202835,-0.8499308,-0.07688499,-0.2538218,4.9399323
